{
  "meta": {
    "data_version": "1.1.0",
    "created": "2022-04-01",
    "revision": 1
  },
  "info": {
    "balls_per_over": 6,
    "city": "Bloemfontein",
    "dates": [
      "2016-11-25"
    ],
    "event": {
      "name": "CSA T20 Challenge"
    },
    "gender": "male",
    "match_type": "T20",
    "missing": [
      "player_of_match"
    ],
    "officials": {
      "match_referees": [
        "A Barnes"
      ],
      "reserve_umpires": [
        "MS Jansen"
      ],
      "umpires": [
        "AT Holdstock",
        "A Paleker"
      ]
    },
    "outcome": {
      "winner": "Dolphins",
      "by": {
        "wickets": 8
      }
    },
    "overs": 20,
    "players": {
      "Knights": [
        "PE Kruger",
        "AGS Gous",
        "TB de Bruyn",
        "P Botha",
        "LLL Sesele",
        "DS Rosier",
        "TM Bodibe",
        "M de Lange",
        "SC van Schalkwyk",
        "D Olivier",
        "M Budaza"
      ],
      "Dolphins": [
        "MN van Wyk",
        "CS Delport",
        "C Chetty",
        "K Zondo",
        "VB van Jaarsveld",
        "K Nipper",
        "R Frylinck",
        "M Gqadushe",
        "RJ Engelbrecht",
        "M Shezi",
        "Imran Tahir"
      ]
    },
    "registry": {
      "people": {
        "A Barnes": "f9607922",
        "A Paleker": "634b11ac",
        "AGS Gous": "d1305df0",
        "AT Holdstock": "6fa3258c",
        "C Chetty": "27ca3a11",
        "CS Delport": "afa78c3a",
        "D Olivier": "a8e56914",
        "DS Rosier": "f8e6dbdd",
        "Imran Tahir": "acee4cc4",
        "K Nipper": "9784fb60",
        "K Zondo": "4aad78d3",
        "LLL Sesele": "22b70cb8",
        "M Budaza": "1d105638",
        "M Gqadushe": "d0db2e43",
        "M Shezi": "016e5101",
        "M de Lange": "d4eef961",
        "MN van Wyk": "710dd98c",
        "MS Jansen": "4fbfa544",
        "P Botha": "01dc3ec0",
        "PE Kruger": "39181592",
        "R Frylinck": "8b248d88",
        "RJ Engelbrecht": "a467273e",
        "SC van Schalkwyk": "97b0e4ff",
        "TB de Bruyn": "90d6cdea",
        "TM Bodibe": "ed982dfa",
        "VB van Jaarsveld": "890b877d"
      }
    },
    "season": "2016/17",
    "team_type": "club",
    "teams": [
      "Knights",
      "Dolphins"
    ],
    "toss": {
      "decision": "bat",
      "winner": "Knights"
    },
    "venue": "Mangaung Oval, Bloemfontein"
  },
  "innings": [
    {
      "team": "Knights",
      "overs": [
        {
          "over": 0,
          "deliveries": [
            {
              "batter": "PE Kruger",
              "bowler": "M Shezi",
              "non_striker": "AGS Gous",
              "runs": {
                "batter": 4,
                "extras": 0,
                "total": 4
              }
            },
            {
              "batter": "PE Kruger",
              "bowler": "M Shezi",
              "non_striker": "AGS Gous",
              "runs": {
                "batter": 0,
                "extras": 0,
                "total": 0
              }
            },
            {
              "batter": "PE Kruger",
              "bowler": "M Shezi",
              "non_striker": "AGS Gous",
              "runs": {
                "batter": 0,
                "extras": 0,
                "total": 0
              }
            },
            {
              "batter": "PE Kruger",
              "bowler": "M Shezi",
              "non_striker": "AGS Gous",
              "runs": {
                "batter": 0,
                "extras": 0,
                "total": 0
              }
            },
            {
              "batter": "PE Kruger",
              "bowler": "M Shezi",
              "non_striker": "AGS Gous",
              "runs": {
                "batter": 1,
                "extras": 0,
                "total": 1
              }
            },
            {
              "batter": "AGS Gous",
              "bowler": "M Shezi",
              "non_striker": "PE Kruger",
              "runs": {
                "batter": 0,
                "extras": 0,
                "total": 0
              }
            }
          ]
        },
        {
          "over": 1,
          "deliveries": [
            {
              "batter": "PE Kruger",
              "bowler": "RJ Engelbrecht",
              "non_striker": "AGS Gous",
              "runs": {
                "batter": 0,
                "extras": 0,
                "total": 0
              }
            },
            {
              "batter": "PE Kruger",
              "bowler": "RJ Engelbrecht",
              "non_striker": "AGS Gous",
              "runs": {
                "batter": 4,
                "extras": 0,
                "total": 4
              }
            },
            {
              "batter": "PE Kruger",
              "bowler": "RJ Engelbrecht",
              "non_striker": "AGS Gous",
              "runs": {
                "batter": 0,
                "extras": 0,
                "total": 0
              }
            },
            {
              "batter": "PE Kruger",
              "bowler": "RJ Engelbrecht",
              "non_striker": "AGS Gous",
              "runs": {
                "batter": 1,
                "extras": 0,
                "total": 1
              }
            },
            {
              "batter": "AGS Gous",
              "bowler": "RJ Engelbrecht",
              "non_striker": "PE Kruger",
              "runs": {
                "batter": 1,
                "extras": 0,
                "total": 1
              }
            },
            {
              "batter": "PE Kruger",
              "bowler": "RJ Engelbrecht",
              "non_striker": "AGS Gous",
              "runs": {
                "batter": 0,
                "extras": 0,
                "total": 0
              }
            }
          ]
        },
        {
          "over": 2,
          "deliveries": [
            {
              "batter": "AGS Gous",
              "bowler": "R Frylinck",
              "non_striker": "PE Kruger",
              "runs": {
                "batter": 0,
                "extras": 0,
                "total": 0
              }
            },
            {
              "batter": "AGS Gous",
              "bowler": "R Frylinck",
              "non_striker": "PE Kruger",
              "runs": {
                "batter": 0,
                "extras": 0,
                "total": 0
              }
            },
            {
              "batter": "AGS Gous",
              "bowler": "R Frylinck",
              "non_striker": "PE Kruger",
              "runs": {
                "batter": 4,
                "extras": 0,
                "total": 4
              }
            },
            {
              "batter": "AGS Gous",
              "bowler": "R Frylinck",
              "non_striker": "PE Kruger",
              "runs": {
                "batter": 1,
                "extras": 0,
                "total": 1
              }
            },
            {
              "batter": "PE Kruger",
              "bowler": "R Frylinck",
              "non_striker": "AGS Gous",
              "runs": {
                "batter": 4,
                "extras": 0,
                "total": 4
              }
            },
            {
              "batter": "PE Kruger",
              "bowler": "R Frylinck",
              "non_striker": "AGS Gous",
              "runs": {
                "batter": 1,
                "extras": 0,
                "total": 1
              }
            }
          ]
        },
        {
          "over": 3,
          "deliveries": [
            {
              "batter": "PE Kruger",
              "bowler": "RJ Engelbrecht",
              "non_striker": "AGS Gous",
              "runs": {
                "batter": 0,
                "extras": 0,
                "total": 0
              }
            },
            {
              "batter": "PE Kruger",
              "bowler": "RJ Engelbrecht",
              "non_striker": "AGS Gous",
              "runs": {
                "batter": 2,
                "extras": 0,
                "total": 2
              }
            },
            {
              "batter": "PE Kruger",
              "bowler": "RJ Engelbrecht",
              "non_striker": "AGS Gous",
              "runs": {
                "batter": 4,
                "extras": 0,
                "total": 4
              }
            },
            {
              "batter": "PE Kruger",
              "bowler": "RJ Engelbrecht",
              "non_striker": "AGS Gous",
              "runs": {
                "batter": 0,
                "extras": 0,
                "total": 0
              }
            },
            {
              "batter": "PE Kruger",
              "bowler": "RJ Engelbrecht",
              "non_striker": "AGS Gous",
              "runs": {
                "batter": 4,
                "extras": 0,
                "total": 4
              }
            },
            {
              "batter": "PE Kruger",
              "bowler": "RJ Engelbrecht",
              "non_striker": "AGS Gous",
              "runs": {
                "batter": 0,
                "extras": 0,
                "total": 0
              }
            }
          ]
        },
        {
          "over": 4,
          "deliveries": [
            {
              "batter": "AGS Gous",
              "bowler": "M Shezi",
              "non_striker": "PE Kruger",
              "runs": {
                "batter": 0,
                "extras": 0,
                "total": 0
              }
            },
            {
              "batter": "AGS Gous",
              "bowler": "M Shezi",
              "non_striker": "PE Kruger",
              "runs": {
                "batter": 4,
                "extras": 0,
                "total": 4
              }
            },
            {
              "batter": "AGS Gous",
              "bowler": "M Shezi",
              "non_striker": "PE Kruger",
              "runs": {
                "batter": 0,
                "extras": 0,
                "total": 0
              }
            },
            {
              "batter": "AGS Gous",
              "bowler": "M Shezi",
              "non_striker": "PE Kruger",
              "runs": {
                "batter": 1,
                "extras": 0,
                "total": 1
              }
            },
            {
              "batter": "PE Kruger",
              "bowler": "M Shezi",
              "non_striker": "AGS Gous",
              "runs": {
                "batter": 0,
                "extras": 0,
                "total": 0
              }
            },
            {
              "batter": "PE Kruger",
              "bowler": "M Shezi",
              "non_striker": "AGS Gous",
              "runs": {
                "batter": 2,
                "extras": 0,
                "total": 2
              }
            }
          ]
        },
        {
          "over": 5,
          "deliveries": [
            {
              "batter": "AGS Gous",
              "bowler": "R Frylinck",
              "non_striker": "PE Kruger",
              "runs": {
                "batter": 4,
                "extras": 0,
                "total": 4
              }
            },
            {
              "batter": "AGS Gous",
              "bowler": "R Frylinck",
              "non_striker": "PE Kruger",
              "runs": {
                "batter": 0,
                "extras": 0,
                "total": 0
              }
            },
            {
              "batter": "AGS Gous",
              "bowler": "R Frylinck",
              "non_striker": "PE Kruger",
              "runs": {
                "batter": 1,
                "extras": 0,
                "total": 1
              }
            },
            {
              "batter": "PE Kruger",
              "bowler": "R Frylinck",
              "non_striker": "AGS Gous",
              "runs": {
                "batter": 0,
                "extras": 0,
                "total": 0
              }
            },
            {
              "batter": "PE Kruger",
              "bowler": "R Frylinck",
              "non_striker": "AGS Gous",
              "runs": {
                "batter": 0,
                "extras": 0,
                "total": 0
              }
            },
            {
              "batter": "PE Kruger",
              "bowler": "R Frylinck",
              "non_striker": "AGS Gous",
              "runs": {
                "batter": 0,
                "extras": 0,
                "total": 0
              }
            }
          ]
        },
        {
          "over": 6,
          "deliveries": [
            {
              "batter": "AGS Gous",
              "bowler": "CS Delport",
              "non_striker": "PE Kruger",
              "runs": {
                "batter": 1,
                "extras": 0,
                "total": 1
              }
            },
            {
              "batter": "PE Kruger",
              "bowler": "CS Delport",
              "non_striker": "AGS Gous",
              "runs": {
                "batter": 1,
                "extras": 0,
                "total": 1
              }
            },
            {
              "batter": "AGS Gous",
              "bowler": "CS Delport",
              "non_striker": "PE Kruger",
              "runs": {
                "batter": 1,
                "extras": 0,
                "total": 1
              }
            },
            {
              "batter": "PE Kruger",
              "bowler": "CS Delport",
              "extras": {
                "wides": 1
              },
              "non_striker": "AGS Gous",
              "runs": {
                "batter": 0,
                "extras": 1,
                "total": 1
              },
              "wickets": [
                {
                  "player_out": "PE Kruger",
                  "fielders": [
                    {
                      "name": "MN van Wyk"
                    }
                  ],
                  "kind": "stumped"
                }
              ]
            },
            {
              "batter": "TB de Bruyn",
              "bowler": "CS Delport",
              "non_striker": "AGS Gous",
              "runs": {
                "batter": 1,
                "extras": 0,
                "total": 1
              }
            },
            {
              "batter": "AGS Gous",
              "bowler": "CS Delport",
              "non_striker": "TB de Bruyn",
              "runs": {
                "batter": 0,
                "extras": 0,
                "total": 0
              }
            },
            {
              "batter": "AGS Gous",
              "bowler": "CS Delport",
              "non_striker": "TB de Bruyn",
              "runs": {
                "batter": 1,
                "extras": 0,
                "total": 1
              }
            }
          ]
        },
        {
          "over": 7,
          "deliveries": [
            {
              "batter": "AGS Gous",
              "bowler": "K Nipper",
              "non_striker": "TB de Bruyn",
              "runs": {
                "batter": 4,
                "extras": 0,
                "total": 4
              }
            },
            {
              "batter": "AGS Gous",
              "bowler": "K Nipper",
              "non_striker": "TB de Bruyn",
              "runs": {
                "batter": 2,
                "extras": 0,
                "total": 2
              }
            },
            {
              "batter": "AGS Gous",
              "bowler": "K Nipper",
              "non_striker": "TB de Bruyn",
              "runs": {
                "batter": 0,
                "extras": 0,
                "total": 0
              }
            },
            {
              "batter": "AGS Gous",
              "bowler": "K Nipper",
              "non_striker": "TB de Bruyn",
              "runs": {
                "batter": 2,
                "extras": 0,
                "total": 2
              }
            },
            {
              "batter": "AGS Gous",
              "bowler": "K Nipper",
              "non_striker": "TB de Bruyn",
              "runs": {
                "batter": 1,
                "extras": 0,
                "total": 1
              }
            },
            {
              "batter": "TB de Bruyn",
              "bowler": "K Nipper",
              "non_striker": "AGS Gous",
              "runs": {
                "batter": 1,
                "extras": 0,
                "total": 1
              }
            }
          ]
        },
        {
          "over": 8,
          "deliveries": [
            {
              "batter": "TB de Bruyn",
              "bowler": "CS Delport",
              "non_striker": "AGS Gous",
              "runs": {
                "batter": 2,
                "extras": 0,
                "total": 2
              }
            },
            {
              "batter": "TB de Bruyn",
              "bowler": "CS Delport",
              "non_striker": "AGS Gous",
              "runs": {
                "batter": 1,
                "extras": 0,
                "total": 1
              }
            },
            {
              "batter": "AGS Gous",
              "bowler": "CS Delport",
              "non_striker": "TB de Bruyn",
              "runs": {
                "batter": 0,
                "extras": 0,
                "total": 0
              },
              "wickets": [
                {
                  "player_out": "AGS Gous",
                  "kind": "bowled"
                }
              ]
            },
            {
              "batter": "P Botha",
              "bowler": "CS Delport",
              "non_striker": "TB de Bruyn",
              "runs": {
                "batter": 0,
                "extras": 0,
                "total": 0
              }
            },
            {
              "batter": "P Botha",
              "bowler": "CS Delport",
              "non_striker": "TB de Bruyn",
              "runs": {
                "batter": 0,
                "extras": 0,
                "total": 0
              }
            },
            {
              "batter": "P Botha",
              "bowler": "CS Delport",
              "non_striker": "TB de Bruyn",
              "runs": {
                "batter": 0,
                "extras": 0,
                "total": 0
              }
            }
          ]
        },
        {
          "over": 9,
          "deliveries": [
            {
              "batter": "TB de Bruyn",
              "bowler": "Imran Tahir",
              "non_striker": "P Botha",
              "runs": {
                "batter": 2,
                "extras": 0,
                "total": 2
              }
            },
            {
              "batter": "TB de Bruyn",
              "bowler": "Imran Tahir",
              "non_striker": "P Botha",
              "runs": {
                "batter": 1,
                "extras": 0,
                "total": 1
              }
            },
            {
              "batter": "P Botha",
              "bowler": "Imran Tahir",
              "non_striker": "TB de Bruyn",
              "runs": {
                "batter": 1,
                "extras": 0,
                "total": 1
              }
            },
            {
              "batter": "TB de Bruyn",
              "bowler": "Imran Tahir",
              "non_striker": "P Botha",
              "runs": {
                "batter": 1,
                "extras": 0,
                "total": 1
              }
            },
            {
              "batter": "P Botha",
              "bowler": "Imran Tahir",
              "non_striker": "TB de Bruyn",
              "runs": {
                "batter": 4,
                "extras": 0,
                "total": 4
              }
            },
            {
              "batter": "P Botha",
              "bowler": "Imran Tahir",
              "non_striker": "TB de Bruyn",
              "runs": {
                "batter": 0,
                "extras": 0,
                "total": 0
              }
            }
          ]
        },
        {
          "over": 10,
          "deliveries": [
            {
              "batter": "TB de Bruyn",
              "bowler": "CS Delport",
              "non_striker": "P Botha",
              "runs": {
                "batter": 4,
                "extras": 0,
                "total": 4
              }
            },
            {
              "batter": "TB de Bruyn",
              "bowler": "CS Delport",
              "non_striker": "P Botha",
              "runs": {
                "batter": 1,
                "extras": 0,
                "total": 1
              }
            },
            {
              "batter": "P Botha",
              "bowler": "CS Delport",
              "non_striker": "TB de Bruyn",
              "runs": {
                "batter": 0,
                "extras": 0,
                "total": 0
              }
            },
            {
              "batter": "P Botha",
              "bowler": "CS Delport",
              "extras": {
                "wides": 1
              },
              "non_striker": "TB de Bruyn",
              "runs": {
                "batter": 0,
                "extras": 1,
                "total": 1
              }
            },
            {
              "batter": "P Botha",
              "bowler": "CS Delport",
              "non_striker": "TB de Bruyn",
              "runs": {
                "batter": 0,
                "extras": 0,
                "total": 0
              }
            },
            {
              "batter": "P Botha",
              "bowler": "CS Delport",
              "non_striker": "TB de Bruyn",
              "runs": {
                "batter": 0,
                "extras": 0,
                "total": 0
              },
              "wickets": [
                {
                  "player_out": "P Botha",
                  "fielders": [
                    {
                      "name": "M Gqadushe"
                    }
                  ],
                  "kind": "caught"
                }
              ]
            },
            {
              "batter": "LLL Sesele",
              "bowler": "CS Delport",
              "extras": {
                "wides": 1
              },
              "non_striker": "TB de Bruyn",
              "runs": {
                "batter": 0,
                "extras": 1,
                "total": 1
              }
            },
            {
              "batter": "LLL Sesele",
              "bowler": "CS Delport",
              "non_striker": "TB de Bruyn",
              "runs": {
                "batter": 0,
                "extras": 0,
                "total": 0
              }
            }
          ]
        },
        {
          "over": 11,
          "deliveries": [
            {
              "batter": "TB de Bruyn",
              "bowler": "Imran Tahir",
              "non_striker": "LLL Sesele",
              "runs": {
                "batter": 0,
                "extras": 0,
                "total": 0
              }
            },
            {
              "batter": "TB de Bruyn",
              "bowler": "Imran Tahir",
              "non_striker": "LLL Sesele",
              "runs": {
                "batter": 0,
                "extras": 0,
                "total": 0
              }
            },
            {
              "batter": "TB de Bruyn",
              "bowler": "Imran Tahir",
              "non_striker": "LLL Sesele",
              "runs": {
                "batter": 1,
                "extras": 0,
                "total": 1
              }
            },
            {
              "batter": "LLL Sesele",
              "bowler": "Imran Tahir",
              "non_striker": "TB de Bruyn",
              "runs": {
                "batter": 0,
                "extras": 0,
                "total": 0
              }
            },
            {
              "batter": "LLL Sesele",
              "bowler": "Imran Tahir",
              "non_striker": "TB de Bruyn",
              "runs": {
                "batter": 0,
                "extras": 0,
                "total": 0
              }
            },
            {
              "batter": "LLL Sesele",
              "bowler": "Imran Tahir",
              "non_striker": "TB de Bruyn",
              "runs": {
                "batter": 0,
                "extras": 0,
                "total": 0
              }
            }
          ]
        },
        {
          "over": 12,
          "deliveries": [
            {
              "batter": "TB de Bruyn",
              "bowler": "K Nipper",
              "non_striker": "LLL Sesele",
              "runs": {
                "batter": 0,
                "extras": 0,
                "total": 0
              }
            },
            {
              "batter": "TB de Bruyn",
              "bowler": "K Nipper",
              "non_striker": "LLL Sesele",
              "runs": {
                "batter": 0,
                "extras": 0,
                "total": 0
              }
            },
            {
              "batter": "TB de Bruyn",
              "bowler": "K Nipper",
              "non_striker": "LLL Sesele",
              "runs": {
                "batter": 1,
                "extras": 0,
                "total": 1
              }
            },
            {
              "batter": "LLL Sesele",
              "bowler": "K Nipper",
              "non_striker": "TB de Bruyn",
              "runs": {
                "batter": 1,
                "extras": 0,
                "total": 1
              }
            },
            {
              "batter": "TB de Bruyn",
              "bowler": "K Nipper",
              "non_striker": "LLL Sesele",
              "runs": {
                "batter": 1,
                "extras": 0,
                "total": 1
              }
            },
            {
              "batter": "LLL Sesele",
              "bowler": "K Nipper",
              "non_striker": "TB de Bruyn",
              "runs": {
                "batter": 1,
                "extras": 0,
                "total": 1
              }
            }
          ]
        },
        {
          "over": 13,
          "deliveries": [
            {
              "batter": "LLL Sesele",
              "bowler": "Imran Tahir",
              "non_striker": "TB de Bruyn",
              "runs": {
                "batter": 1,
                "extras": 0,
                "total": 1
              }
            },
            {
              "batter": "TB de Bruyn",
              "bowler": "Imran Tahir",
              "non_striker": "LLL Sesele",
              "runs": {
                "batter": 0,
                "extras": 0,
                "total": 0
              }
            },
            {
              "batter": "TB de Bruyn",
              "bowler": "Imran Tahir",
              "non_striker": "LLL Sesele",
              "runs": {
                "batter": 1,
                "extras": 0,
                "total": 1
              }
            },
            {
              "batter": "LLL Sesele",
              "bowler": "Imran Tahir",
              "non_striker": "TB de Bruyn",
              "runs": {
                "batter": 0,
                "extras": 0,
                "total": 0
              }
            },
            {
              "batter": "LLL Sesele",
              "bowler": "Imran Tahir",
              "non_striker": "TB de Bruyn",
              "runs": {
                "batter": 1,
                "extras": 0,
                "total": 1
              }
            },
            {
              "batter": "TB de Bruyn",
              "bowler": "Imran Tahir",
              "non_striker": "LLL Sesele",
              "runs": {
                "batter": 6,
                "extras": 0,
                "total": 6
              }
            }
          ]
        },
        {
          "over": 14,
          "deliveries": [
            {
              "batter": "LLL Sesele",
              "bowler": "K Nipper",
              "non_striker": "TB de Bruyn",
              "runs": {
                "batter": 1,
                "extras": 0,
                "total": 1
              }
            },
            {
              "batter": "TB de Bruyn",
              "bowler": "K Nipper",
              "non_striker": "LLL Sesele",
              "runs": {
                "batter": 1,
                "extras": 0,
                "total": 1
              }
            },
            {
              "batter": "LLL Sesele",
              "bowler": "K Nipper",
              "non_striker": "TB de Bruyn",
              "runs": {
                "batter": 1,
                "extras": 0,
                "total": 1
              }
            },
            {
              "batter": "TB de Bruyn",
              "bowler": "K Nipper",
              "non_striker": "LLL Sesele",
              "runs": {
                "batter": 2,
                "extras": 0,
                "total": 2
              }
            },
            {
              "batter": "TB de Bruyn",
              "bowler": "K Nipper",
              "non_striker": "LLL Sesele",
              "runs": {
                "batter": 2,
                "extras": 0,
                "total": 2
              }
            },
            {
              "batter": "TB de Bruyn",
              "bowler": "K Nipper",
              "non_striker": "LLL Sesele",
              "runs": {
                "batter": 1,
                "extras": 0,
                "total": 1
              }
            }
          ]
        },
        {
          "over": 15,
          "deliveries": [
            {
              "batter": "TB de Bruyn",
              "bowler": "R Frylinck",
              "non_striker": "LLL Sesele",
              "runs": {
                "batter": 1,
                "extras": 0,
                "total": 1
              }
            },
            {
              "batter": "LLL Sesele",
              "bowler": "R Frylinck",
              "non_striker": "TB de Bruyn",
              "runs": {
                "batter": 0,
                "extras": 0,
                "total": 0
              }
            },
            {
              "batter": "LLL Sesele",
              "bowler": "R Frylinck",
              "non_striker": "TB de Bruyn",
              "runs": {
                "batter": 0,
                "extras": 0,
                "total": 0
              },
              "wickets": [
                {
                  "player_out": "LLL Sesele",
                  "fielders": [
                    {
                      "name": "K Nipper"
                    }
                  ],
                  "kind": "caught"
                }
              ]
            },
            {
              "batter": "TB de Bruyn",
              "bowler": "R Frylinck",
              "non_striker": "DS Rosier",
              "runs": {
                "batter": 1,
                "extras": 0,
                "total": 1
              }
            },
            {
              "batter": "DS Rosier",
              "bowler": "R Frylinck",
              "extras": {
                "wides": 2
              },
              "non_striker": "TB de Bruyn",
              "runs": {
                "batter": 0,
                "extras": 2,
                "total": 2
              }
            },
            {
              "batter": "TB de Bruyn",
              "bowler": "R Frylinck",
              "non_striker": "DS Rosier",
              "runs": {
                "batter": 1,
                "extras": 0,
                "total": 1
              }
            },
            {
              "batter": "DS Rosier",
              "bowler": "R Frylinck",
              "non_striker": "TB de Bruyn",
              "runs": {
                "batter": 1,
                "extras": 0,
                "total": 1
              }
            }
          ]
        },
        {
          "over": 16,
          "deliveries": [
            {
              "batter": "DS Rosier",
              "bowler": "CS Delport",
              "non_striker": "TB de Bruyn",
              "runs": {
                "batter": 1,
                "extras": 0,
                "total": 1
              }
            },
            {
              "batter": "TB de Bruyn",
              "bowler": "CS Delport",
              "non_striker": "DS Rosier",
              "runs": {
                "batter": 2,
                "extras": 0,
                "total": 2
              }
            },
            {
              "batter": "TB de Bruyn",
              "bowler": "CS Delport",
              "non_striker": "DS Rosier",
              "runs": {
                "batter": 2,
                "extras": 0,
                "total": 2
              }
            },
            {
              "batter": "TB de Bruyn",
              "bowler": "CS Delport",
              "non_striker": "DS Rosier",
              "runs": {
                "batter": 0,
                "extras": 0,
                "total": 0
              }
            },
            {
              "batter": "TB de Bruyn",
              "bowler": "CS Delport",
              "non_striker": "DS Rosier",
              "runs": {
                "batter": 4,
                "extras": 0,
                "total": 4
              }
            },
            {
              "batter": "TB de Bruyn",
              "bowler": "CS Delport",
              "non_striker": "DS Rosier",
              "runs": {
                "batter": 1,
                "extras": 0,
                "total": 1
              }
            }
          ]
        },
        {
          "over": 17,
          "deliveries": [
            {
              "batter": "TB de Bruyn",
              "bowler": "Imran Tahir",
              "non_striker": "DS Rosier",
              "runs": {
                "batter": 4,
                "extras": 0,
                "total": 4
              }
            },
            {
              "batter": "TB de Bruyn",
              "bowler": "Imran Tahir",
              "non_striker": "DS Rosier",
              "runs": {
                "batter": 2,
                "extras": 0,
                "total": 2
              }
            },
            {
              "batter": "TB de Bruyn",
              "bowler": "Imran Tahir",
              "non_striker": "DS Rosier",
              "runs": {
                "batter": 0,
                "extras": 0,
                "total": 0
              }
            },
            {
              "batter": "TB de Bruyn",
              "bowler": "Imran Tahir",
              "non_striker": "DS Rosier",
              "runs": {
                "batter": 4,
                "extras": 0,
                "total": 4
              }
            },
            {
              "batter": "TB de Bruyn",
              "bowler": "Imran Tahir",
              "non_striker": "DS Rosier",
              "runs": {
                "batter": 1,
                "extras": 0,
                "total": 1
              }
            },
            {
              "batter": "DS Rosier",
              "bowler": "Imran Tahir",
              "non_striker": "TB de Bruyn",
              "runs": {
                "batter": 0,
                "extras": 0,
                "total": 0
              }
            }
          ]
        },
        {
          "over": 18,
          "deliveries": [
            {
              "batter": "TB de Bruyn",
              "bowler": "R Frylinck",
              "non_striker": "DS Rosier",
              "runs": {
                "batter": 1,
                "extras": 0,
                "total": 1
              }
            },
            {
              "batter": "DS Rosier",
              "bowler": "R Frylinck",
              "non_striker": "TB de Bruyn",
              "runs": {
                "batter": 2,
                "extras": 0,
                "total": 2
              }
            },
            {
              "batter": "DS Rosier",
              "bowler": "R Frylinck",
              "non_striker": "TB de Bruyn",
              "runs": {
                "batter": 4,
                "extras": 0,
                "total": 4
              }
            },
            {
              "batter": "DS Rosier",
              "bowler": "R Frylinck",
              "non_striker": "TB de Bruyn",
              "runs": {
                "batter": 4,
                "extras": 0,
                "total": 4
              }
            },
            {
              "batter": "DS Rosier",
              "bowler": "R Frylinck",
              "non_striker": "TB de Bruyn",
              "runs": {
                "batter": 2,
                "extras": 0,
                "total": 2
              }
            },
            {
              "batter": "DS Rosier",
              "bowler": "R Frylinck",
              "non_striker": "TB de Bruyn",
              "runs": {
                "batter": 2,
                "extras": 0,
                "total": 2
              }
            }
          ]
        },
        {
          "over": 19,
          "deliveries": [
            {
              "batter": "TB de Bruyn",
              "bowler": "M Shezi",
              "non_striker": "DS Rosier",
              "runs": {
                "batter": 0,
                "extras": 0,
                "total": 0
              }
            },
            {
              "batter": "TB de Bruyn",
              "bowler": "M Shezi",
              "non_striker": "DS Rosier",
              "runs": {
                "batter": 4,
                "extras": 0,
                "total": 4
              }
            },
            {
              "batter": "TB de Bruyn",
              "bowler": "M Shezi",
              "non_striker": "DS Rosier",
              "runs": {
                "batter": 4,
                "extras": 0,
                "total": 4
              }
            },
            {
              "batter": "TB de Bruyn",
              "bowler": "M Shezi",
              "non_striker": "DS Rosier",
              "runs": {
                "batter": 1,
                "extras": 0,
                "total": 1
              }
            },
            {
              "batter": "DS Rosier",
              "bowler": "M Shezi",
              "non_striker": "TB de Bruyn",
              "runs": {
                "batter": 0,
                "extras": 0,
                "total": 0
              }
            },
            {
              "batter": "DS Rosier",
              "bowler": "M Shezi",
              "non_striker": "TB de Bruyn",
              "runs": {
                "batter": 2,
                "extras": 0,
                "total": 2
              }
            }
          ]
        }
      ],
      "powerplays": [
        {
          "from": 0.1,
          "to": 5.6,
          "type": "mandatory"
        }
      ]
    },
    {
      "team": "Dolphins",
      "overs": [
        {
          "over": 0,
          "deliveries": [
            {
              "batter": "MN van Wyk",
              "bowler": "M de Lange",
              "non_striker": "CS Delport",
              "runs": {
                "batter": 1,
                "extras": 0,
                "total": 1
              }
            },
            {
              "batter": "CS Delport",
              "bowler": "M de Lange",
              "non_striker": "MN van Wyk",
              "runs": {
                "batter": 4,
                "extras": 0,
                "total": 4
              }
            },
            {
              "batter": "CS Delport",
              "bowler": "M de Lange",
              "non_striker": "MN van Wyk",
              "runs": {
                "batter": 0,
                "extras": 0,
                "total": 0
              }
            },
            {
              "batter": "CS Delport",
              "bowler": "M de Lange",
              "non_striker": "MN van Wyk",
              "runs": {
                "batter": 0,
                "extras": 0,
                "total": 0
              }
            },
            {
              "batter": "CS Delport",
              "bowler": "M de Lange",
              "non_striker": "MN van Wyk",
              "runs": {
                "batter": 2,
                "extras": 0,
                "total": 2
              }
            },
            {
              "batter": "CS Delport",
              "bowler": "M de Lange",
              "non_striker": "MN van Wyk",
              "runs": {
                "batter": 1,
                "extras": 0,
                "total": 1
              }
            }
          ]
        },
        {
          "over": 1,
          "deliveries": [
            {
              "batter": "CS Delport",
              "bowler": "D Olivier",
              "non_striker": "MN van Wyk",
              "runs": {
                "batter": 0,
                "extras": 0,
                "total": 0
              }
            },
            {
              "batter": "CS Delport",
              "bowler": "D Olivier",
              "non_striker": "MN van Wyk",
              "runs": {
                "batter": 0,
                "extras": 0,
                "total": 0
              }
            },
            {
              "batter": "CS Delport",
              "bowler": "D Olivier",
              "non_striker": "MN van Wyk",
              "runs": {
                "batter": 2,
                "extras": 0,
                "total": 2
              }
            },
            {
              "batter": "CS Delport",
              "bowler": "D Olivier",
              "non_striker": "MN van Wyk",
              "runs": {
                "batter": 0,
                "extras": 0,
                "total": 0
              }
            },
            {
              "batter": "CS Delport",
              "bowler": "D Olivier",
              "non_striker": "MN van Wyk",
              "runs": {
                "batter": 0,
                "extras": 0,
                "total": 0
              }
            },
            {
              "batter": "CS Delport",
              "bowler": "D Olivier",
              "non_striker": "MN van Wyk",
              "runs": {
                "batter": 1,
                "extras": 0,
                "total": 1
              }
            }
          ]
        },
        {
          "over": 2,
          "deliveries": [
            {
              "batter": "CS Delport",
              "bowler": "M de Lange",
              "non_striker": "MN van Wyk",
              "runs": {
                "batter": 4,
                "extras": 0,
                "total": 4
              }
            },
            {
              "batter": "CS Delport",
              "bowler": "M de Lange",
              "extras": {
                "wides": 1
              },
              "non_striker": "MN van Wyk",
              "runs": {
                "batter": 0,
                "extras": 1,
                "total": 1
              }
            },
            {
              "batter": "CS Delport",
              "bowler": "M de Lange",
              "non_striker": "MN van Wyk",
              "runs": {
                "batter": 4,
                "extras": 0,
                "total": 4
              }
            },
            {
              "batter": "CS Delport",
              "bowler": "M de Lange",
              "non_striker": "MN van Wyk",
              "runs": {
                "batter": 1,
                "extras": 0,
                "total": 1
              }
            },
            {
              "batter": "MN van Wyk",
              "bowler": "M de Lange",
              "non_striker": "CS Delport",
              "runs": {
                "batter": 0,
                "extras": 0,
                "total": 0
              }
            },
            {
              "batter": "MN van Wyk",
              "bowler": "M de Lange",
              "non_striker": "CS Delport",
              "runs": {
                "batter": 1,
                "extras": 0,
                "total": 1
              }
            },
            {
              "batter": "CS Delport",
              "bowler": "M de Lange",
              "non_striker": "MN van Wyk",
              "runs": {
                "batter": 0,
                "extras": 0,
                "total": 0
              }
            }
          ]
        },
        {
          "over": 3,
          "deliveries": [
            {
              "batter": "MN van Wyk",
              "bowler": "SC van Schalkwyk",
              "non_striker": "CS Delport",
              "runs": {
                "batter": 1,
                "extras": 0,
                "total": 1
              }
            },
            {
              "batter": "CS Delport",
              "bowler": "SC van Schalkwyk",
              "non_striker": "MN van Wyk",
              "runs": {
                "batter": 1,
                "extras": 0,
                "total": 1
              }
            },
            {
              "batter": "MN van Wyk",
              "bowler": "SC van Schalkwyk",
              "non_striker": "CS Delport",
              "runs": {
                "batter": 4,
                "extras": 0,
                "total": 4
              }
            },
            {
              "batter": "MN van Wyk",
              "bowler": "SC van Schalkwyk",
              "non_striker": "CS Delport",
              "runs": {
                "batter": 4,
                "extras": 0,
                "total": 4
              }
            },
            {
              "batter": "MN van Wyk",
              "bowler": "SC van Schalkwyk",
              "non_striker": "CS Delport",
              "runs": {
                "batter": 0,
                "extras": 0,
                "total": 0
              }
            },
            {
              "batter": "MN van Wyk",
              "bowler": "SC van Schalkwyk",
              "non_striker": "CS Delport",
              "runs": {
                "batter": 0,
                "extras": 0,
                "total": 0
              }
            }
          ]
        },
        {
          "over": 4,
          "deliveries": [
            {
              "batter": "CS Delport",
              "bowler": "M Budaza",
              "non_striker": "MN van Wyk",
              "runs": {
                "batter": 0,
                "extras": 0,
                "total": 0
              }
            },
            {
              "batter": "CS Delport",
              "bowler": "M Budaza",
              "non_striker": "MN van Wyk",
              "runs": {
                "batter": 4,
                "extras": 0,
                "total": 4
              }
            },
            {
              "batter": "CS Delport",
              "bowler": "M Budaza",
              "non_striker": "MN van Wyk",
              "runs": {
                "batter": 4,
                "extras": 0,
                "total": 4
              }
            },
            {
              "batter": "CS Delport",
              "bowler": "M Budaza",
              "non_striker": "MN van Wyk",
              "runs": {
                "batter": 1,
                "extras": 0,
                "total": 1
              }
            },
            {
              "batter": "MN van Wyk",
              "bowler": "M Budaza",
              "non_striker": "CS Delport",
              "runs": {
                "batter": 1,
                "extras": 0,
                "total": 1
              }
            },
            {
              "batter": "CS Delport",
              "bowler": "M Budaza",
              "extras": {
                "noballs": 1
              },
              "non_striker": "MN van Wyk",
              "runs": {
                "batter": 0,
                "extras": 1,
                "total": 1
              }
            },
            {
              "batter": "CS Delport",
              "bowler": "M Budaza",
              "non_striker": "MN van Wyk",
              "runs": {
                "batter": 3,
                "extras": 0,
                "total": 3
              }
            }
          ]
        },
        {
          "over": 5,
          "deliveries": [
            {
              "batter": "CS Delport",
              "bowler": "D Olivier",
              "non_striker": "MN van Wyk",
              "runs": {
                "batter": 4,
                "extras": 0,
                "total": 4
              }
            },
            {
              "batter": "CS Delport",
              "bowler": "D Olivier",
              "non_striker": "MN van Wyk",
              "runs": {
                "batter": 0,
                "extras": 0,
                "total": 0
              },
              "wickets": [
                {
                  "player_out": "CS Delport",
                  "kind": "caught and bowled"
                }
              ]
            },
            {
              "batter": "C Chetty",
              "bowler": "D Olivier",
              "non_striker": "MN van Wyk",
              "runs": {
                "batter": 4,
                "extras": 0,
                "total": 4
              }
            },
            {
              "batter": "C Chetty",
              "bowler": "D Olivier",
              "non_striker": "MN van Wyk",
              "runs": {
                "batter": 0,
                "extras": 0,
                "total": 0
              }
            },
            {
              "batter": "C Chetty",
              "bowler": "D Olivier",
              "non_striker": "MN van Wyk",
              "runs": {
                "batter": 0,
                "extras": 0,
                "total": 0
              }
            },
            {
              "batter": "C Chetty",
              "bowler": "D Olivier",
              "extras": {
                "wides": 1
              },
              "non_striker": "MN van Wyk",
              "runs": {
                "batter": 0,
                "extras": 1,
                "total": 1
              }
            },
            {
              "batter": "C Chetty",
              "bowler": "D Olivier",
              "non_striker": "MN van Wyk",
              "runs": {
                "batter": 4,
                "extras": 0,
                "total": 4
              }
            }
          ]
        },
        {
          "over": 6,
          "deliveries": [
            {
              "batter": "MN van Wyk",
              "bowler": "TB de Bruyn",
              "non_striker": "C Chetty",
              "runs": {
                "batter": 4,
                "extras": 0,
                "total": 4
              }
            },
            {
              "batter": "MN van Wyk",
              "bowler": "TB de Bruyn",
              "non_striker": "C Chetty",
              "runs": {
                "batter": 1,
                "extras": 0,
                "total": 1
              }
            },
            {
              "batter": "C Chetty",
              "bowler": "TB de Bruyn",
              "non_striker": "MN van Wyk",
              "runs": {
                "batter": 1,
                "extras": 0,
                "total": 1
              }
            },
            {
              "batter": "MN van Wyk",
              "bowler": "TB de Bruyn",
              "non_striker": "C Chetty",
              "runs": {
                "batter": 1,
                "extras": 0,
                "total": 1
              }
            },
            {
              "batter": "C Chetty",
              "bowler": "TB de Bruyn",
              "non_striker": "MN van Wyk",
              "runs": {
                "batter": 0,
                "extras": 0,
                "total": 0
              }
            },
            {
              "batter": "C Chetty",
              "bowler": "TB de Bruyn",
              "non_striker": "MN van Wyk",
              "runs": {
                "batter": 0,
                "extras": 0,
                "total": 0
              }
            }
          ]
        },
        {
          "over": 7,
          "deliveries": [
            {
              "batter": "MN van Wyk",
              "bowler": "SC van Schalkwyk",
              "non_striker": "C Chetty",
              "runs": {
                "batter": 0,
                "extras": 0,
                "total": 0
              }
            },
            {
              "batter": "MN van Wyk",
              "bowler": "SC van Schalkwyk",
              "non_striker": "C Chetty",
              "runs": {
                "batter": 0,
                "extras": 0,
                "total": 0
              }
            },
            {
              "batter": "MN van Wyk",
              "bowler": "SC van Schalkwyk",
              "non_striker": "C Chetty",
              "runs": {
                "batter": 0,
                "extras": 0,
                "total": 0
              }
            },
            {
              "batter": "MN van Wyk",
              "bowler": "SC van Schalkwyk",
              "non_striker": "C Chetty",
              "runs": {
                "batter": 1,
                "extras": 0,
                "total": 1
              }
            },
            {
              "batter": "C Chetty",
              "bowler": "SC van Schalkwyk",
              "non_striker": "MN van Wyk",
              "runs": {
                "batter": 1,
                "extras": 0,
                "total": 1
              }
            },
            {
              "batter": "MN van Wyk",
              "bowler": "SC van Schalkwyk",
              "non_striker": "C Chetty",
              "runs": {
                "batter": 0,
                "extras": 0,
                "total": 0
              }
            }
          ]
        },
        {
          "over": 8,
          "deliveries": [
            {
              "batter": "C Chetty",
              "bowler": "PE Kruger",
              "non_striker": "MN van Wyk",
              "runs": {
                "batter": 4,
                "extras": 0,
                "total": 4
              }
            },
            {
              "batter": "C Chetty",
              "bowler": "PE Kruger",
              "non_striker": "MN van Wyk",
              "runs": {
                "batter": 0,
                "extras": 0,
                "total": 0
              }
            },
            {
              "batter": "C Chetty",
              "bowler": "PE Kruger",
              "non_striker": "MN van Wyk",
              "runs": {
                "batter": 0,
                "extras": 0,
                "total": 0
              }
            },
            {
              "batter": "C Chetty",
              "bowler": "PE Kruger",
              "non_striker": "MN van Wyk",
              "runs": {
                "batter": 2,
                "extras": 0,
                "total": 2
              }
            },
            {
              "batter": "C Chetty",
              "bowler": "PE Kruger",
              "non_striker": "MN van Wyk",
              "runs": {
                "batter": 2,
                "extras": 0,
                "total": 2
              }
            },
            {
              "batter": "C Chetty",
              "bowler": "PE Kruger",
              "non_striker": "MN van Wyk",
              "runs": {
                "batter": 1,
                "extras": 0,
                "total": 1
              }
            }
          ]
        },
        {
          "over": 9,
          "deliveries": [
            {
              "batter": "C Chetty",
              "bowler": "P Botha",
              "non_striker": "MN van Wyk",
              "runs": {
                "batter": 1,
                "extras": 0,
                "total": 1
              }
            },
            {
              "batter": "MN van Wyk",
              "bowler": "P Botha",
              "non_striker": "C Chetty",
              "runs": {
                "batter": 4,
                "extras": 0,
                "total": 4
              }
            },
            {
              "batter": "MN van Wyk",
              "bowler": "P Botha",
              "non_striker": "C Chetty",
              "runs": {
                "batter": 1,
                "extras": 0,
                "total": 1
              }
            },
            {
              "batter": "C Chetty",
              "bowler": "P Botha",
              "non_striker": "MN van Wyk",
              "runs": {
                "batter": 1,
                "extras": 0,
                "total": 1
              }
            },
            {
              "batter": "MN van Wyk",
              "bowler": "P Botha",
              "non_striker": "C Chetty",
              "runs": {
                "batter": 4,
                "extras": 0,
                "total": 4
              }
            },
            {
              "batter": "MN van Wyk",
              "bowler": "P Botha",
              "non_striker": "C Chetty",
              "runs": {
                "batter": 1,
                "extras": 0,
                "total": 1
              }
            }
          ]
        },
        {
          "over": 10,
          "deliveries": [
            {
              "batter": "MN van Wyk",
              "bowler": "PE Kruger",
              "non_striker": "C Chetty",
              "runs": {
                "batter": 1,
                "extras": 0,
                "total": 1
              }
            },
            {
              "batter": "C Chetty",
              "bowler": "PE Kruger",
              "extras": {
                "wides": 1
              },
              "non_striker": "MN van Wyk",
              "runs": {
                "batter": 0,
                "extras": 1,
                "total": 1
              }
            },
            {
              "batter": "C Chetty",
              "bowler": "PE Kruger",
              "non_striker": "MN van Wyk",
              "runs": {
                "batter": 1,
                "extras": 0,
                "total": 1
              }
            },
            {
              "batter": "MN van Wyk",
              "bowler": "PE Kruger",
              "non_striker": "C Chetty",
              "runs": {
                "batter": 1,
                "extras": 0,
                "total": 1
              }
            },
            {
              "batter": "C Chetty",
              "bowler": "PE Kruger",
              "non_striker": "MN van Wyk",
              "runs": {
                "batter": 0,
                "extras": 0,
                "total": 0
              }
            },
            {
              "batter": "C Chetty",
              "bowler": "PE Kruger",
              "non_striker": "MN van Wyk",
              "runs": {
                "batter": 0,
                "extras": 0,
                "total": 0
              }
            },
            {
              "batter": "C Chetty",
              "bowler": "PE Kruger",
              "non_striker": "MN van Wyk",
              "runs": {
                "batter": 0,
                "extras": 0,
                "total": 0
              }
            }
          ]
        },
        {
          "over": 11,
          "deliveries": [
            {
              "batter": "MN van Wyk",
              "bowler": "M Budaza",
              "non_striker": "C Chetty",
              "runs": {
                "batter": 1,
                "extras": 0,
                "total": 1
              }
            },
            {
              "batter": "C Chetty",
              "bowler": "M Budaza",
              "non_striker": "MN van Wyk",
              "runs": {
                "batter": 0,
                "extras": 0,
                "total": 0
              }
            },
            {
              "batter": "C Chetty",
              "bowler": "M Budaza",
              "extras": {
                "wides": 1
              },
              "non_striker": "MN van Wyk",
              "runs": {
                "batter": 0,
                "extras": 1,
                "total": 1
              }
            },
            {
              "batter": "C Chetty",
              "bowler": "M Budaza",
              "non_striker": "MN van Wyk",
              "runs": {
                "batter": 0,
                "extras": 0,
                "total": 0
              }
            },
            {
              "batter": "C Chetty",
              "bowler": "M Budaza",
              "non_striker": "MN van Wyk",
              "runs": {
                "batter": 2,
                "extras": 0,
                "total": 2
              }
            },
            {
              "batter": "C Chetty",
              "bowler": "M Budaza",
              "non_striker": "MN van Wyk",
              "runs": {
                "batter": 4,
                "extras": 0,
                "total": 4
              }
            },
            {
              "batter": "C Chetty",
              "bowler": "M Budaza",
              "non_striker": "MN van Wyk",
              "runs": {
                "batter": 0,
                "extras": 0,
                "total": 0
              }
            }
          ]
        },
        {
          "over": 12,
          "deliveries": [
            {
              "batter": "MN van Wyk",
              "bowler": "M de Lange",
              "extras": {
                "noballs": 1
              },
              "non_striker": "C Chetty",
              "runs": {
                "batter": 0,
                "extras": 1,
                "total": 1
              }
            },
            {
              "batter": "MN van Wyk",
              "bowler": "M de Lange",
              "non_striker": "C Chetty",
              "runs": {
                "batter": 6,
                "extras": 0,
                "total": 6
              }
            },
            {
              "batter": "MN van Wyk",
              "bowler": "M de Lange",
              "non_striker": "C Chetty",
              "runs": {
                "batter": 1,
                "extras": 0,
                "total": 1
              }
            },
            {
              "batter": "C Chetty",
              "bowler": "M de Lange",
              "non_striker": "MN van Wyk",
              "runs": {
                "batter": 1,
                "extras": 0,
                "total": 1
              }
            },
            {
              "batter": "MN van Wyk",
              "bowler": "M de Lange",
              "non_striker": "C Chetty",
              "runs": {
                "batter": 0,
                "extras": 0,
                "total": 0
              }
            },
            {
              "batter": "MN van Wyk",
              "bowler": "M de Lange",
              "non_striker": "C Chetty",
              "runs": {
                "batter": 0,
                "extras": 0,
                "total": 0
              }
            },
            {
              "batter": "MN van Wyk",
              "bowler": "M de Lange",
              "non_striker": "C Chetty",
              "runs": {
                "batter": 0,
                "extras": 0,
                "total": 0
              }
            }
          ]
        },
        {
          "over": 13,
          "deliveries": [
            {
              "batter": "C Chetty",
              "bowler": "D Olivier",
              "non_striker": "MN van Wyk",
              "runs": {
                "batter": 1,
                "extras": 0,
                "total": 1
              }
            },
            {
              "batter": "MN van Wyk",
              "bowler": "D Olivier",
              "non_striker": "C Chetty",
              "runs": {
                "batter": 0,
                "extras": 0,
                "total": 0
              }
            },
            {
              "batter": "MN van Wyk",
              "bowler": "D Olivier",
              "non_striker": "C Chetty",
              "runs": {
                "batter": 0,
                "extras": 0,
                "total": 0
              }
            },
            {
              "batter": "MN van Wyk",
              "bowler": "D Olivier",
              "non_striker": "C Chetty",
              "runs": {
                "batter": 1,
                "extras": 0,
                "total": 1
              }
            },
            {
              "batter": "C Chetty",
              "bowler": "D Olivier",
              "non_striker": "MN van Wyk",
              "runs": {
                "batter": 0,
                "extras": 0,
                "total": 0
              }
            },
            {
              "batter": "C Chetty",
              "bowler": "D Olivier",
              "non_striker": "MN van Wyk",
              "runs": {
                "batter": 1,
                "extras": 0,
                "total": 1
              }
            }
          ]
        },
        {
          "over": 14,
          "deliveries": [
            {
              "batter": "C Chetty",
              "bowler": "TB de Bruyn",
              "non_striker": "MN van Wyk",
              "runs": {
                "batter": 1,
                "extras": 0,
                "total": 1
              }
            },
            {
              "batter": "MN van Wyk",
              "bowler": "TB de Bruyn",
              "non_striker": "C Chetty",
              "runs": {
                "batter": 4,
                "extras": 0,
                "total": 4
              }
            },
            {
              "batter": "MN van Wyk",
              "bowler": "TB de Bruyn",
              "non_striker": "C Chetty",
              "runs": {
                "batter": 0,
                "extras": 0,
                "total": 0
              }
            },
            {
              "batter": "MN van Wyk",
              "bowler": "TB de Bruyn",
              "non_striker": "C Chetty",
              "runs": {
                "batter": 2,
                "extras": 0,
                "total": 2
              }
            },
            {
              "batter": "MN van Wyk",
              "bowler": "TB de Bruyn",
              "non_striker": "C Chetty",
              "runs": {
                "batter": 2,
                "extras": 0,
                "total": 2
              }
            },
            {
              "batter": "MN van Wyk",
              "bowler": "TB de Bruyn",
              "non_striker": "C Chetty",
              "runs": {
                "batter": 1,
                "extras": 0,
                "total": 1
              }
            }
          ]
        },
        {
          "over": 15,
          "deliveries": [
            {
              "batter": "MN van Wyk",
              "bowler": "PE Kruger",
              "non_striker": "C Chetty",
              "runs": {
                "batter": 1,
                "extras": 0,
                "total": 1
              }
            },
            {
              "batter": "C Chetty",
              "bowler": "PE Kruger",
              "non_striker": "MN van Wyk",
              "runs": {
                "batter": 1,
                "extras": 0,
                "total": 1
              }
            },
            {
              "batter": "MN van Wyk",
              "bowler": "PE Kruger",
              "non_striker": "C Chetty",
              "runs": {
                "batter": 4,
                "extras": 0,
                "total": 4
              }
            },
            {
              "batter": "MN van Wyk",
              "bowler": "PE Kruger",
              "non_striker": "C Chetty",
              "runs": {
                "batter": 1,
                "extras": 0,
                "total": 1
              }
            },
            {
              "batter": "C Chetty",
              "bowler": "PE Kruger",
              "non_striker": "MN van Wyk",
              "runs": {
                "batter": 4,
                "extras": 0,
                "total": 4
              }
            },
            {
              "batter": "C Chetty",
              "bowler": "PE Kruger",
              "non_striker": "MN van Wyk",
              "runs": {
                "batter": 0,
                "extras": 0,
                "total": 0
              }
            }
          ]
        },
        {
          "over": 16,
          "deliveries": [
            {
              "batter": "MN van Wyk",
              "bowler": "SC van Schalkwyk",
              "non_striker": "C Chetty",
              "runs": {
                "batter": 1,
                "extras": 0,
                "total": 1
              }
            },
            {
              "batter": "C Chetty",
              "bowler": "SC van Schalkwyk",
              "non_striker": "MN van Wyk",
              "runs": {
                "batter": 1,
                "extras": 0,
                "total": 1
              }
            },
            {
              "batter": "MN van Wyk",
              "bowler": "SC van Schalkwyk",
              "non_striker": "C Chetty",
              "runs": {
                "batter": 0,
                "extras": 0,
                "total": 0
              },
              "wickets": [
                {
                  "player_out": "MN van Wyk",
                  "kind": "lbw"
                }
              ]
            },
            {
              "batter": "K Zondo",
              "bowler": "SC van Schalkwyk",
              "non_striker": "C Chetty",
              "runs": {
                "batter": 1,
                "extras": 0,
                "total": 1
              }
            },
            {
              "batter": "C Chetty",
              "bowler": "SC van Schalkwyk",
              "non_striker": "K Zondo",
              "runs": {
                "batter": 4,
                "extras": 0,
                "total": 4
              }
            },
            {
              "batter": "C Chetty",
              "bowler": "SC van Schalkwyk",
              "non_striker": "K Zondo",
              "runs": {
                "batter": 2,
                "extras": 0,
                "total": 2
              }
            }
          ]
        },
        {
          "over": 17,
          "deliveries": [
            {
              "batter": "K Zondo",
              "bowler": "D Olivier",
              "non_striker": "C Chetty",
              "runs": {
                "batter": 1,
                "extras": 0,
                "total": 1
              }
            },
            {
              "batter": "C Chetty",
              "bowler": "D Olivier",
              "non_striker": "K Zondo",
              "runs": {
                "batter": 1,
                "extras": 0,
                "total": 1
              }
            },
            {
              "batter": "K Zondo",
              "bowler": "D Olivier",
              "non_striker": "C Chetty",
              "runs": {
                "batter": 0,
                "extras": 0,
                "total": 0
              }
            },
            {
              "batter": "K Zondo",
              "bowler": "D Olivier",
              "non_striker": "C Chetty",
              "runs": {
                "batter": 0,
                "extras": 0,
                "total": 0
              }
            },
            {
              "batter": "K Zondo",
              "bowler": "D Olivier",
              "non_striker": "C Chetty",
              "runs": {
                "batter": 0,
                "extras": 0,
                "total": 0
              }
            },
            {
              "batter": "K Zondo",
              "bowler": "D Olivier",
              "non_striker": "C Chetty",
              "runs": {
                "batter": 4,
                "extras": 0,
                "total": 4
              }
            }
          ]
        },
        {
          "over": 18,
          "deliveries": [
            {
              "batter": "C Chetty",
              "bowler": "M de Lange",
              "non_striker": "K Zondo",
              "runs": {
                "batter": 1,
                "extras": 0,
                "total": 1
              }
            },
            {
              "batter": "K Zondo",
              "bowler": "M de Lange",
              "non_striker": "C Chetty",
              "runs": {
                "batter": 0,
                "extras": 0,
                "total": 0
              }
            },
            {
              "batter": "K Zondo",
              "bowler": "M de Lange",
              "non_striker": "C Chetty",
              "runs": {
                "batter": 4,
                "extras": 0,
                "total": 4
              }
            }
          ]
        }
      ],
      "powerplays": [
        {
          "from": 0.1,
          "to": 5.7,
          "type": "mandatory"
        }
      ],
      "target": {
        "overs": 20,
        "runs": 154
      }
    }
  ]
}