{
  "meta": {
    "data_version": "1.0.0",
    "created": "2020-08-21",
    "revision": 1
  },
  "info": {
    "balls_per_over": 6,
    "city": "Jamaica",
    "dates": [
      "2016-07-20"
    ],
    "event": {
      "name": "Caribbean Premier League",
      "match_number": 20
    },
    "gender": "male",
    "match_type": "T20",
    "officials": {
      "match_referees": [
        "D Govindjee"
      ],
      "reserve_umpires": [
        "CO Wright"
      ],
      "tv_umpires": [
        "PJ Nero"
      ],
      "umpires": [
        "LS Reifer",
        "JD Ward"
      ]
    },
    "outcome": {
      "winner": "Jamaica Tallawahs",
      "by": {
        "runs": 36
      },
      "method": "D/L"
    },
    "overs": 20,
    "player_of_match": [
      "CAK Walton"
    ],
    "players": {
      "Jamaica Tallawahs": [
        "CAK Walton",
        "CH Gayle",
        "KC Sangakkara",
        "AD Russell",
        "R Powell",
        "Shakib Al Hasan",
        "TP Allen",
        "Imad Wasim",
        "DW Steyn",
        "GE Mathurin",
        "KOK Williams"
      ],
      "Barbados Tridents": [
        "KA Hope",
        "Ahmed Shehzad",
        "AJ Hosein",
        "Shoaib Malik",
        "N Pooran",
        "KA Pollard",
        "D Wiese",
        "AR Nurse",
        "RA Reifer",
        "ND Stewart",
        "R Rampaul"
      ]
    },
    "registry": {
      "people": {
        "AD Russell": "bbd41817",
        "AJ Hosein": "4d7f517e",
        "AR Nurse": "4a745f65",
        "Ahmed Shehzad": "f8fd6e3f",
        "CAK Walton": "bbff906c",
        "CH Gayle": "db584dad",
        "CO Wright": "a541fc41",
        "D Govindjee": "8b4c4069",
        "D Wiese": "aa8d28ae",
        "DW Steyn": "8fd1a8f5",
        "GE Mathurin": "b67bfaae",
        "Imad Wasim": "9cb8d7a6",
        "JD Ward": "511299c1",
        "KA Hope": "c59d8f8a",
        "KA Pollard": "a757b0d8",
        "KC Sangakkara": "6b71e6cf",
        "KOK Williams": "78cb83f3",
        "LS Reifer": "5dee559a",
        "N Pooran": "3241e3fd",
        "ND Stewart": "16edfe47",
        "PJ Nero": "925d2e93",
        "R Powell": "650d5e49",
        "R Rampaul": "d68e7f48",
        "RA Reifer": "d7725664",
        "Shakib Al Hasan": "7dc35884",
        "Shoaib Malik": "64c34cd0",
        "TP Allen": "30baaf1f"
      }
    },
    "season": "2016",
    "team_type": "club",
    "teams": [
      "Jamaica Tallawahs",
      "Barbados Tridents"
    ],
    "toss": {
      "decision": "field",
      "winner": "Barbados Tridents"
    },
    "venue": "Sabina Park, Kingston"
  },
  "innings": [
    {
      "team": "Jamaica Tallawahs",
      "overs": [
        {
          "over": 0,
          "deliveries": [
            {
              "batter": "CAK Walton",
              "bowler": "R Rampaul",
              "non_striker": "CH Gayle",
              "runs": {
                "batter": 0,
                "extras": 0,
                "total": 0
              }
            },
            {
              "batter": "CAK Walton",
              "bowler": "R Rampaul",
              "non_striker": "CH Gayle",
              "runs": {
                "batter": 2,
                "extras": 0,
                "total": 2
              }
            },
            {
              "batter": "CAK Walton",
              "bowler": "R Rampaul",
              "non_striker": "CH Gayle",
              "runs": {
                "batter": 1,
                "extras": 0,
                "total": 1
              }
            },
            {
              "batter": "CH Gayle",
              "bowler": "R Rampaul",
              "non_striker": "CAK Walton",
              "runs": {
                "batter": 0,
                "extras": 0,
                "total": 0
              }
            },
            {
              "batter": "CH Gayle",
              "bowler": "R Rampaul",
              "non_striker": "CAK Walton",
              "runs": {
                "batter": 0,
                "extras": 0,
                "total": 0
              }
            },
            {
              "batter": "CH Gayle",
              "bowler": "R Rampaul",
              "non_striker": "CAK Walton",
              "runs": {
                "batter": 0,
                "extras": 0,
                "total": 0
              }
            }
          ]
        },
        {
          "over": 1,
          "deliveries": [
            {
              "batter": "CAK Walton",
              "bowler": "D Wiese",
              "non_striker": "CH Gayle",
              "runs": {
                "batter": 0,
                "extras": 0,
                "total": 0
              }
            },
            {
              "batter": "CAK Walton",
              "bowler": "D Wiese",
              "non_striker": "CH Gayle",
              "runs": {
                "batter": 1,
                "extras": 0,
                "total": 1
              }
            },
            {
              "batter": "CH Gayle",
              "bowler": "D Wiese",
              "non_striker": "CAK Walton",
              "runs": {
                "batter": 4,
                "extras": 0,
                "total": 4
              }
            },
            {
              "batter": "CH Gayle",
              "bowler": "D Wiese",
              "non_striker": "CAK Walton",
              "runs": {
                "batter": 0,
                "extras": 0,
                "total": 0
              }
            },
            {
              "batter": "CH Gayle",
              "bowler": "D Wiese",
              "non_striker": "CAK Walton",
              "runs": {
                "batter": 0,
                "extras": 0,
                "total": 0
              }
            },
            {
              "batter": "CH Gayle",
              "bowler": "D Wiese",
              "non_striker": "CAK Walton",
              "runs": {
                "batter": 4,
                "extras": 0,
                "total": 4
              }
            }
          ]
        },
        {
          "over": 2,
          "deliveries": [
            {
              "batter": "CAK Walton",
              "bowler": "R Rampaul",
              "non_striker": "CH Gayle",
              "runs": {
                "batter": 2,
                "extras": 0,
                "total": 2
              }
            },
            {
              "batter": "CAK Walton",
              "bowler": "R Rampaul",
              "extras": {
                "wides": 1
              },
              "non_striker": "CH Gayle",
              "runs": {
                "batter": 0,
                "extras": 1,
                "total": 1
              }
            },
            {
              "batter": "CAK Walton",
              "bowler": "R Rampaul",
              "non_striker": "CH Gayle",
              "runs": {
                "batter": 6,
                "extras": 0,
                "total": 6
              }
            },
            {
              "batter": "CAK Walton",
              "bowler": "R Rampaul",
              "non_striker": "CH Gayle",
              "runs": {
                "batter": 0,
                "extras": 0,
                "total": 0
              }
            },
            {
              "batter": "CAK Walton",
              "bowler": "R Rampaul",
              "non_striker": "CH Gayle",
              "runs": {
                "batter": 1,
                "extras": 0,
                "total": 1
              }
            },
            {
              "batter": "CH Gayle",
              "bowler": "R Rampaul",
              "non_striker": "CAK Walton",
              "runs": {
                "batter": 0,
                "extras": 0,
                "total": 0
              }
            },
            {
              "batter": "CH Gayle",
              "bowler": "R Rampaul",
              "non_striker": "CAK Walton",
              "runs": {
                "batter": 0,
                "extras": 0,
                "total": 0
              },
              "wickets": [
                {
                  "player_out": "CH Gayle",
                  "fielders": [
                    {
                      "name": "RA Reifer"
                    }
                  ],
                  "kind": "caught"
                }
              ]
            }
          ]
        },
        {
          "over": 3,
          "deliveries": [
            {
              "batter": "CAK Walton",
              "bowler": "RA Reifer",
              "non_striker": "KC Sangakkara",
              "runs": {
                "batter": 1,
                "extras": 0,
                "total": 1
              }
            },
            {
              "batter": "KC Sangakkara",
              "bowler": "RA Reifer",
              "non_striker": "CAK Walton",
              "runs": {
                "batter": 0,
                "extras": 0,
                "total": 0
              }
            },
            {
              "batter": "KC Sangakkara",
              "bowler": "RA Reifer",
              "non_striker": "CAK Walton",
              "runs": {
                "batter": 4,
                "extras": 0,
                "total": 4
              }
            },
            {
              "batter": "KC Sangakkara",
              "bowler": "RA Reifer",
              "non_striker": "CAK Walton",
              "runs": {
                "batter": 1,
                "extras": 0,
                "total": 1
              }
            },
            {
              "batter": "CAK Walton",
              "bowler": "RA Reifer",
              "non_striker": "KC Sangakkara",
              "runs": {
                "batter": 4,
                "extras": 0,
                "total": 4
              }
            },
            {
              "batter": "CAK Walton",
              "bowler": "RA Reifer",
              "non_striker": "KC Sangakkara",
              "runs": {
                "batter": 4,
                "extras": 0,
                "total": 4
              }
            }
          ]
        },
        {
          "over": 4,
          "deliveries": [
            {
              "batter": "KC Sangakkara",
              "bowler": "D Wiese",
              "non_striker": "CAK Walton",
              "runs": {
                "batter": 4,
                "extras": 0,
                "total": 4
              }
            },
            {
              "batter": "KC Sangakkara",
              "bowler": "D Wiese",
              "non_striker": "CAK Walton",
              "runs": {
                "batter": 2,
                "extras": 0,
                "total": 2
              }
            },
            {
              "batter": "KC Sangakkara",
              "bowler": "D Wiese",
              "non_striker": "CAK Walton",
              "runs": {
                "batter": 4,
                "extras": 0,
                "total": 4
              }
            },
            {
              "batter": "KC Sangakkara",
              "bowler": "D Wiese",
              "non_striker": "CAK Walton",
              "runs": {
                "batter": 1,
                "extras": 0,
                "total": 1
              }
            },
            {
              "batter": "CAK Walton",
              "bowler": "D Wiese",
              "non_striker": "KC Sangakkara",
              "runs": {
                "batter": 1,
                "extras": 0,
                "total": 1
              }
            },
            {
              "batter": "KC Sangakkara",
              "bowler": "D Wiese",
              "non_striker": "CAK Walton",
              "runs": {
                "batter": 1,
                "extras": 0,
                "total": 1
              }
            }
          ]
        },
        {
          "over": 5,
          "deliveries": [
            {
              "batter": "KC Sangakkara",
              "bowler": "AR Nurse",
              "non_striker": "CAK Walton",
              "runs": {
                "batter": 1,
                "extras": 0,
                "total": 1
              }
            },
            {
              "batter": "CAK Walton",
              "bowler": "AR Nurse",
              "non_striker": "KC Sangakkara",
              "runs": {
                "batter": 1,
                "extras": 0,
                "total": 1
              }
            },
            {
              "batter": "KC Sangakkara",
              "bowler": "AR Nurse",
              "non_striker": "CAK Walton",
              "runs": {
                "batter": 2,
                "extras": 0,
                "total": 2
              }
            },
            {
              "batter": "KC Sangakkara",
              "bowler": "AR Nurse",
              "non_striker": "CAK Walton",
              "runs": {
                "batter": 0,
                "extras": 0,
                "total": 0
              }
            },
            {
              "batter": "KC Sangakkara",
              "bowler": "AR Nurse",
              "non_striker": "CAK Walton",
              "runs": {
                "batter": 1,
                "extras": 0,
                "total": 1
              }
            },
            {
              "batter": "CAK Walton",
              "bowler": "AR Nurse",
              "non_striker": "KC Sangakkara",
              "runs": {
                "batter": 4,
                "extras": 0,
                "total": 4
              }
            }
          ]
        },
        {
          "over": 6,
          "deliveries": [
            {
              "batter": "KC Sangakkara",
              "bowler": "ND Stewart",
              "non_striker": "CAK Walton",
              "runs": {
                "batter": 1,
                "extras": 0,
                "total": 1
              }
            },
            {
              "batter": "CAK Walton",
              "bowler": "ND Stewart",
              "non_striker": "KC Sangakkara",
              "runs": {
                "batter": 2,
                "extras": 0,
                "total": 2
              }
            },
            {
              "batter": "CAK Walton",
              "bowler": "ND Stewart",
              "non_striker": "KC Sangakkara",
              "runs": {
                "batter": 1,
                "extras": 0,
                "total": 1
              }
            },
            {
              "batter": "KC Sangakkara",
              "bowler": "ND Stewart",
              "non_striker": "CAK Walton",
              "runs": {
                "batter": 1,
                "extras": 0,
                "total": 1
              }
            },
            {
              "batter": "CAK Walton",
              "bowler": "ND Stewart",
              "non_striker": "KC Sangakkara",
              "runs": {
                "batter": 1,
                "extras": 0,
                "total": 1
              }
            },
            {
              "batter": "KC Sangakkara",
              "bowler": "ND Stewart",
              "non_striker": "CAK Walton",
              "runs": {
                "batter": 0,
                "extras": 0,
                "total": 0
              }
            }
          ]
        },
        {
          "over": 7,
          "deliveries": [
            {
              "batter": "CAK Walton",
              "bowler": "AR Nurse",
              "non_striker": "KC Sangakkara",
              "runs": {
                "batter": 6,
                "extras": 0,
                "total": 6
              }
            },
            {
              "batter": "CAK Walton",
              "bowler": "AR Nurse",
              "non_striker": "KC Sangakkara",
              "runs": {
                "batter": 1,
                "extras": 0,
                "total": 1
              }
            },
            {
              "batter": "KC Sangakkara",
              "bowler": "AR Nurse",
              "non_striker": "CAK Walton",
              "runs": {
                "batter": 4,
                "extras": 0,
                "total": 4
              }
            },
            {
              "batter": "KC Sangakkara",
              "bowler": "AR Nurse",
              "non_striker": "CAK Walton",
              "runs": {
                "batter": 0,
                "extras": 0,
                "total": 0
              }
            },
            {
              "batter": "KC Sangakkara",
              "bowler": "AR Nurse",
              "non_striker": "CAK Walton",
              "runs": {
                "batter": 1,
                "extras": 0,
                "total": 1
              }
            },
            {
              "batter": "CAK Walton",
              "bowler": "AR Nurse",
              "non_striker": "KC Sangakkara",
              "runs": {
                "batter": 0,
                "extras": 0,
                "total": 0
              }
            }
          ]
        },
        {
          "over": 8,
          "deliveries": [
            {
              "batter": "KC Sangakkara",
              "bowler": "ND Stewart",
              "non_striker": "CAK Walton",
              "runs": {
                "batter": 1,
                "extras": 0,
                "total": 1
              }
            },
            {
              "batter": "CAK Walton",
              "bowler": "ND Stewart",
              "non_striker": "KC Sangakkara",
              "runs": {
                "batter": 4,
                "extras": 0,
                "total": 4
              }
            },
            {
              "batter": "CAK Walton",
              "bowler": "ND Stewart",
              "non_striker": "KC Sangakkara",
              "runs": {
                "batter": 1,
                "extras": 0,
                "total": 1
              }
            },
            {
              "batter": "KC Sangakkara",
              "bowler": "ND Stewart",
              "non_striker": "CAK Walton",
              "runs": {
                "batter": 0,
                "extras": 0,
                "total": 0
              }
            },
            {
              "batter": "KC Sangakkara",
              "bowler": "ND Stewart",
              "non_striker": "CAK Walton",
              "runs": {
                "batter": 1,
                "extras": 0,
                "total": 1
              }
            },
            {
              "batter": "CAK Walton",
              "bowler": "ND Stewart",
              "non_striker": "KC Sangakkara",
              "runs": {
                "batter": 1,
                "extras": 0,
                "total": 1
              }
            }
          ]
        },
        {
          "over": 9,
          "deliveries": [
            {
              "batter": "CAK Walton",
              "bowler": "RA Reifer",
              "non_striker": "KC Sangakkara",
              "runs": {
                "batter": 1,
                "extras": 0,
                "total": 1
              }
            },
            {
              "batter": "KC Sangakkara",
              "bowler": "RA Reifer",
              "non_striker": "CAK Walton",
              "runs": {
                "batter": 1,
                "extras": 0,
                "total": 1
              }
            },
            {
              "batter": "CAK Walton",
              "bowler": "RA Reifer",
              "non_striker": "KC Sangakkara",
              "runs": {
                "batter": 4,
                "extras": 0,
                "total": 4
              }
            },
            {
              "batter": "CAK Walton",
              "bowler": "RA Reifer",
              "non_striker": "KC Sangakkara",
              "runs": {
                "batter": 1,
                "extras": 0,
                "total": 1
              }
            },
            {
              "batter": "KC Sangakkara",
              "bowler": "RA Reifer",
              "non_striker": "CAK Walton",
              "runs": {
                "batter": 1,
                "extras": 0,
                "total": 1
              }
            },
            {
              "batter": "CAK Walton",
              "bowler": "RA Reifer",
              "non_striker": "KC Sangakkara",
              "runs": {
                "batter": 1,
                "extras": 0,
                "total": 1
              }
            }
          ]
        },
        {
          "over": 10,
          "deliveries": [
            {
              "batter": "CAK Walton",
              "bowler": "ND Stewart",
              "non_striker": "KC Sangakkara",
              "runs": {
                "batter": 4,
                "extras": 0,
                "total": 4
              }
            },
            {
              "batter": "CAK Walton",
              "bowler": "ND Stewart",
              "non_striker": "KC Sangakkara",
              "runs": {
                "batter": 1,
                "extras": 0,
                "total": 1
              }
            },
            {
              "batter": "KC Sangakkara",
              "bowler": "ND Stewart",
              "non_striker": "CAK Walton",
              "runs": {
                "batter": 1,
                "extras": 0,
                "total": 1
              }
            },
            {
              "batter": "CAK Walton",
              "bowler": "ND Stewart",
              "non_striker": "KC Sangakkara",
              "runs": {
                "batter": 4,
                "extras": 0,
                "total": 4
              }
            },
            {
              "batter": "CAK Walton",
              "bowler": "ND Stewart",
              "non_striker": "KC Sangakkara",
              "runs": {
                "batter": 6,
                "extras": 0,
                "total": 6
              }
            },
            {
              "batter": "CAK Walton",
              "bowler": "ND Stewart",
              "non_striker": "KC Sangakkara",
              "runs": {
                "batter": 1,
                "extras": 0,
                "total": 1
              }
            }
          ]
        },
        {
          "over": 11,
          "deliveries": [
            {
              "batter": "CAK Walton",
              "bowler": "RA Reifer",
              "non_striker": "KC Sangakkara",
              "runs": {
                "batter": 1,
                "extras": 0,
                "total": 1
              }
            },
            {
              "batter": "KC Sangakkara",
              "bowler": "RA Reifer",
              "non_striker": "CAK Walton",
              "runs": {
                "batter": 1,
                "extras": 0,
                "total": 1
              }
            },
            {
              "batter": "CAK Walton",
              "bowler": "RA Reifer",
              "non_striker": "KC Sangakkara",
              "runs": {
                "batter": 0,
                "extras": 0,
                "total": 0
              }
            },
            {
              "batter": "CAK Walton",
              "bowler": "RA Reifer",
              "non_striker": "KC Sangakkara",
              "runs": {
                "batter": 4,
                "extras": 0,
                "total": 4
              }
            },
            {
              "batter": "CAK Walton",
              "bowler": "RA Reifer",
              "non_striker": "KC Sangakkara",
              "runs": {
                "batter": 6,
                "extras": 0,
                "total": 6
              }
            },
            {
              "batter": "CAK Walton",
              "bowler": "RA Reifer",
              "non_striker": "KC Sangakkara",
              "runs": {
                "batter": 1,
                "extras": 0,
                "total": 1
              }
            }
          ]
        },
        {
          "over": 12,
          "deliveries": [
            {
              "batter": "CAK Walton",
              "bowler": "R Rampaul",
              "non_striker": "KC Sangakkara",
              "runs": {
                "batter": 1,
                "extras": 0,
                "total": 1
              }
            },
            {
              "batter": "KC Sangakkara",
              "bowler": "R Rampaul",
              "non_striker": "CAK Walton",
              "runs": {
                "batter": 2,
                "extras": 0,
                "total": 2
              }
            },
            {
              "batter": "KC Sangakkara",
              "bowler": "R Rampaul",
              "non_striker": "CAK Walton",
              "runs": {
                "batter": 6,
                "extras": 0,
                "total": 6
              }
            },
            {
              "batter": "KC Sangakkara",
              "bowler": "R Rampaul",
              "extras": {
                "noballs": 1
              },
              "non_striker": "CAK Walton",
              "runs": {
                "batter": 1,
                "extras": 1,
                "total": 2
              }
            },
            {
              "batter": "CAK Walton",
              "bowler": "R Rampaul",
              "non_striker": "KC Sangakkara",
              "runs": {
                "batter": 6,
                "extras": 0,
                "total": 6
              }
            },
            {
              "batter": "CAK Walton",
              "bowler": "R Rampaul",
              "non_striker": "KC Sangakkara",
              "runs": {
                "batter": 0,
                "extras": 0,
                "total": 0
              }
            },
            {
              "batter": "CAK Walton",
              "bowler": "R Rampaul",
              "non_striker": "KC Sangakkara",
              "runs": {
                "batter": 0,
                "extras": 0,
                "total": 0
              }
            }
          ]
        },
        {
          "over": 13,
          "deliveries": [
            {
              "batter": "KC Sangakkara",
              "bowler": "KA Pollard",
              "non_striker": "CAK Walton",
              "runs": {
                "batter": 6,
                "extras": 0,
                "total": 6
              }
            },
            {
              "batter": "KC Sangakkara",
              "bowler": "KA Pollard",
              "non_striker": "CAK Walton",
              "runs": {
                "batter": 1,
                "extras": 0,
                "total": 1
              }
            },
            {
              "batter": "CAK Walton",
              "bowler": "KA Pollard",
              "non_striker": "KC Sangakkara",
              "runs": {
                "batter": 0,
                "extras": 0,
                "total": 0
              }
            },
            {
              "batter": "CAK Walton",
              "bowler": "KA Pollard",
              "non_striker": "KC Sangakkara",
              "runs": {
                "batter": 0,
                "extras": 0,
                "total": 0
              }
            },
            {
              "batter": "CAK Walton",
              "bowler": "KA Pollard",
              "non_striker": "KC Sangakkara",
              "runs": {
                "batter": 0,
                "extras": 0,
                "total": 0
              }
            },
            {
              "batter": "CAK Walton",
              "bowler": "KA Pollard",
              "non_striker": "KC Sangakkara",
              "runs": {
                "batter": 2,
                "extras": 0,
                "total": 2
              }
            }
          ]
        },
        {
          "over": 14,
          "deliveries": [
            {
              "batter": "KC Sangakkara",
              "bowler": "D Wiese",
              "non_striker": "CAK Walton",
              "runs": {
                "batter": 0,
                "extras": 0,
                "total": 0
              },
              "wickets": [
                {
                  "player_out": "KC Sangakkara",
                  "fielders": [
                    {
                      "name": "Shoaib Malik"
                    }
                  ],
                  "kind": "caught"
                }
              ]
            },
            {
              "batter": "CAK Walton",
              "bowler": "D Wiese",
              "non_striker": "AD Russell",
              "runs": {
                "batter": 0,
                "extras": 0,
                "total": 0
              }
            },
            {
              "batter": "CAK Walton",
              "bowler": "D Wiese",
              "non_striker": "AD Russell",
              "runs": {
                "batter": 1,
                "extras": 0,
                "total": 1
              }
            },
            {
              "batter": "AD Russell",
              "bowler": "D Wiese",
              "non_striker": "CAK Walton",
              "runs": {
                "batter": 0,
                "extras": 0,
                "total": 0
              },
              "wickets": [
                {
                  "player_out": "AD Russell",
                  "fielders": [
                    {
                      "name": "N Pooran"
                    }
                  ],
                  "kind": "caught"
                }
              ]
            },
            {
              "batter": "R Powell",
              "bowler": "D Wiese",
              "non_striker": "CAK Walton",
              "runs": {
                "batter": 0,
                "extras": 0,
                "total": 0
              }
            },
            {
              "batter": "R Powell",
              "bowler": "D Wiese",
              "non_striker": "CAK Walton",
              "runs": {
                "batter": 1,
                "extras": 0,
                "total": 1
              }
            }
          ]
        },
        {
          "over": 15,
          "deliveries": [
            {
              "batter": "R Powell",
              "bowler": "KA Pollard",
              "non_striker": "CAK Walton",
              "runs": {
                "batter": 6,
                "extras": 0,
                "total": 6
              }
            },
            {
              "batter": "R Powell",
              "bowler": "KA Pollard",
              "non_striker": "CAK Walton",
              "runs": {
                "batter": 2,
                "extras": 0,
                "total": 2
              }
            },
            {
              "batter": "R Powell",
              "bowler": "KA Pollard",
              "extras": {
                "wides": 1
              },
              "non_striker": "CAK Walton",
              "runs": {
                "batter": 0,
                "extras": 1,
                "total": 1
              }
            },
            {
              "batter": "R Powell",
              "bowler": "KA Pollard",
              "extras": {
                "wides": 1
              },
              "non_striker": "CAK Walton",
              "runs": {
                "batter": 0,
                "extras": 1,
                "total": 1
              }
            },
            {
              "batter": "R Powell",
              "bowler": "KA Pollard",
              "non_striker": "CAK Walton",
              "runs": {
                "batter": 1,
                "extras": 0,
                "total": 1
              }
            },
            {
              "batter": "CAK Walton",
              "bowler": "KA Pollard",
              "non_striker": "R Powell",
              "runs": {
                "batter": 4,
                "extras": 0,
                "total": 4
              }
            },
            {
              "batter": "CAK Walton",
              "bowler": "KA Pollard",
              "non_striker": "R Powell",
              "runs": {
                "batter": 2,
                "extras": 0,
                "total": 2
              }
            },
            {
              "batter": "CAK Walton",
              "bowler": "KA Pollard",
              "extras": {
                "wides": 1
              },
              "non_striker": "R Powell",
              "runs": {
                "batter": 0,
                "extras": 1,
                "total": 1
              }
            },
            {
              "batter": "CAK Walton",
              "bowler": "KA Pollard",
              "non_striker": "R Powell",
              "runs": {
                "batter": 0,
                "extras": 0,
                "total": 0
              }
            }
          ]
        },
        {
          "over": 16,
          "deliveries": [
            {
              "batter": "R Powell",
              "bowler": "D Wiese",
              "non_striker": "CAK Walton",
              "runs": {
                "batter": 1,
                "extras": 0,
                "total": 1
              }
            },
            {
              "batter": "CAK Walton",
              "bowler": "D Wiese",
              "non_striker": "R Powell",
              "runs": {
                "batter": 1,
                "extras": 0,
                "total": 1
              }
            },
            {
              "batter": "R Powell",
              "bowler": "D Wiese",
              "non_striker": "CAK Walton",
              "runs": {
                "batter": 0,
                "extras": 0,
                "total": 0
              }
            },
            {
              "batter": "R Powell",
              "bowler": "D Wiese",
              "non_striker": "CAK Walton",
              "runs": {
                "batter": 6,
                "extras": 0,
                "total": 6
              }
            },
            {
              "batter": "R Powell",
              "bowler": "D Wiese",
              "extras": {
                "noballs": 1
              },
              "non_striker": "CAK Walton",
              "runs": {
                "batter": 6,
                "extras": 1,
                "total": 7
              }
            },
            {
              "batter": "R Powell",
              "bowler": "D Wiese",
              "non_striker": "CAK Walton",
              "runs": {
                "batter": 0,
                "extras": 0,
                "total": 0
              }
            },
            {
              "batter": "R Powell",
              "bowler": "D Wiese",
              "non_striker": "CAK Walton",
              "runs": {
                "batter": 6,
                "extras": 0,
                "total": 6
              }
            }
          ]
        },
        {
          "over": 17,
          "deliveries": [
            {
              "batter": "CAK Walton",
              "bowler": "R Rampaul",
              "non_striker": "R Powell",
              "runs": {
                "batter": 0,
                "extras": 0,
                "total": 0
              }
            },
            {
              "batter": "CAK Walton",
              "bowler": "R Rampaul",
              "non_striker": "R Powell",
              "runs": {
                "batter": 0,
                "extras": 0,
                "total": 0
              },
              "wickets": [
                {
                  "player_out": "CAK Walton",
                  "fielders": [
                    {
                      "name": "Ahmed Shehzad"
                    }
                  ],
                  "kind": "caught"
                }
              ]
            },
            {
              "batter": "R Powell",
              "bowler": "R Rampaul",
              "non_striker": "Shakib Al Hasan",
              "runs": {
                "batter": 1,
                "extras": 0,
                "total": 1
              }
            },
            {
              "batter": "Shakib Al Hasan",
              "bowler": "R Rampaul",
              "non_striker": "R Powell",
              "runs": {
                "batter": 0,
                "extras": 0,
                "total": 0
              },
              "wickets": [
                {
                  "player_out": "Shakib Al Hasan",
                  "kind": "run out"
                }
              ]
            },
            {
              "batter": "R Powell",
              "bowler": "R Rampaul",
              "non_striker": "TP Allen",
              "runs": {
                "batter": 0,
                "extras": 0,
                "total": 0
              }
            },
            {
              "batter": "R Powell",
              "bowler": "R Rampaul",
              "non_striker": "TP Allen",
              "runs": {
                "batter": 4,
                "extras": 0,
                "total": 4
              }
            }
          ]
        }
      ],
      "powerplays": [
        {
          "from": 0.1,
          "to": 4.6,
          "type": "mandatory"
        }
      ]
    },
    {
      "team": "Barbados Tridents",
      "overs": [
        {
          "over": 0,
          "deliveries": [
            {
              "batter": "KA Hope",
              "bowler": "AD Russell",
              "non_striker": "Ahmed Shehzad",
              "runs": {
                "batter": 0,
                "extras": 0,
                "total": 0
              }
            },
            {
              "batter": "KA Hope",
              "bowler": "AD Russell",
              "non_striker": "Ahmed Shehzad",
              "runs": {
                "batter": 2,
                "extras": 0,
                "total": 2
              }
            },
            {
              "batter": "KA Hope",
              "bowler": "AD Russell",
              "non_striker": "Ahmed Shehzad",
              "runs": {
                "batter": 1,
                "extras": 0,
                "total": 1
              }
            },
            {
              "batter": "Ahmed Shehzad",
              "bowler": "AD Russell",
              "non_striker": "KA Hope",
              "runs": {
                "batter": 0,
                "extras": 0,
                "total": 0
              }
            },
            {
              "batter": "Ahmed Shehzad",
              "bowler": "AD Russell",
              "non_striker": "KA Hope",
              "runs": {
                "batter": 2,
                "extras": 0,
                "total": 2
              }
            },
            {
              "batter": "Ahmed Shehzad",
              "bowler": "AD Russell",
              "non_striker": "KA Hope",
              "runs": {
                "batter": 0,
                "extras": 0,
                "total": 0
              }
            }
          ]
        },
        {
          "over": 1,
          "deliveries": [
            {
              "batter": "KA Hope",
              "bowler": "DW Steyn",
              "non_striker": "Ahmed Shehzad",
              "runs": {
                "batter": 4,
                "extras": 0,
                "total": 4
              }
            },
            {
              "batter": "KA Hope",
              "bowler": "DW Steyn",
              "non_striker": "Ahmed Shehzad",
              "runs": {
                "batter": 0,
                "extras": 0,
                "total": 0
              }
            },
            {
              "batter": "KA Hope",
              "bowler": "DW Steyn",
              "non_striker": "Ahmed Shehzad",
              "runs": {
                "batter": 6,
                "extras": 0,
                "total": 6
              }
            },
            {
              "batter": "KA Hope",
              "bowler": "DW Steyn",
              "non_striker": "Ahmed Shehzad",
              "runs": {
                "batter": 0,
                "extras": 0,
                "total": 0
              },
              "wickets": [
                {
                  "player_out": "KA Hope",
                  "fielders": [
                    {
                      "name": "KC Sangakkara"
                    }
                  ],
                  "kind": "caught"
                }
              ]
            },
            {
              "batter": "AJ Hosein",
              "bowler": "DW Steyn",
              "non_striker": "Ahmed Shehzad",
              "runs": {
                "batter": 0,
                "extras": 0,
                "total": 0
              }
            },
            {
              "batter": "AJ Hosein",
              "bowler": "DW Steyn",
              "non_striker": "Ahmed Shehzad",
              "runs": {
                "batter": 0,
                "extras": 0,
                "total": 0
              }
            }
          ]
        },
        {
          "over": 2,
          "deliveries": [
            {
              "batter": "Ahmed Shehzad",
              "bowler": "KOK Williams",
              "non_striker": "AJ Hosein",
              "runs": {
                "batter": 0,
                "extras": 0,
                "total": 0
              }
            },
            {
              "batter": "Ahmed Shehzad",
              "bowler": "KOK Williams",
              "non_striker": "AJ Hosein",
              "runs": {
                "batter": 0,
                "extras": 0,
                "total": 0
              }
            },
            {
              "batter": "Ahmed Shehzad",
              "bowler": "KOK Williams",
              "non_striker": "AJ Hosein",
              "runs": {
                "batter": 6,
                "extras": 0,
                "total": 6
              }
            },
            {
              "batter": "Ahmed Shehzad",
              "bowler": "KOK Williams",
              "non_striker": "AJ Hosein",
              "runs": {
                "batter": 1,
                "extras": 0,
                "total": 1
              }
            },
            {
              "batter": "AJ Hosein",
              "bowler": "KOK Williams",
              "non_striker": "Ahmed Shehzad",
              "runs": {
                "batter": 0,
                "extras": 0,
                "total": 0
              }
            },
            {
              "batter": "AJ Hosein",
              "bowler": "KOK Williams",
              "non_striker": "Ahmed Shehzad",
              "runs": {
                "batter": 0,
                "extras": 0,
                "total": 0
              }
            }
          ]
        },
        {
          "over": 3,
          "deliveries": [
            {
              "batter": "Ahmed Shehzad",
              "bowler": "DW Steyn",
              "non_striker": "AJ Hosein",
              "runs": {
                "batter": 1,
                "extras": 0,
                "total": 1
              }
            },
            {
              "batter": "AJ Hosein",
              "bowler": "DW Steyn",
              "non_striker": "Ahmed Shehzad",
              "runs": {
                "batter": 0,
                "extras": 0,
                "total": 0
              }
            },
            {
              "batter": "AJ Hosein",
              "bowler": "DW Steyn",
              "non_striker": "Ahmed Shehzad",
              "runs": {
                "batter": 2,
                "extras": 0,
                "total": 2
              }
            },
            {
              "batter": "AJ Hosein",
              "bowler": "DW Steyn",
              "non_striker": "Ahmed Shehzad",
              "runs": {
                "batter": 1,
                "extras": 0,
                "total": 1
              }
            },
            {
              "batter": "Ahmed Shehzad",
              "bowler": "DW Steyn",
              "non_striker": "AJ Hosein",
              "runs": {
                "batter": 1,
                "extras": 0,
                "total": 1
              }
            },
            {
              "batter": "AJ Hosein",
              "bowler": "DW Steyn",
              "non_striker": "Ahmed Shehzad",
              "runs": {
                "batter": 0,
                "extras": 0,
                "total": 0
              }
            }
          ]
        },
        {
          "over": 4,
          "deliveries": [
            {
              "batter": "Ahmed Shehzad",
              "bowler": "AD Russell",
              "non_striker": "AJ Hosein",
              "runs": {
                "batter": 4,
                "extras": 0,
                "total": 4
              }
            },
            {
              "batter": "Ahmed Shehzad",
              "bowler": "AD Russell",
              "non_striker": "AJ Hosein",
              "runs": {
                "batter": 0,
                "extras": 0,
                "total": 0
              }
            },
            {
              "batter": "Ahmed Shehzad",
              "bowler": "AD Russell",
              "non_striker": "AJ Hosein",
              "runs": {
                "batter": 0,
                "extras": 0,
                "total": 0
              }
            },
            {
              "batter": "Ahmed Shehzad",
              "bowler": "AD Russell",
              "extras": {
                "wides": 5
              },
              "non_striker": "AJ Hosein",
              "runs": {
                "batter": 0,
                "extras": 5,
                "total": 5
              }
            },
            {
              "batter": "Ahmed Shehzad",
              "bowler": "AD Russell",
              "non_striker": "AJ Hosein",
              "runs": {
                "batter": 0,
                "extras": 0,
                "total": 0
              },
              "wickets": [
                {
                  "player_out": "Ahmed Shehzad",
                  "fielders": [
                    {
                      "name": "KC Sangakkara"
                    }
                  ],
                  "kind": "caught"
                }
              ]
            },
            {
              "batter": "Shoaib Malik",
              "bowler": "AD Russell",
              "extras": {
                "legbyes": 1
              },
              "non_striker": "AJ Hosein",
              "runs": {
                "batter": 0,
                "extras": 1,
                "total": 1
              }
            },
            {
              "batter": "AJ Hosein",
              "bowler": "AD Russell",
              "non_striker": "Shoaib Malik",
              "runs": {
                "batter": 2,
                "extras": 0,
                "total": 2
              }
            }
          ]
        },
        {
          "over": 5,
          "deliveries": [
            {
              "batter": "Shoaib Malik",
              "bowler": "TP Allen",
              "non_striker": "AJ Hosein",
              "runs": {
                "batter": 1,
                "extras": 0,
                "total": 1
              }
            },
            {
              "batter": "AJ Hosein",
              "bowler": "TP Allen",
              "non_striker": "Shoaib Malik",
              "runs": {
                "batter": 1,
                "extras": 0,
                "total": 1
              }
            },
            {
              "batter": "Shoaib Malik",
              "bowler": "TP Allen",
              "non_striker": "AJ Hosein",
              "runs": {
                "batter": 1,
                "extras": 0,
                "total": 1
              }
            },
            {
              "batter": "AJ Hosein",
              "bowler": "TP Allen",
              "non_striker": "Shoaib Malik",
              "runs": {
                "batter": 0,
                "extras": 0,
                "total": 0
              }
            },
            {
              "batter": "AJ Hosein",
              "bowler": "TP Allen",
              "non_striker": "Shoaib Malik",
              "runs": {
                "batter": 2,
                "extras": 0,
                "total": 2
              }
            },
            {
              "batter": "AJ Hosein",
              "bowler": "TP Allen",
              "non_striker": "Shoaib Malik",
              "runs": {
                "batter": 0,
                "extras": 0,
                "total": 0
              },
              "wickets": [
                {
                  "player_out": "AJ Hosein",
                  "fielders": [
                    {
                      "name": "DW Steyn"
                    }
                  ],
                  "kind": "caught"
                }
              ]
            }
          ]
        },
        {
          "over": 6,
          "deliveries": [
            {
              "batter": "Shoaib Malik",
              "bowler": "R Powell",
              "non_striker": "N Pooran",
              "runs": {
                "batter": 0,
                "extras": 0,
                "total": 0
              }
            },
            {
              "batter": "Shoaib Malik",
              "bowler": "R Powell",
              "non_striker": "N Pooran",
              "runs": {
                "batter": 1,
                "extras": 0,
                "total": 1
              }
            },
            {
              "batter": "N Pooran",
              "bowler": "R Powell",
              "non_striker": "Shoaib Malik",
              "runs": {
                "batter": 1,
                "extras": 0,
                "total": 1
              }
            },
            {
              "batter": "Shoaib Malik",
              "bowler": "R Powell",
              "non_striker": "N Pooran",
              "runs": {
                "batter": 1,
                "extras": 0,
                "total": 1
              }
            },
            {
              "batter": "N Pooran",
              "bowler": "R Powell",
              "non_striker": "Shoaib Malik",
              "runs": {
                "batter": 1,
                "extras": 0,
                "total": 1
              }
            },
            {
              "batter": "Shoaib Malik",
              "bowler": "R Powell",
              "non_striker": "N Pooran",
              "runs": {
                "batter": 1,
                "extras": 0,
                "total": 1
              }
            }
          ]
        },
        {
          "over": 7,
          "deliveries": [
            {
              "batter": "Shoaib Malik",
              "bowler": "TP Allen",
              "non_striker": "N Pooran",
              "runs": {
                "batter": 1,
                "extras": 0,
                "total": 1
              }
            },
            {
              "batter": "N Pooran",
              "bowler": "TP Allen",
              "non_striker": "Shoaib Malik",
              "runs": {
                "batter": 1,
                "extras": 0,
                "total": 1
              }
            },
            {
              "batter": "Shoaib Malik",
              "bowler": "TP Allen",
              "non_striker": "N Pooran",
              "runs": {
                "batter": 0,
                "extras": 0,
                "total": 0
              }
            },
            {
              "batter": "Shoaib Malik",
              "bowler": "TP Allen",
              "non_striker": "N Pooran",
              "runs": {
                "batter": 4,
                "extras": 0,
                "total": 4
              }
            },
            {
              "batter": "Shoaib Malik",
              "bowler": "TP Allen",
              "non_striker": "N Pooran",
              "runs": {
                "batter": 0,
                "extras": 0,
                "total": 0
              },
              "wickets": [
                {
                  "player_out": "Shoaib Malik",
                  "fielders": [
                    {
                      "name": "R Powell"
                    }
                  ],
                  "kind": "caught"
                }
              ]
            },
            {
              "batter": "N Pooran",
              "bowler": "TP Allen",
              "non_striker": "KA Pollard",
              "runs": {
                "batter": 0,
                "extras": 0,
                "total": 0
              }
            }
          ]
        },
        {
          "over": 8,
          "deliveries": [
            {
              "batter": "KA Pollard",
              "bowler": "R Powell",
              "non_striker": "N Pooran",
              "runs": {
                "batter": 0,
                "extras": 0,
                "total": 0
              }
            },
            {
              "batter": "KA Pollard",
              "bowler": "R Powell",
              "non_striker": "N Pooran",
              "runs": {
                "batter": 0,
                "extras": 0,
                "total": 0
              }
            },
            {
              "batter": "KA Pollard",
              "bowler": "R Powell",
              "non_striker": "N Pooran",
              "runs": {
                "batter": 1,
                "extras": 0,
                "total": 1
              }
            },
            {
              "batter": "N Pooran",
              "bowler": "R Powell",
              "non_striker": "KA Pollard",
              "runs": {
                "batter": 1,
                "extras": 0,
                "total": 1
              }
            },
            {
              "batter": "KA Pollard",
              "bowler": "R Powell",
              "non_striker": "N Pooran",
              "runs": {
                "batter": 1,
                "extras": 0,
                "total": 1
              }
            },
            {
              "batter": "N Pooran",
              "bowler": "R Powell",
              "non_striker": "KA Pollard",
              "runs": {
                "batter": 1,
                "extras": 0,
                "total": 1
              }
            }
          ]
        },
        {
          "over": 9,
          "deliveries": [
            {
              "batter": "N Pooran",
              "bowler": "TP Allen",
              "non_striker": "KA Pollard",
              "runs": {
                "batter": 6,
                "extras": 0,
                "total": 6
              }
            },
            {
              "batter": "N Pooran",
              "bowler": "TP Allen",
              "non_striker": "KA Pollard",
              "runs": {
                "batter": 0,
                "extras": 0,
                "total": 0
              }
            },
            {
              "batter": "N Pooran",
              "bowler": "TP Allen",
              "non_striker": "KA Pollard",
              "runs": {
                "batter": 0,
                "extras": 0,
                "total": 0
              }
            },
            {
              "batter": "N Pooran",
              "bowler": "TP Allen",
              "non_striker": "KA Pollard",
              "runs": {
                "batter": 6,
                "extras": 0,
                "total": 6
              }
            },
            {
              "batter": "N Pooran",
              "bowler": "TP Allen",
              "extras": {
                "legbyes": 1
              },
              "non_striker": "KA Pollard",
              "runs": {
                "batter": 0,
                "extras": 1,
                "total": 1
              }
            },
            {
              "batter": "KA Pollard",
              "bowler": "TP Allen",
              "non_striker": "N Pooran",
              "runs": {
                "batter": 4,
                "extras": 0,
                "total": 4
              }
            }
          ]
        },
        {
          "over": 10,
          "deliveries": [
            {
              "batter": "N Pooran",
              "bowler": "KOK Williams",
              "non_striker": "KA Pollard",
              "runs": {
                "batter": 0,
                "extras": 0,
                "total": 0
              }
            },
            {
              "batter": "N Pooran",
              "bowler": "KOK Williams",
              "non_striker": "KA Pollard",
              "runs": {
                "batter": 1,
                "extras": 0,
                "total": 1
              }
            },
            {
              "batter": "KA Pollard",
              "bowler": "KOK Williams",
              "non_striker": "N Pooran",
              "runs": {
                "batter": 1,
                "extras": 0,
                "total": 1
              }
            },
            {
              "batter": "N Pooran",
              "bowler": "KOK Williams",
              "extras": {
                "wides": 1
              },
              "non_striker": "KA Pollard",
              "runs": {
                "batter": 0,
                "extras": 1,
                "total": 1
              }
            },
            {
              "batter": "N Pooran",
              "bowler": "KOK Williams",
              "non_striker": "KA Pollard",
              "runs": {
                "batter": 1,
                "extras": 0,
                "total": 1
              }
            },
            {
              "batter": "KA Pollard",
              "bowler": "KOK Williams",
              "non_striker": "N Pooran",
              "runs": {
                "batter": 2,
                "extras": 0,
                "total": 2
              }
            },
            {
              "batter": "KA Pollard",
              "bowler": "KOK Williams",
              "non_striker": "N Pooran",
              "runs": {
                "batter": 1,
                "extras": 0,
                "total": 1
              }
            }
          ]
        },
        {
          "over": 11,
          "deliveries": [
            {
              "batter": "KA Pollard",
              "bowler": "DW Steyn",
              "non_striker": "N Pooran",
              "runs": {
                "batter": 6,
                "extras": 0,
                "total": 6
              }
            },
            {
              "batter": "KA Pollard",
              "bowler": "DW Steyn",
              "non_striker": "N Pooran",
              "runs": {
                "batter": 0,
                "extras": 0,
                "total": 0
              }
            },
            {
              "batter": "KA Pollard",
              "bowler": "DW Steyn",
              "non_striker": "N Pooran",
              "runs": {
                "batter": 0,
                "extras": 0,
                "total": 0
              },
              "wickets": [
                {
                  "player_out": "KA Pollard",
                  "fielders": [
                    {
                      "name": "CAK Walton"
                    }
                  ],
                  "kind": "caught"
                }
              ]
            },
            {
              "batter": "N Pooran",
              "bowler": "DW Steyn",
              "non_striker": "D Wiese",
              "runs": {
                "batter": 1,
                "extras": 0,
                "total": 1
              }
            },
            {
              "batter": "D Wiese",
              "bowler": "DW Steyn",
              "non_striker": "N Pooran",
              "runs": {
                "batter": 0,
                "extras": 0,
                "total": 0
              },
              "wickets": [
                {
                  "player_out": "D Wiese",
                  "fielders": [
                    {
                      "name": "CH Gayle"
                    }
                  ],
                  "kind": "caught"
                }
              ]
            },
            {
              "batter": "AR Nurse",
              "bowler": "DW Steyn",
              "non_striker": "N Pooran",
              "runs": {
                "batter": 0,
                "extras": 0,
                "total": 0
              }
            }
          ]
        },
        {
          "over": 12,
          "deliveries": [
            {
              "batter": "N Pooran",
              "bowler": "R Powell",
              "non_striker": "AR Nurse",
              "runs": {
                "batter": 1,
                "extras": 0,
                "total": 1
              }
            },
            {
              "batter": "AR Nurse",
              "bowler": "R Powell",
              "extras": {
                "legbyes": 1
              },
              "non_striker": "N Pooran",
              "runs": {
                "batter": 0,
                "extras": 1,
                "total": 1
              }
            },
            {
              "batter": "N Pooran",
              "bowler": "R Powell",
              "non_striker": "AR Nurse",
              "runs": {
                "batter": 1,
                "extras": 0,
                "total": 1
              }
            },
            {
              "batter": "AR Nurse",
              "bowler": "R Powell",
              "non_striker": "N Pooran",
              "runs": {
                "batter": 0,
                "extras": 0,
                "total": 0
              }
            },
            {
              "batter": "AR Nurse",
              "bowler": "R Powell",
              "extras": {
                "noballs": 1
              },
              "non_striker": "N Pooran",
              "runs": {
                "batter": 4,
                "extras": 1,
                "total": 5
              }
            },
            {
              "batter": "AR Nurse",
              "bowler": "R Powell",
              "non_striker": "N Pooran",
              "runs": {
                "batter": 1,
                "extras": 0,
                "total": 1
              }
            },
            {
              "batter": "N Pooran",
              "bowler": "R Powell",
              "non_striker": "AR Nurse",
              "runs": {
                "batter": 6,
                "extras": 0,
                "total": 6
              }
            }
          ]
        },
        {
          "over": 13,
          "deliveries": [
            {
              "batter": "AR Nurse",
              "bowler": "AD Russell",
              "non_striker": "N Pooran",
              "runs": {
                "batter": 0,
                "extras": 0,
                "total": 0
              }
            },
            {
              "batter": "AR Nurse",
              "bowler": "AD Russell",
              "non_striker": "N Pooran",
              "runs": {
                "batter": 1,
                "extras": 0,
                "total": 1
              }
            },
            {
              "batter": "N Pooran",
              "bowler": "AD Russell",
              "non_striker": "AR Nurse",
              "runs": {
                "batter": 4,
                "extras": 0,
                "total": 4
              }
            },
            {
              "batter": "N Pooran",
              "bowler": "AD Russell",
              "non_striker": "AR Nurse",
              "runs": {
                "batter": 6,
                "extras": 0,
                "total": 6
              }
            },
            {
              "batter": "N Pooran",
              "bowler": "AD Russell",
              "non_striker": "AR Nurse",
              "runs": {
                "batter": 6,
                "extras": 0,
                "total": 6
              }
            },
            {
              "batter": "N Pooran",
              "bowler": "AD Russell",
              "extras": {
                "legbyes": 1
              },
              "non_striker": "AR Nurse",
              "runs": {
                "batter": 0,
                "extras": 1,
                "total": 1
              }
            }
          ]
        },
        {
          "over": 14,
          "deliveries": [
            {
              "batter": "N Pooran",
              "bowler": "KOK Williams",
              "non_striker": "AR Nurse",
              "runs": {
                "batter": 6,
                "extras": 0,
                "total": 6
              }
            },
            {
              "batter": "N Pooran",
              "bowler": "KOK Williams",
              "non_striker": "AR Nurse",
              "runs": {
                "batter": 1,
                "extras": 0,
                "total": 1
              }
            },
            {
              "batter": "AR Nurse",
              "bowler": "KOK Williams",
              "extras": {
                "byes": 1
              },
              "non_striker": "N Pooran",
              "runs": {
                "batter": 0,
                "extras": 1,
                "total": 1
              }
            },
            {
              "batter": "N Pooran",
              "bowler": "KOK Williams",
              "non_striker": "AR Nurse",
              "runs": {
                "batter": 0,
                "extras": 0,
                "total": 0
              },
              "wickets": [
                {
                  "player_out": "N Pooran",
                  "kind": "run out"
                }
              ]
            },
            {
              "batter": "AR Nurse",
              "bowler": "KOK Williams",
              "non_striker": "RA Reifer",
              "runs": {
                "batter": 4,
                "extras": 0,
                "total": 4
              }
            },
            {
              "batter": "AR Nurse",
              "bowler": "KOK Williams",
              "non_striker": "RA Reifer",
              "runs": {
                "batter": 0,
                "extras": 0,
                "total": 0
              },
              "wickets": [
                {
                  "player_out": "AR Nurse",
                  "fielders": [
                    {
                      "name": "KC Sangakkara"
                    }
                  ],
                  "kind": "caught"
                }
              ]
            }
          ]
        },
        {
          "over": 15,
          "deliveries": [
            {
              "batter": "RA Reifer",
              "bowler": "DW Steyn",
              "non_striker": "ND Stewart",
              "runs": {
                "batter": 4,
                "extras": 0,
                "total": 4
              }
            },
            {
              "batter": "RA Reifer",
              "bowler": "DW Steyn",
              "non_striker": "ND Stewart",
              "runs": {
                "batter": 0,
                "extras": 0,
                "total": 0
              }
            },
            {
              "batter": "RA Reifer",
              "bowler": "DW Steyn",
              "non_striker": "ND Stewart",
              "runs": {
                "batter": 1,
                "extras": 0,
                "total": 1
              }
            },
            {
              "batter": "ND Stewart",
              "bowler": "DW Steyn",
              "non_striker": "RA Reifer",
              "runs": {
                "batter": 0,
                "extras": 0,
                "total": 0
              },
              "wickets": [
                {
                  "player_out": "ND Stewart",
                  "fielders": [
                    {
                      "name": "KC Sangakkara"
                    }
                  ],
                  "kind": "caught"
                }
              ]
            },
            {
              "batter": "R Rampaul",
              "bowler": "DW Steyn",
              "non_striker": "RA Reifer",
              "runs": {
                "batter": 0,
                "extras": 0,
                "total": 0
              }
            },
            {
              "batter": "R Rampaul",
              "bowler": "DW Steyn",
              "non_striker": "RA Reifer",
              "runs": {
                "batter": 0,
                "extras": 0,
                "total": 0
              }
            }
          ]
        },
        {
          "over": 16,
          "deliveries": [
            {
              "batter": "RA Reifer",
              "bowler": "KOK Williams",
              "non_striker": "R Rampaul",
              "runs": {
                "batter": 1,
                "extras": 0,
                "total": 1
              }
            },
            {
              "batter": "R Rampaul",
              "bowler": "KOK Williams",
              "non_striker": "RA Reifer",
              "runs": {
                "batter": 1,
                "extras": 0,
                "total": 1
              }
            },
            {
              "batter": "RA Reifer",
              "bowler": "KOK Williams",
              "non_striker": "R Rampaul",
              "runs": {
                "batter": 1,
                "extras": 0,
                "total": 1
              }
            },
            {
              "batter": "R Rampaul",
              "bowler": "KOK Williams",
              "non_striker": "RA Reifer",
              "runs": {
                "batter": 1,
                "extras": 0,
                "total": 1
              }
            },
            {
              "batter": "RA Reifer",
              "bowler": "KOK Williams",
              "non_striker": "R Rampaul",
              "runs": {
                "batter": 1,
                "extras": 0,
                "total": 1
              }
            },
            {
              "batter": "R Rampaul",
              "bowler": "KOK Williams",
              "non_striker": "RA Reifer",
              "runs": {
                "batter": 6,
                "extras": 0,
                "total": 6
              }
            }
          ]
        },
        {
          "over": 17,
          "deliveries": [
            {
              "batter": "RA Reifer",
              "bowler": "CH Gayle",
              "non_striker": "R Rampaul",
              "runs": {
                "batter": 1,
                "extras": 0,
                "total": 1
              }
            },
            {
              "batter": "R Rampaul",
              "bowler": "CH Gayle",
              "non_striker": "RA Reifer",
              "runs": {
                "batter": 0,
                "extras": 0,
                "total": 0
              }
            },
            {
              "batter": "R Rampaul",
              "bowler": "CH Gayle",
              "extras": {
                "wides": 1
              },
              "non_striker": "RA Reifer",
              "runs": {
                "batter": 0,
                "extras": 1,
                "total": 1
              }
            },
            {
              "batter": "R Rampaul",
              "bowler": "CH Gayle",
              "non_striker": "RA Reifer",
              "runs": {
                "batter": 6,
                "extras": 0,
                "total": 6
              }
            },
            {
              "batter": "R Rampaul",
              "bowler": "CH Gayle",
              "non_striker": "RA Reifer",
              "runs": {
                "batter": 0,
                "extras": 0,
                "total": 0
              },
              "wickets": [
                {
                  "player_out": "R Rampaul",
                  "fielders": [
                    {
                      "name": "Shakib Al Hasan"
                    }
                  ],
                  "kind": "caught"
                }
              ]
            }
          ]
        }
      ],
      "powerplays": [
        {
          "from": 0.1,
          "to": 4.7,
          "type": "mandatory"
        }
      ],
      "target": {
        "overs": 18,
        "runs": 196
      }
    }
  ]
}