{
  "meta": {
    "data_version": "1.0.0",
    "created": "2016-10-03",
    "revision": 3
  },
  "info": {
    "balls_per_over": 6,
    "city": "Nairobi",
    "dates": [
      "2016-09-28"
    ],
    "event": {
      "match_number": 5,
      "name": "Kenya T20 Quadrangular Series"
    },
    "gender": "male",
    "match_type": "IT20",
    "missing": [
      "player_of_match"
    ],
    "officials": {
      "umpires": [
        "PM Musoke",
        "IO Oyieko"
      ]
    },
    "outcome": {
      "by": {
        "wickets": 7
      },
      "winner": "Kenya"
    },
    "overs": 20,
    "players": {
      "Kenya": [
        "IA Karim",
        "AA Obanda",
        "DM Gondaria",
        "RR Patel",
        "CO Obuya",
        "RN Patel",
        "Gurdeep Singh",
        "SO Ngoche",
        "NN Odhiambo",
        "E Otieno",
        "E Ochieng"
      ],
      "Uganda": [
        "HB Kayondo",
        "AS Kyobe",
        "Z Arinaitwe",
        "A Otwani",
        "J Sebanja",
        "B Masaba",
        "D Muhumuza",
        "F Nsubuga",
        "H Ssenyondo",
        "Mohammed Irfan",
        "E Isaneez"
      ]
    },
    "registry": {
      "people": {
        "A Otwani": "6727fb4d",
        "AA Obanda": "7081491e",
        "AS Kyobe": "fcfffcd5",
        "B Masaba": "f33cfd25",
        "CO Obuya": "5680f1ad",
        "D Muhumuza": "7636b587",
        "DM Gondaria": "9048c17e",
        "E Isaneez": "ab591e7d",
        "E Ochieng": "b64e3749",
        "E Otieno": "c57fa67e",
        "F Nsubuga": "87e33d07",
        "Gurdeep Singh": "31865a5b",
        "H Ssenyondo": "2b7609f1",
        "HB Kayondo": "d26858c0",
        "IA Karim": "ca92a578",
        "IO Oyieko": "de4828fa",
        "J Sebanja": "1e78c51c",
        "Mohammed Irfan": "dc67d315",
        "NN Odhiambo": "753b5a2d",
        "PM Musoke": "dbe27ac1",
        "RN Patel": "db1bf9c2",
        "RR Patel": "7fa6bd8e",
        "SO Ngoche": "49118dc7",
        "Z Arinaitwe": "88ee683b"
      }
    },
    "season": 2016,
    "team_type": "international",
    "teams": [
      "Kenya",
      "Uganda"
    ],
    "toss": {
      "decision": "field",
      "winner": "Kenya"
    },
    "venue": "Gymkhana Club Ground"
  },
  "innings": [
    {
      "team": "Uganda",
      "overs": [
        {
          "over": 0,
          "deliveries": [
            {
              "batter": "HB Kayondo",
              "bowler": "NN Odhiambo",
              "non_striker": "AS Kyobe",
              "runs": {
                "batter": 0,
                "extras": 0,
                "total": 0
              }
            },
            {
              "batter": "HB Kayondo",
              "bowler": "NN Odhiambo",
              "non_striker": "AS Kyobe",
              "runs": {
                "batter": 4,
                "extras": 0,
                "total": 4
              }
            },
            {
              "batter": "HB Kayondo",
              "bowler": "NN Odhiambo",
              "non_striker": "AS Kyobe",
              "runs": {
                "batter": 4,
                "extras": 0,
                "total": 4
              }
            },
            {
              "batter": "HB Kayondo",
              "bowler": "NN Odhiambo",
              "non_striker": "AS Kyobe",
              "runs": {
                "batter": 1,
                "extras": 0,
                "total": 1
              }
            },
            {
              "batter": "AS Kyobe",
              "bowler": "NN Odhiambo",
              "non_striker": "HB Kayondo",
              "runs": {
                "batter": 1,
                "extras": 0,
                "total": 1
              }
            },
            {
              "batter": "HB Kayondo",
              "bowler": "NN Odhiambo",
              "non_striker": "AS Kyobe",
              "runs": {
                "batter": 0,
                "extras": 0,
                "total": 0
              }
            }
          ]
        },
        {
          "over": 1,
          "deliveries": [
            {
              "batter": "AS Kyobe",
              "bowler": "E Otieno",
              "non_striker": "HB Kayondo",
              "runs": {
                "batter": 0,
                "extras": 0,
                "total": 0
              }
            },
            {
              "batter": "AS Kyobe",
              "bowler": "E Otieno",
              "non_striker": "HB Kayondo",
              "runs": {
                "batter": 1,
                "extras": 0,
                "total": 1
              }
            },
            {
              "batter": "HB Kayondo",
              "bowler": "E Otieno",
              "non_striker": "AS Kyobe",
              "runs": {
                "batter": 0,
                "extras": 0,
                "total": 0
              }
            },
            {
              "batter": "HB Kayondo",
              "bowler": "E Otieno",
              "non_striker": "AS Kyobe",
              "runs": {
                "batter": 2,
                "extras": 0,
                "total": 2
              },
              "wickets": [
                {
                  "kind": "run out",
                  "player_out": "HB Kayondo",
                  "fielders": [
                    {
                      "name": "DM Gondaria"
                    }
                  ]
                }
              ]
            },
            {
              "batter": "Z Arinaitwe",
              "bowler": "E Otieno",
              "non_striker": "AS Kyobe",
              "runs": {
                "batter": 0,
                "extras": 0,
                "total": 0
              },
              "wickets": [
                {
                  "kind": "caught",
                  "player_out": "Z Arinaitwe",
                  "fielders": [
                    {
                      "name": "SO Ngoche"
                    }
                  ]
                }
              ]
            },
            {
              "batter": "A Otwani",
              "bowler": "E Otieno",
              "non_striker": "AS Kyobe",
              "runs": {
                "batter": 0,
                "extras": 0,
                "total": 0
              }
            }
          ]
        },
        {
          "over": 2,
          "deliveries": [
            {
              "batter": "AS Kyobe",
              "bowler": "NN Odhiambo",
              "non_striker": "A Otwani",
              "runs": {
                "batter": 0,
                "extras": 0,
                "total": 0
              }
            },
            {
              "batter": "AS Kyobe",
              "bowler": "NN Odhiambo",
              "non_striker": "A Otwani",
              "runs": {
                "batter": 0,
                "extras": 0,
                "total": 0
              }
            },
            {
              "batter": "AS Kyobe",
              "bowler": "NN Odhiambo",
              "non_striker": "A Otwani",
              "runs": {
                "batter": 0,
                "extras": 0,
                "total": 0
              }
            },
            {
              "batter": "AS Kyobe",
              "bowler": "NN Odhiambo",
              "non_striker": "A Otwani",
              "runs": {
                "batter": 0,
                "extras": 0,
                "total": 0
              }
            },
            {
              "batter": "AS Kyobe",
              "bowler": "NN Odhiambo",
              "non_striker": "A Otwani",
              "runs": {
                "batter": 0,
                "extras": 0,
                "total": 0
              }
            },
            {
              "batter": "AS Kyobe",
              "bowler": "NN Odhiambo",
              "non_striker": "A Otwani",
              "runs": {
                "batter": 4,
                "extras": 0,
                "total": 4
              }
            }
          ]
        },
        {
          "over": 3,
          "deliveries": [
            {
              "batter": "A Otwani",
              "bowler": "E Otieno",
              "non_striker": "AS Kyobe",
              "runs": {
                "batter": 0,
                "extras": 0,
                "total": 0
              }
            },
            {
              "batter": "A Otwani",
              "bowler": "E Otieno",
              "non_striker": "AS Kyobe",
              "runs": {
                "batter": 0,
                "extras": 0,
                "total": 0
              },
              "wickets": [
                {
                  "kind": "bowled",
                  "player_out": "A Otwani"
                }
              ]
            },
            {
              "batter": "J Sebanja",
              "bowler": "E Otieno",
              "non_striker": "AS Kyobe",
              "runs": {
                "batter": 0,
                "extras": 0,
                "total": 0
              }
            },
            {
              "batter": "J Sebanja",
              "bowler": "E Otieno",
              "non_striker": "AS Kyobe",
              "runs": {
                "batter": 0,
                "extras": 0,
                "total": 0
              }
            },
            {
              "batter": "J Sebanja",
              "bowler": "E Otieno",
              "extras": {
                "legbyes": 2
              },
              "non_striker": "AS Kyobe",
              "runs": {
                "batter": 0,
                "extras": 2,
                "total": 2
              }
            },
            {
              "batter": "J Sebanja",
              "bowler": "E Otieno",
              "non_striker": "AS Kyobe",
              "runs": {
                "batter": 0,
                "extras": 0,
                "total": 0
              }
            }
          ]
        },
        {
          "over": 4,
          "deliveries": [
            {
              "batter": "AS Kyobe",
              "bowler": "E Ochieng",
              "non_striker": "J Sebanja",
              "runs": {
                "batter": 0,
                "extras": 0,
                "total": 0
              }
            },
            {
              "batter": "AS Kyobe",
              "bowler": "E Ochieng",
              "non_striker": "J Sebanja",
              "runs": {
                "batter": 0,
                "extras": 0,
                "total": 0
              }
            },
            {
              "batter": "AS Kyobe",
              "bowler": "E Ochieng",
              "non_striker": "J Sebanja",
              "runs": {
                "batter": 0,
                "extras": 0,
                "total": 0
              }
            },
            {
              "batter": "AS Kyobe",
              "bowler": "E Ochieng",
              "non_striker": "J Sebanja",
              "runs": {
                "batter": 0,
                "extras": 0,
                "total": 0
              }
            },
            {
              "batter": "AS Kyobe",
              "bowler": "E Ochieng",
              "non_striker": "J Sebanja",
              "runs": {
                "batter": 0,
                "extras": 0,
                "total": 0
              }
            },
            {
              "batter": "AS Kyobe",
              "bowler": "E Ochieng",
              "non_striker": "J Sebanja",
              "runs": {
                "batter": 0,
                "extras": 0,
                "total": 0
              }
            }
          ]
        },
        {
          "over": 5,
          "deliveries": [
            {
              "batter": "J Sebanja",
              "bowler": "DM Gondaria",
              "non_striker": "AS Kyobe",
              "runs": {
                "batter": 0,
                "extras": 0,
                "total": 0
              }
            },
            {
              "batter": "J Sebanja",
              "bowler": "DM Gondaria",
              "non_striker": "AS Kyobe",
              "runs": {
                "batter": 1,
                "extras": 0,
                "total": 1
              }
            },
            {
              "batter": "AS Kyobe",
              "bowler": "DM Gondaria",
              "non_striker": "J Sebanja",
              "runs": {
                "batter": 6,
                "extras": 0,
                "total": 6
              }
            },
            {
              "batter": "AS Kyobe",
              "bowler": "DM Gondaria",
              "non_striker": "J Sebanja",
              "runs": {
                "batter": 6,
                "extras": 0,
                "total": 6
              }
            },
            {
              "batter": "AS Kyobe",
              "bowler": "DM Gondaria",
              "non_striker": "J Sebanja",
              "runs": {
                "batter": 1,
                "extras": 0,
                "total": 1
              }
            },
            {
              "batter": "J Sebanja",
              "bowler": "DM Gondaria",
              "non_striker": "AS Kyobe",
              "runs": {
                "batter": 0,
                "extras": 0,
                "total": 0
              }
            }
          ]
        },
        {
          "over": 6,
          "deliveries": [
            {
              "batter": "AS Kyobe",
              "bowler": "E Ochieng",
              "non_striker": "J Sebanja",
              "runs": {
                "batter": 2,
                "extras": 0,
                "total": 2
              }
            },
            {
              "batter": "AS Kyobe",
              "bowler": "E Ochieng",
              "non_striker": "J Sebanja",
              "runs": {
                "batter": 0,
                "extras": 0,
                "total": 0
              }
            },
            {
              "batter": "AS Kyobe",
              "bowler": "E Ochieng",
              "extras": {
                "wides": 5
              },
              "non_striker": "J Sebanja",
              "runs": {
                "batter": 0,
                "extras": 5,
                "total": 5
              }
            },
            {
              "batter": "AS Kyobe",
              "bowler": "E Ochieng",
              "non_striker": "J Sebanja",
              "runs": {
                "batter": 0,
                "extras": 0,
                "total": 0
              }
            },
            {
              "batter": "AS Kyobe",
              "bowler": "E Ochieng",
              "non_striker": "J Sebanja",
              "runs": {
                "batter": 0,
                "extras": 0,
                "total": 0
              }
            },
            {
              "batter": "AS Kyobe",
              "bowler": "E Ochieng",
              "non_striker": "J Sebanja",
              "runs": {
                "batter": 4,
                "extras": 0,
                "total": 4
              }
            },
            {
              "batter": "AS Kyobe",
              "bowler": "E Ochieng",
              "non_striker": "J Sebanja",
              "runs": {
                "batter": 0,
                "extras": 0,
                "total": 0
              },
              "wickets": [
                {
                  "kind": "caught",
                  "player_out": "AS Kyobe",
                  "fielders": [
                    {
                      "name": "IA Karim"
                    }
                  ]
                }
              ]
            }
          ]
        },
        {
          "over": 7,
          "deliveries": [
            {
              "batter": "J Sebanja",
              "bowler": "SO Ngoche",
              "non_striker": "B Masaba",
              "runs": {
                "batter": 1,
                "extras": 0,
                "total": 1
              }
            },
            {
              "batter": "B Masaba",
              "bowler": "SO Ngoche",
              "non_striker": "J Sebanja",
              "runs": {
                "batter": 0,
                "extras": 0,
                "total": 0
              }
            },
            {
              "batter": "B Masaba",
              "bowler": "SO Ngoche",
              "non_striker": "J Sebanja",
              "runs": {
                "batter": 1,
                "extras": 0,
                "total": 1
              }
            },
            {
              "batter": "J Sebanja",
              "bowler": "SO Ngoche",
              "non_striker": "B Masaba",
              "runs": {
                "batter": 1,
                "extras": 0,
                "total": 1
              }
            },
            {
              "batter": "B Masaba",
              "bowler": "SO Ngoche",
              "non_striker": "J Sebanja",
              "runs": {
                "batter": 0,
                "extras": 0,
                "total": 0
              }
            },
            {
              "batter": "B Masaba",
              "bowler": "SO Ngoche",
              "non_striker": "J Sebanja",
              "runs": {
                "batter": 1,
                "extras": 0,
                "total": 1
              }
            }
          ]
        },
        {
          "over": 8,
          "deliveries": [
            {
              "batter": "B Masaba",
              "bowler": "DM Gondaria",
              "non_striker": "J Sebanja",
              "runs": {
                "batter": 0,
                "extras": 0,
                "total": 0
              }
            },
            {
              "batter": "B Masaba",
              "bowler": "DM Gondaria",
              "non_striker": "J Sebanja",
              "runs": {
                "batter": 0,
                "extras": 0,
                "total": 0
              }
            },
            {
              "batter": "B Masaba",
              "bowler": "DM Gondaria",
              "non_striker": "J Sebanja",
              "runs": {
                "batter": 1,
                "extras": 0,
                "total": 1
              }
            },
            {
              "batter": "J Sebanja",
              "bowler": "DM Gondaria",
              "non_striker": "B Masaba",
              "runs": {
                "batter": 0,
                "extras": 0,
                "total": 0
              }
            },
            {
              "batter": "J Sebanja",
              "bowler": "DM Gondaria",
              "non_striker": "B Masaba",
              "runs": {
                "batter": 1,
                "extras": 0,
                "total": 1
              }
            },
            {
              "batter": "B Masaba",
              "bowler": "DM Gondaria",
              "non_striker": "J Sebanja",
              "runs": {
                "batter": 2,
                "extras": 0,
                "total": 2
              }
            }
          ]
        },
        {
          "over": 9,
          "deliveries": [
            {
              "batter": "J Sebanja",
              "bowler": "SO Ngoche",
              "non_striker": "B Masaba",
              "runs": {
                "batter": 1,
                "extras": 0,
                "total": 1
              }
            },
            {
              "batter": "B Masaba",
              "bowler": "SO Ngoche",
              "non_striker": "J Sebanja",
              "runs": {
                "batter": 1,
                "extras": 0,
                "total": 1
              }
            },
            {
              "batter": "J Sebanja",
              "bowler": "SO Ngoche",
              "non_striker": "B Masaba",
              "runs": {
                "batter": 0,
                "extras": 0,
                "total": 0
              }
            },
            {
              "batter": "J Sebanja",
              "bowler": "SO Ngoche",
              "non_striker": "B Masaba",
              "runs": {
                "batter": 0,
                "extras": 0,
                "total": 0
              }
            },
            {
              "batter": "J Sebanja",
              "bowler": "SO Ngoche",
              "non_striker": "B Masaba",
              "runs": {
                "batter": 1,
                "extras": 0,
                "total": 1
              }
            },
            {
              "batter": "B Masaba",
              "bowler": "SO Ngoche",
              "non_striker": "J Sebanja",
              "runs": {
                "batter": 1,
                "extras": 0,
                "total": 1
              }
            }
          ]
        },
        {
          "over": 10,
          "deliveries": [
            {
              "batter": "B Masaba",
              "bowler": "DM Gondaria",
              "non_striker": "J Sebanja",
              "runs": {
                "batter": 0,
                "extras": 0,
                "total": 0
              }
            },
            {
              "batter": "B Masaba",
              "bowler": "DM Gondaria",
              "non_striker": "J Sebanja",
              "runs": {
                "batter": 0,
                "extras": 0,
                "total": 0
              }
            },
            {
              "batter": "B Masaba",
              "bowler": "DM Gondaria",
              "non_striker": "J Sebanja",
              "runs": {
                "batter": 4,
                "extras": 0,
                "total": 4
              }
            },
            {
              "batter": "B Masaba",
              "bowler": "DM Gondaria",
              "non_striker": "J Sebanja",
              "runs": {
                "batter": 0,
                "extras": 0,
                "total": 0
              }
            },
            {
              "batter": "B Masaba",
              "bowler": "DM Gondaria",
              "non_striker": "J Sebanja",
              "runs": {
                "batter": 1,
                "extras": 0,
                "total": 1
              }
            },
            {
              "batter": "J Sebanja",
              "bowler": "DM Gondaria",
              "non_striker": "B Masaba",
              "runs": {
                "batter": 1,
                "extras": 0,
                "total": 1
              }
            }
          ]
        },
        {
          "over": 11,
          "deliveries": [
            {
              "batter": "J Sebanja",
              "bowler": "RR Patel",
              "non_striker": "B Masaba",
              "runs": {
                "batter": 0,
                "extras": 0,
                "total": 0
              }
            },
            {
              "batter": "J Sebanja",
              "bowler": "RR Patel",
              "non_striker": "B Masaba",
              "runs": {
                "batter": 4,
                "extras": 0,
                "total": 4
              }
            },
            {
              "batter": "J Sebanja",
              "bowler": "RR Patel",
              "non_striker": "B Masaba",
              "runs": {
                "batter": 1,
                "extras": 0,
                "total": 1
              }
            },
            {
              "batter": "B Masaba",
              "bowler": "RR Patel",
              "non_striker": "J Sebanja",
              "runs": {
                "batter": 1,
                "extras": 0,
                "total": 1
              }
            },
            {
              "batter": "J Sebanja",
              "bowler": "RR Patel",
              "non_striker": "B Masaba",
              "runs": {
                "batter": 0,
                "extras": 0,
                "total": 0
              }
            },
            {
              "batter": "J Sebanja",
              "bowler": "RR Patel",
              "non_striker": "B Masaba",
              "runs": {
                "batter": 0,
                "extras": 0,
                "total": 0
              }
            }
          ]
        },
        {
          "over": 12,
          "deliveries": [
            {
              "batter": "B Masaba",
              "bowler": "DM Gondaria",
              "non_striker": "J Sebanja",
              "runs": {
                "batter": 2,
                "extras": 0,
                "total": 2
              }
            },
            {
              "batter": "B Masaba",
              "bowler": "DM Gondaria",
              "non_striker": "J Sebanja",
              "runs": {
                "batter": 1,
                "extras": 0,
                "total": 1
              }
            },
            {
              "batter": "J Sebanja",
              "bowler": "DM Gondaria",
              "non_striker": "B Masaba",
              "runs": {
                "batter": 1,
                "extras": 0,
                "total": 1
              }
            },
            {
              "batter": "B Masaba",
              "bowler": "DM Gondaria",
              "non_striker": "J Sebanja",
              "runs": {
                "batter": 1,
                "extras": 0,
                "total": 1
              }
            },
            {
              "batter": "J Sebanja",
              "bowler": "DM Gondaria",
              "non_striker": "B Masaba",
              "runs": {
                "batter": 1,
                "extras": 0,
                "total": 1
              }
            },
            {
              "batter": "B Masaba",
              "bowler": "DM Gondaria",
              "non_striker": "J Sebanja",
              "runs": {
                "batter": 2,
                "extras": 0,
                "total": 2
              }
            }
          ]
        },
        {
          "over": 13,
          "deliveries": [
            {
              "batter": "J Sebanja",
              "bowler": "SO Ngoche",
              "extras": {
                "wides": 1
              },
              "non_striker": "B Masaba",
              "runs": {
                "batter": 0,
                "extras": 1,
                "total": 1
              }
            },
            {
              "batter": "J Sebanja",
              "bowler": "SO Ngoche",
              "non_striker": "B Masaba",
              "runs": {
                "batter": 1,
                "extras": 0,
                "total": 1
              }
            },
            {
              "batter": "B Masaba",
              "bowler": "SO Ngoche",
              "non_striker": "J Sebanja",
              "runs": {
                "batter": 1,
                "extras": 0,
                "total": 1
              }
            },
            {
              "batter": "J Sebanja",
              "bowler": "SO Ngoche",
              "non_striker": "B Masaba",
              "runs": {
                "batter": 0,
                "extras": 0,
                "total": 0
              },
              "wickets": [
                {
                  "kind": "bowled",
                  "player_out": "J Sebanja"
                }
              ]
            },
            {
              "batter": "D Muhumuza",
              "bowler": "SO Ngoche",
              "non_striker": "B Masaba",
              "runs": {
                "batter": 0,
                "extras": 0,
                "total": 0
              }
            },
            {
              "batter": "D Muhumuza",
              "bowler": "SO Ngoche",
              "non_striker": "B Masaba",
              "runs": {
                "batter": 0,
                "extras": 0,
                "total": 0
              }
            },
            {
              "batter": "D Muhumuza",
              "bowler": "SO Ngoche",
              "non_striker": "B Masaba",
              "runs": {
                "batter": 0,
                "extras": 0,
                "total": 0
              }
            }
          ]
        },
        {
          "over": 14,
          "deliveries": [
            {
              "batter": "B Masaba",
              "bowler": "E Ochieng",
              "non_striker": "D Muhumuza",
              "runs": {
                "batter": 2,
                "extras": 0,
                "total": 2
              }
            },
            {
              "batter": "B Masaba",
              "bowler": "E Ochieng",
              "non_striker": "D Muhumuza",
              "runs": {
                "batter": 1,
                "extras": 0,
                "total": 1
              }
            },
            {
              "batter": "D Muhumuza",
              "bowler": "E Ochieng",
              "non_striker": "B Masaba",
              "runs": {
                "batter": 1,
                "extras": 0,
                "total": 1
              }
            },
            {
              "batter": "B Masaba",
              "bowler": "E Ochieng",
              "non_striker": "D Muhumuza",
              "runs": {
                "batter": 1,
                "extras": 0,
                "total": 1
              }
            },
            {
              "batter": "D Muhumuza",
              "bowler": "E Ochieng",
              "non_striker": "B Masaba",
              "runs": {
                "batter": 1,
                "extras": 0,
                "total": 1
              }
            },
            {
              "batter": "B Masaba",
              "bowler": "E Ochieng",
              "non_striker": "D Muhumuza",
              "runs": {
                "batter": 4,
                "extras": 0,
                "total": 4
              }
            }
          ]
        },
        {
          "over": 15,
          "deliveries": [
            {
              "batter": "D Muhumuza",
              "bowler": "SO Ngoche",
              "non_striker": "B Masaba",
              "runs": {
                "batter": 1,
                "extras": 0,
                "total": 1
              }
            },
            {
              "batter": "B Masaba",
              "bowler": "SO Ngoche",
              "non_striker": "D Muhumuza",
              "runs": {
                "batter": 0,
                "extras": 0,
                "total": 0
              }
            },
            {
              "batter": "B Masaba",
              "bowler": "SO Ngoche",
              "non_striker": "D Muhumuza",
              "runs": {
                "batter": 1,
                "extras": 0,
                "total": 1
              }
            },
            {
              "batter": "D Muhumuza",
              "bowler": "SO Ngoche",
              "non_striker": "B Masaba",
              "runs": {
                "batter": 0,
                "extras": 0,
                "total": 0
              }
            },
            {
              "batter": "D Muhumuza",
              "bowler": "SO Ngoche",
              "non_striker": "B Masaba",
              "runs": {
                "batter": 0,
                "extras": 0,
                "total": 0
              }
            },
            {
              "batter": "D Muhumuza",
              "bowler": "SO Ngoche",
              "non_striker": "B Masaba",
              "runs": {
                "batter": 0,
                "extras": 0,
                "total": 0
              }
            }
          ]
        },
        {
          "over": 16,
          "deliveries": [
            {
              "batter": "B Masaba",
              "bowler": "E Otieno",
              "non_striker": "D Muhumuza",
              "runs": {
                "batter": 4,
                "extras": 0,
                "total": 4
              }
            },
            {
              "batter": "B Masaba",
              "bowler": "E Otieno",
              "non_striker": "D Muhumuza",
              "runs": {
                "batter": 0,
                "extras": 0,
                "total": 0
              }
            },
            {
              "batter": "B Masaba",
              "bowler": "E Otieno",
              "non_striker": "D Muhumuza",
              "runs": {
                "batter": 1,
                "extras": 0,
                "total": 1
              }
            },
            {
              "batter": "D Muhumuza",
              "bowler": "E Otieno",
              "non_striker": "B Masaba",
              "runs": {
                "batter": 0,
                "extras": 0,
                "total": 0
              }
            },
            {
              "batter": "D Muhumuza",
              "bowler": "E Otieno",
              "non_striker": "B Masaba",
              "runs": {
                "batter": 1,
                "extras": 0,
                "total": 1
              }
            },
            {
              "batter": "B Masaba",
              "bowler": "E Otieno",
              "extras": {
                "wides": 1
              },
              "non_striker": "D Muhumuza",
              "runs": {
                "batter": 0,
                "extras": 1,
                "total": 1
              }
            },
            {
              "batter": "B Masaba",
              "bowler": "E Otieno",
              "non_striker": "D Muhumuza",
              "runs": {
                "batter": 1,
                "extras": 0,
                "total": 1
              }
            }
          ]
        },
        {
          "over": 17,
          "deliveries": [
            {
              "batter": "B Masaba",
              "bowler": "NN Odhiambo",
              "non_striker": "D Muhumuza",
              "runs": {
                "batter": 0,
                "extras": 0,
                "total": 0
              }
            },
            {
              "batter": "B Masaba",
              "bowler": "NN Odhiambo",
              "non_striker": "D Muhumuza",
              "runs": {
                "batter": 0,
                "extras": 0,
                "total": 0
              }
            },
            {
              "batter": "B Masaba",
              "bowler": "NN Odhiambo",
              "non_striker": "D Muhumuza",
              "runs": {
                "batter": 1,
                "extras": 0,
                "total": 1
              }
            },
            {
              "batter": "D Muhumuza",
              "bowler": "NN Odhiambo",
              "extras": {
                "wides": 1
              },
              "non_striker": "B Masaba",
              "runs": {
                "batter": 0,
                "extras": 1,
                "total": 1
              }
            },
            {
              "batter": "D Muhumuza",
              "bowler": "NN Odhiambo",
              "non_striker": "B Masaba",
              "runs": {
                "batter": 1,
                "extras": 0,
                "total": 1
              }
            },
            {
              "batter": "B Masaba",
              "bowler": "NN Odhiambo",
              "non_striker": "D Muhumuza",
              "runs": {
                "batter": 0,
                "extras": 0,
                "total": 0
              },
              "wickets": [
                {
                  "kind": "caught",
                  "player_out": "B Masaba",
                  "fielders": [
                    {
                      "name": "CO Obuya"
                    }
                  ]
                }
              ]
            },
            {
              "batter": "F Nsubuga",
              "bowler": "NN Odhiambo",
              "non_striker": "D Muhumuza",
              "runs": {
                "batter": 1,
                "extras": 0,
                "total": 1
              }
            }
          ]
        },
        {
          "over": 18,
          "deliveries": [
            {
              "batter": "F Nsubuga",
              "bowler": "E Otieno",
              "non_striker": "D Muhumuza",
              "runs": {
                "batter": 1,
                "extras": 0,
                "total": 1
              }
            },
            {
              "batter": "D Muhumuza",
              "bowler": "E Otieno",
              "non_striker": "F Nsubuga",
              "runs": {
                "batter": 0,
                "extras": 0,
                "total": 0
              }
            },
            {
              "batter": "D Muhumuza",
              "bowler": "E Otieno",
              "extras": {
                "noballs": 1
              },
              "non_striker": "F Nsubuga",
              "runs": {
                "batter": 2,
                "extras": 1,
                "total": 3
              }
            },
            {
              "batter": "D Muhumuza",
              "bowler": "E Otieno",
              "extras": {
                "legbyes": 1
              },
              "non_striker": "F Nsubuga",
              "runs": {
                "batter": 0,
                "extras": 1,
                "total": 1
              }
            },
            {
              "batter": "F Nsubuga",
              "bowler": "E Otieno",
              "non_striker": "D Muhumuza",
              "runs": {
                "batter": 0,
                "extras": 0,
                "total": 0
              }
            },
            {
              "batter": "F Nsubuga",
              "bowler": "E Otieno",
              "non_striker": "D Muhumuza",
              "runs": {
                "batter": 1,
                "extras": 0,
                "total": 1
              }
            },
            {
              "batter": "D Muhumuza",
              "bowler": "E Otieno",
              "non_striker": "F Nsubuga",
              "runs": {
                "batter": 1,
                "extras": 0,
                "total": 1
              }
            }
          ]
        },
        {
          "over": 19,
          "deliveries": [
            {
              "batter": "D Muhumuza",
              "bowler": "NN Odhiambo",
              "non_striker": "F Nsubuga",
              "runs": {
                "batter": 6,
                "extras": 0,
                "total": 6
              }
            },
            {
              "batter": "D Muhumuza",
              "bowler": "NN Odhiambo",
              "non_striker": "F Nsubuga",
              "runs": {
                "batter": 6,
                "extras": 0,
                "total": 6
              }
            },
            {
              "batter": "D Muhumuza",
              "bowler": "NN Odhiambo",
              "non_striker": "F Nsubuga",
              "runs": {
                "batter": 0,
                "extras": 0,
                "total": 0
              }
            },
            {
              "batter": "D Muhumuza",
              "bowler": "NN Odhiambo",
              "non_striker": "F Nsubuga",
              "runs": {
                "batter": 6,
                "extras": 0,
                "total": 6
              }
            },
            {
              "batter": "D Muhumuza",
              "bowler": "NN Odhiambo",
              "non_striker": "F Nsubuga",
              "runs": {
                "batter": 0,
                "extras": 0,
                "total": 0
              }
            },
            {
              "batter": "D Muhumuza",
              "bowler": "NN Odhiambo",
              "non_striker": "F Nsubuga",
              "runs": {
                "batter": 1,
                "extras": 0,
                "total": 1
              },
              "wickets": [
                {
                  "kind": "run out",
                  "player_out": "D Muhumuza",
                  "fielders": [
                    {
                      "name": "CO Obuya"
                    }
                  ]
                }
              ]
            }
          ]
        }
      ],
      "powerplays": [
        {
          "from": 0.1,
          "to": 5.6,
          "type": "mandatory"
        }
      ]
    },
    {
      "team": "Kenya",
      "overs": [
        {
          "over": 0,
          "deliveries": [
            {
              "batter": "IA Karim",
              "bowler": "F Nsubuga",
              "non_striker": "AA Obanda",
              "runs": {
                "batter": 0,
                "extras": 0,
                "total": 0
              }
            },
            {
              "batter": "IA Karim",
              "bowler": "F Nsubuga",
              "non_striker": "AA Obanda",
              "runs": {
                "batter": 0,
                "extras": 0,
                "total": 0
              }
            },
            {
              "batter": "IA Karim",
              "bowler": "F Nsubuga",
              "non_striker": "AA Obanda",
              "runs": {
                "batter": 0,
                "extras": 0,
                "total": 0
              }
            },
            {
              "batter": "IA Karim",
              "bowler": "F Nsubuga",
              "non_striker": "AA Obanda",
              "runs": {
                "batter": 1,
                "extras": 0,
                "total": 1
              }
            },
            {
              "batter": "AA Obanda",
              "bowler": "F Nsubuga",
              "non_striker": "IA Karim",
              "runs": {
                "batter": 4,
                "extras": 0,
                "total": 4
              }
            },
            {
              "batter": "AA Obanda",
              "bowler": "F Nsubuga",
              "non_striker": "IA Karim",
              "runs": {
                "batter": 0,
                "extras": 0,
                "total": 0
              }
            }
          ]
        },
        {
          "over": 1,
          "deliveries": [
            {
              "batter": "IA Karim",
              "bowler": "Mohammed Irfan",
              "non_striker": "AA Obanda",
              "runs": {
                "batter": 4,
                "extras": 0,
                "total": 4
              }
            },
            {
              "batter": "IA Karim",
              "bowler": "Mohammed Irfan",
              "non_striker": "AA Obanda",
              "runs": {
                "batter": 0,
                "extras": 0,
                "total": 0
              }
            },
            {
              "batter": "IA Karim",
              "bowler": "Mohammed Irfan",
              "non_striker": "AA Obanda",
              "runs": {
                "batter": 4,
                "extras": 0,
                "total": 4
              }
            },
            {
              "batter": "IA Karim",
              "bowler": "Mohammed Irfan",
              "non_striker": "AA Obanda",
              "runs": {
                "batter": 4,
                "extras": 0,
                "total": 4
              }
            },
            {
              "batter": "IA Karim",
              "bowler": "Mohammed Irfan",
              "non_striker": "AA Obanda",
              "runs": {
                "batter": 0,
                "extras": 0,
                "total": 0
              }
            },
            {
              "batter": "IA Karim",
              "bowler": "Mohammed Irfan",
              "non_striker": "AA Obanda",
              "runs": {
                "batter": 1,
                "extras": 0,
                "total": 1
              }
            }
          ]
        },
        {
          "over": 2,
          "deliveries": [
            {
              "batter": "IA Karim",
              "bowler": "F Nsubuga",
              "non_striker": "AA Obanda",
              "runs": {
                "batter": 0,
                "extras": 0,
                "total": 0
              }
            },
            {
              "batter": "IA Karim",
              "bowler": "F Nsubuga",
              "non_striker": "AA Obanda",
              "runs": {
                "batter": 0,
                "extras": 0,
                "total": 0
              }
            },
            {
              "batter": "IA Karim",
              "bowler": "F Nsubuga",
              "non_striker": "AA Obanda",
              "runs": {
                "batter": 0,
                "extras": 0,
                "total": 0
              }
            },
            {
              "batter": "IA Karim",
              "bowler": "F Nsubuga",
              "non_striker": "AA Obanda",
              "runs": {
                "batter": 0,
                "extras": 0,
                "total": 0
              }
            },
            {
              "batter": "IA Karim",
              "bowler": "F Nsubuga",
              "non_striker": "AA Obanda",
              "runs": {
                "batter": 1,
                "extras": 0,
                "total": 1
              }
            },
            {
              "batter": "AA Obanda",
              "bowler": "F Nsubuga",
              "non_striker": "IA Karim",
              "runs": {
                "batter": 1,
                "extras": 0,
                "total": 1
              }
            }
          ]
        },
        {
          "over": 3,
          "deliveries": [
            {
              "batter": "AA Obanda",
              "bowler": "H Ssenyondo",
              "non_striker": "IA Karim",
              "runs": {
                "batter": 0,
                "extras": 0,
                "total": 0
              }
            },
            {
              "batter": "AA Obanda",
              "bowler": "H Ssenyondo",
              "non_striker": "IA Karim",
              "runs": {
                "batter": 4,
                "extras": 0,
                "total": 4
              }
            },
            {
              "batter": "AA Obanda",
              "bowler": "H Ssenyondo",
              "non_striker": "IA Karim",
              "runs": {
                "batter": 0,
                "extras": 0,
                "total": 0
              },
              "wickets": [
                {
                  "kind": "bowled",
                  "player_out": "AA Obanda"
                }
              ]
            },
            {
              "batter": "DM Gondaria",
              "bowler": "H Ssenyondo",
              "non_striker": "IA Karim",
              "runs": {
                "batter": 1,
                "extras": 0,
                "total": 1
              }
            },
            {
              "batter": "IA Karim",
              "bowler": "H Ssenyondo",
              "non_striker": "DM Gondaria",
              "runs": {
                "batter": 0,
                "extras": 0,
                "total": 0
              }
            },
            {
              "batter": "IA Karim",
              "bowler": "H Ssenyondo",
              "non_striker": "DM Gondaria",
              "runs": {
                "batter": 4,
                "extras": 0,
                "total": 4
              }
            }
          ]
        },
        {
          "over": 4,
          "deliveries": [
            {
              "batter": "DM Gondaria",
              "bowler": "F Nsubuga",
              "non_striker": "IA Karim",
              "runs": {
                "batter": 1,
                "extras": 0,
                "total": 1
              }
            },
            {
              "batter": "IA Karim",
              "bowler": "F Nsubuga",
              "non_striker": "DM Gondaria",
              "runs": {
                "batter": 4,
                "extras": 0,
                "total": 4
              }
            },
            {
              "batter": "IA Karim",
              "bowler": "F Nsubuga",
              "non_striker": "DM Gondaria",
              "runs": {
                "batter": 0,
                "extras": 0,
                "total": 0
              }
            },
            {
              "batter": "IA Karim",
              "bowler": "F Nsubuga",
              "non_striker": "DM Gondaria",
              "runs": {
                "batter": 0,
                "extras": 0,
                "total": 0
              }
            },
            {
              "batter": "IA Karim",
              "bowler": "F Nsubuga",
              "non_striker": "DM Gondaria",
              "runs": {
                "batter": 4,
                "extras": 0,
                "total": 4
              }
            },
            {
              "batter": "IA Karim",
              "bowler": "F Nsubuga",
              "non_striker": "DM Gondaria",
              "runs": {
                "batter": 2,
                "extras": 0,
                "total": 2
              }
            }
          ]
        },
        {
          "over": 5,
          "deliveries": [
            {
              "batter": "DM Gondaria",
              "bowler": "H Ssenyondo",
              "non_striker": "IA Karim",
              "runs": {
                "batter": 1,
                "extras": 0,
                "total": 1
              }
            },
            {
              "batter": "IA Karim",
              "bowler": "H Ssenyondo",
              "non_striker": "DM Gondaria",
              "runs": {
                "batter": 0,
                "extras": 0,
                "total": 0
              }
            },
            {
              "batter": "IA Karim",
              "bowler": "H Ssenyondo",
              "non_striker": "DM Gondaria",
              "runs": {
                "batter": 1,
                "extras": 0,
                "total": 1
              }
            },
            {
              "batter": "DM Gondaria",
              "bowler": "H Ssenyondo",
              "non_striker": "IA Karim",
              "runs": {
                "batter": 4,
                "extras": 0,
                "total": 4
              }
            },
            {
              "batter": "DM Gondaria",
              "bowler": "H Ssenyondo",
              "non_striker": "IA Karim",
              "runs": {
                "batter": 0,
                "extras": 0,
                "total": 0
              }
            },
            {
              "batter": "DM Gondaria",
              "bowler": "H Ssenyondo",
              "non_striker": "IA Karim",
              "runs": {
                "batter": 4,
                "extras": 0,
                "total": 4
              }
            }
          ]
        },
        {
          "over": 6,
          "deliveries": [
            {
              "batter": "IA Karim",
              "bowler": "E Isaneez",
              "non_striker": "DM Gondaria",
              "runs": {
                "batter": 1,
                "extras": 0,
                "total": 1
              }
            },
            {
              "batter": "DM Gondaria",
              "bowler": "E Isaneez",
              "non_striker": "IA Karim",
              "runs": {
                "batter": 2,
                "extras": 0,
                "total": 2
              }
            },
            {
              "batter": "DM Gondaria",
              "bowler": "E Isaneez",
              "non_striker": "IA Karim",
              "runs": {
                "batter": 1,
                "extras": 0,
                "total": 1
              }
            },
            {
              "batter": "IA Karim",
              "bowler": "E Isaneez",
              "non_striker": "DM Gondaria",
              "runs": {
                "batter": 1,
                "extras": 0,
                "total": 1
              }
            },
            {
              "batter": "DM Gondaria",
              "bowler": "E Isaneez",
              "non_striker": "IA Karim",
              "runs": {
                "batter": 1,
                "extras": 0,
                "total": 1
              }
            },
            {
              "batter": "IA Karim",
              "bowler": "E Isaneez",
              "non_striker": "DM Gondaria",
              "runs": {
                "batter": 0,
                "extras": 0,
                "total": 0
              }
            }
          ]
        },
        {
          "over": 7,
          "deliveries": [
            {
              "batter": "DM Gondaria",
              "bowler": "Mohammed Irfan",
              "non_striker": "IA Karim",
              "runs": {
                "batter": 1,
                "extras": 0,
                "total": 1
              }
            },
            {
              "batter": "IA Karim",
              "bowler": "Mohammed Irfan",
              "non_striker": "DM Gondaria",
              "runs": {
                "batter": 0,
                "extras": 0,
                "total": 0
              }
            },
            {
              "batter": "IA Karim",
              "bowler": "Mohammed Irfan",
              "non_striker": "DM Gondaria",
              "runs": {
                "batter": 0,
                "extras": 0,
                "total": 0
              }
            },
            {
              "batter": "IA Karim",
              "bowler": "Mohammed Irfan",
              "non_striker": "DM Gondaria",
              "runs": {
                "batter": 2,
                "extras": 0,
                "total": 2
              }
            },
            {
              "batter": "IA Karim",
              "bowler": "Mohammed Irfan",
              "non_striker": "DM Gondaria",
              "runs": {
                "batter": 1,
                "extras": 0,
                "total": 1
              }
            },
            {
              "batter": "DM Gondaria",
              "bowler": "Mohammed Irfan",
              "non_striker": "IA Karim",
              "runs": {
                "batter": 2,
                "extras": 0,
                "total": 2
              }
            }
          ]
        },
        {
          "over": 8,
          "deliveries": [
            {
              "batter": "IA Karim",
              "bowler": "E Isaneez",
              "non_striker": "DM Gondaria",
              "runs": {
                "batter": 0,
                "extras": 0,
                "total": 0
              }
            },
            {
              "batter": "IA Karim",
              "bowler": "E Isaneez",
              "non_striker": "DM Gondaria",
              "runs": {
                "batter": 0,
                "extras": 0,
                "total": 0
              }
            },
            {
              "batter": "IA Karim",
              "bowler": "E Isaneez",
              "non_striker": "DM Gondaria",
              "runs": {
                "batter": 0,
                "extras": 0,
                "total": 0
              }
            },
            {
              "batter": "IA Karim",
              "bowler": "E Isaneez",
              "non_striker": "DM Gondaria",
              "runs": {
                "batter": 1,
                "extras": 0,
                "total": 1
              }
            },
            {
              "batter": "DM Gondaria",
              "bowler": "E Isaneez",
              "non_striker": "IA Karim",
              "runs": {
                "batter": 1,
                "extras": 0,
                "total": 1
              }
            },
            {
              "batter": "IA Karim",
              "bowler": "E Isaneez",
              "non_striker": "DM Gondaria",
              "runs": {
                "batter": 1,
                "extras": 0,
                "total": 1
              }
            }
          ]
        },
        {
          "over": 9,
          "deliveries": [
            {
              "batter": "IA Karim",
              "bowler": "Mohammed Irfan",
              "non_striker": "DM Gondaria",
              "runs": {
                "batter": 0,
                "extras": 0,
                "total": 0
              }
            },
            {
              "batter": "IA Karim",
              "bowler": "Mohammed Irfan",
              "non_striker": "DM Gondaria",
              "runs": {
                "batter": 1,
                "extras": 0,
                "total": 1
              }
            },
            {
              "batter": "DM Gondaria",
              "bowler": "Mohammed Irfan",
              "non_striker": "IA Karim",
              "runs": {
                "batter": 1,
                "extras": 0,
                "total": 1
              }
            },
            {
              "batter": "IA Karim",
              "bowler": "Mohammed Irfan",
              "non_striker": "DM Gondaria",
              "runs": {
                "batter": 1,
                "extras": 0,
                "total": 1
              }
            },
            {
              "batter": "DM Gondaria",
              "bowler": "Mohammed Irfan",
              "non_striker": "IA Karim",
              "runs": {
                "batter": 0,
                "extras": 0,
                "total": 0
              }
            },
            {
              "batter": "DM Gondaria",
              "bowler": "Mohammed Irfan",
              "non_striker": "IA Karim",
              "runs": {
                "batter": 0,
                "extras": 0,
                "total": 0
              },
              "wickets": [
                {
                  "kind": "bowled",
                  "player_out": "DM Gondaria"
                }
              ]
            }
          ]
        },
        {
          "over": 10,
          "deliveries": [
            {
              "batter": "IA Karim",
              "bowler": "E Isaneez",
              "non_striker": "RR Patel",
              "runs": {
                "batter": 1,
                "extras": 0,
                "total": 1
              }
            },
            {
              "batter": "RR Patel",
              "bowler": "E Isaneez",
              "non_striker": "IA Karim",
              "runs": {
                "batter": 1,
                "extras": 0,
                "total": 1
              }
            },
            {
              "batter": "IA Karim",
              "bowler": "E Isaneez",
              "non_striker": "RR Patel",
              "runs": {
                "batter": 2,
                "extras": 0,
                "total": 2
              }
            },
            {
              "batter": "IA Karim",
              "bowler": "E Isaneez",
              "non_striker": "RR Patel",
              "runs": {
                "batter": 0,
                "extras": 0,
                "total": 0
              }
            },
            {
              "batter": "IA Karim",
              "bowler": "E Isaneez",
              "non_striker": "RR Patel",
              "runs": {
                "batter": 1,
                "extras": 0,
                "total": 1
              }
            },
            {
              "batter": "RR Patel",
              "bowler": "E Isaneez",
              "non_striker": "IA Karim",
              "runs": {
                "batter": 1,
                "extras": 0,
                "total": 1
              }
            }
          ]
        },
        {
          "over": 11,
          "deliveries": [
            {
              "batter": "RR Patel",
              "bowler": "Mohammed Irfan",
              "non_striker": "IA Karim",
              "runs": {
                "batter": 4,
                "extras": 0,
                "total": 4
              }
            },
            {
              "batter": "RR Patel",
              "bowler": "Mohammed Irfan",
              "extras": {
                "byes": 1
              },
              "non_striker": "IA Karim",
              "runs": {
                "batter": 0,
                "extras": 1,
                "total": 1
              }
            },
            {
              "batter": "IA Karim",
              "bowler": "Mohammed Irfan",
              "non_striker": "RR Patel",
              "runs": {
                "batter": 1,
                "extras": 0,
                "total": 1
              }
            },
            {
              "batter": "RR Patel",
              "bowler": "Mohammed Irfan",
              "non_striker": "IA Karim",
              "runs": {
                "batter": 4,
                "extras": 0,
                "total": 4
              }
            },
            {
              "batter": "RR Patel",
              "bowler": "Mohammed Irfan",
              "non_striker": "IA Karim",
              "runs": {
                "batter": 0,
                "extras": 0,
                "total": 0
              }
            },
            {
              "batter": "RR Patel",
              "bowler": "Mohammed Irfan",
              "non_striker": "IA Karim",
              "runs": {
                "batter": 1,
                "extras": 0,
                "total": 1
              }
            }
          ]
        },
        {
          "over": 12,
          "deliveries": [
            {
              "batter": "RR Patel",
              "bowler": "D Muhumuza",
              "non_striker": "IA Karim",
              "runs": {
                "batter": 4,
                "extras": 0,
                "total": 4
              }
            },
            {
              "batter": "RR Patel",
              "bowler": "D Muhumuza",
              "non_striker": "IA Karim",
              "runs": {
                "batter": 6,
                "extras": 0,
                "total": 6
              }
            },
            {
              "batter": "RR Patel",
              "bowler": "D Muhumuza",
              "extras": {
                "byes": 1
              },
              "non_striker": "IA Karim",
              "runs": {
                "batter": 0,
                "extras": 1,
                "total": 1
              }
            },
            {
              "batter": "IA Karim",
              "bowler": "D Muhumuza",
              "non_striker": "RR Patel",
              "runs": {
                "batter": 0,
                "extras": 0,
                "total": 0
              }
            },
            {
              "batter": "IA Karim",
              "bowler": "D Muhumuza",
              "non_striker": "RR Patel",
              "runs": {
                "batter": 3,
                "extras": 0,
                "total": 3
              }
            },
            {
              "batter": "RR Patel",
              "bowler": "D Muhumuza",
              "non_striker": "IA Karim",
              "runs": {
                "batter": 0,
                "extras": 0,
                "total": 0
              }
            }
          ]
        },
        {
          "over": 13,
          "deliveries": [
            {
              "batter": "IA Karim",
              "bowler": "H Ssenyondo",
              "non_striker": "RR Patel",
              "runs": {
                "batter": 1,
                "extras": 0,
                "total": 1
              }
            },
            {
              "batter": "RR Patel",
              "bowler": "H Ssenyondo",
              "non_striker": "IA Karim",
              "runs": {
                "batter": 1,
                "extras": 0,
                "total": 1
              }
            },
            {
              "batter": "IA Karim",
              "bowler": "H Ssenyondo",
              "non_striker": "RR Patel",
              "runs": {
                "batter": 0,
                "extras": 0,
                "total": 0
              }
            },
            {
              "batter": "IA Karim",
              "bowler": "H Ssenyondo",
              "non_striker": "RR Patel",
              "runs": {
                "batter": 0,
                "extras": 0,
                "total": 0
              }
            },
            {
              "batter": "IA Karim",
              "bowler": "H Ssenyondo",
              "non_striker": "RR Patel",
              "runs": {
                "batter": 4,
                "extras": 0,
                "total": 4
              }
            },
            {
              "batter": "IA Karim",
              "bowler": "H Ssenyondo",
              "non_striker": "RR Patel",
              "runs": {
                "batter": 2,
                "extras": 0,
                "total": 2
              }
            }
          ]
        },
        {
          "over": 14,
          "deliveries": [
            {
              "batter": "RR Patel",
              "bowler": "J Sebanja",
              "non_striker": "IA Karim",
              "runs": {
                "batter": 2,
                "extras": 0,
                "total": 2
              }
            },
            {
              "batter": "RR Patel",
              "bowler": "J Sebanja",
              "non_striker": "IA Karim",
              "runs": {
                "batter": 1,
                "extras": 0,
                "total": 1
              }
            },
            {
              "batter": "IA Karim",
              "bowler": "J Sebanja",
              "non_striker": "RR Patel",
              "runs": {
                "batter": 0,
                "extras": 0,
                "total": 0
              }
            },
            {
              "batter": "IA Karim",
              "bowler": "J Sebanja",
              "extras": {
                "legbyes": 1
              },
              "non_striker": "RR Patel",
              "runs": {
                "batter": 0,
                "extras": 1,
                "total": 1
              }
            },
            {
              "batter": "RR Patel",
              "bowler": "J Sebanja",
              "non_striker": "IA Karim",
              "runs": {
                "batter": 6,
                "extras": 0,
                "total": 6
              }
            },
            {
              "batter": "RR Patel",
              "bowler": "J Sebanja",
              "non_striker": "IA Karim",
              "runs": {
                "batter": 0,
                "extras": 0,
                "total": 0
              },
              "wickets": [
                {
                  "kind": "caught",
                  "player_out": "RR Patel",
                  "fielders": [
                    {
                      "name": "B Masaba"
                    }
                  ]
                }
              ]
            }
          ]
        },
        {
          "over": 15,
          "deliveries": [
            {
              "batter": "IA Karim",
              "bowler": "H Ssenyondo",
              "non_striker": "CO Obuya",
              "runs": {
                "batter": 0,
                "extras": 0,
                "total": 0
              }
            },
            {
              "batter": "IA Karim",
              "bowler": "H Ssenyondo",
              "non_striker": "CO Obuya",
              "runs": {
                "batter": 4,
                "extras": 0,
                "total": 4
              }
            },
            {
              "batter": "IA Karim",
              "bowler": "H Ssenyondo",
              "non_striker": "CO Obuya",
              "runs": {
                "batter": 4,
                "extras": 0,
                "total": 4
              }
            },
            {
              "batter": "IA Karim",
              "bowler": "H Ssenyondo",
              "non_striker": "CO Obuya",
              "runs": {
                "batter": 2,
                "extras": 0,
                "total": 2
              }
            },
            {
              "batter": "IA Karim",
              "bowler": "H Ssenyondo",
              "non_striker": "CO Obuya",
              "runs": {
                "batter": 6,
                "extras": 0,
                "total": 6
              }
            }
          ]
        }
      ],
      "powerplays": [
        {
          "from": 0.1,
          "to": 5.6,
          "type": "mandatory"
        }
      ],
      "target": {
        "overs": 20,
        "runs": 130
      }
    }
  ]
}