{
  "meta": {
    "data_version": "1.1.0",
    "created": "2021-11-02",
    "revision": 3
  },
  "info": {
    "balls_per_over": 6,
    "city": "Dhaka",
    "dates": [
      "2016-11-25"
    ],
    "event": {
      "name": "Bangladesh Premier League",
      "match_number": 26
    },
    "gender": "male",
    "match_type": "T20",
    "officials": {
      "match_referees": [
        "Debabrata Paul"
      ],
      "reserve_umpires": [
        "Moniruzzaman"
      ],
      "tv_umpires": [
        "Sharfuddoula"
      ],
      "umpires": [
        "Anisur Rahman",
        "Khalid Mahmood"
      ]
    },
    "outcome": {
      "winner": "Khulna Titans",
      "by": {
        "wickets": 6
      }
    },
    "overs": 20,
    "player_of_match": [
      "Shuvagata Hom"
    ],
    "players": {
      "Barisal Bulls": [
        "BMAJ Mendis",
        "DJ Malan",
        "Shahriar Nafees",
        "Mushfiqur Rahim",
        "Nadif Chowdhury",
        "NLTC Perera",
        "Enamul Haque",
        "Rumman Raees",
        "Taijul Islam",
        "Monir Hossain",
        "Kamrul Islam Rabbi"
      ],
      "Khulna Titans": [
        "Taibur Rahman",
        "Hasanuzzaman",
        "MH Wessels",
        "Shuvagata Hom",
        "Mahmudullah",
        "N Pooran",
        "Mosharraf Hossain",
        "Junaid Khan",
        "Ariful Haque",
        "KK Cooper",
        "Shafiul Islam"
      ]
    },
    "registry": {
      "people": {
        "Anisur Rahman": "affbf093",
        "Ariful Haque": "ad1730bc",
        "BMAJ Mendis": "9868bc75",
        "DJ Malan": "ad9c32a2",
        "Debabrata Paul": "a77f51d0",
        "Enamul Haque": "7d6c0891",
        "Hasanuzzaman": "849c9375",
        "Junaid Khan": "086f5984",
        "KK Cooper": "557153ca",
        "Kamrul Islam Rabbi": "f7e9a562",
        "Khalid Mahmood": "0b06b921",
        "MH Wessels": "90f47cf2",
        "Mahmudullah": "bf1d7d3e",
        "Monir Hossain": "760f445b",
        "Moniruzzaman": "075e9f9c",
        "Mosharraf Hossain": "8eb611d0",
        "Mushfiqur Rahim": "a94e08ea",
        "N Pooran": "3241e3fd",
        "NLTC Perera": "0f12f9df",
        "Nadif Chowdhury": "d6ac6545",
        "Rumman Raees": "1c790f4f",
        "Shafiul Islam": "1a8eebbe",
        "Shahriar Nafees": "b9c225c2",
        "Sharfuddoula": "63896abb",
        "Shuvagata Hom": "bb01f9e0",
        "Taibur Rahman": "561aff5c",
        "Taijul Islam": "9d1d34bd"
      }
    },
    "season": "2016/17",
    "team_type": "club",
    "teams": [
      "Barisal Bulls",
      "Khulna Titans"
    ],
    "toss": {
      "decision": "bat",
      "winner": "Barisal Bulls"
    },
    "venue": "Shere Bangla National Stadium, Mirpur"
  },
  "innings": [
    {
      "team": "Barisal Bulls",
      "overs": [
        {
          "over": 0,
          "deliveries": [
            {
              "batter": "BMAJ Mendis",
              "bowler": "Mahmudullah",
              "non_striker": "DJ Malan",
              "runs": {
                "batter": 0,
                "extras": 0,
                "total": 0
              }
            },
            {
              "batter": "BMAJ Mendis",
              "bowler": "Mahmudullah",
              "non_striker": "DJ Malan",
              "runs": {
                "batter": 0,
                "extras": 0,
                "total": 0
              }
            },
            {
              "batter": "BMAJ Mendis",
              "bowler": "Mahmudullah",
              "non_striker": "DJ Malan",
              "runs": {
                "batter": 0,
                "extras": 0,
                "total": 0
              }
            },
            {
              "batter": "BMAJ Mendis",
              "bowler": "Mahmudullah",
              "non_striker": "DJ Malan",
              "runs": {
                "batter": 4,
                "extras": 0,
                "total": 4
              }
            },
            {
              "batter": "BMAJ Mendis",
              "bowler": "Mahmudullah",
              "non_striker": "DJ Malan",
              "runs": {
                "batter": 4,
                "extras": 0,
                "total": 4
              }
            },
            {
              "batter": "BMAJ Mendis",
              "bowler": "Mahmudullah",
              "non_striker": "DJ Malan",
              "runs": {
                "batter": 0,
                "extras": 0,
                "total": 0
              }
            }
          ]
        },
        {
          "over": 1,
          "deliveries": [
            {
              "batter": "DJ Malan",
              "bowler": "Junaid Khan",
              "non_striker": "BMAJ Mendis",
              "runs": {
                "batter": 0,
                "extras": 0,
                "total": 0
              }
            },
            {
              "batter": "DJ Malan",
              "bowler": "Junaid Khan",
              "non_striker": "BMAJ Mendis",
              "runs": {
                "batter": 4,
                "extras": 0,
                "total": 4
              }
            },
            {
              "batter": "DJ Malan",
              "bowler": "Junaid Khan",
              "non_striker": "BMAJ Mendis",
              "runs": {
                "batter": 0,
                "extras": 0,
                "total": 0
              }
            },
            {
              "batter": "DJ Malan",
              "bowler": "Junaid Khan",
              "non_striker": "BMAJ Mendis",
              "runs": {
                "batter": 0,
                "extras": 0,
                "total": 0
              }
            },
            {
              "batter": "DJ Malan",
              "bowler": "Junaid Khan",
              "non_striker": "BMAJ Mendis",
              "runs": {
                "batter": 1,
                "extras": 0,
                "total": 1
              }
            },
            {
              "batter": "BMAJ Mendis",
              "bowler": "Junaid Khan",
              "non_striker": "DJ Malan",
              "runs": {
                "batter": 1,
                "extras": 0,
                "total": 1
              }
            }
          ]
        },
        {
          "over": 2,
          "deliveries": [
            {
              "batter": "BMAJ Mendis",
              "bowler": "Mahmudullah",
              "non_striker": "DJ Malan",
              "runs": {
                "batter": 0,
                "extras": 0,
                "total": 0
              }
            },
            {
              "batter": "BMAJ Mendis",
              "bowler": "Mahmudullah",
              "non_striker": "DJ Malan",
              "runs": {
                "batter": 1,
                "extras": 0,
                "total": 1
              }
            },
            {
              "batter": "DJ Malan",
              "bowler": "Mahmudullah",
              "non_striker": "BMAJ Mendis",
              "runs": {
                "batter": 0,
                "extras": 0,
                "total": 0
              }
            },
            {
              "batter": "DJ Malan",
              "bowler": "Mahmudullah",
              "non_striker": "BMAJ Mendis",
              "runs": {
                "batter": 1,
                "extras": 0,
                "total": 1
              }
            },
            {
              "batter": "BMAJ Mendis",
              "bowler": "Mahmudullah",
              "non_striker": "DJ Malan",
              "runs": {
                "batter": 1,
                "extras": 0,
                "total": 1
              }
            },
            {
              "batter": "DJ Malan",
              "bowler": "Mahmudullah",
              "non_striker": "BMAJ Mendis",
              "runs": {
                "batter": 1,
                "extras": 0,
                "total": 1
              }
            }
          ]
        },
        {
          "over": 3,
          "deliveries": [
            {
              "batter": "DJ Malan",
              "bowler": "Junaid Khan",
              "non_striker": "BMAJ Mendis",
              "runs": {
                "batter": 0,
                "extras": 0,
                "total": 0
              }
            },
            {
              "batter": "DJ Malan",
              "bowler": "Junaid Khan",
              "non_striker": "BMAJ Mendis",
              "runs": {
                "batter": 0,
                "extras": 0,
                "total": 0
              },
              "wickets": [
                {
                  "player_out": "DJ Malan",
                  "fielders": [
                    {
                      "name": "N Pooran"
                    }
                  ],
                  "kind": "caught"
                }
              ]
            },
            {
              "batter": "Shahriar Nafees",
              "bowler": "Junaid Khan",
              "non_striker": "BMAJ Mendis",
              "runs": {
                "batter": 2,
                "extras": 0,
                "total": 2
              }
            },
            {
              "batter": "Shahriar Nafees",
              "bowler": "Junaid Khan",
              "non_striker": "BMAJ Mendis",
              "runs": {
                "batter": 0,
                "extras": 0,
                "total": 0
              }
            },
            {
              "batter": "Shahriar Nafees",
              "bowler": "Junaid Khan",
              "non_striker": "BMAJ Mendis",
              "runs": {
                "batter": 0,
                "extras": 0,
                "total": 0
              }
            },
            {
              "batter": "Shahriar Nafees",
              "bowler": "Junaid Khan",
              "non_striker": "BMAJ Mendis",
              "runs": {
                "batter": 0,
                "extras": 0,
                "total": 0
              }
            }
          ]
        },
        {
          "over": 4,
          "deliveries": [
            {
              "batter": "BMAJ Mendis",
              "bowler": "Shafiul Islam",
              "non_striker": "Shahriar Nafees",
              "runs": {
                "batter": 1,
                "extras": 0,
                "total": 1
              }
            },
            {
              "batter": "Shahriar Nafees",
              "bowler": "Shafiul Islam",
              "non_striker": "BMAJ Mendis",
              "runs": {
                "batter": 0,
                "extras": 0,
                "total": 0
              }
            },
            {
              "batter": "Shahriar Nafees",
              "bowler": "Shafiul Islam",
              "non_striker": "BMAJ Mendis",
              "runs": {
                "batter": 1,
                "extras": 0,
                "total": 1
              }
            },
            {
              "batter": "BMAJ Mendis",
              "bowler": "Shafiul Islam",
              "non_striker": "Shahriar Nafees",
              "runs": {
                "batter": 2,
                "extras": 0,
                "total": 2
              }
            },
            {
              "batter": "BMAJ Mendis",
              "bowler": "Shafiul Islam",
              "non_striker": "Shahriar Nafees",
              "runs": {
                "batter": 0,
                "extras": 0,
                "total": 0
              },
              "wickets": [
                {
                  "player_out": "BMAJ Mendis",
                  "fielders": [
                    {
                      "name": "Junaid Khan"
                    }
                  ],
                  "kind": "caught"
                }
              ]
            },
            {
              "batter": "Shahriar Nafees",
              "bowler": "Shafiul Islam",
              "non_striker": "Mushfiqur Rahim",
              "runs": {
                "batter": 1,
                "extras": 0,
                "total": 1
              }
            }
          ]
        },
        {
          "over": 5,
          "deliveries": [
            {
              "batter": "Shahriar Nafees",
              "bowler": "KK Cooper",
              "non_striker": "Mushfiqur Rahim",
              "runs": {
                "batter": 0,
                "extras": 0,
                "total": 0
              }
            },
            {
              "batter": "Shahriar Nafees",
              "bowler": "KK Cooper",
              "non_striker": "Mushfiqur Rahim",
              "runs": {
                "batter": 0,
                "extras": 0,
                "total": 0
              }
            },
            {
              "batter": "Shahriar Nafees",
              "bowler": "KK Cooper",
              "non_striker": "Mushfiqur Rahim",
              "runs": {
                "batter": 4,
                "extras": 0,
                "total": 4
              }
            },
            {
              "batter": "Shahriar Nafees",
              "bowler": "KK Cooper",
              "non_striker": "Mushfiqur Rahim",
              "runs": {
                "batter": 1,
                "extras": 0,
                "total": 1
              }
            },
            {
              "batter": "Mushfiqur Rahim",
              "bowler": "KK Cooper",
              "non_striker": "Shahriar Nafees",
              "runs": {
                "batter": 0,
                "extras": 0,
                "total": 0
              }
            },
            {
              "batter": "Mushfiqur Rahim",
              "bowler": "KK Cooper",
              "non_striker": "Shahriar Nafees",
              "runs": {
                "batter": 4,
                "extras": 0,
                "total": 4
              }
            }
          ]
        },
        {
          "over": 6,
          "deliveries": [
            {
              "batter": "Shahriar Nafees",
              "bowler": "Mosharraf Hossain",
              "non_striker": "Mushfiqur Rahim",
              "runs": {
                "batter": 1,
                "extras": 0,
                "total": 1
              }
            },
            {
              "batter": "Mushfiqur Rahim",
              "bowler": "Mosharraf Hossain",
              "non_striker": "Shahriar Nafees",
              "runs": {
                "batter": 1,
                "extras": 0,
                "total": 1
              }
            },
            {
              "batter": "Shahriar Nafees",
              "bowler": "Mosharraf Hossain",
              "non_striker": "Mushfiqur Rahim",
              "runs": {
                "batter": 1,
                "extras": 0,
                "total": 1
              }
            },
            {
              "batter": "Mushfiqur Rahim",
              "bowler": "Mosharraf Hossain",
              "non_striker": "Shahriar Nafees",
              "runs": {
                "batter": 1,
                "extras": 0,
                "total": 1
              }
            },
            {
              "batter": "Shahriar Nafees",
              "bowler": "Mosharraf Hossain",
              "non_striker": "Mushfiqur Rahim",
              "runs": {
                "batter": 0,
                "extras": 0,
                "total": 0
              }
            },
            {
              "batter": "Shahriar Nafees",
              "bowler": "Mosharraf Hossain",
              "non_striker": "Mushfiqur Rahim",
              "runs": {
                "batter": 0,
                "extras": 0,
                "total": 0
              }
            }
          ]
        },
        {
          "over": 7,
          "deliveries": [
            {
              "batter": "Mushfiqur Rahim",
              "bowler": "Mahmudullah",
              "non_striker": "Shahriar Nafees",
              "runs": {
                "batter": 2,
                "extras": 0,
                "total": 2
              }
            },
            {
              "batter": "Mushfiqur Rahim",
              "bowler": "Mahmudullah",
              "non_striker": "Shahriar Nafees",
              "runs": {
                "batter": 1,
                "extras": 0,
                "total": 1
              }
            },
            {
              "batter": "Shahriar Nafees",
              "bowler": "Mahmudullah",
              "non_striker": "Mushfiqur Rahim",
              "runs": {
                "batter": 1,
                "extras": 0,
                "total": 1
              }
            },
            {
              "batter": "Mushfiqur Rahim",
              "bowler": "Mahmudullah",
              "non_striker": "Shahriar Nafees",
              "runs": {
                "batter": 0,
                "extras": 0,
                "total": 0
              }
            },
            {
              "batter": "Mushfiqur Rahim",
              "bowler": "Mahmudullah",
              "non_striker": "Shahriar Nafees",
              "runs": {
                "batter": 4,
                "extras": 0,
                "total": 4
              }
            },
            {
              "batter": "Mushfiqur Rahim",
              "bowler": "Mahmudullah",
              "non_striker": "Shahriar Nafees",
              "runs": {
                "batter": 1,
                "extras": 0,
                "total": 1
              }
            }
          ]
        },
        {
          "over": 8,
          "deliveries": [
            {
              "batter": "Mushfiqur Rahim",
              "bowler": "Mosharraf Hossain",
              "extras": {
                "legbyes": 1
              },
              "non_striker": "Shahriar Nafees",
              "runs": {
                "batter": 0,
                "extras": 1,
                "total": 1
              }
            },
            {
              "batter": "Shahriar Nafees",
              "bowler": "Mosharraf Hossain",
              "non_striker": "Mushfiqur Rahim",
              "runs": {
                "batter": 0,
                "extras": 0,
                "total": 0
              }
            },
            {
              "batter": "Shahriar Nafees",
              "bowler": "Mosharraf Hossain",
              "non_striker": "Mushfiqur Rahim",
              "runs": {
                "batter": 0,
                "extras": 0,
                "total": 0
              }
            },
            {
              "batter": "Shahriar Nafees",
              "bowler": "Mosharraf Hossain",
              "non_striker": "Mushfiqur Rahim",
              "runs": {
                "batter": 0,
                "extras": 0,
                "total": 0
              }
            },
            {
              "batter": "Shahriar Nafees",
              "bowler": "Mosharraf Hossain",
              "non_striker": "Mushfiqur Rahim",
              "runs": {
                "batter": 4,
                "extras": 0,
                "total": 4
              }
            },
            {
              "batter": "Shahriar Nafees",
              "bowler": "Mosharraf Hossain",
              "non_striker": "Mushfiqur Rahim",
              "runs": {
                "batter": 0,
                "extras": 0,
                "total": 0
              }
            }
          ]
        },
        {
          "over": 9,
          "deliveries": [
            {
              "batter": "Mushfiqur Rahim",
              "bowler": "Mahmudullah",
              "non_striker": "Shahriar Nafees",
              "runs": {
                "batter": 2,
                "extras": 0,
                "total": 2
              }
            },
            {
              "batter": "Mushfiqur Rahim",
              "bowler": "Mahmudullah",
              "non_striker": "Shahriar Nafees",
              "runs": {
                "batter": 1,
                "extras": 0,
                "total": 1
              }
            },
            {
              "batter": "Shahriar Nafees",
              "bowler": "Mahmudullah",
              "non_striker": "Mushfiqur Rahim",
              "runs": {
                "batter": 1,
                "extras": 0,
                "total": 1
              }
            },
            {
              "batter": "Mushfiqur Rahim",
              "bowler": "Mahmudullah",
              "non_striker": "Shahriar Nafees",
              "runs": {
                "batter": 2,
                "extras": 0,
                "total": 2
              }
            },
            {
              "batter": "Mushfiqur Rahim",
              "bowler": "Mahmudullah",
              "non_striker": "Shahriar Nafees",
              "runs": {
                "batter": 1,
                "extras": 0,
                "total": 1
              }
            },
            {
              "batter": "Shahriar Nafees",
              "bowler": "Mahmudullah",
              "non_striker": "Mushfiqur Rahim",
              "runs": {
                "batter": 0,
                "extras": 0,
                "total": 0
              }
            }
          ]
        },
        {
          "over": 10,
          "deliveries": [
            {
              "batter": "Mushfiqur Rahim",
              "bowler": "Mosharraf Hossain",
              "non_striker": "Shahriar Nafees",
              "runs": {
                "batter": 0,
                "extras": 0,
                "total": 0
              }
            },
            {
              "batter": "Mushfiqur Rahim",
              "bowler": "Mosharraf Hossain",
              "non_striker": "Shahriar Nafees",
              "runs": {
                "batter": 1,
                "extras": 0,
                "total": 1
              }
            },
            {
              "batter": "Shahriar Nafees",
              "bowler": "Mosharraf Hossain",
              "non_striker": "Mushfiqur Rahim",
              "runs": {
                "batter": 2,
                "extras": 0,
                "total": 2
              }
            },
            {
              "batter": "Shahriar Nafees",
              "bowler": "Mosharraf Hossain",
              "non_striker": "Mushfiqur Rahim",
              "runs": {
                "batter": 4,
                "extras": 0,
                "total": 4
              }
            },
            {
              "batter": "Shahriar Nafees",
              "bowler": "Mosharraf Hossain",
              "non_striker": "Mushfiqur Rahim",
              "runs": {
                "batter": 0,
                "extras": 0,
                "total": 0
              }
            },
            {
              "batter": "Shahriar Nafees",
              "bowler": "Mosharraf Hossain",
              "non_striker": "Mushfiqur Rahim",
              "runs": {
                "batter": 0,
                "extras": 0,
                "total": 0
              },
              "wickets": [
                {
                  "player_out": "Shahriar Nafees",
                  "kind": "lbw"
                }
              ]
            }
          ]
        },
        {
          "over": 11,
          "deliveries": [
            {
              "batter": "Mushfiqur Rahim",
              "bowler": "KK Cooper",
              "non_striker": "Nadif Chowdhury",
              "runs": {
                "batter": 0,
                "extras": 0,
                "total": 0
              }
            },
            {
              "batter": "Mushfiqur Rahim",
              "bowler": "KK Cooper",
              "non_striker": "Nadif Chowdhury",
              "runs": {
                "batter": 1,
                "extras": 0,
                "total": 1
              }
            },
            {
              "batter": "Nadif Chowdhury",
              "bowler": "KK Cooper",
              "non_striker": "Mushfiqur Rahim",
              "runs": {
                "batter": 0,
                "extras": 0,
                "total": 0
              }
            },
            {
              "batter": "Nadif Chowdhury",
              "bowler": "KK Cooper",
              "non_striker": "Mushfiqur Rahim",
              "runs": {
                "batter": 1,
                "extras": 0,
                "total": 1
              }
            },
            {
              "batter": "Mushfiqur Rahim",
              "bowler": "KK Cooper",
              "non_striker": "Nadif Chowdhury",
              "runs": {
                "batter": 1,
                "extras": 0,
                "total": 1
              }
            },
            {
              "batter": "Nadif Chowdhury",
              "bowler": "KK Cooper",
              "non_striker": "Mushfiqur Rahim",
              "runs": {
                "batter": 0,
                "extras": 0,
                "total": 0
              }
            }
          ]
        },
        {
          "over": 12,
          "deliveries": [
            {
              "batter": "Mushfiqur Rahim",
              "bowler": "Mosharraf Hossain",
              "non_striker": "Nadif Chowdhury",
              "runs": {
                "batter": 1,
                "extras": 0,
                "total": 1
              }
            },
            {
              "batter": "Nadif Chowdhury",
              "bowler": "Mosharraf Hossain",
              "non_striker": "Mushfiqur Rahim",
              "runs": {
                "batter": 0,
                "extras": 0,
                "total": 0
              }
            },
            {
              "batter": "Nadif Chowdhury",
              "bowler": "Mosharraf Hossain",
              "non_striker": "Mushfiqur Rahim",
              "runs": {
                "batter": 0,
                "extras": 0,
                "total": 0
              },
              "wickets": [
                {
                  "player_out": "Nadif Chowdhury",
                  "fielders": [
                    {
                      "name": "N Pooran"
                    }
                  ],
                  "kind": "run out"
                }
              ]
            },
            {
              "batter": "NLTC Perera",
              "bowler": "Mosharraf Hossain",
              "non_striker": "Mushfiqur Rahim",
              "runs": {
                "batter": 0,
                "extras": 0,
                "total": 0
              }
            },
            {
              "batter": "NLTC Perera",
              "bowler": "Mosharraf Hossain",
              "non_striker": "Mushfiqur Rahim",
              "runs": {
                "batter": 0,
                "extras": 0,
                "total": 0
              }
            },
            {
              "batter": "NLTC Perera",
              "bowler": "Mosharraf Hossain",
              "non_striker": "Mushfiqur Rahim",
              "runs": {
                "batter": 0,
                "extras": 0,
                "total": 0
              }
            }
          ]
        },
        {
          "over": 13,
          "deliveries": [
            {
              "batter": "Mushfiqur Rahim",
              "bowler": "KK Cooper",
              "non_striker": "NLTC Perera",
              "runs": {
                "batter": 0,
                "extras": 0,
                "total": 0
              }
            },
            {
              "batter": "Mushfiqur Rahim",
              "bowler": "KK Cooper",
              "non_striker": "NLTC Perera",
              "runs": {
                "batter": 1,
                "extras": 0,
                "total": 1
              }
            },
            {
              "batter": "NLTC Perera",
              "bowler": "KK Cooper",
              "non_striker": "Mushfiqur Rahim",
              "runs": {
                "batter": 1,
                "extras": 0,
                "total": 1
              }
            },
            {
              "batter": "Mushfiqur Rahim",
              "bowler": "KK Cooper",
              "non_striker": "NLTC Perera",
              "runs": {
                "batter": 1,
                "extras": 0,
                "total": 1
              }
            },
            {
              "batter": "NLTC Perera",
              "bowler": "KK Cooper",
              "non_striker": "Mushfiqur Rahim",
              "runs": {
                "batter": 1,
                "extras": 0,
                "total": 1
              }
            },
            {
              "batter": "Mushfiqur Rahim",
              "bowler": "KK Cooper",
              "non_striker": "NLTC Perera",
              "runs": {
                "batter": 1,
                "extras": 0,
                "total": 1
              }
            }
          ]
        },
        {
          "over": 14,
          "deliveries": [
            {
              "batter": "Mushfiqur Rahim",
              "bowler": "Shafiul Islam",
              "non_striker": "NLTC Perera",
              "runs": {
                "batter": 4,
                "extras": 0,
                "total": 4
              }
            },
            {
              "batter": "Mushfiqur Rahim",
              "bowler": "Shafiul Islam",
              "non_striker": "NLTC Perera",
              "runs": {
                "batter": 0,
                "extras": 0,
                "total": 0
              },
              "wickets": [
                {
                  "player_out": "Mushfiqur Rahim",
                  "fielders": [
                    {
                      "name": "Mosharraf Hossain"
                    }
                  ],
                  "kind": "run out"
                }
              ]
            },
            {
              "batter": "Enamul Haque",
              "bowler": "Shafiul Islam",
              "non_striker": "NLTC Perera",
              "runs": {
                "batter": 0,
                "extras": 0,
                "total": 0
              }
            },
            {
              "batter": "Enamul Haque",
              "bowler": "Shafiul Islam",
              "non_striker": "NLTC Perera",
              "runs": {
                "batter": 1,
                "extras": 0,
                "total": 1
              }
            },
            {
              "batter": "NLTC Perera",
              "bowler": "Shafiul Islam",
              "non_striker": "Enamul Haque",
              "runs": {
                "batter": 1,
                "extras": 0,
                "total": 1
              }
            },
            {
              "batter": "Enamul Haque",
              "bowler": "Shafiul Islam",
              "non_striker": "NLTC Perera",
              "runs": {
                "batter": 0,
                "extras": 0,
                "total": 0
              }
            }
          ]
        },
        {
          "over": 15,
          "deliveries": [
            {
              "batter": "NLTC Perera",
              "bowler": "KK Cooper",
              "non_striker": "Enamul Haque",
              "runs": {
                "batter": 6,
                "extras": 0,
                "total": 6
              }
            },
            {
              "batter": "NLTC Perera",
              "bowler": "KK Cooper",
              "non_striker": "Enamul Haque",
              "runs": {
                "batter": 1,
                "extras": 0,
                "total": 1
              }
            },
            {
              "batter": "Enamul Haque",
              "bowler": "KK Cooper",
              "extras": {
                "wides": 1
              },
              "non_striker": "NLTC Perera",
              "runs": {
                "batter": 0,
                "extras": 1,
                "total": 1
              }
            },
            {
              "batter": "Enamul Haque",
              "bowler": "KK Cooper",
              "non_striker": "NLTC Perera",
              "runs": {
                "batter": 1,
                "extras": 0,
                "total": 1
              }
            },
            {
              "batter": "NLTC Perera",
              "bowler": "KK Cooper",
              "non_striker": "Enamul Haque",
              "runs": {
                "batter": 1,
                "extras": 0,
                "total": 1
              }
            },
            {
              "batter": "Enamul Haque",
              "bowler": "KK Cooper",
              "extras": {
                "wides": 1
              },
              "non_striker": "NLTC Perera",
              "runs": {
                "batter": 0,
                "extras": 1,
                "total": 1
              }
            },
            {
              "batter": "Enamul Haque",
              "bowler": "KK Cooper",
              "non_striker": "NLTC Perera",
              "runs": {
                "batter": 0,
                "extras": 0,
                "total": 0
              }
            },
            {
              "batter": "Enamul Haque",
              "bowler": "KK Cooper",
              "extras": {
                "wides": 1
              },
              "non_striker": "NLTC Perera",
              "runs": {
                "batter": 0,
                "extras": 1,
                "total": 1
              }
            },
            {
              "batter": "Enamul Haque",
              "bowler": "KK Cooper",
              "non_striker": "NLTC Perera",
              "runs": {
                "batter": 1,
                "extras": 0,
                "total": 1
              }
            }
          ]
        },
        {
          "over": 16,
          "deliveries": [
            {
              "batter": "Enamul Haque",
              "bowler": "Junaid Khan",
              "non_striker": "NLTC Perera",
              "runs": {
                "batter": 0,
                "extras": 0,
                "total": 0
              }
            },
            {
              "batter": "Enamul Haque",
              "bowler": "Junaid Khan",
              "non_striker": "NLTC Perera",
              "runs": {
                "batter": 0,
                "extras": 0,
                "total": 0
              }
            },
            {
              "batter": "Enamul Haque",
              "bowler": "Junaid Khan",
              "non_striker": "NLTC Perera",
              "runs": {
                "batter": 0,
                "extras": 0,
                "total": 0
              }
            },
            {
              "batter": "Enamul Haque",
              "bowler": "Junaid Khan",
              "non_striker": "NLTC Perera",
              "runs": {
                "batter": 0,
                "extras": 0,
                "total": 0
              }
            },
            {
              "batter": "Enamul Haque",
              "bowler": "Junaid Khan",
              "non_striker": "NLTC Perera",
              "runs": {
                "batter": 0,
                "extras": 0,
                "total": 0
              }
            },
            {
              "batter": "Enamul Haque",
              "bowler": "Junaid Khan",
              "non_striker": "NLTC Perera",
              "runs": {
                "batter": 1,
                "extras": 0,
                "total": 1
              }
            }
          ]
        },
        {
          "over": 17,
          "deliveries": [
            {
              "batter": "Enamul Haque",
              "bowler": "Shafiul Islam",
              "non_striker": "NLTC Perera",
              "runs": {
                "batter": 1,
                "extras": 0,
                "total": 1
              }
            },
            {
              "batter": "NLTC Perera",
              "bowler": "Shafiul Islam",
              "non_striker": "Enamul Haque",
              "runs": {
                "batter": 1,
                "extras": 0,
                "total": 1
              }
            },
            {
              "batter": "Enamul Haque",
              "bowler": "Shafiul Islam",
              "non_striker": "NLTC Perera",
              "runs": {
                "batter": 0,
                "extras": 0,
                "total": 0
              }
            },
            {
              "batter": "Enamul Haque",
              "bowler": "Shafiul Islam",
              "non_striker": "NLTC Perera",
              "runs": {
                "batter": 2,
                "extras": 0,
                "total": 2
              }
            },
            {
              "batter": "Enamul Haque",
              "bowler": "Shafiul Islam",
              "non_striker": "NLTC Perera",
              "runs": {
                "batter": 1,
                "extras": 0,
                "total": 1
              }
            },
            {
              "batter": "NLTC Perera",
              "bowler": "Shafiul Islam",
              "non_striker": "Enamul Haque",
              "runs": {
                "batter": 1,
                "extras": 0,
                "total": 1
              }
            }
          ]
        },
        {
          "over": 18,
          "deliveries": [
            {
              "batter": "NLTC Perera",
              "bowler": "Junaid Khan",
              "non_striker": "Enamul Haque",
              "runs": {
                "batter": 0,
                "extras": 0,
                "total": 0
              }
            },
            {
              "batter": "NLTC Perera",
              "bowler": "Junaid Khan",
              "non_striker": "Enamul Haque",
              "runs": {
                "batter": 0,
                "extras": 0,
                "total": 0
              }
            },
            {
              "batter": "NLTC Perera",
              "bowler": "Junaid Khan",
              "non_striker": "Enamul Haque",
              "runs": {
                "batter": 0,
                "extras": 0,
                "total": 0
              }
            },
            {
              "batter": "NLTC Perera",
              "bowler": "Junaid Khan",
              "non_striker": "Enamul Haque",
              "runs": {
                "batter": 1,
                "extras": 0,
                "total": 1
              }
            },
            {
              "batter": "Enamul Haque",
              "bowler": "Junaid Khan",
              "non_striker": "NLTC Perera",
              "runs": {
                "batter": 1,
                "extras": 0,
                "total": 1
              }
            },
            {
              "batter": "NLTC Perera",
              "bowler": "Junaid Khan",
              "non_striker": "Enamul Haque",
              "runs": {
                "batter": 1,
                "extras": 0,
                "total": 1
              }
            }
          ]
        },
        {
          "over": 19,
          "deliveries": [
            {
              "batter": "NLTC Perera",
              "bowler": "Shafiul Islam",
              "extras": {
                "wides": 1
              },
              "non_striker": "Enamul Haque",
              "runs": {
                "batter": 0,
                "extras": 1,
                "total": 1
              }
            },
            {
              "batter": "NLTC Perera",
              "bowler": "Shafiul Islam",
              "non_striker": "Enamul Haque",
              "runs": {
                "batter": 0,
                "extras": 0,
                "total": 0
              }
            },
            {
              "batter": "NLTC Perera",
              "bowler": "Shafiul Islam",
              "extras": {
                "legbyes": 1
              },
              "non_striker": "Enamul Haque",
              "runs": {
                "batter": 0,
                "extras": 1,
                "total": 1
              }
            },
            {
              "batter": "Enamul Haque",
              "bowler": "Shafiul Islam",
              "non_striker": "NLTC Perera",
              "runs": {
                "batter": 4,
                "extras": 0,
                "total": 4
              }
            },
            {
              "batter": "Enamul Haque",
              "bowler": "Shafiul Islam",
              "non_striker": "NLTC Perera",
              "runs": {
                "batter": 6,
                "extras": 0,
                "total": 6
              }
            },
            {
              "batter": "Enamul Haque",
              "bowler": "Shafiul Islam",
              "non_striker": "NLTC Perera",
              "runs": {
                "batter": 1,
                "extras": 0,
                "total": 1
              }
            },
            {
              "batter": "NLTC Perera",
              "bowler": "Shafiul Islam",
              "non_striker": "Enamul Haque",
              "runs": {
                "batter": 2,
                "extras": 0,
                "total": 2
              }
            }
          ]
        }
      ],
      "powerplays": [
        {
          "from": 0.1,
          "to": 5.6,
          "type": "mandatory"
        }
      ]
    },
    {
      "team": "Khulna Titans",
      "overs": [
        {
          "over": 0,
          "deliveries": [
            {
              "batter": "Taibur Rahman",
              "bowler": "Taijul Islam",
              "extras": {
                "legbyes": 1
              },
              "non_striker": "Hasanuzzaman",
              "runs": {
                "batter": 0,
                "extras": 1,
                "total": 1
              }
            },
            {
              "batter": "Hasanuzzaman",
              "bowler": "Taijul Islam",
              "non_striker": "Taibur Rahman",
              "runs": {
                "batter": 4,
                "extras": 0,
                "total": 4
              }
            },
            {
              "batter": "Hasanuzzaman",
              "bowler": "Taijul Islam",
              "non_striker": "Taibur Rahman",
              "runs": {
                "batter": 0,
                "extras": 0,
                "total": 0
              }
            },
            {
              "batter": "Hasanuzzaman",
              "bowler": "Taijul Islam",
              "non_striker": "Taibur Rahman",
              "runs": {
                "batter": 0,
                "extras": 0,
                "total": 0
              }
            },
            {
              "batter": "Hasanuzzaman",
              "bowler": "Taijul Islam",
              "non_striker": "Taibur Rahman",
              "runs": {
                "batter": 0,
                "extras": 0,
                "total": 0
              },
              "wickets": [
                {
                  "player_out": "Hasanuzzaman",
                  "kind": "bowled"
                }
              ]
            },
            {
              "batter": "MH Wessels",
              "bowler": "Taijul Islam",
              "non_striker": "Taibur Rahman",
              "runs": {
                "batter": 0,
                "extras": 0,
                "total": 0
              }
            }
          ]
        },
        {
          "over": 1,
          "deliveries": [
            {
              "batter": "Taibur Rahman",
              "bowler": "Rumman Raees",
              "non_striker": "MH Wessels",
              "runs": {
                "batter": 2,
                "extras": 0,
                "total": 2
              }
            },
            {
              "batter": "Taibur Rahman",
              "bowler": "Rumman Raees",
              "extras": {
                "noballs": 1
              },
              "non_striker": "MH Wessels",
              "runs": {
                "batter": 0,
                "extras": 1,
                "total": 1
              }
            },
            {
              "batter": "Taibur Rahman",
              "bowler": "Rumman Raees",
              "non_striker": "MH Wessels",
              "runs": {
                "batter": 0,
                "extras": 0,
                "total": 0
              }
            },
            {
              "batter": "Taibur Rahman",
              "bowler": "Rumman Raees",
              "non_striker": "MH Wessels",
              "runs": {
                "batter": 0,
                "extras": 0,
                "total": 0
              }
            },
            {
              "batter": "Taibur Rahman",
              "bowler": "Rumman Raees",
              "non_striker": "MH Wessels",
              "runs": {
                "batter": 0,
                "extras": 0,
                "total": 0
              }
            },
            {
              "batter": "Taibur Rahman",
              "bowler": "Rumman Raees",
              "non_striker": "MH Wessels",
              "runs": {
                "batter": 0,
                "extras": 0,
                "total": 0
              }
            },
            {
              "batter": "Taibur Rahman",
              "bowler": "Rumman Raees",
              "non_striker": "MH Wessels",
              "runs": {
                "batter": 0,
                "extras": 0,
                "total": 0
              }
            }
          ]
        },
        {
          "over": 2,
          "deliveries": [
            {
              "batter": "MH Wessels",
              "bowler": "Monir Hossain",
              "non_striker": "Taibur Rahman",
              "runs": {
                "batter": 4,
                "extras": 0,
                "total": 4
              }
            },
            {
              "batter": "MH Wessels",
              "bowler": "Monir Hossain",
              "non_striker": "Taibur Rahman",
              "runs": {
                "batter": 1,
                "extras": 0,
                "total": 1
              }
            },
            {
              "batter": "Taibur Rahman",
              "bowler": "Monir Hossain",
              "extras": {
                "noballs": 1
              },
              "non_striker": "MH Wessels",
              "runs": {
                "batter": 0,
                "extras": 1,
                "total": 1
              }
            },
            {
              "batter": "Taibur Rahman",
              "bowler": "Monir Hossain",
              "non_striker": "MH Wessels",
              "runs": {
                "batter": 1,
                "extras": 0,
                "total": 1
              }
            },
            {
              "batter": "MH Wessels",
              "bowler": "Monir Hossain",
              "non_striker": "Taibur Rahman",
              "runs": {
                "batter": 0,
                "extras": 0,
                "total": 0
              }
            },
            {
              "batter": "MH Wessels",
              "bowler": "Monir Hossain",
              "non_striker": "Taibur Rahman",
              "runs": {
                "batter": 0,
                "extras": 0,
                "total": 0
              }
            },
            {
              "batter": "MH Wessels",
              "bowler": "Monir Hossain",
              "non_striker": "Taibur Rahman",
              "runs": {
                "batter": 0,
                "extras": 0,
                "total": 0
              }
            }
          ]
        },
        {
          "over": 3,
          "deliveries": [
            {
              "batter": "Taibur Rahman",
              "bowler": "Rumman Raees",
              "non_striker": "MH Wessels",
              "runs": {
                "batter": 1,
                "extras": 0,
                "total": 1
              }
            },
            {
              "batter": "MH Wessels",
              "bowler": "Rumman Raees",
              "non_striker": "Taibur Rahman",
              "runs": {
                "batter": 0,
                "extras": 0,
                "total": 0
              }
            },
            {
              "batter": "MH Wessels",
              "bowler": "Rumman Raees",
              "non_striker": "Taibur Rahman",
              "runs": {
                "batter": 0,
                "extras": 0,
                "total": 0
              }
            },
            {
              "batter": "MH Wessels",
              "bowler": "Rumman Raees",
              "non_striker": "Taibur Rahman",
              "runs": {
                "batter": 0,
                "extras": 0,
                "total": 0
              },
              "wickets": [
                {
                  "player_out": "MH Wessels",
                  "kind": "bowled"
                }
              ]
            },
            {
              "batter": "Shuvagata Hom",
              "bowler": "Rumman Raees",
              "non_striker": "Taibur Rahman",
              "runs": {
                "batter": 0,
                "extras": 0,
                "total": 0
              }
            },
            {
              "batter": "Shuvagata Hom",
              "bowler": "Rumman Raees",
              "non_striker": "Taibur Rahman",
              "runs": {
                "batter": 0,
                "extras": 0,
                "total": 0
              }
            }
          ]
        },
        {
          "over": 4,
          "deliveries": [
            {
              "batter": "Taibur Rahman",
              "bowler": "Taijul Islam",
              "non_striker": "Shuvagata Hom",
              "runs": {
                "batter": 4,
                "extras": 0,
                "total": 4
              }
            },
            {
              "batter": "Taibur Rahman",
              "bowler": "Taijul Islam",
              "non_striker": "Shuvagata Hom",
              "runs": {
                "batter": 1,
                "extras": 0,
                "total": 1
              }
            },
            {
              "batter": "Shuvagata Hom",
              "bowler": "Taijul Islam",
              "non_striker": "Taibur Rahman",
              "runs": {
                "batter": 0,
                "extras": 0,
                "total": 0
              }
            },
            {
              "batter": "Shuvagata Hom",
              "bowler": "Taijul Islam",
              "non_striker": "Taibur Rahman",
              "runs": {
                "batter": 0,
                "extras": 0,
                "total": 0
              }
            },
            {
              "batter": "Shuvagata Hom",
              "bowler": "Taijul Islam",
              "non_striker": "Taibur Rahman",
              "runs": {
                "batter": 1,
                "extras": 0,
                "total": 1
              }
            },
            {
              "batter": "Taibur Rahman",
              "bowler": "Taijul Islam",
              "non_striker": "Shuvagata Hom",
              "runs": {
                "batter": 0,
                "extras": 0,
                "total": 0
              }
            }
          ]
        },
        {
          "over": 5,
          "deliveries": [
            {
              "batter": "Shuvagata Hom",
              "bowler": "Kamrul Islam Rabbi",
              "non_striker": "Taibur Rahman",
              "runs": {
                "batter": 1,
                "extras": 0,
                "total": 1
              }
            },
            {
              "batter": "Taibur Rahman",
              "bowler": "Kamrul Islam Rabbi",
              "non_striker": "Shuvagata Hom",
              "runs": {
                "batter": 0,
                "extras": 0,
                "total": 0
              }
            },
            {
              "batter": "Taibur Rahman",
              "bowler": "Kamrul Islam Rabbi",
              "non_striker": "Shuvagata Hom",
              "runs": {
                "batter": 4,
                "extras": 0,
                "total": 4
              }
            },
            {
              "batter": "Taibur Rahman",
              "bowler": "Kamrul Islam Rabbi",
              "non_striker": "Shuvagata Hom",
              "runs": {
                "batter": 0,
                "extras": 0,
                "total": 0
              }
            },
            {
              "batter": "Taibur Rahman",
              "bowler": "Kamrul Islam Rabbi",
              "non_striker": "Shuvagata Hom",
              "runs": {
                "batter": 1,
                "extras": 0,
                "total": 1
              }
            },
            {
              "batter": "Shuvagata Hom",
              "bowler": "Kamrul Islam Rabbi",
              "non_striker": "Taibur Rahman",
              "runs": {
                "batter": 0,
                "extras": 0,
                "total": 0
              }
            }
          ]
        },
        {
          "over": 6,
          "deliveries": [
            {
              "batter": "Taibur Rahman",
              "bowler": "Monir Hossain",
              "non_striker": "Shuvagata Hom",
              "runs": {
                "batter": 1,
                "extras": 0,
                "total": 1
              }
            },
            {
              "batter": "Shuvagata Hom",
              "bowler": "Monir Hossain",
              "extras": {
                "legbyes": 1
              },
              "non_striker": "Taibur Rahman",
              "runs": {
                "batter": 0,
                "extras": 1,
                "total": 1
              }
            },
            {
              "batter": "Taibur Rahman",
              "bowler": "Monir Hossain",
              "non_striker": "Shuvagata Hom",
              "runs": {
                "batter": 1,
                "extras": 0,
                "total": 1
              }
            },
            {
              "batter": "Shuvagata Hom",
              "bowler": "Monir Hossain",
              "non_striker": "Taibur Rahman",
              "runs": {
                "batter": 1,
                "extras": 0,
                "total": 1
              }
            },
            {
              "batter": "Taibur Rahman",
              "bowler": "Monir Hossain",
              "non_striker": "Shuvagata Hom",
              "runs": {
                "batter": 0,
                "extras": 0,
                "total": 0
              }
            },
            {
              "batter": "Taibur Rahman",
              "bowler": "Monir Hossain",
              "non_striker": "Shuvagata Hom",
              "runs": {
                "batter": 1,
                "extras": 0,
                "total": 1
              }
            }
          ]
        },
        {
          "over": 7,
          "deliveries": [
            {
              "batter": "Taibur Rahman",
              "bowler": "NLTC Perera",
              "non_striker": "Shuvagata Hom",
              "runs": {
                "batter": 2,
                "extras": 0,
                "total": 2
              }
            },
            {
              "batter": "Taibur Rahman",
              "bowler": "NLTC Perera",
              "non_striker": "Shuvagata Hom",
              "runs": {
                "batter": 1,
                "extras": 0,
                "total": 1
              }
            },
            {
              "batter": "Shuvagata Hom",
              "bowler": "NLTC Perera",
              "non_striker": "Taibur Rahman",
              "runs": {
                "batter": 4,
                "extras": 0,
                "total": 4
              }
            },
            {
              "batter": "Shuvagata Hom",
              "bowler": "NLTC Perera",
              "non_striker": "Taibur Rahman",
              "runs": {
                "batter": 4,
                "extras": 0,
                "total": 4
              }
            },
            {
              "batter": "Shuvagata Hom",
              "bowler": "NLTC Perera",
              "non_striker": "Taibur Rahman",
              "runs": {
                "batter": 4,
                "extras": 0,
                "total": 4
              }
            },
            {
              "batter": "Shuvagata Hom",
              "bowler": "NLTC Perera",
              "non_striker": "Taibur Rahman",
              "runs": {
                "batter": 0,
                "extras": 0,
                "total": 0
              }
            }
          ]
        },
        {
          "over": 8,
          "deliveries": [
            {
              "batter": "Taibur Rahman",
              "bowler": "Taijul Islam",
              "non_striker": "Shuvagata Hom",
              "runs": {
                "batter": 1,
                "extras": 0,
                "total": 1
              }
            },
            {
              "batter": "Shuvagata Hom",
              "bowler": "Taijul Islam",
              "non_striker": "Taibur Rahman",
              "runs": {
                "batter": 0,
                "extras": 0,
                "total": 0
              },
              "wickets": [
                {
                  "player_out": "Taibur Rahman",
                  "fielders": [
                    {
                      "name": "Mushfiqur Rahim"
                    }
                  ],
                  "kind": "run out"
                }
              ]
            },
            {
              "batter": "Mahmudullah",
              "bowler": "Taijul Islam",
              "non_striker": "Shuvagata Hom",
              "runs": {
                "batter": 0,
                "extras": 0,
                "total": 0
              }
            },
            {
              "batter": "Mahmudullah",
              "bowler": "Taijul Islam",
              "non_striker": "Shuvagata Hom",
              "runs": {
                "batter": 0,
                "extras": 0,
                "total": 0
              }
            },
            {
              "batter": "Mahmudullah",
              "bowler": "Taijul Islam",
              "non_striker": "Shuvagata Hom",
              "runs": {
                "batter": 1,
                "extras": 0,
                "total": 1
              }
            },
            {
              "batter": "Shuvagata Hom",
              "bowler": "Taijul Islam",
              "non_striker": "Mahmudullah",
              "runs": {
                "batter": 0,
                "extras": 0,
                "total": 0
              }
            }
          ]
        },
        {
          "over": 9,
          "deliveries": [
            {
              "batter": "Mahmudullah",
              "bowler": "Monir Hossain",
              "non_striker": "Shuvagata Hom",
              "runs": {
                "batter": 0,
                "extras": 0,
                "total": 0
              }
            },
            {
              "batter": "Mahmudullah",
              "bowler": "Monir Hossain",
              "non_striker": "Shuvagata Hom",
              "runs": {
                "batter": 0,
                "extras": 0,
                "total": 0
              }
            },
            {
              "batter": "Mahmudullah",
              "bowler": "Monir Hossain",
              "non_striker": "Shuvagata Hom",
              "runs": {
                "batter": 1,
                "extras": 0,
                "total": 1
              }
            },
            {
              "batter": "Shuvagata Hom",
              "bowler": "Monir Hossain",
              "non_striker": "Mahmudullah",
              "runs": {
                "batter": 2,
                "extras": 0,
                "total": 2
              }
            },
            {
              "batter": "Shuvagata Hom",
              "bowler": "Monir Hossain",
              "non_striker": "Mahmudullah",
              "runs": {
                "batter": 1,
                "extras": 0,
                "total": 1
              }
            },
            {
              "batter": "Mahmudullah",
              "bowler": "Monir Hossain",
              "non_striker": "Shuvagata Hom",
              "runs": {
                "batter": 1,
                "extras": 0,
                "total": 1
              }
            }
          ]
        },
        {
          "over": 10,
          "deliveries": [
            {
              "batter": "Mahmudullah",
              "bowler": "Taijul Islam",
              "non_striker": "Shuvagata Hom",
              "runs": {
                "batter": 1,
                "extras": 0,
                "total": 1
              }
            },
            {
              "batter": "Shuvagata Hom",
              "bowler": "Taijul Islam",
              "non_striker": "Mahmudullah",
              "runs": {
                "batter": 1,
                "extras": 0,
                "total": 1
              }
            },
            {
              "batter": "Mahmudullah",
              "bowler": "Taijul Islam",
              "non_striker": "Shuvagata Hom",
              "runs": {
                "batter": 0,
                "extras": 0,
                "total": 0
              }
            },
            {
              "batter": "Mahmudullah",
              "bowler": "Taijul Islam",
              "non_striker": "Shuvagata Hom",
              "runs": {
                "batter": 0,
                "extras": 0,
                "total": 0
              }
            },
            {
              "batter": "Mahmudullah",
              "bowler": "Taijul Islam",
              "non_striker": "Shuvagata Hom",
              "runs": {
                "batter": 0,
                "extras": 0,
                "total": 0
              }
            },
            {
              "batter": "Mahmudullah",
              "bowler": "Taijul Islam",
              "non_striker": "Shuvagata Hom",
              "runs": {
                "batter": 0,
                "extras": 0,
                "total": 0
              }
            }
          ]
        },
        {
          "over": 11,
          "deliveries": [
            {
              "batter": "Shuvagata Hom",
              "bowler": "Monir Hossain",
              "extras": {
                "legbyes": 2
              },
              "non_striker": "Mahmudullah",
              "runs": {
                "batter": 0,
                "extras": 2,
                "total": 2
              }
            },
            {
              "batter": "Shuvagata Hom",
              "bowler": "Monir Hossain",
              "non_striker": "Mahmudullah",
              "runs": {
                "batter": 6,
                "extras": 0,
                "total": 6
              }
            },
            {
              "batter": "Shuvagata Hom",
              "bowler": "Monir Hossain",
              "non_striker": "Mahmudullah",
              "runs": {
                "batter": 0,
                "extras": 0,
                "total": 0
              }
            },
            {
              "batter": "Shuvagata Hom",
              "bowler": "Monir Hossain",
              "non_striker": "Mahmudullah",
              "runs": {
                "batter": 0,
                "extras": 0,
                "total": 0
              }
            },
            {
              "batter": "Shuvagata Hom",
              "bowler": "Monir Hossain",
              "non_striker": "Mahmudullah",
              "runs": {
                "batter": 1,
                "extras": 0,
                "total": 1
              }
            },
            {
              "batter": "Mahmudullah",
              "bowler": "Monir Hossain",
              "non_striker": "Shuvagata Hom",
              "runs": {
                "batter": 6,
                "extras": 0,
                "total": 6
              }
            }
          ]
        },
        {
          "over": 12,
          "deliveries": [
            {
              "batter": "Shuvagata Hom",
              "bowler": "Kamrul Islam Rabbi",
              "non_striker": "Mahmudullah",
              "runs": {
                "batter": 4,
                "extras": 0,
                "total": 4
              }
            },
            {
              "batter": "Shuvagata Hom",
              "bowler": "Kamrul Islam Rabbi",
              "non_striker": "Mahmudullah",
              "runs": {
                "batter": 1,
                "extras": 0,
                "total": 1
              }
            },
            {
              "batter": "Mahmudullah",
              "bowler": "Kamrul Islam Rabbi",
              "non_striker": "Shuvagata Hom",
              "runs": {
                "batter": 2,
                "extras": 0,
                "total": 2
              }
            },
            {
              "batter": "Mahmudullah",
              "bowler": "Kamrul Islam Rabbi",
              "non_striker": "Shuvagata Hom",
              "runs": {
                "batter": 0,
                "extras": 0,
                "total": 0
              }
            },
            {
              "batter": "Mahmudullah",
              "bowler": "Kamrul Islam Rabbi",
              "non_striker": "Shuvagata Hom",
              "runs": {
                "batter": 0,
                "extras": 0,
                "total": 0
              }
            },
            {
              "batter": "Mahmudullah",
              "bowler": "Kamrul Islam Rabbi",
              "non_striker": "Shuvagata Hom",
              "runs": {
                "batter": 4,
                "extras": 0,
                "total": 4
              }
            }
          ]
        },
        {
          "over": 13,
          "deliveries": [
            {
              "batter": "Shuvagata Hom",
              "bowler": "BMAJ Mendis",
              "non_striker": "Mahmudullah",
              "runs": {
                "batter": 0,
                "extras": 0,
                "total": 0
              }
            },
            {
              "batter": "Shuvagata Hom",
              "bowler": "BMAJ Mendis",
              "non_striker": "Mahmudullah",
              "runs": {
                "batter": 1,
                "extras": 0,
                "total": 1
              }
            },
            {
              "batter": "Mahmudullah",
              "bowler": "BMAJ Mendis",
              "non_striker": "Shuvagata Hom",
              "runs": {
                "batter": 1,
                "extras": 0,
                "total": 1
              }
            },
            {
              "batter": "Shuvagata Hom",
              "bowler": "BMAJ Mendis",
              "non_striker": "Mahmudullah",
              "runs": {
                "batter": 4,
                "extras": 0,
                "total": 4
              }
            },
            {
              "batter": "Shuvagata Hom",
              "bowler": "BMAJ Mendis",
              "non_striker": "Mahmudullah",
              "runs": {
                "batter": 1,
                "extras": 0,
                "total": 1
              }
            },
            {
              "batter": "Mahmudullah",
              "bowler": "BMAJ Mendis",
              "non_striker": "Shuvagata Hom",
              "runs": {
                "batter": 1,
                "extras": 0,
                "total": 1
              }
            }
          ]
        },
        {
          "over": 14,
          "deliveries": [
            {
              "batter": "Mahmudullah",
              "bowler": "Rumman Raees",
              "non_striker": "Shuvagata Hom",
              "runs": {
                "batter": 2,
                "extras": 0,
                "total": 2
              }
            },
            {
              "batter": "Mahmudullah",
              "bowler": "Rumman Raees",
              "non_striker": "Shuvagata Hom",
              "runs": {
                "batter": 1,
                "extras": 0,
                "total": 1
              }
            },
            {
              "batter": "Shuvagata Hom",
              "bowler": "Rumman Raees",
              "non_striker": "Mahmudullah",
              "runs": {
                "batter": 1,
                "extras": 0,
                "total": 1
              }
            },
            {
              "batter": "Mahmudullah",
              "bowler": "Rumman Raees",
              "non_striker": "Shuvagata Hom",
              "runs": {
                "batter": 0,
                "extras": 0,
                "total": 0
              }
            },
            {
              "batter": "Mahmudullah",
              "bowler": "Rumman Raees",
              "non_striker": "Shuvagata Hom",
              "runs": {
                "batter": 0,
                "extras": 0,
                "total": 0
              }
            },
            {
              "batter": "Mahmudullah",
              "bowler": "Rumman Raees",
              "non_striker": "Shuvagata Hom",
              "runs": {
                "batter": 1,
                "extras": 0,
                "total": 1
              }
            }
          ]
        },
        {
          "over": 15,
          "deliveries": [
            {
              "batter": "Mahmudullah",
              "bowler": "NLTC Perera",
              "non_striker": "Shuvagata Hom",
              "runs": {
                "batter": 6,
                "extras": 0,
                "total": 6
              }
            },
            {
              "batter": "Mahmudullah",
              "bowler": "NLTC Perera",
              "non_striker": "Shuvagata Hom",
              "runs": {
                "batter": 1,
                "extras": 0,
                "total": 1
              }
            },
            {
              "batter": "Shuvagata Hom",
              "bowler": "NLTC Perera",
              "non_striker": "Mahmudullah",
              "runs": {
                "batter": 1,
                "extras": 0,
                "total": 1
              }
            },
            {
              "batter": "Mahmudullah",
              "bowler": "NLTC Perera",
              "non_striker": "Shuvagata Hom",
              "runs": {
                "batter": 1,
                "extras": 0,
                "total": 1
              }
            },
            {
              "batter": "Shuvagata Hom",
              "bowler": "NLTC Perera",
              "non_striker": "Mahmudullah",
              "runs": {
                "batter": 0,
                "extras": 0,
                "total": 0
              }
            },
            {
              "batter": "Shuvagata Hom",
              "bowler": "NLTC Perera",
              "non_striker": "Mahmudullah",
              "runs": {
                "batter": 1,
                "extras": 0,
                "total": 1
              }
            }
          ]
        },
        {
          "over": 16,
          "deliveries": [
            {
              "batter": "Shuvagata Hom",
              "bowler": "Rumman Raees",
              "non_striker": "Mahmudullah",
              "runs": {
                "batter": 0,
                "extras": 0,
                "total": 0
              },
              "wickets": [
                {
                  "player_out": "Shuvagata Hom",
                  "kind": "bowled"
                }
              ]
            },
            {
              "batter": "N Pooran",
              "bowler": "Rumman Raees",
              "non_striker": "Mahmudullah",
              "runs": {
                "batter": 1,
                "extras": 0,
                "total": 1
              }
            },
            {
              "batter": "Mahmudullah",
              "bowler": "Rumman Raees",
              "non_striker": "N Pooran",
              "runs": {
                "batter": 0,
                "extras": 0,
                "total": 0
              }
            },
            {
              "batter": "Mahmudullah",
              "bowler": "Rumman Raees",
              "non_striker": "N Pooran",
              "runs": {
                "batter": 1,
                "extras": 0,
                "total": 1
              }
            },
            {
              "batter": "N Pooran",
              "bowler": "Rumman Raees",
              "non_striker": "Mahmudullah",
              "runs": {
                "batter": 1,
                "extras": 0,
                "total": 1
              }
            },
            {
              "batter": "Mahmudullah",
              "bowler": "Rumman Raees",
              "non_striker": "N Pooran",
              "runs": {
                "batter": 1,
                "extras": 0,
                "total": 1
              }
            }
          ]
        },
        {
          "over": 17,
          "deliveries": [
            {
              "batter": "Mahmudullah",
              "bowler": "Kamrul Islam Rabbi",
              "non_striker": "N Pooran",
              "runs": {
                "batter": 1,
                "extras": 0,
                "total": 1
              }
            },
            {
              "batter": "N Pooran",
              "bowler": "Kamrul Islam Rabbi",
              "non_striker": "Mahmudullah",
              "runs": {
                "batter": 0,
                "extras": 0,
                "total": 0
              }
            },
            {
              "batter": "N Pooran",
              "bowler": "Kamrul Islam Rabbi",
              "non_striker": "Mahmudullah",
              "runs": {
                "batter": 1,
                "extras": 0,
                "total": 1
              }
            },
            {
              "batter": "Mahmudullah",
              "bowler": "Kamrul Islam Rabbi",
              "non_striker": "N Pooran",
              "runs": {
                "batter": 0,
                "extras": 0,
                "total": 0
              }
            },
            {
              "batter": "Mahmudullah",
              "bowler": "Kamrul Islam Rabbi",
              "non_striker": "N Pooran",
              "runs": {
                "batter": 0,
                "extras": 0,
                "total": 0
              }
            },
            {
              "batter": "Mahmudullah",
              "bowler": "Kamrul Islam Rabbi",
              "non_striker": "N Pooran",
              "runs": {
                "batter": 2,
                "extras": 0,
                "total": 2
              }
            }
          ]
        },
        {
          "over": 18,
          "deliveries": [
            {
              "batter": "N Pooran",
              "bowler": "NLTC Perera",
              "non_striker": "Mahmudullah",
              "runs": {
                "batter": 0,
                "extras": 0,
                "total": 0
              }
            },
            {
              "batter": "N Pooran",
              "bowler": "NLTC Perera",
              "non_striker": "Mahmudullah",
              "runs": {
                "batter": 4,
                "extras": 0,
                "total": 4
              }
            },
            {
              "batter": "N Pooran",
              "bowler": "NLTC Perera",
              "non_striker": "Mahmudullah",
              "runs": {
                "batter": 1,
                "extras": 0,
                "total": 1
              }
            },
            {
              "batter": "Mahmudullah",
              "bowler": "NLTC Perera",
              "non_striker": "N Pooran",
              "runs": {
                "batter": 1,
                "extras": 0,
                "total": 1
              }
            }
          ]
        }
      ],
      "powerplays": [
        {
          "from": 0.1,
          "to": 5.6,
          "type": "mandatory"
        }
      ],
      "target": {
        "overs": 20,
        "runs": 120
      }
    }
  ]
}