{
  "meta": {
    "data_version": "1.1.0",
    "created": "2021-11-02",
    "revision": 2
  },
  "info": {
    "balls_per_over": 6,
    "city": "Dhaka",
    "dates": [
      "2016-11-10"
    ],
    "event": {
      "name": "Bangladesh Premier League",
      "match_number": 5
    },
    "gender": "male",
    "match_type": "T20",
    "officials": {
      "match_referees": [
        "Neeyamur Rashid"
      ],
      "reserve_umpires": [
        "Mozahiduzzaman"
      ],
      "tv_umpires": [
        "Tanvir Ahmed"
      ],
      "umpires": [
        "Mahfuzur Rahman",
        "REJ Martinesz"
      ]
    },
    "outcome": {
      "winner": "Rangpur Riders",
      "by": {
        "wickets": 9
      }
    },
    "overs": 20,
    "player_of_match": [
      "Shahid Afridi"
    ],
    "players": {
      "Khulna Titans": [
        "Abdul Mazid",
        "N Pooran",
        "MH Wessels",
        "Mahmudullah",
        "Shuvagata Hom",
        "Alok Kapali",
        "Ariful Haque",
        "Mohammad Saddam",
        "Junaid Khan",
        "Mohammad Asghar",
        "Shafiul Islam"
      ],
      "Rangpur Riders": [
        "Mohammad Shahzad",
        "Soumya Sarkar",
        "Mohammad Mithun",
        "Muktar Ali",
        "Rubel Hossain",
        "Arafat Sunny",
        "Shahid Afridi",
        "RJ Gleeson",
        "Naeem Islam",
        "Sohag Gazi",
        "LA Dawson"
      ]
    },
    "registry": {
      "people": {
        "Abdul Mazid": "61a1cead",
        "Alok Kapali": "54279e23",
        "Arafat Sunny": "1f7adc8a",
        "Ariful Haque": "ad1730bc",
        "Junaid Khan": "086f5984",
        "LA Dawson": "4a461c24",
        "MH Wessels": "90f47cf2",
        "Mahfuzur Rahman": "3275b68b",
        "Mahmudullah": "bf1d7d3e",
        "Mohammad Asghar": "574665e2",
        "Mohammad Mithun": "77191792",
        "Mohammad Saddam": "7bd03d63",
        "Mohammad Shahzad": "d6dcb0c9",
        "Mozahiduzzaman": "a149de90",
        "Muktar Ali": "4a491652",
        "N Pooran": "3241e3fd",
        "Naeem Islam": "02e83ac5",
        "Neeyamur Rashid": "bd81a027",
        "REJ Martinesz": "140cdf29",
        "RJ Gleeson": "402f8494",
        "Rubel Hossain": "f56cd097",
        "Shafiul Islam": "1a8eebbe",
        "Shahid Afridi": "0dc00542",
        "Shuvagata Hom": "bb01f9e0",
        "Sohag Gazi": "5a4c12ab",
        "Soumya Sarkar": "4d9f9686",
        "Tanvir Ahmed": "ea2df1f1"
      }
    },
    "season": "2016/17",
    "team_type": "club",
    "teams": [
      "Khulna Titans",
      "Rangpur Riders"
    ],
    "toss": {
      "decision": "field",
      "winner": "Rangpur Riders"
    },
    "venue": "Shere Bangla National Stadium, Mirpur"
  },
  "innings": [
    {
      "team": "Khulna Titans",
      "overs": [
        {
          "over": 0,
          "deliveries": [
            {
              "batter": "Abdul Mazid",
              "bowler": "Sohag Gazi",
              "non_striker": "N Pooran",
              "runs": {
                "batter": 1,
                "extras": 0,
                "total": 1
              }
            },
            {
              "batter": "N Pooran",
              "bowler": "Sohag Gazi",
              "non_striker": "Abdul Mazid",
              "runs": {
                "batter": 0,
                "extras": 0,
                "total": 0
              },
              "wickets": [
                {
                  "player_out": "N Pooran",
                  "kind": "bowled"
                }
              ]
            },
            {
              "batter": "MH Wessels",
              "bowler": "Sohag Gazi",
              "non_striker": "Abdul Mazid",
              "runs": {
                "batter": 1,
                "extras": 0,
                "total": 1
              }
            },
            {
              "batter": "Abdul Mazid",
              "bowler": "Sohag Gazi",
              "non_striker": "MH Wessels",
              "runs": {
                "batter": 0,
                "extras": 0,
                "total": 0
              }
            },
            {
              "batter": "Abdul Mazid",
              "bowler": "Sohag Gazi",
              "non_striker": "MH Wessels",
              "runs": {
                "batter": 0,
                "extras": 0,
                "total": 0
              }
            },
            {
              "batter": "Abdul Mazid",
              "bowler": "Sohag Gazi",
              "non_striker": "MH Wessels",
              "runs": {
                "batter": 4,
                "extras": 0,
                "total": 4
              }
            }
          ]
        },
        {
          "over": 1,
          "deliveries": [
            {
              "batter": "MH Wessels",
              "bowler": "Rubel Hossain",
              "non_striker": "Abdul Mazid",
              "runs": {
                "batter": 0,
                "extras": 0,
                "total": 0
              }
            },
            {
              "batter": "MH Wessels",
              "bowler": "Rubel Hossain",
              "non_striker": "Abdul Mazid",
              "runs": {
                "batter": 1,
                "extras": 0,
                "total": 1
              }
            },
            {
              "batter": "Abdul Mazid",
              "bowler": "Rubel Hossain",
              "non_striker": "MH Wessels",
              "runs": {
                "batter": 0,
                "extras": 0,
                "total": 0
              }
            },
            {
              "batter": "Abdul Mazid",
              "bowler": "Rubel Hossain",
              "non_striker": "MH Wessels",
              "runs": {
                "batter": 1,
                "extras": 0,
                "total": 1
              }
            },
            {
              "batter": "MH Wessels",
              "bowler": "Rubel Hossain",
              "non_striker": "Abdul Mazid",
              "runs": {
                "batter": 0,
                "extras": 0,
                "total": 0
              }
            },
            {
              "batter": "MH Wessels",
              "bowler": "Rubel Hossain",
              "non_striker": "Abdul Mazid",
              "runs": {
                "batter": 2,
                "extras": 0,
                "total": 2
              }
            }
          ]
        },
        {
          "over": 2,
          "deliveries": [
            {
              "batter": "Abdul Mazid",
              "bowler": "Arafat Sunny",
              "non_striker": "MH Wessels",
              "runs": {
                "batter": 0,
                "extras": 0,
                "total": 0
              }
            },
            {
              "batter": "Abdul Mazid",
              "bowler": "Arafat Sunny",
              "non_striker": "MH Wessels",
              "runs": {
                "batter": 0,
                "extras": 0,
                "total": 0
              }
            },
            {
              "batter": "Abdul Mazid",
              "bowler": "Arafat Sunny",
              "non_striker": "MH Wessels",
              "runs": {
                "batter": 0,
                "extras": 0,
                "total": 0
              }
            },
            {
              "batter": "Abdul Mazid",
              "bowler": "Arafat Sunny",
              "non_striker": "MH Wessels",
              "runs": {
                "batter": 0,
                "extras": 0,
                "total": 0
              }
            },
            {
              "batter": "Abdul Mazid",
              "bowler": "Arafat Sunny",
              "non_striker": "MH Wessels",
              "runs": {
                "batter": 0,
                "extras": 0,
                "total": 0
              },
              "wickets": [
                {
                  "player_out": "Abdul Mazid",
                  "fielders": [
                    {
                      "name": "Sohag Gazi"
                    }
                  ],
                  "kind": "run out"
                }
              ]
            },
            {
              "batter": "MH Wessels",
              "bowler": "Arafat Sunny",
              "extras": {
                "legbyes": 2
              },
              "non_striker": "Mahmudullah",
              "runs": {
                "batter": 0,
                "extras": 2,
                "total": 2
              }
            }
          ]
        },
        {
          "over": 3,
          "deliveries": [
            {
              "batter": "Mahmudullah",
              "bowler": "RJ Gleeson",
              "non_striker": "MH Wessels",
              "runs": {
                "batter": 1,
                "extras": 0,
                "total": 1
              }
            },
            {
              "batter": "MH Wessels",
              "bowler": "RJ Gleeson",
              "non_striker": "Mahmudullah",
              "runs": {
                "batter": 0,
                "extras": 0,
                "total": 0
              }
            },
            {
              "batter": "MH Wessels",
              "bowler": "RJ Gleeson",
              "non_striker": "Mahmudullah",
              "runs": {
                "batter": 1,
                "extras": 0,
                "total": 1
              }
            },
            {
              "batter": "Mahmudullah",
              "bowler": "RJ Gleeson",
              "non_striker": "MH Wessels",
              "runs": {
                "batter": 1,
                "extras": 0,
                "total": 1
              }
            },
            {
              "batter": "MH Wessels",
              "bowler": "RJ Gleeson",
              "extras": {
                "legbyes": 1
              },
              "non_striker": "Mahmudullah",
              "runs": {
                "batter": 0,
                "extras": 1,
                "total": 1
              }
            },
            {
              "batter": "Mahmudullah",
              "bowler": "RJ Gleeson",
              "non_striker": "MH Wessels",
              "runs": {
                "batter": 0,
                "extras": 0,
                "total": 0
              },
              "wickets": [
                {
                  "player_out": "Mahmudullah",
                  "kind": "lbw"
                }
              ]
            }
          ]
        },
        {
          "over": 4,
          "deliveries": [
            {
              "batter": "MH Wessels",
              "bowler": "Shahid Afridi",
              "non_striker": "Shuvagata Hom",
              "runs": {
                "batter": 0,
                "extras": 0,
                "total": 0
              },
              "wickets": [
                {
                  "player_out": "MH Wessels",
                  "kind": "bowled"
                }
              ]
            },
            {
              "batter": "Alok Kapali",
              "bowler": "Shahid Afridi",
              "non_striker": "Shuvagata Hom",
              "runs": {
                "batter": 0,
                "extras": 0,
                "total": 0
              },
              "wickets": [
                {
                  "player_out": "Alok Kapali",
                  "kind": "lbw"
                }
              ]
            },
            {
              "batter": "Ariful Haque",
              "bowler": "Shahid Afridi",
              "non_striker": "Shuvagata Hom",
              "runs": {
                "batter": 0,
                "extras": 0,
                "total": 0
              }
            },
            {
              "batter": "Ariful Haque",
              "bowler": "Shahid Afridi",
              "non_striker": "Shuvagata Hom",
              "runs": {
                "batter": 1,
                "extras": 0,
                "total": 1
              }
            },
            {
              "batter": "Shuvagata Hom",
              "bowler": "Shahid Afridi",
              "non_striker": "Ariful Haque",
              "runs": {
                "batter": 2,
                "extras": 0,
                "total": 2
              }
            },
            {
              "batter": "Shuvagata Hom",
              "bowler": "Shahid Afridi",
              "non_striker": "Ariful Haque",
              "runs": {
                "batter": 0,
                "extras": 0,
                "total": 0
              }
            }
          ]
        },
        {
          "over": 5,
          "deliveries": [
            {
              "batter": "Ariful Haque",
              "bowler": "RJ Gleeson",
              "non_striker": "Shuvagata Hom",
              "runs": {
                "batter": 1,
                "extras": 0,
                "total": 1
              }
            },
            {
              "batter": "Shuvagata Hom",
              "bowler": "RJ Gleeson",
              "non_striker": "Ariful Haque",
              "runs": {
                "batter": 4,
                "extras": 0,
                "total": 4
              }
            },
            {
              "batter": "Shuvagata Hom",
              "bowler": "RJ Gleeson",
              "non_striker": "Ariful Haque",
              "runs": {
                "batter": 0,
                "extras": 0,
                "total": 0
              }
            },
            {
              "batter": "Shuvagata Hom",
              "bowler": "RJ Gleeson",
              "non_striker": "Ariful Haque",
              "runs": {
                "batter": 4,
                "extras": 0,
                "total": 4
              }
            },
            {
              "batter": "Shuvagata Hom",
              "bowler": "RJ Gleeson",
              "non_striker": "Ariful Haque",
              "runs": {
                "batter": 0,
                "extras": 0,
                "total": 0
              }
            },
            {
              "batter": "Shuvagata Hom",
              "bowler": "RJ Gleeson",
              "non_striker": "Ariful Haque",
              "runs": {
                "batter": 2,
                "extras": 0,
                "total": 2
              }
            }
          ]
        },
        {
          "over": 6,
          "deliveries": [
            {
              "batter": "Ariful Haque",
              "bowler": "Shahid Afridi",
              "non_striker": "Shuvagata Hom",
              "runs": {
                "batter": 1,
                "extras": 0,
                "total": 1
              }
            },
            {
              "batter": "Shuvagata Hom",
              "bowler": "Shahid Afridi",
              "non_striker": "Ariful Haque",
              "runs": {
                "batter": 0,
                "extras": 0,
                "total": 0
              },
              "wickets": [
                {
                  "player_out": "Shuvagata Hom",
                  "kind": "bowled"
                }
              ]
            },
            {
              "batter": "Mohammad Saddam",
              "bowler": "Shahid Afridi",
              "extras": {
                "legbyes": 1
              },
              "non_striker": "Ariful Haque",
              "runs": {
                "batter": 0,
                "extras": 1,
                "total": 1
              }
            },
            {
              "batter": "Ariful Haque",
              "bowler": "Shahid Afridi",
              "non_striker": "Mohammad Saddam",
              "runs": {
                "batter": 0,
                "extras": 0,
                "total": 0
              }
            },
            {
              "batter": "Ariful Haque",
              "bowler": "Shahid Afridi",
              "non_striker": "Mohammad Saddam",
              "runs": {
                "batter": 0,
                "extras": 0,
                "total": 0
              }
            },
            {
              "batter": "Ariful Haque",
              "bowler": "Shahid Afridi",
              "non_striker": "Mohammad Saddam",
              "runs": {
                "batter": 4,
                "extras": 0,
                "total": 4
              }
            }
          ]
        },
        {
          "over": 7,
          "deliveries": [
            {
              "batter": "Mohammad Saddam",
              "bowler": "Rubel Hossain",
              "non_striker": "Ariful Haque",
              "runs": {
                "batter": 4,
                "extras": 0,
                "total": 4
              }
            },
            {
              "batter": "Mohammad Saddam",
              "bowler": "Rubel Hossain",
              "non_striker": "Ariful Haque",
              "runs": {
                "batter": 0,
                "extras": 0,
                "total": 0
              }
            },
            {
              "batter": "Mohammad Saddam",
              "bowler": "Rubel Hossain",
              "non_striker": "Ariful Haque",
              "runs": {
                "batter": 0,
                "extras": 0,
                "total": 0
              }
            },
            {
              "batter": "Mohammad Saddam",
              "bowler": "Rubel Hossain",
              "non_striker": "Ariful Haque",
              "runs": {
                "batter": 0,
                "extras": 0,
                "total": 0
              }
            },
            {
              "batter": "Mohammad Saddam",
              "bowler": "Rubel Hossain",
              "non_striker": "Ariful Haque",
              "runs": {
                "batter": 0,
                "extras": 0,
                "total": 0
              }
            },
            {
              "batter": "Mohammad Saddam",
              "bowler": "Rubel Hossain",
              "non_striker": "Ariful Haque",
              "runs": {
                "batter": 0,
                "extras": 0,
                "total": 0
              }
            }
          ]
        },
        {
          "over": 8,
          "deliveries": [
            {
              "batter": "Ariful Haque",
              "bowler": "Arafat Sunny",
              "non_striker": "Mohammad Saddam",
              "runs": {
                "batter": 0,
                "extras": 0,
                "total": 0
              },
              "wickets": [
                {
                  "player_out": "Ariful Haque",
                  "kind": "lbw"
                }
              ]
            },
            {
              "batter": "Junaid Khan",
              "bowler": "Arafat Sunny",
              "non_striker": "Mohammad Saddam",
              "runs": {
                "batter": 0,
                "extras": 0,
                "total": 0
              }
            },
            {
              "batter": "Junaid Khan",
              "bowler": "Arafat Sunny",
              "non_striker": "Mohammad Saddam",
              "runs": {
                "batter": 0,
                "extras": 0,
                "total": 0
              }
            },
            {
              "batter": "Junaid Khan",
              "bowler": "Arafat Sunny",
              "non_striker": "Mohammad Saddam",
              "runs": {
                "batter": 0,
                "extras": 0,
                "total": 0
              }
            },
            {
              "batter": "Junaid Khan",
              "bowler": "Arafat Sunny",
              "non_striker": "Mohammad Saddam",
              "runs": {
                "batter": 0,
                "extras": 0,
                "total": 0
              },
              "wickets": [
                {
                  "player_out": "Junaid Khan",
                  "fielders": [
                    {
                      "name": "Soumya Sarkar"
                    }
                  ],
                  "kind": "caught"
                }
              ]
            },
            {
              "batter": "Mohammad Asghar",
              "bowler": "Arafat Sunny",
              "non_striker": "Mohammad Saddam",
              "runs": {
                "batter": 0,
                "extras": 0,
                "total": 0
              }
            }
          ]
        },
        {
          "over": 9,
          "deliveries": [
            {
              "batter": "Mohammad Saddam",
              "bowler": "Shahid Afridi",
              "non_striker": "Mohammad Asghar",
              "runs": {
                "batter": 0,
                "extras": 0,
                "total": 0
              }
            },
            {
              "batter": "Mohammad Saddam",
              "bowler": "Shahid Afridi",
              "non_striker": "Mohammad Asghar",
              "runs": {
                "batter": 4,
                "extras": 0,
                "total": 4
              }
            },
            {
              "batter": "Mohammad Saddam",
              "bowler": "Shahid Afridi",
              "non_striker": "Mohammad Asghar",
              "runs": {
                "batter": 0,
                "extras": 0,
                "total": 0
              }
            },
            {
              "batter": "Mohammad Saddam",
              "bowler": "Shahid Afridi",
              "non_striker": "Mohammad Asghar",
              "runs": {
                "batter": 0,
                "extras": 0,
                "total": 0
              },
              "wickets": [
                {
                  "player_out": "Mohammad Saddam",
                  "kind": "bowled"
                }
              ]
            },
            {
              "batter": "Shafiul Islam",
              "bowler": "Shahid Afridi",
              "non_striker": "Mohammad Asghar",
              "runs": {
                "batter": 0,
                "extras": 0,
                "total": 0
              }
            },
            {
              "batter": "Shafiul Islam",
              "bowler": "Shahid Afridi",
              "non_striker": "Mohammad Asghar",
              "runs": {
                "batter": 0,
                "extras": 0,
                "total": 0
              }
            }
          ]
        },
        {
          "over": 10,
          "deliveries": [
            {
              "batter": "Mohammad Asghar",
              "bowler": "Arafat Sunny",
              "non_striker": "Shafiul Islam",
              "runs": {
                "batter": 0,
                "extras": 0,
                "total": 0
              }
            },
            {
              "batter": "Mohammad Asghar",
              "bowler": "Arafat Sunny",
              "non_striker": "Shafiul Islam",
              "runs": {
                "batter": 0,
                "extras": 0,
                "total": 0
              }
            },
            {
              "batter": "Mohammad Asghar",
              "bowler": "Arafat Sunny",
              "non_striker": "Shafiul Islam",
              "runs": {
                "batter": 0,
                "extras": 0,
                "total": 0
              }
            },
            {
              "batter": "Mohammad Asghar",
              "bowler": "Arafat Sunny",
              "non_striker": "Shafiul Islam",
              "runs": {
                "batter": 0,
                "extras": 0,
                "total": 0
              },
              "wickets": [
                {
                  "player_out": "Mohammad Asghar",
                  "kind": "bowled"
                }
              ]
            }
          ]
        }
      ],
      "powerplays": [
        {
          "from": 0.1,
          "to": 5.6,
          "type": "mandatory"
        }
      ]
    },
    {
      "team": "Rangpur Riders",
      "overs": [
        {
          "over": 0,
          "deliveries": [
            {
              "batter": "Mohammad Shahzad",
              "bowler": "Junaid Khan",
              "non_striker": "Soumya Sarkar",
              "runs": {
                "batter": 0,
                "extras": 0,
                "total": 0
              }
            },
            {
              "batter": "Mohammad Shahzad",
              "bowler": "Junaid Khan",
              "non_striker": "Soumya Sarkar",
              "runs": {
                "batter": 0,
                "extras": 0,
                "total": 0
              }
            },
            {
              "batter": "Mohammad Shahzad",
              "bowler": "Junaid Khan",
              "extras": {
                "noballs": 1
              },
              "non_striker": "Soumya Sarkar",
              "runs": {
                "batter": 0,
                "extras": 1,
                "total": 1
              }
            },
            {
              "batter": "Mohammad Shahzad",
              "bowler": "Junaid Khan",
              "non_striker": "Soumya Sarkar",
              "runs": {
                "batter": 4,
                "extras": 0,
                "total": 4
              }
            },
            {
              "batter": "Mohammad Shahzad",
              "bowler": "Junaid Khan",
              "non_striker": "Soumya Sarkar",
              "runs": {
                "batter": 0,
                "extras": 0,
                "total": 0
              }
            },
            {
              "batter": "Mohammad Shahzad",
              "bowler": "Junaid Khan",
              "non_striker": "Soumya Sarkar",
              "runs": {
                "batter": 4,
                "extras": 0,
                "total": 4
              }
            },
            {
              "batter": "Mohammad Shahzad",
              "bowler": "Junaid Khan",
              "non_striker": "Soumya Sarkar",
              "runs": {
                "batter": 0,
                "extras": 0,
                "total": 0
              }
            }
          ]
        },
        {
          "over": 1,
          "deliveries": [
            {
              "batter": "Soumya Sarkar",
              "bowler": "Mohammad Asghar",
              "non_striker": "Mohammad Shahzad",
              "runs": {
                "batter": 0,
                "extras": 0,
                "total": 0
              }
            },
            {
              "batter": "Soumya Sarkar",
              "bowler": "Mohammad Asghar",
              "non_striker": "Mohammad Shahzad",
              "runs": {
                "batter": 0,
                "extras": 0,
                "total": 0
              }
            },
            {
              "batter": "Soumya Sarkar",
              "bowler": "Mohammad Asghar",
              "non_striker": "Mohammad Shahzad",
              "runs": {
                "batter": 1,
                "extras": 0,
                "total": 1
              }
            },
            {
              "batter": "Mohammad Shahzad",
              "bowler": "Mohammad Asghar",
              "non_striker": "Soumya Sarkar",
              "runs": {
                "batter": 0,
                "extras": 0,
                "total": 0
              }
            },
            {
              "batter": "Mohammad Shahzad",
              "bowler": "Mohammad Asghar",
              "non_striker": "Soumya Sarkar",
              "runs": {
                "batter": 0,
                "extras": 0,
                "total": 0
              }
            },
            {
              "batter": "Mohammad Shahzad",
              "bowler": "Mohammad Asghar",
              "non_striker": "Soumya Sarkar",
              "runs": {
                "batter": 1,
                "extras": 0,
                "total": 1
              }
            }
          ]
        },
        {
          "over": 2,
          "deliveries": [
            {
              "batter": "Mohammad Shahzad",
              "bowler": "Junaid Khan",
              "non_striker": "Soumya Sarkar",
              "runs": {
                "batter": 4,
                "extras": 0,
                "total": 4
              }
            },
            {
              "batter": "Mohammad Shahzad",
              "bowler": "Junaid Khan",
              "non_striker": "Soumya Sarkar",
              "runs": {
                "batter": 0,
                "extras": 0,
                "total": 0
              }
            },
            {
              "batter": "Mohammad Shahzad",
              "bowler": "Junaid Khan",
              "non_striker": "Soumya Sarkar",
              "runs": {
                "batter": 0,
                "extras": 0,
                "total": 0
              }
            },
            {
              "batter": "Mohammad Shahzad",
              "bowler": "Junaid Khan",
              "extras": {
                "noballs": 1
              },
              "non_striker": "Soumya Sarkar",
              "runs": {
                "batter": 0,
                "extras": 1,
                "total": 1
              }
            },
            {
              "batter": "Mohammad Shahzad",
              "bowler": "Junaid Khan",
              "non_striker": "Soumya Sarkar",
              "runs": {
                "batter": 0,
                "extras": 0,
                "total": 0
              }
            },
            {
              "batter": "Mohammad Shahzad",
              "bowler": "Junaid Khan",
              "non_striker": "Soumya Sarkar",
              "runs": {
                "batter": 0,
                "extras": 0,
                "total": 0
              },
              "wickets": [
                {
                  "player_out": "Mohammad Shahzad",
                  "kind": "caught and bowled"
                }
              ]
            },
            {
              "batter": "Mohammad Mithun",
              "bowler": "Junaid Khan",
              "non_striker": "Soumya Sarkar",
              "runs": {
                "batter": 0,
                "extras": 0,
                "total": 0
              }
            }
          ]
        },
        {
          "over": 3,
          "deliveries": [
            {
              "batter": "Soumya Sarkar",
              "bowler": "Mohammad Asghar",
              "non_striker": "Mohammad Mithun",
              "runs": {
                "batter": 1,
                "extras": 0,
                "total": 1
              }
            },
            {
              "batter": "Mohammad Mithun",
              "bowler": "Mohammad Asghar",
              "non_striker": "Soumya Sarkar",
              "runs": {
                "batter": 0,
                "extras": 0,
                "total": 0
              }
            },
            {
              "batter": "Mohammad Mithun",
              "bowler": "Mohammad Asghar",
              "non_striker": "Soumya Sarkar",
              "runs": {
                "batter": 0,
                "extras": 0,
                "total": 0
              }
            },
            {
              "batter": "Mohammad Mithun",
              "bowler": "Mohammad Asghar",
              "non_striker": "Soumya Sarkar",
              "runs": {
                "batter": 1,
                "extras": 0,
                "total": 1
              }
            },
            {
              "batter": "Soumya Sarkar",
              "bowler": "Mohammad Asghar",
              "extras": {
                "wides": 1
              },
              "non_striker": "Mohammad Mithun",
              "runs": {
                "batter": 0,
                "extras": 1,
                "total": 1
              }
            },
            {
              "batter": "Soumya Sarkar",
              "bowler": "Mohammad Asghar",
              "non_striker": "Mohammad Mithun",
              "runs": {
                "batter": 1,
                "extras": 0,
                "total": 1
              }
            },
            {
              "batter": "Mohammad Mithun",
              "bowler": "Mohammad Asghar",
              "non_striker": "Soumya Sarkar",
              "runs": {
                "batter": 0,
                "extras": 0,
                "total": 0
              }
            }
          ]
        },
        {
          "over": 4,
          "deliveries": [
            {
              "batter": "Soumya Sarkar",
              "bowler": "Shuvagata Hom",
              "non_striker": "Mohammad Mithun",
              "runs": {
                "batter": 0,
                "extras": 0,
                "total": 0
              }
            },
            {
              "batter": "Soumya Sarkar",
              "bowler": "Shuvagata Hom",
              "non_striker": "Mohammad Mithun",
              "runs": {
                "batter": 0,
                "extras": 0,
                "total": 0
              }
            },
            {
              "batter": "Soumya Sarkar",
              "bowler": "Shuvagata Hom",
              "non_striker": "Mohammad Mithun",
              "runs": {
                "batter": 6,
                "extras": 0,
                "total": 6
              }
            },
            {
              "batter": "Soumya Sarkar",
              "bowler": "Shuvagata Hom",
              "non_striker": "Mohammad Mithun",
              "runs": {
                "batter": 0,
                "extras": 0,
                "total": 0
              }
            },
            {
              "batter": "Soumya Sarkar",
              "bowler": "Shuvagata Hom",
              "non_striker": "Mohammad Mithun",
              "runs": {
                "batter": 0,
                "extras": 0,
                "total": 0
              }
            },
            {
              "batter": "Soumya Sarkar",
              "bowler": "Shuvagata Hom",
              "non_striker": "Mohammad Mithun",
              "runs": {
                "batter": 0,
                "extras": 0,
                "total": 0
              }
            }
          ]
        },
        {
          "over": 5,
          "deliveries": [
            {
              "batter": "Mohammad Mithun",
              "bowler": "Mohammad Saddam",
              "non_striker": "Soumya Sarkar",
              "runs": {
                "batter": 4,
                "extras": 0,
                "total": 4
              }
            },
            {
              "batter": "Mohammad Mithun",
              "bowler": "Mohammad Saddam",
              "non_striker": "Soumya Sarkar",
              "runs": {
                "batter": 1,
                "extras": 0,
                "total": 1
              }
            },
            {
              "batter": "Soumya Sarkar",
              "bowler": "Mohammad Saddam",
              "non_striker": "Mohammad Mithun",
              "runs": {
                "batter": 0,
                "extras": 0,
                "total": 0
              }
            },
            {
              "batter": "Soumya Sarkar",
              "bowler": "Mohammad Saddam",
              "non_striker": "Mohammad Mithun",
              "runs": {
                "batter": 0,
                "extras": 0,
                "total": 0
              }
            },
            {
              "batter": "Soumya Sarkar",
              "bowler": "Mohammad Saddam",
              "non_striker": "Mohammad Mithun",
              "runs": {
                "batter": 1,
                "extras": 0,
                "total": 1
              }
            },
            {
              "batter": "Mohammad Mithun",
              "bowler": "Mohammad Saddam",
              "extras": {
                "wides": 1
              },
              "non_striker": "Soumya Sarkar",
              "runs": {
                "batter": 0,
                "extras": 1,
                "total": 1
              }
            },
            {
              "batter": "Mohammad Mithun",
              "bowler": "Mohammad Saddam",
              "non_striker": "Soumya Sarkar",
              "runs": {
                "batter": 0,
                "extras": 0,
                "total": 0
              }
            }
          ]
        },
        {
          "over": 6,
          "deliveries": [
            {
              "batter": "Soumya Sarkar",
              "bowler": "Shuvagata Hom",
              "non_striker": "Mohammad Mithun",
              "runs": {
                "batter": 1,
                "extras": 0,
                "total": 1
              }
            },
            {
              "batter": "Mohammad Mithun",
              "bowler": "Shuvagata Hom",
              "non_striker": "Soumya Sarkar",
              "runs": {
                "batter": 0,
                "extras": 0,
                "total": 0
              }
            },
            {
              "batter": "Mohammad Mithun",
              "bowler": "Shuvagata Hom",
              "non_striker": "Soumya Sarkar",
              "runs": {
                "batter": 1,
                "extras": 0,
                "total": 1
              }
            },
            {
              "batter": "Soumya Sarkar",
              "bowler": "Shuvagata Hom",
              "non_striker": "Mohammad Mithun",
              "runs": {
                "batter": 0,
                "extras": 0,
                "total": 0
              }
            },
            {
              "batter": "Soumya Sarkar",
              "bowler": "Shuvagata Hom",
              "non_striker": "Mohammad Mithun",
              "runs": {
                "batter": 1,
                "extras": 0,
                "total": 1
              }
            },
            {
              "batter": "Mohammad Mithun",
              "bowler": "Shuvagata Hom",
              "non_striker": "Soumya Sarkar",
              "runs": {
                "batter": 1,
                "extras": 0,
                "total": 1
              }
            }
          ]
        },
        {
          "over": 7,
          "deliveries": [
            {
              "batter": "Mohammad Mithun",
              "bowler": "Mohammad Saddam",
              "non_striker": "Soumya Sarkar",
              "runs": {
                "batter": 2,
                "extras": 0,
                "total": 2
              }
            },
            {
              "batter": "Mohammad Mithun",
              "bowler": "Mohammad Saddam",
              "non_striker": "Soumya Sarkar",
              "runs": {
                "batter": 1,
                "extras": 0,
                "total": 1
              }
            },
            {
              "batter": "Soumya Sarkar",
              "bowler": "Mohammad Saddam",
              "non_striker": "Mohammad Mithun",
              "runs": {
                "batter": 0,
                "extras": 0,
                "total": 0
              }
            },
            {
              "batter": "Soumya Sarkar",
              "bowler": "Mohammad Saddam",
              "non_striker": "Mohammad Mithun",
              "runs": {
                "batter": 1,
                "extras": 0,
                "total": 1
              }
            },
            {
              "batter": "Mohammad Mithun",
              "bowler": "Mohammad Saddam",
              "non_striker": "Soumya Sarkar",
              "runs": {
                "batter": 0,
                "extras": 0,
                "total": 0
              }
            },
            {
              "batter": "Mohammad Mithun",
              "bowler": "Mohammad Saddam",
              "non_striker": "Soumya Sarkar",
              "runs": {
                "batter": 4,
                "extras": 0,
                "total": 4
              }
            }
          ]
        }
      ],
      "powerplays": [
        {
          "from": 0.1,
          "to": 5.7,
          "type": "mandatory"
        }
      ],
      "target": {
        "overs": 20,
        "runs": 45
      }
    }
  ]
}