{
  "meta": {
    "data_version": "1.1.0",
    "created": "2021-11-02",
    "revision": 2
  },
  "info": {
    "balls_per_over": 6,
    "city": "Chattogram",
    "dates": [
      "2016-11-22"
    ],
    "event": {
      "name": "Bangladesh Premier League",
      "match_number": 23
    },
    "gender": "male",
    "match_type": "T20",
    "officials": {
      "match_referees": [
        "Selim Shahid"
      ],
      "reserve_umpires": [
        "Manjurul Islam"
      ],
      "tv_umpires": [
        "Gazi Sohel"
      ],
      "umpires": [
        "Khalid Mahmood",
        "Morshed Ali Khan"
      ]
    },
    "outcome": {
      "winner": "Rangpur Riders",
      "by": {
        "wickets": 7
      }
    },
    "overs": 20,
    "player_of_match": [
      "Shahid Afridi"
    ],
    "players": {
      "Khulna Titans": [
        "ADS Fletcher",
        "Abdul Mazid",
        "MH Wessels",
        "Mahmudullah",
        "Taibur Rahman",
        "Ariful Haque",
        "BAC Howell",
        "Alok Kapali",
        "Shafiul Islam",
        "Mosharraf Hossain",
        "Junaid Khan"
      ],
      "Rangpur Riders": [
        "Mohammad Shahzad",
        "Soumya Sarkar",
        "Mohammad Mithun",
        "Shahid Afridi",
        "LA Dawson",
        "Ziaur Rahman",
        "Anwar Ali",
        "Sohag Gazi",
        "Arafat Sunny",
        "Rubel Hossain",
        "Naeem Islam"
      ]
    },
    "registry": {
      "people": {
        "ADS Fletcher": "1bae756b",
        "Abdul Mazid": "61a1cead",
        "Alok Kapali": "54279e23",
        "Anwar Ali": "eb2d5fe7",
        "Arafat Sunny": "1f7adc8a",
        "Ariful Haque": "ad1730bc",
        "BAC Howell": "0bec3a6c",
        "Gazi Sohel": "f0df3ed7",
        "Junaid Khan": "086f5984",
        "Khalid Mahmood": "0b06b921",
        "LA Dawson": "4a461c24",
        "MH Wessels": "90f47cf2",
        "Mahmudullah": "bf1d7d3e",
        "Manjurul Islam": "0db7fb49",
        "Mohammad Mithun": "77191792",
        "Mohammad Shahzad": "d6dcb0c9",
        "Morshed Ali Khan": "a7c3cf5f",
        "Mosharraf Hossain": "8eb611d0",
        "Naeem Islam": "02e83ac5",
        "Rubel Hossain": "f56cd097",
        "Selim Shahid": "b478bce3",
        "Shafiul Islam": "1a8eebbe",
        "Shahid Afridi": "0dc00542",
        "Sohag Gazi": "5a4c12ab",
        "Soumya Sarkar": "4d9f9686",
        "Taibur Rahman": "561aff5c",
        "Ziaur Rahman": "c27518d2"
      }
    },
    "season": "2016/17",
    "team_type": "club",
    "teams": [
      "Khulna Titans",
      "Rangpur Riders"
    ],
    "toss": {
      "decision": "bat",
      "winner": "Khulna Titans"
    },
    "venue": "Zahur Ahmed Chowdhury Stadium, Chittagong"
  },
  "innings": [
    {
      "team": "Khulna Titans",
      "overs": [
        {
          "over": 0,
          "deliveries": [
            {
              "batter": "ADS Fletcher",
              "bowler": "Arafat Sunny",
              "non_striker": "Abdul Mazid",
              "runs": {
                "batter": 1,
                "extras": 0,
                "total": 1
              }
            },
            {
              "batter": "Abdul Mazid",
              "bowler": "Arafat Sunny",
              "non_striker": "ADS Fletcher",
              "runs": {
                "batter": 0,
                "extras": 0,
                "total": 0
              }
            },
            {
              "batter": "Abdul Mazid",
              "bowler": "Arafat Sunny",
              "non_striker": "ADS Fletcher",
              "runs": {
                "batter": 1,
                "extras": 0,
                "total": 1
              }
            },
            {
              "batter": "ADS Fletcher",
              "bowler": "Arafat Sunny",
              "extras": {
                "legbyes": 1
              },
              "non_striker": "Abdul Mazid",
              "runs": {
                "batter": 0,
                "extras": 1,
                "total": 1
              }
            },
            {
              "batter": "Abdul Mazid",
              "bowler": "Arafat Sunny",
              "non_striker": "ADS Fletcher",
              "runs": {
                "batter": 1,
                "extras": 0,
                "total": 1
              }
            },
            {
              "batter": "ADS Fletcher",
              "bowler": "Arafat Sunny",
              "non_striker": "Abdul Mazid",
              "runs": {
                "batter": 0,
                "extras": 0,
                "total": 0
              }
            }
          ]
        },
        {
          "over": 1,
          "deliveries": [
            {
              "batter": "Abdul Mazid",
              "bowler": "Anwar Ali",
              "non_striker": "ADS Fletcher",
              "runs": {
                "batter": 2,
                "extras": 0,
                "total": 2
              }
            },
            {
              "batter": "Abdul Mazid",
              "bowler": "Anwar Ali",
              "non_striker": "ADS Fletcher",
              "runs": {
                "batter": 0,
                "extras": 0,
                "total": 0
              }
            },
            {
              "batter": "Abdul Mazid",
              "bowler": "Anwar Ali",
              "non_striker": "ADS Fletcher",
              "runs": {
                "batter": 4,
                "extras": 0,
                "total": 4
              }
            },
            {
              "batter": "Abdul Mazid",
              "bowler": "Anwar Ali",
              "non_striker": "ADS Fletcher",
              "runs": {
                "batter": 0,
                "extras": 0,
                "total": 0
              }
            },
            {
              "batter": "Abdul Mazid",
              "bowler": "Anwar Ali",
              "non_striker": "ADS Fletcher",
              "runs": {
                "batter": 0,
                "extras": 0,
                "total": 0
              }
            },
            {
              "batter": "Abdul Mazid",
              "bowler": "Anwar Ali",
              "non_striker": "ADS Fletcher",
              "runs": {
                "batter": 1,
                "extras": 0,
                "total": 1
              }
            }
          ]
        },
        {
          "over": 2,
          "deliveries": [
            {
              "batter": "Abdul Mazid",
              "bowler": "Arafat Sunny",
              "non_striker": "ADS Fletcher",
              "runs": {
                "batter": 0,
                "extras": 0,
                "total": 0
              }
            },
            {
              "batter": "Abdul Mazid",
              "bowler": "Arafat Sunny",
              "non_striker": "ADS Fletcher",
              "runs": {
                "batter": 1,
                "extras": 0,
                "total": 1
              }
            },
            {
              "batter": "ADS Fletcher",
              "bowler": "Arafat Sunny",
              "non_striker": "Abdul Mazid",
              "runs": {
                "batter": 1,
                "extras": 0,
                "total": 1
              }
            },
            {
              "batter": "Abdul Mazid",
              "bowler": "Arafat Sunny",
              "non_striker": "ADS Fletcher",
              "runs": {
                "batter": 0,
                "extras": 0,
                "total": 0
              }
            },
            {
              "batter": "Abdul Mazid",
              "bowler": "Arafat Sunny",
              "non_striker": "ADS Fletcher",
              "runs": {
                "batter": 0,
                "extras": 0,
                "total": 0
              },
              "wickets": [
                {
                  "player_out": "Abdul Mazid",
                  "kind": "bowled"
                }
              ]
            },
            {
              "batter": "MH Wessels",
              "bowler": "Arafat Sunny",
              "non_striker": "ADS Fletcher",
              "runs": {
                "batter": 0,
                "extras": 0,
                "total": 0
              }
            }
          ]
        },
        {
          "over": 3,
          "deliveries": [
            {
              "batter": "ADS Fletcher",
              "bowler": "LA Dawson",
              "non_striker": "MH Wessels",
              "runs": {
                "batter": 1,
                "extras": 0,
                "total": 1
              }
            },
            {
              "batter": "MH Wessels",
              "bowler": "LA Dawson",
              "non_striker": "ADS Fletcher",
              "runs": {
                "batter": 0,
                "extras": 0,
                "total": 0
              }
            },
            {
              "batter": "MH Wessels",
              "bowler": "LA Dawson",
              "non_striker": "ADS Fletcher",
              "runs": {
                "batter": 0,
                "extras": 0,
                "total": 0
              }
            },
            {
              "batter": "MH Wessels",
              "bowler": "LA Dawson",
              "non_striker": "ADS Fletcher",
              "runs": {
                "batter": 0,
                "extras": 0,
                "total": 0
              }
            },
            {
              "batter": "MH Wessels",
              "bowler": "LA Dawson",
              "non_striker": "ADS Fletcher",
              "runs": {
                "batter": 0,
                "extras": 0,
                "total": 0
              }
            },
            {
              "batter": "MH Wessels",
              "bowler": "LA Dawson",
              "non_striker": "ADS Fletcher",
              "runs": {
                "batter": 0,
                "extras": 0,
                "total": 0
              }
            }
          ]
        },
        {
          "over": 4,
          "deliveries": [
            {
              "batter": "ADS Fletcher",
              "bowler": "Arafat Sunny",
              "non_striker": "MH Wessels",
              "runs": {
                "batter": 1,
                "extras": 0,
                "total": 1
              }
            },
            {
              "batter": "MH Wessels",
              "bowler": "Arafat Sunny",
              "non_striker": "ADS Fletcher",
              "runs": {
                "batter": 1,
                "extras": 0,
                "total": 1
              }
            },
            {
              "batter": "ADS Fletcher",
              "bowler": "Arafat Sunny",
              "non_striker": "MH Wessels",
              "runs": {
                "batter": 4,
                "extras": 0,
                "total": 4
              }
            },
            {
              "batter": "ADS Fletcher",
              "bowler": "Arafat Sunny",
              "non_striker": "MH Wessels",
              "runs": {
                "batter": 0,
                "extras": 0,
                "total": 0
              },
              "wickets": [
                {
                  "player_out": "ADS Fletcher",
                  "kind": "lbw"
                }
              ]
            },
            {
              "batter": "Mahmudullah",
              "bowler": "Arafat Sunny",
              "non_striker": "MH Wessels",
              "runs": {
                "batter": 0,
                "extras": 0,
                "total": 0
              }
            },
            {
              "batter": "Mahmudullah",
              "bowler": "Arafat Sunny",
              "non_striker": "MH Wessels",
              "runs": {
                "batter": 1,
                "extras": 0,
                "total": 1
              }
            }
          ]
        },
        {
          "over": 5,
          "deliveries": [
            {
              "batter": "Mahmudullah",
              "bowler": "Anwar Ali",
              "non_striker": "MH Wessels",
              "runs": {
                "batter": 0,
                "extras": 0,
                "total": 0
              }
            },
            {
              "batter": "Mahmudullah",
              "bowler": "Anwar Ali",
              "non_striker": "MH Wessels",
              "runs": {
                "batter": 4,
                "extras": 0,
                "total": 4
              }
            },
            {
              "batter": "Mahmudullah",
              "bowler": "Anwar Ali",
              "non_striker": "MH Wessels",
              "runs": {
                "batter": 3,
                "extras": 0,
                "total": 3
              }
            },
            {
              "batter": "MH Wessels",
              "bowler": "Anwar Ali",
              "non_striker": "Mahmudullah",
              "runs": {
                "batter": 0,
                "extras": 0,
                "total": 0
              }
            },
            {
              "batter": "MH Wessels",
              "bowler": "Anwar Ali",
              "non_striker": "Mahmudullah",
              "runs": {
                "batter": 4,
                "extras": 0,
                "total": 4
              }
            },
            {
              "batter": "MH Wessels",
              "bowler": "Anwar Ali",
              "extras": {
                "wides": 1
              },
              "non_striker": "Mahmudullah",
              "runs": {
                "batter": 0,
                "extras": 1,
                "total": 1
              }
            },
            {
              "batter": "MH Wessels",
              "bowler": "Anwar Ali",
              "non_striker": "Mahmudullah",
              "runs": {
                "batter": 0,
                "extras": 0,
                "total": 0
              }
            }
          ]
        },
        {
          "over": 6,
          "deliveries": [
            {
              "batter": "Mahmudullah",
              "bowler": "LA Dawson",
              "non_striker": "MH Wessels",
              "runs": {
                "batter": 1,
                "extras": 0,
                "total": 1
              }
            },
            {
              "batter": "MH Wessels",
              "bowler": "LA Dawson",
              "extras": {
                "legbyes": 1
              },
              "non_striker": "Mahmudullah",
              "runs": {
                "batter": 0,
                "extras": 1,
                "total": 1
              }
            },
            {
              "batter": "Mahmudullah",
              "bowler": "LA Dawson",
              "non_striker": "MH Wessels",
              "runs": {
                "batter": 1,
                "extras": 0,
                "total": 1
              }
            },
            {
              "batter": "MH Wessels",
              "bowler": "LA Dawson",
              "non_striker": "Mahmudullah",
              "runs": {
                "batter": 1,
                "extras": 0,
                "total": 1
              }
            },
            {
              "batter": "Mahmudullah",
              "bowler": "LA Dawson",
              "non_striker": "MH Wessels",
              "runs": {
                "batter": 0,
                "extras": 0,
                "total": 0
              }
            },
            {
              "batter": "Mahmudullah",
              "bowler": "LA Dawson",
              "non_striker": "MH Wessels",
              "runs": {
                "batter": 1,
                "extras": 0,
                "total": 1
              }
            }
          ]
        },
        {
          "over": 7,
          "deliveries": [
            {
              "batter": "Mahmudullah",
              "bowler": "Shahid Afridi",
              "non_striker": "MH Wessels",
              "runs": {
                "batter": 0,
                "extras": 0,
                "total": 0
              },
              "wickets": [
                {
                  "player_out": "Mahmudullah",
                  "fielders": [
                    {
                      "name": "Anwar Ali"
                    }
                  ],
                  "kind": "caught"
                }
              ]
            },
            {
              "batter": "Taibur Rahman",
              "bowler": "Shahid Afridi",
              "non_striker": "MH Wessels",
              "runs": {
                "batter": 0,
                "extras": 0,
                "total": 0
              }
            },
            {
              "batter": "Taibur Rahman",
              "bowler": "Shahid Afridi",
              "non_striker": "MH Wessels",
              "runs": {
                "batter": 0,
                "extras": 0,
                "total": 0
              }
            },
            {
              "batter": "Taibur Rahman",
              "bowler": "Shahid Afridi",
              "non_striker": "MH Wessels",
              "runs": {
                "batter": 1,
                "extras": 0,
                "total": 1
              }
            },
            {
              "batter": "MH Wessels",
              "bowler": "Shahid Afridi",
              "non_striker": "Taibur Rahman",
              "runs": {
                "batter": 0,
                "extras": 0,
                "total": 0
              }
            },
            {
              "batter": "MH Wessels",
              "bowler": "Shahid Afridi",
              "extras": {
                "legbyes": 4
              },
              "non_striker": "Taibur Rahman",
              "runs": {
                "batter": 0,
                "extras": 4,
                "total": 4
              }
            }
          ]
        },
        {
          "over": 8,
          "deliveries": [
            {
              "batter": "Taibur Rahman",
              "bowler": "Sohag Gazi",
              "non_striker": "MH Wessels",
              "runs": {
                "batter": 0,
                "extras": 0,
                "total": 0
              }
            },
            {
              "batter": "Taibur Rahman",
              "bowler": "Sohag Gazi",
              "non_striker": "MH Wessels",
              "runs": {
                "batter": 0,
                "extras": 0,
                "total": 0
              }
            },
            {
              "batter": "Taibur Rahman",
              "bowler": "Sohag Gazi",
              "non_striker": "MH Wessels",
              "runs": {
                "batter": 0,
                "extras": 0,
                "total": 0
              }
            },
            {
              "batter": "Taibur Rahman",
              "bowler": "Sohag Gazi",
              "non_striker": "MH Wessels",
              "runs": {
                "batter": 1,
                "extras": 0,
                "total": 1
              }
            },
            {
              "batter": "MH Wessels",
              "bowler": "Sohag Gazi",
              "non_striker": "Taibur Rahman",
              "runs": {
                "batter": 1,
                "extras": 0,
                "total": 1
              }
            },
            {
              "batter": "Taibur Rahman",
              "bowler": "Sohag Gazi",
              "non_striker": "MH Wessels",
              "runs": {
                "batter": 1,
                "extras": 0,
                "total": 1
              }
            }
          ]
        },
        {
          "over": 9,
          "deliveries": [
            {
              "batter": "Taibur Rahman",
              "bowler": "Shahid Afridi",
              "non_striker": "MH Wessels",
              "runs": {
                "batter": 0,
                "extras": 0,
                "total": 0
              }
            },
            {
              "batter": "Taibur Rahman",
              "bowler": "Shahid Afridi",
              "non_striker": "MH Wessels",
              "runs": {
                "batter": 1,
                "extras": 0,
                "total": 1
              }
            },
            {
              "batter": "MH Wessels",
              "bowler": "Shahid Afridi",
              "non_striker": "Taibur Rahman",
              "runs": {
                "batter": 0,
                "extras": 0,
                "total": 0
              }
            },
            {
              "batter": "MH Wessels",
              "bowler": "Shahid Afridi",
              "non_striker": "Taibur Rahman",
              "runs": {
                "batter": 0,
                "extras": 0,
                "total": 0
              }
            },
            {
              "batter": "MH Wessels",
              "bowler": "Shahid Afridi",
              "non_striker": "Taibur Rahman",
              "runs": {
                "batter": 0,
                "extras": 0,
                "total": 0
              }
            },
            {
              "batter": "MH Wessels",
              "bowler": "Shahid Afridi",
              "non_striker": "Taibur Rahman",
              "runs": {
                "batter": 4,
                "extras": 0,
                "total": 4
              }
            }
          ]
        },
        {
          "over": 10,
          "deliveries": [
            {
              "batter": "Taibur Rahman",
              "bowler": "Sohag Gazi",
              "non_striker": "MH Wessels",
              "runs": {
                "batter": 1,
                "extras": 0,
                "total": 1
              }
            },
            {
              "batter": "MH Wessels",
              "bowler": "Sohag Gazi",
              "non_striker": "Taibur Rahman",
              "runs": {
                "batter": 1,
                "extras": 0,
                "total": 1
              }
            },
            {
              "batter": "Taibur Rahman",
              "bowler": "Sohag Gazi",
              "non_striker": "MH Wessels",
              "runs": {
                "batter": 0,
                "extras": 0,
                "total": 0
              }
            },
            {
              "batter": "Taibur Rahman",
              "bowler": "Sohag Gazi",
              "non_striker": "MH Wessels",
              "runs": {
                "batter": 1,
                "extras": 0,
                "total": 1
              }
            },
            {
              "batter": "MH Wessels",
              "bowler": "Sohag Gazi",
              "non_striker": "Taibur Rahman",
              "runs": {
                "batter": 0,
                "extras": 0,
                "total": 0
              }
            },
            {
              "batter": "MH Wessels",
              "bowler": "Sohag Gazi",
              "non_striker": "Taibur Rahman",
              "runs": {
                "batter": 0,
                "extras": 0,
                "total": 0
              }
            }
          ]
        },
        {
          "over": 11,
          "deliveries": [
            {
              "batter": "Taibur Rahman",
              "bowler": "Rubel Hossain",
              "non_striker": "MH Wessels",
              "runs": {
                "batter": 0,
                "extras": 0,
                "total": 0
              }
            },
            {
              "batter": "Taibur Rahman",
              "bowler": "Rubel Hossain",
              "non_striker": "MH Wessels",
              "runs": {
                "batter": 4,
                "extras": 0,
                "total": 4
              }
            },
            {
              "batter": "Taibur Rahman",
              "bowler": "Rubel Hossain",
              "non_striker": "MH Wessels",
              "runs": {
                "batter": 0,
                "extras": 0,
                "total": 0
              }
            },
            {
              "batter": "Taibur Rahman",
              "bowler": "Rubel Hossain",
              "non_striker": "MH Wessels",
              "runs": {
                "batter": 1,
                "extras": 0,
                "total": 1
              }
            },
            {
              "batter": "MH Wessels",
              "bowler": "Rubel Hossain",
              "non_striker": "Taibur Rahman",
              "runs": {
                "batter": 1,
                "extras": 0,
                "total": 1
              }
            },
            {
              "batter": "Taibur Rahman",
              "bowler": "Rubel Hossain",
              "non_striker": "MH Wessels",
              "runs": {
                "batter": 0,
                "extras": 0,
                "total": 0
              }
            }
          ]
        },
        {
          "over": 12,
          "deliveries": [
            {
              "batter": "MH Wessels",
              "bowler": "LA Dawson",
              "non_striker": "Taibur Rahman",
              "runs": {
                "batter": 1,
                "extras": 0,
                "total": 1
              }
            },
            {
              "batter": "Taibur Rahman",
              "bowler": "LA Dawson",
              "non_striker": "MH Wessels",
              "runs": {
                "batter": 0,
                "extras": 0,
                "total": 0
              }
            },
            {
              "batter": "Taibur Rahman",
              "bowler": "LA Dawson",
              "non_striker": "MH Wessels",
              "runs": {
                "batter": 1,
                "extras": 0,
                "total": 1
              }
            },
            {
              "batter": "MH Wessels",
              "bowler": "LA Dawson",
              "non_striker": "Taibur Rahman",
              "runs": {
                "batter": 1,
                "extras": 0,
                "total": 1
              }
            },
            {
              "batter": "Taibur Rahman",
              "bowler": "LA Dawson",
              "non_striker": "MH Wessels",
              "runs": {
                "batter": 0,
                "extras": 0,
                "total": 0
              }
            },
            {
              "batter": "Taibur Rahman",
              "bowler": "LA Dawson",
              "non_striker": "MH Wessels",
              "runs": {
                "batter": 0,
                "extras": 0,
                "total": 0
              }
            }
          ]
        },
        {
          "over": 13,
          "deliveries": [
            {
              "batter": "MH Wessels",
              "bowler": "Rubel Hossain",
              "non_striker": "Taibur Rahman",
              "runs": {
                "batter": 1,
                "extras": 0,
                "total": 1
              }
            },
            {
              "batter": "Taibur Rahman",
              "bowler": "Rubel Hossain",
              "non_striker": "MH Wessels",
              "runs": {
                "batter": 1,
                "extras": 0,
                "total": 1
              }
            },
            {
              "batter": "MH Wessels",
              "bowler": "Rubel Hossain",
              "non_striker": "Taibur Rahman",
              "runs": {
                "batter": 1,
                "extras": 0,
                "total": 1
              }
            },
            {
              "batter": "Taibur Rahman",
              "bowler": "Rubel Hossain",
              "non_striker": "MH Wessels",
              "runs": {
                "batter": 0,
                "extras": 0,
                "total": 0
              }
            },
            {
              "batter": "Taibur Rahman",
              "bowler": "Rubel Hossain",
              "non_striker": "MH Wessels",
              "runs": {
                "batter": 0,
                "extras": 0,
                "total": 0
              }
            },
            {
              "batter": "Taibur Rahman",
              "bowler": "Rubel Hossain",
              "non_striker": "MH Wessels",
              "runs": {
                "batter": 1,
                "extras": 0,
                "total": 1
              }
            }
          ]
        },
        {
          "over": 14,
          "deliveries": [
            {
              "batter": "Taibur Rahman",
              "bowler": "LA Dawson",
              "non_striker": "MH Wessels",
              "runs": {
                "batter": 6,
                "extras": 0,
                "total": 6
              }
            },
            {
              "batter": "Taibur Rahman",
              "bowler": "LA Dawson",
              "non_striker": "MH Wessels",
              "runs": {
                "batter": 1,
                "extras": 0,
                "total": 1
              }
            },
            {
              "batter": "MH Wessels",
              "bowler": "LA Dawson",
              "non_striker": "Taibur Rahman",
              "runs": {
                "batter": 6,
                "extras": 0,
                "total": 6
              }
            },
            {
              "batter": "MH Wessels",
              "bowler": "LA Dawson",
              "non_striker": "Taibur Rahman",
              "runs": {
                "batter": 1,
                "extras": 0,
                "total": 1
              }
            },
            {
              "batter": "Taibur Rahman",
              "bowler": "LA Dawson",
              "non_striker": "MH Wessels",
              "runs": {
                "batter": 4,
                "extras": 0,
                "total": 4
              }
            },
            {
              "batter": "Taibur Rahman",
              "bowler": "LA Dawson",
              "non_striker": "MH Wessels",
              "runs": {
                "batter": 1,
                "extras": 0,
                "total": 1
              }
            }
          ]
        },
        {
          "over": 15,
          "deliveries": [
            {
              "batter": "Taibur Rahman",
              "bowler": "Shahid Afridi",
              "non_striker": "MH Wessels",
              "runs": {
                "batter": 0,
                "extras": 0,
                "total": 0
              }
            },
            {
              "batter": "Taibur Rahman",
              "bowler": "Shahid Afridi",
              "non_striker": "MH Wessels",
              "runs": {
                "batter": 0,
                "extras": 0,
                "total": 0
              }
            },
            {
              "batter": "Taibur Rahman",
              "bowler": "Shahid Afridi",
              "non_striker": "MH Wessels",
              "runs": {
                "batter": 4,
                "extras": 0,
                "total": 4
              }
            },
            {
              "batter": "Taibur Rahman",
              "bowler": "Shahid Afridi",
              "non_striker": "MH Wessels",
              "runs": {
                "batter": 1,
                "extras": 0,
                "total": 1
              }
            },
            {
              "batter": "MH Wessels",
              "bowler": "Shahid Afridi",
              "non_striker": "Taibur Rahman",
              "runs": {
                "batter": 2,
                "extras": 0,
                "total": 2
              }
            },
            {
              "batter": "MH Wessels",
              "bowler": "Shahid Afridi",
              "non_striker": "Taibur Rahman",
              "runs": {
                "batter": 1,
                "extras": 0,
                "total": 1
              }
            }
          ]
        },
        {
          "over": 16,
          "deliveries": [
            {
              "batter": "MH Wessels",
              "bowler": "Rubel Hossain",
              "non_striker": "Taibur Rahman",
              "runs": {
                "batter": 0,
                "extras": 0,
                "total": 0
              }
            },
            {
              "batter": "MH Wessels",
              "bowler": "Rubel Hossain",
              "non_striker": "Taibur Rahman",
              "runs": {
                "batter": 0,
                "extras": 0,
                "total": 0
              },
              "wickets": [
                {
                  "player_out": "MH Wessels",
                  "fielders": [
                    {
                      "name": "Naeem Islam"
                    }
                  ],
                  "kind": "caught"
                }
              ]
            },
            {
              "batter": "Taibur Rahman",
              "bowler": "Rubel Hossain",
              "non_striker": "Ariful Haque",
              "runs": {
                "batter": 1,
                "extras": 0,
                "total": 1
              }
            },
            {
              "batter": "Ariful Haque",
              "bowler": "Rubel Hossain",
              "non_striker": "Taibur Rahman",
              "runs": {
                "batter": 1,
                "extras": 0,
                "total": 1
              }
            },
            {
              "batter": "Taibur Rahman",
              "bowler": "Rubel Hossain",
              "non_striker": "Ariful Haque",
              "runs": {
                "batter": 0,
                "extras": 0,
                "total": 0
              }
            },
            {
              "batter": "Taibur Rahman",
              "bowler": "Rubel Hossain",
              "non_striker": "Ariful Haque",
              "runs": {
                "batter": 0,
                "extras": 0,
                "total": 0
              },
              "wickets": [
                {
                  "player_out": "Taibur Rahman",
                  "fielders": [
                    {
                      "name": "Mohammad Shahzad"
                    }
                  ],
                  "kind": "caught"
                }
              ]
            }
          ]
        },
        {
          "over": 17,
          "deliveries": [
            {
              "batter": "Ariful Haque",
              "bowler": "Arafat Sunny",
              "non_striker": "BAC Howell",
              "runs": {
                "batter": 1,
                "extras": 0,
                "total": 1
              }
            },
            {
              "batter": "BAC Howell",
              "bowler": "Arafat Sunny",
              "non_striker": "Ariful Haque",
              "runs": {
                "batter": 1,
                "extras": 0,
                "total": 1
              }
            },
            {
              "batter": "Ariful Haque",
              "bowler": "Arafat Sunny",
              "extras": {
                "legbyes": 1
              },
              "non_striker": "BAC Howell",
              "runs": {
                "batter": 0,
                "extras": 1,
                "total": 1
              }
            },
            {
              "batter": "BAC Howell",
              "bowler": "Arafat Sunny",
              "non_striker": "Ariful Haque",
              "runs": {
                "batter": 1,
                "extras": 0,
                "total": 1
              }
            },
            {
              "batter": "Ariful Haque",
              "bowler": "Arafat Sunny",
              "non_striker": "BAC Howell",
              "runs": {
                "batter": 0,
                "extras": 0,
                "total": 0
              }
            },
            {
              "batter": "Ariful Haque",
              "bowler": "Arafat Sunny",
              "non_striker": "BAC Howell",
              "runs": {
                "batter": 1,
                "extras": 0,
                "total": 1
              }
            }
          ]
        },
        {
          "over": 18,
          "deliveries": [
            {
              "batter": "Ariful Haque",
              "bowler": "Rubel Hossain",
              "non_striker": "BAC Howell",
              "runs": {
                "batter": 0,
                "extras": 0,
                "total": 0
              }
            },
            {
              "batter": "Ariful Haque",
              "bowler": "Rubel Hossain",
              "non_striker": "BAC Howell",
              "runs": {
                "batter": 0,
                "extras": 0,
                "total": 0
              }
            },
            {
              "batter": "Ariful Haque",
              "bowler": "Rubel Hossain",
              "extras": {
                "legbyes": 1
              },
              "non_striker": "BAC Howell",
              "runs": {
                "batter": 0,
                "extras": 1,
                "total": 1
              }
            },
            {
              "batter": "BAC Howell",
              "bowler": "Rubel Hossain",
              "non_striker": "Ariful Haque",
              "runs": {
                "batter": 1,
                "extras": 0,
                "total": 1
              }
            },
            {
              "batter": "Ariful Haque",
              "bowler": "Rubel Hossain",
              "non_striker": "BAC Howell",
              "runs": {
                "batter": 4,
                "extras": 0,
                "total": 4
              }
            },
            {
              "batter": "Ariful Haque",
              "bowler": "Rubel Hossain",
              "non_striker": "BAC Howell",
              "runs": {
                "batter": 2,
                "extras": 0,
                "total": 2
              }
            }
          ]
        },
        {
          "over": 19,
          "deliveries": [
            {
              "batter": "BAC Howell",
              "bowler": "Shahid Afridi",
              "non_striker": "Ariful Haque",
              "runs": {
                "batter": 0,
                "extras": 0,
                "total": 0
              },
              "wickets": [
                {
                  "player_out": "BAC Howell",
                  "kind": "bowled"
                }
              ]
            },
            {
              "batter": "Alok Kapali",
              "bowler": "Shahid Afridi",
              "non_striker": "Ariful Haque",
              "runs": {
                "batter": 2,
                "extras": 0,
                "total": 2
              }
            },
            {
              "batter": "Alok Kapali",
              "bowler": "Shahid Afridi",
              "non_striker": "Ariful Haque",
              "runs": {
                "batter": 1,
                "extras": 0,
                "total": 1
              }
            },
            {
              "batter": "Ariful Haque",
              "bowler": "Shahid Afridi",
              "non_striker": "Alok Kapali",
              "runs": {
                "batter": 6,
                "extras": 0,
                "total": 6
              }
            },
            {
              "batter": "Ariful Haque",
              "bowler": "Shahid Afridi",
              "non_striker": "Alok Kapali",
              "runs": {
                "batter": 6,
                "extras": 0,
                "total": 6
              }
            },
            {
              "batter": "Ariful Haque",
              "bowler": "Shahid Afridi",
              "non_striker": "Alok Kapali",
              "runs": {
                "batter": 1,
                "extras": 0,
                "total": 1
              },
              "wickets": [
                {
                  "player_out": "Ariful Haque",
                  "fielders": [
                    {
                      "name": "Anwar Ali"
                    }
                  ],
                  "kind": "run out"
                }
              ]
            }
          ]
        }
      ],
      "powerplays": [
        {
          "from": 0.1,
          "to": 5.7,
          "type": "mandatory"
        }
      ]
    },
    {
      "team": "Rangpur Riders",
      "overs": [
        {
          "over": 0,
          "deliveries": [
            {
              "batter": "Mohammad Shahzad",
              "bowler": "Mosharraf Hossain",
              "extras": {
                "wides": 3
              },
              "non_striker": "Soumya Sarkar",
              "runs": {
                "batter": 0,
                "extras": 3,
                "total": 3
              }
            },
            {
              "batter": "Mohammad Shahzad",
              "bowler": "Mosharraf Hossain",
              "non_striker": "Soumya Sarkar",
              "runs": {
                "batter": 4,
                "extras": 0,
                "total": 4
              }
            },
            {
              "batter": "Mohammad Shahzad",
              "bowler": "Mosharraf Hossain",
              "non_striker": "Soumya Sarkar",
              "runs": {
                "batter": 0,
                "extras": 0,
                "total": 0
              }
            },
            {
              "batter": "Mohammad Shahzad",
              "bowler": "Mosharraf Hossain",
              "non_striker": "Soumya Sarkar",
              "runs": {
                "batter": 0,
                "extras": 0,
                "total": 0
              }
            },
            {
              "batter": "Mohammad Shahzad",
              "bowler": "Mosharraf Hossain",
              "non_striker": "Soumya Sarkar",
              "runs": {
                "batter": 1,
                "extras": 0,
                "total": 1
              }
            },
            {
              "batter": "Soumya Sarkar",
              "bowler": "Mosharraf Hossain",
              "non_striker": "Mohammad Shahzad",
              "runs": {
                "batter": 0,
                "extras": 0,
                "total": 0
              }
            },
            {
              "batter": "Soumya Sarkar",
              "bowler": "Mosharraf Hossain",
              "non_striker": "Mohammad Shahzad",
              "runs": {
                "batter": 1,
                "extras": 0,
                "total": 1
              }
            }
          ]
        },
        {
          "over": 1,
          "deliveries": [
            {
              "batter": "Soumya Sarkar",
              "bowler": "Junaid Khan",
              "non_striker": "Mohammad Shahzad",
              "runs": {
                "batter": 0,
                "extras": 0,
                "total": 0
              }
            },
            {
              "batter": "Soumya Sarkar",
              "bowler": "Junaid Khan",
              "non_striker": "Mohammad Shahzad",
              "runs": {
                "batter": 0,
                "extras": 0,
                "total": 0
              }
            },
            {
              "batter": "Soumya Sarkar",
              "bowler": "Junaid Khan",
              "non_striker": "Mohammad Shahzad",
              "runs": {
                "batter": 0,
                "extras": 0,
                "total": 0
              }
            },
            {
              "batter": "Soumya Sarkar",
              "bowler": "Junaid Khan",
              "non_striker": "Mohammad Shahzad",
              "runs": {
                "batter": 1,
                "extras": 0,
                "total": 1
              }
            },
            {
              "batter": "Mohammad Shahzad",
              "bowler": "Junaid Khan",
              "non_striker": "Soumya Sarkar",
              "runs": {
                "batter": 0,
                "extras": 0,
                "total": 0
              }
            },
            {
              "batter": "Mohammad Shahzad",
              "bowler": "Junaid Khan",
              "non_striker": "Soumya Sarkar",
              "runs": {
                "batter": 1,
                "extras": 0,
                "total": 1
              }
            }
          ]
        },
        {
          "over": 2,
          "deliveries": [
            {
              "batter": "Mohammad Shahzad",
              "bowler": "Mosharraf Hossain",
              "non_striker": "Soumya Sarkar",
              "runs": {
                "batter": 1,
                "extras": 0,
                "total": 1
              }
            },
            {
              "batter": "Soumya Sarkar",
              "bowler": "Mosharraf Hossain",
              "non_striker": "Mohammad Shahzad",
              "runs": {
                "batter": 0,
                "extras": 0,
                "total": 0
              }
            },
            {
              "batter": "Soumya Sarkar",
              "bowler": "Mosharraf Hossain",
              "non_striker": "Mohammad Shahzad",
              "runs": {
                "batter": 0,
                "extras": 0,
                "total": 0
              }
            },
            {
              "batter": "Soumya Sarkar",
              "bowler": "Mosharraf Hossain",
              "non_striker": "Mohammad Shahzad",
              "runs": {
                "batter": 0,
                "extras": 0,
                "total": 0
              }
            },
            {
              "batter": "Soumya Sarkar",
              "bowler": "Mosharraf Hossain",
              "non_striker": "Mohammad Shahzad",
              "runs": {
                "batter": 0,
                "extras": 0,
                "total": 0
              }
            },
            {
              "batter": "Soumya Sarkar",
              "bowler": "Mosharraf Hossain",
              "non_striker": "Mohammad Shahzad",
              "runs": {
                "batter": 1,
                "extras": 0,
                "total": 1
              }
            }
          ]
        },
        {
          "over": 3,
          "deliveries": [
            {
              "batter": "Soumya Sarkar",
              "bowler": "Junaid Khan",
              "non_striker": "Mohammad Shahzad",
              "runs": {
                "batter": 0,
                "extras": 0,
                "total": 0
              }
            },
            {
              "batter": "Soumya Sarkar",
              "bowler": "Junaid Khan",
              "non_striker": "Mohammad Shahzad",
              "runs": {
                "batter": 0,
                "extras": 0,
                "total": 0
              },
              "wickets": [
                {
                  "player_out": "Soumya Sarkar",
                  "fielders": [
                    {
                      "name": "Shafiul Islam"
                    }
                  ],
                  "kind": "caught"
                }
              ]
            },
            {
              "batter": "Mohammad Shahzad",
              "bowler": "Junaid Khan",
              "non_striker": "Mohammad Mithun",
              "runs": {
                "batter": 0,
                "extras": 0,
                "total": 0
              }
            },
            {
              "batter": "Mohammad Shahzad",
              "bowler": "Junaid Khan",
              "non_striker": "Mohammad Mithun",
              "runs": {
                "batter": 6,
                "extras": 0,
                "total": 6
              }
            },
            {
              "batter": "Mohammad Shahzad",
              "bowler": "Junaid Khan",
              "non_striker": "Mohammad Mithun",
              "runs": {
                "batter": 4,
                "extras": 0,
                "total": 4
              }
            },
            {
              "batter": "Mohammad Shahzad",
              "bowler": "Junaid Khan",
              "non_striker": "Mohammad Mithun",
              "runs": {
                "batter": 0,
                "extras": 0,
                "total": 0
              }
            }
          ]
        },
        {
          "over": 4,
          "deliveries": [
            {
              "batter": "Mohammad Mithun",
              "bowler": "Mosharraf Hossain",
              "non_striker": "Mohammad Shahzad",
              "runs": {
                "batter": 0,
                "extras": 0,
                "total": 0
              }
            },
            {
              "batter": "Mohammad Mithun",
              "bowler": "Mosharraf Hossain",
              "non_striker": "Mohammad Shahzad",
              "runs": {
                "batter": 1,
                "extras": 0,
                "total": 1
              }
            },
            {
              "batter": "Mohammad Shahzad",
              "bowler": "Mosharraf Hossain",
              "non_striker": "Mohammad Mithun",
              "runs": {
                "batter": 0,
                "extras": 0,
                "total": 0
              }
            },
            {
              "batter": "Mohammad Shahzad",
              "bowler": "Mosharraf Hossain",
              "non_striker": "Mohammad Mithun",
              "runs": {
                "batter": 0,
                "extras": 0,
                "total": 0
              }
            },
            {
              "batter": "Mohammad Shahzad",
              "bowler": "Mosharraf Hossain",
              "non_striker": "Mohammad Mithun",
              "runs": {
                "batter": 1,
                "extras": 0,
                "total": 1
              }
            },
            {
              "batter": "Mohammad Mithun",
              "bowler": "Mosharraf Hossain",
              "non_striker": "Mohammad Shahzad",
              "runs": {
                "batter": 1,
                "extras": 0,
                "total": 1
              }
            }
          ]
        },
        {
          "over": 5,
          "deliveries": [
            {
              "batter": "Mohammad Mithun",
              "bowler": "BAC Howell",
              "non_striker": "Mohammad Shahzad",
              "runs": {
                "batter": 0,
                "extras": 0,
                "total": 0
              }
            },
            {
              "batter": "Mohammad Mithun",
              "bowler": "BAC Howell",
              "non_striker": "Mohammad Shahzad",
              "runs": {
                "batter": 1,
                "extras": 0,
                "total": 1
              }
            },
            {
              "batter": "Mohammad Shahzad",
              "bowler": "BAC Howell",
              "non_striker": "Mohammad Mithun",
              "runs": {
                "batter": 0,
                "extras": 0,
                "total": 0
              }
            },
            {
              "batter": "Mohammad Shahzad",
              "bowler": "BAC Howell",
              "non_striker": "Mohammad Mithun",
              "runs": {
                "batter": 4,
                "extras": 0,
                "total": 4
              }
            },
            {
              "batter": "Mohammad Shahzad",
              "bowler": "BAC Howell",
              "non_striker": "Mohammad Mithun",
              "runs": {
                "batter": 0,
                "extras": 0,
                "total": 0
              }
            },
            {
              "batter": "Mohammad Shahzad",
              "bowler": "BAC Howell",
              "non_striker": "Mohammad Mithun",
              "runs": {
                "batter": 0,
                "extras": 0,
                "total": 0
              }
            }
          ]
        },
        {
          "over": 6,
          "deliveries": [
            {
              "batter": "Mohammad Mithun",
              "bowler": "Shafiul Islam",
              "non_striker": "Mohammad Shahzad",
              "runs": {
                "batter": 1,
                "extras": 0,
                "total": 1
              }
            },
            {
              "batter": "Mohammad Shahzad",
              "bowler": "Shafiul Islam",
              "extras": {
                "byes": 1
              },
              "non_striker": "Mohammad Mithun",
              "runs": {
                "batter": 0,
                "extras": 1,
                "total": 1
              }
            },
            {
              "batter": "Mohammad Mithun",
              "bowler": "Shafiul Islam",
              "non_striker": "Mohammad Shahzad",
              "runs": {
                "batter": 0,
                "extras": 0,
                "total": 0
              }
            },
            {
              "batter": "Mohammad Mithun",
              "bowler": "Shafiul Islam",
              "non_striker": "Mohammad Shahzad",
              "runs": {
                "batter": 4,
                "extras": 0,
                "total": 4
              }
            },
            {
              "batter": "Mohammad Mithun",
              "bowler": "Shafiul Islam",
              "non_striker": "Mohammad Shahzad",
              "runs": {
                "batter": 1,
                "extras": 0,
                "total": 1
              }
            },
            {
              "batter": "Mohammad Shahzad",
              "bowler": "Shafiul Islam",
              "non_striker": "Mohammad Mithun",
              "runs": {
                "batter": 4,
                "extras": 0,
                "total": 4
              }
            }
          ]
        },
        {
          "over": 7,
          "deliveries": [
            {
              "batter": "Mohammad Mithun",
              "bowler": "BAC Howell",
              "non_striker": "Mohammad Shahzad",
              "runs": {
                "batter": 1,
                "extras": 0,
                "total": 1
              }
            },
            {
              "batter": "Mohammad Shahzad",
              "bowler": "BAC Howell",
              "non_striker": "Mohammad Mithun",
              "runs": {
                "batter": 1,
                "extras": 0,
                "total": 1
              }
            },
            {
              "batter": "Mohammad Mithun",
              "bowler": "BAC Howell",
              "non_striker": "Mohammad Shahzad",
              "runs": {
                "batter": 1,
                "extras": 0,
                "total": 1
              }
            },
            {
              "batter": "Mohammad Shahzad",
              "bowler": "BAC Howell",
              "non_striker": "Mohammad Mithun",
              "runs": {
                "batter": 0,
                "extras": 0,
                "total": 0
              }
            },
            {
              "batter": "Mohammad Shahzad",
              "bowler": "BAC Howell",
              "extras": {
                "noballs": 1
              },
              "non_striker": "Mohammad Mithun",
              "runs": {
                "batter": 1,
                "extras": 1,
                "total": 2
              }
            },
            {
              "batter": "Mohammad Mithun",
              "bowler": "BAC Howell",
              "non_striker": "Mohammad Shahzad",
              "runs": {
                "batter": 0,
                "extras": 0,
                "total": 0
              }
            },
            {
              "batter": "Mohammad Mithun",
              "bowler": "BAC Howell",
              "non_striker": "Mohammad Shahzad",
              "runs": {
                "batter": 1,
                "extras": 0,
                "total": 1
              }
            }
          ]
        },
        {
          "over": 8,
          "deliveries": [
            {
              "batter": "Mohammad Mithun",
              "bowler": "Shafiul Islam",
              "non_striker": "Mohammad Shahzad",
              "runs": {
                "batter": 1,
                "extras": 0,
                "total": 1
              }
            },
            {
              "batter": "Mohammad Shahzad",
              "bowler": "Shafiul Islam",
              "non_striker": "Mohammad Mithun",
              "runs": {
                "batter": 1,
                "extras": 0,
                "total": 1
              }
            },
            {
              "batter": "Mohammad Mithun",
              "bowler": "Shafiul Islam",
              "non_striker": "Mohammad Shahzad",
              "runs": {
                "batter": 1,
                "extras": 0,
                "total": 1
              }
            },
            {
              "batter": "Mohammad Shahzad",
              "bowler": "Shafiul Islam",
              "non_striker": "Mohammad Mithun",
              "runs": {
                "batter": 1,
                "extras": 0,
                "total": 1
              }
            },
            {
              "batter": "Mohammad Mithun",
              "bowler": "Shafiul Islam",
              "non_striker": "Mohammad Shahzad",
              "runs": {
                "batter": 1,
                "extras": 0,
                "total": 1
              }
            },
            {
              "batter": "Mohammad Shahzad",
              "bowler": "Shafiul Islam",
              "non_striker": "Mohammad Mithun",
              "runs": {
                "batter": 1,
                "extras": 0,
                "total": 1
              }
            }
          ]
        },
        {
          "over": 9,
          "deliveries": [
            {
              "batter": "Mohammad Shahzad",
              "bowler": "Alok Kapali",
              "non_striker": "Mohammad Mithun",
              "runs": {
                "batter": 1,
                "extras": 0,
                "total": 1
              }
            },
            {
              "batter": "Mohammad Mithun",
              "bowler": "Alok Kapali",
              "non_striker": "Mohammad Shahzad",
              "runs": {
                "batter": 0,
                "extras": 0,
                "total": 0
              }
            },
            {
              "batter": "Mohammad Mithun",
              "bowler": "Alok Kapali",
              "non_striker": "Mohammad Shahzad",
              "runs": {
                "batter": 6,
                "extras": 0,
                "total": 6
              }
            },
            {
              "batter": "Mohammad Mithun",
              "bowler": "Alok Kapali",
              "non_striker": "Mohammad Shahzad",
              "runs": {
                "batter": 6,
                "extras": 0,
                "total": 6
              }
            },
            {
              "batter": "Mohammad Mithun",
              "bowler": "Alok Kapali",
              "non_striker": "Mohammad Shahzad",
              "runs": {
                "batter": 1,
                "extras": 0,
                "total": 1
              }
            },
            {
              "batter": "Mohammad Shahzad",
              "bowler": "Alok Kapali",
              "non_striker": "Mohammad Mithun",
              "runs": {
                "batter": 0,
                "extras": 0,
                "total": 0
              }
            }
          ]
        },
        {
          "over": 10,
          "deliveries": [
            {
              "batter": "Mohammad Mithun",
              "bowler": "Mosharraf Hossain",
              "non_striker": "Mohammad Shahzad",
              "runs": {
                "batter": 6,
                "extras": 0,
                "total": 6
              }
            },
            {
              "batter": "Mohammad Mithun",
              "bowler": "Mosharraf Hossain",
              "non_striker": "Mohammad Shahzad",
              "runs": {
                "batter": 1,
                "extras": 0,
                "total": 1
              }
            },
            {
              "batter": "Mohammad Shahzad",
              "bowler": "Mosharraf Hossain",
              "non_striker": "Mohammad Mithun",
              "runs": {
                "batter": 1,
                "extras": 0,
                "total": 1
              }
            },
            {
              "batter": "Mohammad Mithun",
              "bowler": "Mosharraf Hossain",
              "non_striker": "Mohammad Shahzad",
              "runs": {
                "batter": 1,
                "extras": 0,
                "total": 1
              }
            },
            {
              "batter": "Mohammad Shahzad",
              "bowler": "Mosharraf Hossain",
              "non_striker": "Mohammad Mithun",
              "runs": {
                "batter": 0,
                "extras": 0,
                "total": 0
              }
            },
            {
              "batter": "Mohammad Shahzad",
              "bowler": "Mosharraf Hossain",
              "non_striker": "Mohammad Mithun",
              "runs": {
                "batter": 0,
                "extras": 0,
                "total": 0
              }
            }
          ]
        },
        {
          "over": 11,
          "deliveries": [
            {
              "batter": "Mohammad Mithun",
              "bowler": "Mahmudullah",
              "non_striker": "Mohammad Shahzad",
              "runs": {
                "batter": 0,
                "extras": 0,
                "total": 0
              }
            },
            {
              "batter": "Mohammad Mithun",
              "bowler": "Mahmudullah",
              "non_striker": "Mohammad Shahzad",
              "runs": {
                "batter": 1,
                "extras": 0,
                "total": 1
              }
            },
            {
              "batter": "Mohammad Shahzad",
              "bowler": "Mahmudullah",
              "non_striker": "Mohammad Mithun",
              "runs": {
                "batter": 0,
                "extras": 0,
                "total": 0
              }
            },
            {
              "batter": "Mohammad Shahzad",
              "bowler": "Mahmudullah",
              "non_striker": "Mohammad Mithun",
              "runs": {
                "batter": 0,
                "extras": 0,
                "total": 0
              }
            },
            {
              "batter": "Mohammad Shahzad",
              "bowler": "Mahmudullah",
              "non_striker": "Mohammad Mithun",
              "runs": {
                "batter": 1,
                "extras": 0,
                "total": 1
              }
            },
            {
              "batter": "Mohammad Mithun",
              "bowler": "Mahmudullah",
              "non_striker": "Mohammad Shahzad",
              "runs": {
                "batter": 1,
                "extras": 0,
                "total": 1
              }
            }
          ]
        },
        {
          "over": 12,
          "deliveries": [
            {
              "batter": "Mohammad Mithun",
              "bowler": "Junaid Khan",
              "extras": {
                "wides": 1
              },
              "non_striker": "Mohammad Shahzad",
              "runs": {
                "batter": 0,
                "extras": 1,
                "total": 1
              }
            },
            {
              "batter": "Mohammad Mithun",
              "bowler": "Junaid Khan",
              "non_striker": "Mohammad Shahzad",
              "runs": {
                "batter": 0,
                "extras": 0,
                "total": 0
              }
            },
            {
              "batter": "Mohammad Mithun",
              "bowler": "Junaid Khan",
              "non_striker": "Mohammad Shahzad",
              "runs": {
                "batter": 1,
                "extras": 0,
                "total": 1
              }
            },
            {
              "batter": "Mohammad Shahzad",
              "bowler": "Junaid Khan",
              "non_striker": "Mohammad Mithun",
              "runs": {
                "batter": 2,
                "extras": 0,
                "total": 2
              }
            },
            {
              "batter": "Mohammad Shahzad",
              "bowler": "Junaid Khan",
              "non_striker": "Mohammad Mithun",
              "runs": {
                "batter": 0,
                "extras": 0,
                "total": 0
              }
            },
            {
              "batter": "Mohammad Shahzad",
              "bowler": "Junaid Khan",
              "non_striker": "Mohammad Mithun",
              "runs": {
                "batter": 1,
                "extras": 0,
                "total": 1
              }
            },
            {
              "batter": "Mohammad Mithun",
              "bowler": "Junaid Khan",
              "non_striker": "Mohammad Shahzad",
              "runs": {
                "batter": 1,
                "extras": 0,
                "total": 1
              }
            }
          ]
        },
        {
          "over": 13,
          "deliveries": [
            {
              "batter": "Mohammad Mithun",
              "bowler": "Mahmudullah",
              "non_striker": "Mohammad Shahzad",
              "runs": {
                "batter": 1,
                "extras": 0,
                "total": 1
              }
            },
            {
              "batter": "Mohammad Shahzad",
              "bowler": "Mahmudullah",
              "non_striker": "Mohammad Mithun",
              "runs": {
                "batter": 0,
                "extras": 0,
                "total": 0
              },
              "wickets": [
                {
                  "player_out": "Mohammad Shahzad",
                  "fielders": [
                    {
                      "name": "Alok Kapali"
                    }
                  ],
                  "kind": "caught"
                }
              ]
            },
            {
              "batter": "Shahid Afridi",
              "bowler": "Mahmudullah",
              "non_striker": "Mohammad Mithun",
              "runs": {
                "batter": 0,
                "extras": 0,
                "total": 0
              }
            },
            {
              "batter": "Shahid Afridi",
              "bowler": "Mahmudullah",
              "non_striker": "Mohammad Mithun",
              "runs": {
                "batter": 1,
                "extras": 0,
                "total": 1
              }
            },
            {
              "batter": "Mohammad Mithun",
              "bowler": "Mahmudullah",
              "non_striker": "Shahid Afridi",
              "runs": {
                "batter": 0,
                "extras": 0,
                "total": 0
              }
            },
            {
              "batter": "Mohammad Mithun",
              "bowler": "Mahmudullah",
              "non_striker": "Shahid Afridi",
              "runs": {
                "batter": 2,
                "extras": 0,
                "total": 2
              }
            }
          ]
        },
        {
          "over": 14,
          "deliveries": [
            {
              "batter": "Shahid Afridi",
              "bowler": "BAC Howell",
              "non_striker": "Mohammad Mithun",
              "runs": {
                "batter": 2,
                "extras": 0,
                "total": 2
              }
            },
            {
              "batter": "Shahid Afridi",
              "bowler": "BAC Howell",
              "non_striker": "Mohammad Mithun",
              "runs": {
                "batter": 1,
                "extras": 0,
                "total": 1
              }
            },
            {
              "batter": "Mohammad Mithun",
              "bowler": "BAC Howell",
              "non_striker": "Shahid Afridi",
              "runs": {
                "batter": 1,
                "extras": 0,
                "total": 1
              }
            },
            {
              "batter": "Shahid Afridi",
              "bowler": "BAC Howell",
              "extras": {
                "noballs": 1
              },
              "non_striker": "Mohammad Mithun",
              "runs": {
                "batter": 0,
                "extras": 1,
                "total": 1
              }
            },
            {
              "batter": "Shahid Afridi",
              "bowler": "BAC Howell",
              "non_striker": "Mohammad Mithun",
              "runs": {
                "batter": 6,
                "extras": 0,
                "total": 6
              }
            },
            {
              "batter": "Shahid Afridi",
              "bowler": "BAC Howell",
              "non_striker": "Mohammad Mithun",
              "runs": {
                "batter": 2,
                "extras": 0,
                "total": 2
              }
            },
            {
              "batter": "Shahid Afridi",
              "bowler": "BAC Howell",
              "non_striker": "Mohammad Mithun",
              "runs": {
                "batter": 1,
                "extras": 0,
                "total": 1
              }
            }
          ]
        },
        {
          "over": 15,
          "deliveries": [
            {
              "batter": "Shahid Afridi",
              "bowler": "Shafiul Islam",
              "non_striker": "Mohammad Mithun",
              "runs": {
                "batter": 4,
                "extras": 0,
                "total": 4
              }
            },
            {
              "batter": "Shahid Afridi",
              "bowler": "Shafiul Islam",
              "extras": {
                "wides": 1
              },
              "non_striker": "Mohammad Mithun",
              "runs": {
                "batter": 0,
                "extras": 1,
                "total": 1
              }
            },
            {
              "batter": "Shahid Afridi",
              "bowler": "Shafiul Islam",
              "extras": {
                "wides": 1
              },
              "non_striker": "Mohammad Mithun",
              "runs": {
                "batter": 0,
                "extras": 1,
                "total": 1
              }
            },
            {
              "batter": "Shahid Afridi",
              "bowler": "Shafiul Islam",
              "non_striker": "Mohammad Mithun",
              "runs": {
                "batter": 0,
                "extras": 0,
                "total": 0
              }
            },
            {
              "batter": "Shahid Afridi",
              "bowler": "Shafiul Islam",
              "non_striker": "Mohammad Mithun",
              "runs": {
                "batter": 0,
                "extras": 0,
                "total": 0
              }
            },
            {
              "batter": "Shahid Afridi",
              "bowler": "Shafiul Islam",
              "non_striker": "Mohammad Mithun",
              "runs": {
                "batter": 0,
                "extras": 0,
                "total": 0
              }
            },
            {
              "batter": "Shahid Afridi",
              "bowler": "Shafiul Islam",
              "non_striker": "Mohammad Mithun",
              "runs": {
                "batter": 1,
                "extras": 0,
                "total": 1
              }
            },
            {
              "batter": "Mohammad Mithun",
              "bowler": "Shafiul Islam",
              "non_striker": "Shahid Afridi",
              "runs": {
                "batter": 0,
                "extras": 0,
                "total": 0
              }
            }
          ]
        },
        {
          "over": 16,
          "deliveries": [
            {
              "batter": "Shahid Afridi",
              "bowler": "Junaid Khan",
              "non_striker": "Mohammad Mithun",
              "runs": {
                "batter": 1,
                "extras": 0,
                "total": 1
              }
            },
            {
              "batter": "Mohammad Mithun",
              "bowler": "Junaid Khan",
              "non_striker": "Shahid Afridi",
              "runs": {
                "batter": 0,
                "extras": 0,
                "total": 0
              }
            },
            {
              "batter": "Mohammad Mithun",
              "bowler": "Junaid Khan",
              "non_striker": "Shahid Afridi",
              "runs": {
                "batter": 1,
                "extras": 0,
                "total": 1
              }
            },
            {
              "batter": "Shahid Afridi",
              "bowler": "Junaid Khan",
              "non_striker": "Mohammad Mithun",
              "runs": {
                "batter": 1,
                "extras": 0,
                "total": 1
              }
            },
            {
              "batter": "Mohammad Mithun",
              "bowler": "Junaid Khan",
              "non_striker": "Shahid Afridi",
              "runs": {
                "batter": 1,
                "extras": 0,
                "total": 1
              }
            },
            {
              "batter": "Shahid Afridi",
              "bowler": "Junaid Khan",
              "non_striker": "Mohammad Mithun",
              "runs": {
                "batter": 1,
                "extras": 0,
                "total": 1
              }
            }
          ]
        },
        {
          "over": 17,
          "deliveries": [
            {
              "batter": "Shahid Afridi",
              "bowler": "BAC Howell",
              "non_striker": "Mohammad Mithun",
              "runs": {
                "batter": 1,
                "extras": 0,
                "total": 1
              }
            },
            {
              "batter": "Mohammad Mithun",
              "bowler": "BAC Howell",
              "non_striker": "Shahid Afridi",
              "runs": {
                "batter": 1,
                "extras": 0,
                "total": 1
              }
            },
            {
              "batter": "Shahid Afridi",
              "bowler": "BAC Howell",
              "non_striker": "Mohammad Mithun",
              "runs": {
                "batter": 0,
                "extras": 0,
                "total": 0
              }
            },
            {
              "batter": "Shahid Afridi",
              "bowler": "BAC Howell",
              "non_striker": "Mohammad Mithun",
              "runs": {
                "batter": 4,
                "extras": 0,
                "total": 4
              }
            },
            {
              "batter": "Shahid Afridi",
              "bowler": "BAC Howell",
              "non_striker": "Mohammad Mithun",
              "runs": {
                "batter": 0,
                "extras": 0,
                "total": 0
              },
              "wickets": [
                {
                  "player_out": "Shahid Afridi",
                  "kind": "bowled"
                }
              ]
            },
            {
              "batter": "LA Dawson",
              "bowler": "BAC Howell",
              "non_striker": "Mohammad Mithun",
              "runs": {
                "batter": 0,
                "extras": 0,
                "total": 0
              }
            }
          ]
        },
        {
          "over": 18,
          "deliveries": [
            {
              "batter": "Mohammad Mithun",
              "bowler": "Mahmudullah",
              "non_striker": "LA Dawson",
              "runs": {
                "batter": 0,
                "extras": 0,
                "total": 0
              }
            },
            {
              "batter": "Mohammad Mithun",
              "bowler": "Mahmudullah",
              "non_striker": "LA Dawson",
              "runs": {
                "batter": 1,
                "extras": 0,
                "total": 1
              }
            },
            {
              "batter": "LA Dawson",
              "bowler": "Mahmudullah",
              "non_striker": "Mohammad Mithun",
              "runs": {
                "batter": 1,
                "extras": 0,
                "total": 1
              }
            },
            {
              "batter": "Mohammad Mithun",
              "bowler": "Mahmudullah",
              "non_striker": "LA Dawson",
              "runs": {
                "batter": 1,
                "extras": 0,
                "total": 1
              }
            },
            {
              "batter": "LA Dawson",
              "bowler": "Mahmudullah",
              "non_striker": "Mohammad Mithun",
              "runs": {
                "batter": 0,
                "extras": 0,
                "total": 0
              }
            },
            {
              "batter": "LA Dawson",
              "bowler": "Mahmudullah",
              "non_striker": "Mohammad Mithun",
              "runs": {
                "batter": 4,
                "extras": 0,
                "total": 4
              }
            }
          ]
        }
      ],
      "powerplays": [
        {
          "from": 0.1,
          "to": 5.6,
          "type": "mandatory"
        }
      ],
      "target": {
        "overs": 20,
        "runs": 126
      }
    }
  ]
}