{
  "meta": {
    "data_version": "1.1.0",
    "created": "2021-11-02",
    "revision": 2
  },
  "info": {
    "balls_per_over": 6,
    "city": "Chattogram",
    "dates": [
      "2016-11-20"
    ],
    "event": {
      "name": "Bangladesh Premier League",
      "match_number": 20
    },
    "gender": "male",
    "match_type": "T20",
    "officials": {
      "match_referees": [
        "Selim Shahid"
      ],
      "reserve_umpires": [
        "Manjurul Islam"
      ],
      "tv_umpires": [
        "Morshed Ali Khan"
      ],
      "umpires": [
        "Gazi Sohel",
        "REJ Martinesz"
      ]
    },
    "outcome": {
      "winner": "Khulna Titans",
      "by": {
        "runs": 22
      }
    },
    "overs": 20,
    "player_of_match": [
      "Mahmudullah"
    ],
    "players": {
      "Barisal Bulls": [
        "BMAJ Mendis",
        "Fazle Mahmud",
        "Shamsur Rahman",
        "Shahriar Nafees",
        "Mushfiqur Rahim",
        "NLTC Perera",
        "Nadif Chowdhury",
        "RR Emrit",
        "Rumman Raees",
        "Abu Hider",
        "Taijul Islam"
      ],
      "Khulna Titans": [
        "ADS Fletcher",
        "Hasanuzzaman",
        "MH Wessels",
        "Mahmudullah",
        "Shuvagata Hom",
        "Ariful Haque",
        "KK Cooper",
        "Taibur Rahman",
        "Shafiul Islam",
        "Mosharraf Hossain",
        "Junaid Khan"
      ]
    },
    "registry": {
      "people": {
        "ADS Fletcher": "1bae756b",
        "Abu Hider": "31803fac",
        "Ariful Haque": "ad1730bc",
        "BMAJ Mendis": "9868bc75",
        "Fazle Mahmud": "b4bef2ed",
        "Gazi Sohel": "f0df3ed7",
        "Hasanuzzaman": "849c9375",
        "Junaid Khan": "086f5984",
        "KK Cooper": "557153ca",
        "MH Wessels": "90f47cf2",
        "Mahmudullah": "bf1d7d3e",
        "Manjurul Islam": "0db7fb49",
        "Morshed Ali Khan": "a7c3cf5f",
        "Mosharraf Hossain": "8eb611d0",
        "Mushfiqur Rahim": "a94e08ea",
        "NLTC Perera": "0f12f9df",
        "Nadif Chowdhury": "d6ac6545",
        "REJ Martinesz": "140cdf29",
        "RR Emrit": "e7de4f6b",
        "Rumman Raees": "1c790f4f",
        "Selim Shahid": "b478bce3",
        "Shafiul Islam": "1a8eebbe",
        "Shahriar Nafees": "b9c225c2",
        "Shamsur Rahman": "02789d88",
        "Shuvagata Hom": "bb01f9e0",
        "Taibur Rahman": "561aff5c",
        "Taijul Islam": "9d1d34bd"
      }
    },
    "season": "2016/17",
    "team_type": "club",
    "teams": [
      "Khulna Titans",
      "Barisal Bulls"
    ],
    "toss": {
      "decision": "field",
      "winner": "Barisal Bulls"
    },
    "venue": "Zahur Ahmed Chowdhury Stadium, Chittagong"
  },
  "innings": [
    {
      "team": "Khulna Titans",
      "overs": [
        {
          "over": 0,
          "deliveries": [
            {
              "batter": "ADS Fletcher",
              "bowler": "Taijul Islam",
              "non_striker": "Hasanuzzaman",
              "runs": {
                "batter": 1,
                "extras": 0,
                "total": 1
              }
            },
            {
              "batter": "Hasanuzzaman",
              "bowler": "Taijul Islam",
              "non_striker": "ADS Fletcher",
              "runs": {
                "batter": 0,
                "extras": 0,
                "total": 0
              }
            },
            {
              "batter": "Hasanuzzaman",
              "bowler": "Taijul Islam",
              "non_striker": "ADS Fletcher",
              "runs": {
                "batter": 0,
                "extras": 0,
                "total": 0
              }
            },
            {
              "batter": "Hasanuzzaman",
              "bowler": "Taijul Islam",
              "non_striker": "ADS Fletcher",
              "runs": {
                "batter": 0,
                "extras": 0,
                "total": 0
              }
            },
            {
              "batter": "Hasanuzzaman",
              "bowler": "Taijul Islam",
              "non_striker": "ADS Fletcher",
              "runs": {
                "batter": 0,
                "extras": 0,
                "total": 0
              }
            },
            {
              "batter": "Hasanuzzaman",
              "bowler": "Taijul Islam",
              "non_striker": "ADS Fletcher",
              "runs": {
                "batter": 0,
                "extras": 0,
                "total": 0
              }
            }
          ]
        },
        {
          "over": 1,
          "deliveries": [
            {
              "batter": "ADS Fletcher",
              "bowler": "Rumman Raees",
              "extras": {
                "legbyes": 1
              },
              "non_striker": "Hasanuzzaman",
              "runs": {
                "batter": 0,
                "extras": 1,
                "total": 1
              }
            },
            {
              "batter": "Hasanuzzaman",
              "bowler": "Rumman Raees",
              "non_striker": "ADS Fletcher",
              "runs": {
                "batter": 4,
                "extras": 0,
                "total": 4
              }
            },
            {
              "batter": "Hasanuzzaman",
              "bowler": "Rumman Raees",
              "non_striker": "ADS Fletcher",
              "runs": {
                "batter": 0,
                "extras": 0,
                "total": 0
              }
            },
            {
              "batter": "Hasanuzzaman",
              "bowler": "Rumman Raees",
              "non_striker": "ADS Fletcher",
              "runs": {
                "batter": 4,
                "extras": 0,
                "total": 4
              }
            },
            {
              "batter": "Hasanuzzaman",
              "bowler": "Rumman Raees",
              "non_striker": "ADS Fletcher",
              "runs": {
                "batter": 0,
                "extras": 0,
                "total": 0
              }
            },
            {
              "batter": "Hasanuzzaman",
              "bowler": "Rumman Raees",
              "non_striker": "ADS Fletcher",
              "runs": {
                "batter": 4,
                "extras": 0,
                "total": 4
              }
            }
          ]
        },
        {
          "over": 2,
          "deliveries": [
            {
              "batter": "ADS Fletcher",
              "bowler": "Taijul Islam",
              "non_striker": "Hasanuzzaman",
              "runs": {
                "batter": 1,
                "extras": 0,
                "total": 1
              }
            },
            {
              "batter": "Hasanuzzaman",
              "bowler": "Taijul Islam",
              "non_striker": "ADS Fletcher",
              "runs": {
                "batter": 1,
                "extras": 0,
                "total": 1
              }
            },
            {
              "batter": "ADS Fletcher",
              "bowler": "Taijul Islam",
              "non_striker": "Hasanuzzaman",
              "runs": {
                "batter": 0,
                "extras": 0,
                "total": 0
              }
            },
            {
              "batter": "ADS Fletcher",
              "bowler": "Taijul Islam",
              "non_striker": "Hasanuzzaman",
              "runs": {
                "batter": 0,
                "extras": 0,
                "total": 0
              }
            },
            {
              "batter": "ADS Fletcher",
              "bowler": "Taijul Islam",
              "non_striker": "Hasanuzzaman",
              "runs": {
                "batter": 0,
                "extras": 0,
                "total": 0
              }
            },
            {
              "batter": "ADS Fletcher",
              "bowler": "Taijul Islam",
              "non_striker": "Hasanuzzaman",
              "runs": {
                "batter": 1,
                "extras": 0,
                "total": 1
              }
            }
          ]
        },
        {
          "over": 3,
          "deliveries": [
            {
              "batter": "ADS Fletcher",
              "bowler": "Rumman Raees",
              "non_striker": "Hasanuzzaman",
              "runs": {
                "batter": 1,
                "extras": 0,
                "total": 1
              }
            },
            {
              "batter": "Hasanuzzaman",
              "bowler": "Rumman Raees",
              "non_striker": "ADS Fletcher",
              "runs": {
                "batter": 0,
                "extras": 0,
                "total": 0
              }
            },
            {
              "batter": "Hasanuzzaman",
              "bowler": "Rumman Raees",
              "non_striker": "ADS Fletcher",
              "runs": {
                "batter": 2,
                "extras": 0,
                "total": 2
              }
            },
            {
              "batter": "Hasanuzzaman",
              "bowler": "Rumman Raees",
              "non_striker": "ADS Fletcher",
              "runs": {
                "batter": 0,
                "extras": 0,
                "total": 0
              }
            },
            {
              "batter": "Hasanuzzaman",
              "bowler": "Rumman Raees",
              "non_striker": "ADS Fletcher",
              "runs": {
                "batter": 1,
                "extras": 0,
                "total": 1
              }
            },
            {
              "batter": "ADS Fletcher",
              "bowler": "Rumman Raees",
              "non_striker": "Hasanuzzaman",
              "runs": {
                "batter": 0,
                "extras": 0,
                "total": 0
              }
            }
          ]
        },
        {
          "over": 4,
          "deliveries": [
            {
              "batter": "Hasanuzzaman",
              "bowler": "Taijul Islam",
              "non_striker": "ADS Fletcher",
              "runs": {
                "batter": 0,
                "extras": 0,
                "total": 0
              }
            },
            {
              "batter": "Hasanuzzaman",
              "bowler": "Taijul Islam",
              "non_striker": "ADS Fletcher",
              "runs": {
                "batter": 1,
                "extras": 0,
                "total": 1
              }
            },
            {
              "batter": "ADS Fletcher",
              "bowler": "Taijul Islam",
              "non_striker": "Hasanuzzaman",
              "runs": {
                "batter": 0,
                "extras": 0,
                "total": 0
              },
              "wickets": [
                {
                  "player_out": "ADS Fletcher",
                  "fielders": [
                    {
                      "name": "Abu Hider"
                    }
                  ],
                  "kind": "caught"
                }
              ]
            },
            {
              "batter": "Hasanuzzaman",
              "bowler": "Taijul Islam",
              "non_striker": "MH Wessels",
              "runs": {
                "batter": 2,
                "extras": 0,
                "total": 2
              }
            },
            {
              "batter": "Hasanuzzaman",
              "bowler": "Taijul Islam",
              "non_striker": "MH Wessels",
              "runs": {
                "batter": 0,
                "extras": 0,
                "total": 0
              },
              "wickets": [
                {
                  "player_out": "Hasanuzzaman",
                  "fielders": [
                    {
                      "name": "Abu Hider"
                    }
                  ],
                  "kind": "caught"
                }
              ]
            },
            {
              "batter": "Mahmudullah",
              "bowler": "Taijul Islam",
              "non_striker": "MH Wessels",
              "runs": {
                "batter": 1,
                "extras": 0,
                "total": 1
              }
            }
          ]
        },
        {
          "over": 5,
          "deliveries": [
            {
              "batter": "Mahmudullah",
              "bowler": "Abu Hider",
              "non_striker": "MH Wessels",
              "runs": {
                "batter": 0,
                "extras": 0,
                "total": 0
              }
            },
            {
              "batter": "Mahmudullah",
              "bowler": "Abu Hider",
              "non_striker": "MH Wessels",
              "runs": {
                "batter": 1,
                "extras": 0,
                "total": 1
              }
            },
            {
              "batter": "MH Wessels",
              "bowler": "Abu Hider",
              "non_striker": "Mahmudullah",
              "runs": {
                "batter": 0,
                "extras": 0,
                "total": 0
              }
            },
            {
              "batter": "MH Wessels",
              "bowler": "Abu Hider",
              "non_striker": "Mahmudullah",
              "runs": {
                "batter": 0,
                "extras": 0,
                "total": 0
              }
            },
            {
              "batter": "MH Wessels",
              "bowler": "Abu Hider",
              "non_striker": "Mahmudullah",
              "runs": {
                "batter": 0,
                "extras": 0,
                "total": 0
              }
            },
            {
              "batter": "MH Wessels",
              "bowler": "Abu Hider",
              "non_striker": "Mahmudullah",
              "runs": {
                "batter": 0,
                "extras": 0,
                "total": 0
              }
            }
          ]
        },
        {
          "over": 6,
          "deliveries": [
            {
              "batter": "Mahmudullah",
              "bowler": "RR Emrit",
              "non_striker": "MH Wessels",
              "runs": {
                "batter": 1,
                "extras": 0,
                "total": 1
              }
            },
            {
              "batter": "MH Wessels",
              "bowler": "RR Emrit",
              "non_striker": "Mahmudullah",
              "runs": {
                "batter": 0,
                "extras": 0,
                "total": 0
              }
            },
            {
              "batter": "MH Wessels",
              "bowler": "RR Emrit",
              "non_striker": "Mahmudullah",
              "runs": {
                "batter": 1,
                "extras": 0,
                "total": 1
              }
            },
            {
              "batter": "Mahmudullah",
              "bowler": "RR Emrit",
              "non_striker": "MH Wessels",
              "runs": {
                "batter": 1,
                "extras": 0,
                "total": 1
              }
            },
            {
              "batter": "MH Wessels",
              "bowler": "RR Emrit",
              "non_striker": "Mahmudullah",
              "runs": {
                "batter": 1,
                "extras": 0,
                "total": 1
              }
            },
            {
              "batter": "Mahmudullah",
              "bowler": "RR Emrit",
              "non_striker": "MH Wessels",
              "runs": {
                "batter": 4,
                "extras": 0,
                "total": 4
              }
            }
          ]
        },
        {
          "over": 7,
          "deliveries": [
            {
              "batter": "MH Wessels",
              "bowler": "Fazle Mahmud",
              "non_striker": "Mahmudullah",
              "runs": {
                "batter": 1,
                "extras": 0,
                "total": 1
              }
            },
            {
              "batter": "Mahmudullah",
              "bowler": "Fazle Mahmud",
              "non_striker": "MH Wessels",
              "runs": {
                "batter": 0,
                "extras": 0,
                "total": 0
              }
            },
            {
              "batter": "Mahmudullah",
              "bowler": "Fazle Mahmud",
              "non_striker": "MH Wessels",
              "runs": {
                "batter": 0,
                "extras": 0,
                "total": 0
              }
            },
            {
              "batter": "Mahmudullah",
              "bowler": "Fazle Mahmud",
              "non_striker": "MH Wessels",
              "runs": {
                "batter": 1,
                "extras": 0,
                "total": 1
              }
            },
            {
              "batter": "MH Wessels",
              "bowler": "Fazle Mahmud",
              "non_striker": "Mahmudullah",
              "runs": {
                "batter": 1,
                "extras": 0,
                "total": 1
              }
            },
            {
              "batter": "Mahmudullah",
              "bowler": "Fazle Mahmud",
              "extras": {
                "wides": 3
              },
              "non_striker": "MH Wessels",
              "runs": {
                "batter": 0,
                "extras": 3,
                "total": 3
              }
            },
            {
              "batter": "Mahmudullah",
              "bowler": "Fazle Mahmud",
              "non_striker": "MH Wessels",
              "runs": {
                "batter": 1,
                "extras": 0,
                "total": 1
              }
            }
          ]
        },
        {
          "over": 8,
          "deliveries": [
            {
              "batter": "Mahmudullah",
              "bowler": "Abu Hider",
              "non_striker": "MH Wessels",
              "runs": {
                "batter": 2,
                "extras": 0,
                "total": 2
              }
            },
            {
              "batter": "Mahmudullah",
              "bowler": "Abu Hider",
              "non_striker": "MH Wessels",
              "runs": {
                "batter": 1,
                "extras": 0,
                "total": 1
              }
            },
            {
              "batter": "MH Wessels",
              "bowler": "Abu Hider",
              "extras": {
                "legbyes": 1
              },
              "non_striker": "Mahmudullah",
              "runs": {
                "batter": 0,
                "extras": 1,
                "total": 1
              }
            },
            {
              "batter": "Mahmudullah",
              "bowler": "Abu Hider",
              "non_striker": "MH Wessels",
              "runs": {
                "batter": 6,
                "extras": 0,
                "total": 6
              }
            },
            {
              "batter": "Mahmudullah",
              "bowler": "Abu Hider",
              "non_striker": "MH Wessels",
              "runs": {
                "batter": 2,
                "extras": 0,
                "total": 2
              }
            },
            {
              "batter": "Mahmudullah",
              "bowler": "Abu Hider",
              "non_striker": "MH Wessels",
              "runs": {
                "batter": 1,
                "extras": 0,
                "total": 1
              }
            }
          ]
        },
        {
          "over": 9,
          "deliveries": [
            {
              "batter": "Mahmudullah",
              "bowler": "Fazle Mahmud",
              "non_striker": "MH Wessels",
              "runs": {
                "batter": 4,
                "extras": 0,
                "total": 4
              }
            },
            {
              "batter": "Mahmudullah",
              "bowler": "Fazle Mahmud",
              "non_striker": "MH Wessels",
              "runs": {
                "batter": 6,
                "extras": 0,
                "total": 6
              }
            },
            {
              "batter": "Mahmudullah",
              "bowler": "Fazle Mahmud",
              "non_striker": "MH Wessels",
              "runs": {
                "batter": 1,
                "extras": 0,
                "total": 1
              }
            },
            {
              "batter": "MH Wessels",
              "bowler": "Fazle Mahmud",
              "non_striker": "Mahmudullah",
              "runs": {
                "batter": 1,
                "extras": 0,
                "total": 1
              }
            },
            {
              "batter": "Mahmudullah",
              "bowler": "Fazle Mahmud",
              "non_striker": "MH Wessels",
              "runs": {
                "batter": 0,
                "extras": 0,
                "total": 0
              }
            },
            {
              "batter": "Mahmudullah",
              "bowler": "Fazle Mahmud",
              "non_striker": "MH Wessels",
              "runs": {
                "batter": 1,
                "extras": 0,
                "total": 1
              }
            }
          ]
        },
        {
          "over": 10,
          "deliveries": [
            {
              "batter": "Mahmudullah",
              "bowler": "Taijul Islam",
              "non_striker": "MH Wessels",
              "runs": {
                "batter": 2,
                "extras": 0,
                "total": 2
              }
            },
            {
              "batter": "Mahmudullah",
              "bowler": "Taijul Islam",
              "non_striker": "MH Wessels",
              "runs": {
                "batter": 2,
                "extras": 0,
                "total": 2
              }
            },
            {
              "batter": "Mahmudullah",
              "bowler": "Taijul Islam",
              "non_striker": "MH Wessels",
              "runs": {
                "batter": 0,
                "extras": 0,
                "total": 0
              }
            },
            {
              "batter": "Mahmudullah",
              "bowler": "Taijul Islam",
              "non_striker": "MH Wessels",
              "runs": {
                "batter": 0,
                "extras": 0,
                "total": 0
              }
            },
            {
              "batter": "Mahmudullah",
              "bowler": "Taijul Islam",
              "non_striker": "MH Wessels",
              "runs": {
                "batter": 6,
                "extras": 0,
                "total": 6
              }
            },
            {
              "batter": "Mahmudullah",
              "bowler": "Taijul Islam",
              "non_striker": "MH Wessels",
              "runs": {
                "batter": 0,
                "extras": 0,
                "total": 0
              },
              "wickets": [
                {
                  "player_out": "Mahmudullah",
                  "fielders": [
                    {
                      "name": "Rumman Raees"
                    }
                  ],
                  "kind": "caught"
                }
              ]
            }
          ]
        },
        {
          "over": 11,
          "deliveries": [
            {
              "batter": "MH Wessels",
              "bowler": "NLTC Perera",
              "non_striker": "Shuvagata Hom",
              "runs": {
                "batter": 1,
                "extras": 0,
                "total": 1
              },
              "wickets": [
                {
                  "player_out": "Shuvagata Hom",
                  "fielders": [
                    {
                      "name": "Mushfiqur Rahim"
                    }
                  ],
                  "kind": "run out"
                }
              ]
            },
            {
              "batter": "Ariful Haque",
              "bowler": "NLTC Perera",
              "non_striker": "MH Wessels",
              "runs": {
                "batter": 0,
                "extras": 0,
                "total": 0
              }
            },
            {
              "batter": "Ariful Haque",
              "bowler": "NLTC Perera",
              "non_striker": "MH Wessels",
              "runs": {
                "batter": 0,
                "extras": 0,
                "total": 0
              }
            },
            {
              "batter": "Ariful Haque",
              "bowler": "NLTC Perera",
              "non_striker": "MH Wessels",
              "runs": {
                "batter": 1,
                "extras": 0,
                "total": 1
              }
            },
            {
              "batter": "MH Wessels",
              "bowler": "NLTC Perera",
              "non_striker": "Ariful Haque",
              "runs": {
                "batter": 1,
                "extras": 0,
                "total": 1
              }
            },
            {
              "batter": "Ariful Haque",
              "bowler": "NLTC Perera",
              "non_striker": "MH Wessels",
              "runs": {
                "batter": 0,
                "extras": 0,
                "total": 0
              }
            }
          ]
        },
        {
          "over": 12,
          "deliveries": [
            {
              "batter": "MH Wessels",
              "bowler": "RR Emrit",
              "non_striker": "Ariful Haque",
              "runs": {
                "batter": 1,
                "extras": 0,
                "total": 1
              }
            },
            {
              "batter": "Ariful Haque",
              "bowler": "RR Emrit",
              "non_striker": "MH Wessels",
              "runs": {
                "batter": 1,
                "extras": 0,
                "total": 1
              }
            },
            {
              "batter": "MH Wessels",
              "bowler": "RR Emrit",
              "non_striker": "Ariful Haque",
              "runs": {
                "batter": 0,
                "extras": 0,
                "total": 0
              }
            },
            {
              "batter": "MH Wessels",
              "bowler": "RR Emrit",
              "non_striker": "Ariful Haque",
              "runs": {
                "batter": 4,
                "extras": 0,
                "total": 4
              }
            },
            {
              "batter": "MH Wessels",
              "bowler": "RR Emrit",
              "non_striker": "Ariful Haque",
              "runs": {
                "batter": 1,
                "extras": 0,
                "total": 1
              }
            },
            {
              "batter": "Ariful Haque",
              "bowler": "RR Emrit",
              "non_striker": "MH Wessels",
              "runs": {
                "batter": 1,
                "extras": 0,
                "total": 1
              }
            }
          ]
        },
        {
          "over": 13,
          "deliveries": [
            {
              "batter": "Ariful Haque",
              "bowler": "NLTC Perera",
              "non_striker": "MH Wessels",
              "runs": {
                "batter": 1,
                "extras": 0,
                "total": 1
              }
            },
            {
              "batter": "MH Wessels",
              "bowler": "NLTC Perera",
              "non_striker": "Ariful Haque",
              "runs": {
                "batter": 4,
                "extras": 0,
                "total": 4
              }
            },
            {
              "batter": "MH Wessels",
              "bowler": "NLTC Perera",
              "non_striker": "Ariful Haque",
              "runs": {
                "batter": 1,
                "extras": 0,
                "total": 1
              }
            },
            {
              "batter": "Ariful Haque",
              "bowler": "NLTC Perera",
              "non_striker": "MH Wessels",
              "runs": {
                "batter": 1,
                "extras": 0,
                "total": 1
              }
            },
            {
              "batter": "MH Wessels",
              "bowler": "NLTC Perera",
              "non_striker": "Ariful Haque",
              "runs": {
                "batter": 4,
                "extras": 0,
                "total": 4
              }
            },
            {
              "batter": "MH Wessels",
              "bowler": "NLTC Perera",
              "non_striker": "Ariful Haque",
              "runs": {
                "batter": 2,
                "extras": 0,
                "total": 2
              }
            }
          ]
        },
        {
          "over": 14,
          "deliveries": [
            {
              "batter": "Ariful Haque",
              "bowler": "Abu Hider",
              "non_striker": "MH Wessels",
              "runs": {
                "batter": 1,
                "extras": 0,
                "total": 1
              }
            },
            {
              "batter": "MH Wessels",
              "bowler": "Abu Hider",
              "non_striker": "Ariful Haque",
              "runs": {
                "batter": 6,
                "extras": 0,
                "total": 6
              }
            },
            {
              "batter": "MH Wessels",
              "bowler": "Abu Hider",
              "non_striker": "Ariful Haque",
              "runs": {
                "batter": 2,
                "extras": 0,
                "total": 2
              }
            },
            {
              "batter": "MH Wessels",
              "bowler": "Abu Hider",
              "non_striker": "Ariful Haque",
              "runs": {
                "batter": 1,
                "extras": 0,
                "total": 1
              }
            },
            {
              "batter": "Ariful Haque",
              "bowler": "Abu Hider",
              "non_striker": "MH Wessels",
              "runs": {
                "batter": 0,
                "extras": 0,
                "total": 0
              }
            },
            {
              "batter": "Ariful Haque",
              "bowler": "Abu Hider",
              "extras": {
                "wides": 1
              },
              "non_striker": "MH Wessels",
              "runs": {
                "batter": 0,
                "extras": 1,
                "total": 1
              }
            },
            {
              "batter": "Ariful Haque",
              "bowler": "Abu Hider",
              "non_striker": "MH Wessels",
              "runs": {
                "batter": 0,
                "extras": 0,
                "total": 0
              }
            }
          ]
        },
        {
          "over": 15,
          "deliveries": [
            {
              "batter": "MH Wessels",
              "bowler": "Rumman Raees",
              "non_striker": "Ariful Haque",
              "runs": {
                "batter": 2,
                "extras": 0,
                "total": 2
              }
            },
            {
              "batter": "MH Wessels",
              "bowler": "Rumman Raees",
              "non_striker": "Ariful Haque",
              "runs": {
                "batter": 0,
                "extras": 0,
                "total": 0
              }
            },
            {
              "batter": "MH Wessels",
              "bowler": "Rumman Raees",
              "non_striker": "Ariful Haque",
              "runs": {
                "batter": 1,
                "extras": 0,
                "total": 1
              }
            },
            {
              "batter": "Ariful Haque",
              "bowler": "Rumman Raees",
              "non_striker": "MH Wessels",
              "runs": {
                "batter": 4,
                "extras": 0,
                "total": 4
              }
            },
            {
              "batter": "Ariful Haque",
              "bowler": "Rumman Raees",
              "non_striker": "MH Wessels",
              "runs": {
                "batter": 1,
                "extras": 0,
                "total": 1
              }
            },
            {
              "batter": "MH Wessels",
              "bowler": "Rumman Raees",
              "non_striker": "Ariful Haque",
              "runs": {
                "batter": 4,
                "extras": 0,
                "total": 4
              }
            }
          ]
        },
        {
          "over": 16,
          "deliveries": [
            {
              "batter": "Ariful Haque",
              "bowler": "RR Emrit",
              "non_striker": "MH Wessels",
              "runs": {
                "batter": 1,
                "extras": 0,
                "total": 1
              }
            },
            {
              "batter": "MH Wessels",
              "bowler": "RR Emrit",
              "non_striker": "Ariful Haque",
              "runs": {
                "batter": 0,
                "extras": 0,
                "total": 0
              },
              "wickets": [
                {
                  "player_out": "MH Wessels",
                  "kind": "bowled"
                }
              ]
            },
            {
              "batter": "KK Cooper",
              "bowler": "RR Emrit",
              "non_striker": "Ariful Haque",
              "runs": {
                "batter": 1,
                "extras": 0,
                "total": 1
              }
            },
            {
              "batter": "Ariful Haque",
              "bowler": "RR Emrit",
              "extras": {
                "wides": 1
              },
              "non_striker": "KK Cooper",
              "runs": {
                "batter": 0,
                "extras": 1,
                "total": 1
              }
            },
            {
              "batter": "Ariful Haque",
              "bowler": "RR Emrit",
              "non_striker": "KK Cooper",
              "runs": {
                "batter": 1,
                "extras": 0,
                "total": 1
              }
            },
            {
              "batter": "KK Cooper",
              "bowler": "RR Emrit",
              "non_striker": "Ariful Haque",
              "runs": {
                "batter": 0,
                "extras": 0,
                "total": 0
              }
            },
            {
              "batter": "KK Cooper",
              "bowler": "RR Emrit",
              "non_striker": "Ariful Haque",
              "runs": {
                "batter": 0,
                "extras": 0,
                "total": 0
              }
            }
          ]
        },
        {
          "over": 17,
          "deliveries": [
            {
              "batter": "Ariful Haque",
              "bowler": "Rumman Raees",
              "non_striker": "KK Cooper",
              "runs": {
                "batter": 1,
                "extras": 0,
                "total": 1
              }
            },
            {
              "batter": "KK Cooper",
              "bowler": "Rumman Raees",
              "non_striker": "Ariful Haque",
              "runs": {
                "batter": 0,
                "extras": 0,
                "total": 0
              },
              "wickets": [
                {
                  "player_out": "KK Cooper",
                  "fielders": [
                    {
                      "name": "Mushfiqur Rahim"
                    }
                  ],
                  "kind": "caught"
                }
              ]
            },
            {
              "batter": "Taibur Rahman",
              "bowler": "Rumman Raees",
              "non_striker": "Ariful Haque",
              "runs": {
                "batter": 1,
                "extras": 0,
                "total": 1
              }
            },
            {
              "batter": "Ariful Haque",
              "bowler": "Rumman Raees",
              "non_striker": "Taibur Rahman",
              "runs": {
                "batter": 1,
                "extras": 0,
                "total": 1
              }
            },
            {
              "batter": "Taibur Rahman",
              "bowler": "Rumman Raees",
              "non_striker": "Ariful Haque",
              "runs": {
                "batter": 0,
                "extras": 0,
                "total": 0
              }
            },
            {
              "batter": "Taibur Rahman",
              "bowler": "Rumman Raees",
              "non_striker": "Ariful Haque",
              "runs": {
                "batter": 1,
                "extras": 0,
                "total": 1
              }
            }
          ]
        },
        {
          "over": 18,
          "deliveries": [
            {
              "batter": "Taibur Rahman",
              "bowler": "RR Emrit",
              "non_striker": "Ariful Haque",
              "runs": {
                "batter": 0,
                "extras": 0,
                "total": 0
              }
            },
            {
              "batter": "Taibur Rahman",
              "bowler": "RR Emrit",
              "non_striker": "Ariful Haque",
              "runs": {
                "batter": 1,
                "extras": 0,
                "total": 1
              }
            },
            {
              "batter": "Ariful Haque",
              "bowler": "RR Emrit",
              "non_striker": "Taibur Rahman",
              "runs": {
                "batter": 4,
                "extras": 0,
                "total": 4
              }
            },
            {
              "batter": "Ariful Haque",
              "bowler": "RR Emrit",
              "non_striker": "Taibur Rahman",
              "runs": {
                "batter": 4,
                "extras": 0,
                "total": 4
              }
            },
            {
              "batter": "Ariful Haque",
              "bowler": "RR Emrit",
              "non_striker": "Taibur Rahman",
              "runs": {
                "batter": 1,
                "extras": 0,
                "total": 1
              }
            },
            {
              "batter": "Taibur Rahman",
              "bowler": "RR Emrit",
              "non_striker": "Ariful Haque",
              "runs": {
                "batter": 0,
                "extras": 0,
                "total": 0
              }
            }
          ]
        },
        {
          "over": 19,
          "deliveries": [
            {
              "batter": "Ariful Haque",
              "bowler": "NLTC Perera",
              "non_striker": "Taibur Rahman",
              "runs": {
                "batter": 1,
                "extras": 0,
                "total": 1
              }
            },
            {
              "batter": "Taibur Rahman",
              "bowler": "NLTC Perera",
              "non_striker": "Ariful Haque",
              "runs": {
                "batter": 1,
                "extras": 0,
                "total": 1
              }
            },
            {
              "batter": "Ariful Haque",
              "bowler": "NLTC Perera",
              "non_striker": "Taibur Rahman",
              "runs": {
                "batter": 1,
                "extras": 0,
                "total": 1
              }
            },
            {
              "batter": "Taibur Rahman",
              "bowler": "NLTC Perera",
              "non_striker": "Ariful Haque",
              "runs": {
                "batter": 4,
                "extras": 0,
                "total": 4
              }
            },
            {
              "batter": "Taibur Rahman",
              "bowler": "NLTC Perera",
              "non_striker": "Ariful Haque",
              "runs": {
                "batter": 2,
                "extras": 0,
                "total": 2
              }
            },
            {
              "batter": "Taibur Rahman",
              "bowler": "NLTC Perera",
              "non_striker": "Ariful Haque",
              "runs": {
                "batter": 0,
                "extras": 0,
                "total": 0
              },
              "wickets": [
                {
                  "player_out": "Taibur Rahman",
                  "fielders": [
                    {
                      "name": "Rumman Raees"
                    }
                  ],
                  "kind": "caught"
                }
              ]
            }
          ]
        }
      ],
      "powerplays": [
        {
          "from": 0.1,
          "to": 5.6,
          "type": "mandatory"
        }
      ]
    },
    {
      "team": "Barisal Bulls",
      "overs": [
        {
          "over": 0,
          "deliveries": [
            {
              "batter": "BMAJ Mendis",
              "bowler": "Mahmudullah",
              "non_striker": "Fazle Mahmud",
              "runs": {
                "batter": 0,
                "extras": 0,
                "total": 0
              }
            },
            {
              "batter": "BMAJ Mendis",
              "bowler": "Mahmudullah",
              "non_striker": "Fazle Mahmud",
              "runs": {
                "batter": 4,
                "extras": 0,
                "total": 4
              }
            },
            {
              "batter": "BMAJ Mendis",
              "bowler": "Mahmudullah",
              "non_striker": "Fazle Mahmud",
              "runs": {
                "batter": 0,
                "extras": 0,
                "total": 0
              }
            },
            {
              "batter": "BMAJ Mendis",
              "bowler": "Mahmudullah",
              "non_striker": "Fazle Mahmud",
              "runs": {
                "batter": 0,
                "extras": 0,
                "total": 0
              }
            },
            {
              "batter": "BMAJ Mendis",
              "bowler": "Mahmudullah",
              "non_striker": "Fazle Mahmud",
              "runs": {
                "batter": 0,
                "extras": 0,
                "total": 0
              }
            },
            {
              "batter": "BMAJ Mendis",
              "bowler": "Mahmudullah",
              "non_striker": "Fazle Mahmud",
              "runs": {
                "batter": 4,
                "extras": 0,
                "total": 4
              }
            }
          ]
        },
        {
          "over": 1,
          "deliveries": [
            {
              "batter": "Fazle Mahmud",
              "bowler": "Junaid Khan",
              "non_striker": "BMAJ Mendis",
              "runs": {
                "batter": 0,
                "extras": 0,
                "total": 0
              }
            },
            {
              "batter": "Fazle Mahmud",
              "bowler": "Junaid Khan",
              "non_striker": "BMAJ Mendis",
              "runs": {
                "batter": 0,
                "extras": 0,
                "total": 0
              },
              "wickets": [
                {
                  "player_out": "Fazle Mahmud",
                  "kind": "lbw"
                }
              ]
            },
            {
              "batter": "Shamsur Rahman",
              "bowler": "Junaid Khan",
              "non_striker": "BMAJ Mendis",
              "runs": {
                "batter": 0,
                "extras": 0,
                "total": 0
              }
            },
            {
              "batter": "Shamsur Rahman",
              "bowler": "Junaid Khan",
              "non_striker": "BMAJ Mendis",
              "runs": {
                "batter": 1,
                "extras": 0,
                "total": 1
              }
            },
            {
              "batter": "BMAJ Mendis",
              "bowler": "Junaid Khan",
              "non_striker": "Shamsur Rahman",
              "runs": {
                "batter": 2,
                "extras": 0,
                "total": 2
              }
            },
            {
              "batter": "BMAJ Mendis",
              "bowler": "Junaid Khan",
              "non_striker": "Shamsur Rahman",
              "runs": {
                "batter": 1,
                "extras": 0,
                "total": 1
              }
            }
          ]
        },
        {
          "over": 2,
          "deliveries": [
            {
              "batter": "BMAJ Mendis",
              "bowler": "KK Cooper",
              "non_striker": "Shamsur Rahman",
              "runs": {
                "batter": 0,
                "extras": 0,
                "total": 0
              }
            },
            {
              "batter": "BMAJ Mendis",
              "bowler": "KK Cooper",
              "non_striker": "Shamsur Rahman",
              "runs": {
                "batter": 0,
                "extras": 0,
                "total": 0
              }
            },
            {
              "batter": "BMAJ Mendis",
              "bowler": "KK Cooper",
              "non_striker": "Shamsur Rahman",
              "runs": {
                "batter": 4,
                "extras": 0,
                "total": 4
              }
            },
            {
              "batter": "BMAJ Mendis",
              "bowler": "KK Cooper",
              "non_striker": "Shamsur Rahman",
              "runs": {
                "batter": 1,
                "extras": 0,
                "total": 1
              }
            },
            {
              "batter": "Shamsur Rahman",
              "bowler": "KK Cooper",
              "non_striker": "BMAJ Mendis",
              "runs": {
                "batter": 0,
                "extras": 0,
                "total": 0
              }
            },
            {
              "batter": "Shamsur Rahman",
              "bowler": "KK Cooper",
              "non_striker": "BMAJ Mendis",
              "runs": {
                "batter": 1,
                "extras": 0,
                "total": 1
              }
            }
          ]
        },
        {
          "over": 3,
          "deliveries": [
            {
              "batter": "Shamsur Rahman",
              "bowler": "Shafiul Islam",
              "non_striker": "BMAJ Mendis",
              "runs": {
                "batter": 1,
                "extras": 0,
                "total": 1
              }
            },
            {
              "batter": "BMAJ Mendis",
              "bowler": "Shafiul Islam",
              "non_striker": "Shamsur Rahman",
              "runs": {
                "batter": 1,
                "extras": 0,
                "total": 1
              }
            },
            {
              "batter": "Shamsur Rahman",
              "bowler": "Shafiul Islam",
              "non_striker": "BMAJ Mendis",
              "runs": {
                "batter": 1,
                "extras": 0,
                "total": 1
              }
            },
            {
              "batter": "BMAJ Mendis",
              "bowler": "Shafiul Islam",
              "non_striker": "Shamsur Rahman",
              "runs": {
                "batter": 4,
                "extras": 0,
                "total": 4
              }
            },
            {
              "batter": "BMAJ Mendis",
              "bowler": "Shafiul Islam",
              "non_striker": "Shamsur Rahman",
              "runs": {
                "batter": 0,
                "extras": 0,
                "total": 0
              }
            },
            {
              "batter": "BMAJ Mendis",
              "bowler": "Shafiul Islam",
              "non_striker": "Shamsur Rahman",
              "runs": {
                "batter": 0,
                "extras": 0,
                "total": 0
              },
              "wickets": [
                {
                  "player_out": "BMAJ Mendis",
                  "fielders": [
                    {
                      "name": "KK Cooper"
                    }
                  ],
                  "kind": "caught"
                }
              ]
            }
          ]
        },
        {
          "over": 4,
          "deliveries": [
            {
              "batter": "Shahriar Nafees",
              "bowler": "KK Cooper",
              "non_striker": "Shamsur Rahman",
              "runs": {
                "batter": 0,
                "extras": 0,
                "total": 0
              }
            },
            {
              "batter": "Shahriar Nafees",
              "bowler": "KK Cooper",
              "non_striker": "Shamsur Rahman",
              "runs": {
                "batter": 0,
                "extras": 0,
                "total": 0
              }
            },
            {
              "batter": "Shahriar Nafees",
              "bowler": "KK Cooper",
              "non_striker": "Shamsur Rahman",
              "runs": {
                "batter": 0,
                "extras": 0,
                "total": 0
              }
            },
            {
              "batter": "Shahriar Nafees",
              "bowler": "KK Cooper",
              "non_striker": "Shamsur Rahman",
              "runs": {
                "batter": 1,
                "extras": 0,
                "total": 1
              }
            },
            {
              "batter": "Shamsur Rahman",
              "bowler": "KK Cooper",
              "non_striker": "Shahriar Nafees",
              "runs": {
                "batter": 2,
                "extras": 0,
                "total": 2
              }
            },
            {
              "batter": "Shamsur Rahman",
              "bowler": "KK Cooper",
              "non_striker": "Shahriar Nafees",
              "runs": {
                "batter": 0,
                "extras": 0,
                "total": 0
              }
            }
          ]
        },
        {
          "over": 5,
          "deliveries": [
            {
              "batter": "Shahriar Nafees",
              "bowler": "Shafiul Islam",
              "non_striker": "Shamsur Rahman",
              "runs": {
                "batter": 0,
                "extras": 0,
                "total": 0
              }
            },
            {
              "batter": "Shahriar Nafees",
              "bowler": "Shafiul Islam",
              "non_striker": "Shamsur Rahman",
              "runs": {
                "batter": 0,
                "extras": 0,
                "total": 0
              }
            },
            {
              "batter": "Shahriar Nafees",
              "bowler": "Shafiul Islam",
              "non_striker": "Shamsur Rahman",
              "runs": {
                "batter": 0,
                "extras": 0,
                "total": 0
              }
            },
            {
              "batter": "Shahriar Nafees",
              "bowler": "Shafiul Islam",
              "non_striker": "Shamsur Rahman",
              "runs": {
                "batter": 1,
                "extras": 0,
                "total": 1
              }
            },
            {
              "batter": "Shamsur Rahman",
              "bowler": "Shafiul Islam",
              "non_striker": "Shahriar Nafees",
              "runs": {
                "batter": 1,
                "extras": 0,
                "total": 1
              }
            },
            {
              "batter": "Shahriar Nafees",
              "bowler": "Shafiul Islam",
              "extras": {
                "legbyes": 1
              },
              "non_striker": "Shamsur Rahman",
              "runs": {
                "batter": 0,
                "extras": 1,
                "total": 1
              }
            }
          ]
        },
        {
          "over": 6,
          "deliveries": [
            {
              "batter": "Shahriar Nafees",
              "bowler": "Mosharraf Hossain",
              "non_striker": "Shamsur Rahman",
              "runs": {
                "batter": 1,
                "extras": 0,
                "total": 1
              }
            },
            {
              "batter": "Shamsur Rahman",
              "bowler": "Mosharraf Hossain",
              "non_striker": "Shahriar Nafees",
              "runs": {
                "batter": 0,
                "extras": 0,
                "total": 0
              }
            },
            {
              "batter": "Shamsur Rahman",
              "bowler": "Mosharraf Hossain",
              "non_striker": "Shahriar Nafees",
              "runs": {
                "batter": 1,
                "extras": 0,
                "total": 1
              }
            },
            {
              "batter": "Shahriar Nafees",
              "bowler": "Mosharraf Hossain",
              "non_striker": "Shamsur Rahman",
              "runs": {
                "batter": 0,
                "extras": 0,
                "total": 0
              }
            },
            {
              "batter": "Shahriar Nafees",
              "bowler": "Mosharraf Hossain",
              "non_striker": "Shamsur Rahman",
              "runs": {
                "batter": 0,
                "extras": 0,
                "total": 0
              }
            },
            {
              "batter": "Shahriar Nafees",
              "bowler": "Mosharraf Hossain",
              "non_striker": "Shamsur Rahman",
              "runs": {
                "batter": 0,
                "extras": 0,
                "total": 0
              }
            }
          ]
        },
        {
          "over": 7,
          "deliveries": [
            {
              "batter": "Shamsur Rahman",
              "bowler": "Mahmudullah",
              "non_striker": "Shahriar Nafees",
              "runs": {
                "batter": 0,
                "extras": 0,
                "total": 0
              }
            },
            {
              "batter": "Shamsur Rahman",
              "bowler": "Mahmudullah",
              "non_striker": "Shahriar Nafees",
              "runs": {
                "batter": 1,
                "extras": 0,
                "total": 1
              }
            },
            {
              "batter": "Shahriar Nafees",
              "bowler": "Mahmudullah",
              "non_striker": "Shamsur Rahman",
              "runs": {
                "batter": 0,
                "extras": 0,
                "total": 0
              }
            },
            {
              "batter": "Shahriar Nafees",
              "bowler": "Mahmudullah",
              "non_striker": "Shamsur Rahman",
              "runs": {
                "batter": 1,
                "extras": 0,
                "total": 1
              }
            },
            {
              "batter": "Shamsur Rahman",
              "bowler": "Mahmudullah",
              "non_striker": "Shahriar Nafees",
              "runs": {
                "batter": 1,
                "extras": 0,
                "total": 1
              }
            },
            {
              "batter": "Shahriar Nafees",
              "bowler": "Mahmudullah",
              "non_striker": "Shamsur Rahman",
              "runs": {
                "batter": 1,
                "extras": 0,
                "total": 1
              }
            }
          ]
        },
        {
          "over": 8,
          "deliveries": [
            {
              "batter": "Shahriar Nafees",
              "bowler": "Mosharraf Hossain",
              "non_striker": "Shamsur Rahman",
              "runs": {
                "batter": 2,
                "extras": 0,
                "total": 2
              }
            },
            {
              "batter": "Shahriar Nafees",
              "bowler": "Mosharraf Hossain",
              "non_striker": "Shamsur Rahman",
              "runs": {
                "batter": 1,
                "extras": 0,
                "total": 1
              }
            },
            {
              "batter": "Shamsur Rahman",
              "bowler": "Mosharraf Hossain",
              "non_striker": "Shahriar Nafees",
              "runs": {
                "batter": 1,
                "extras": 0,
                "total": 1
              }
            },
            {
              "batter": "Shahriar Nafees",
              "bowler": "Mosharraf Hossain",
              "non_striker": "Shamsur Rahman",
              "runs": {
                "batter": 1,
                "extras": 0,
                "total": 1
              }
            },
            {
              "batter": "Shamsur Rahman",
              "bowler": "Mosharraf Hossain",
              "non_striker": "Shahriar Nafees",
              "runs": {
                "batter": 1,
                "extras": 0,
                "total": 1
              }
            },
            {
              "batter": "Shahriar Nafees",
              "bowler": "Mosharraf Hossain",
              "non_striker": "Shamsur Rahman",
              "runs": {
                "batter": 1,
                "extras": 0,
                "total": 1
              }
            }
          ]
        },
        {
          "over": 9,
          "deliveries": [
            {
              "batter": "Shahriar Nafees",
              "bowler": "Mahmudullah",
              "non_striker": "Shamsur Rahman",
              "runs": {
                "batter": 1,
                "extras": 0,
                "total": 1
              }
            },
            {
              "batter": "Shamsur Rahman",
              "bowler": "Mahmudullah",
              "non_striker": "Shahriar Nafees",
              "runs": {
                "batter": 0,
                "extras": 0,
                "total": 0
              },
              "wickets": [
                {
                  "player_out": "Shamsur Rahman",
                  "fielders": [
                    {
                      "name": "Junaid Khan"
                    }
                  ],
                  "kind": "caught"
                }
              ]
            },
            {
              "batter": "Shahriar Nafees",
              "bowler": "Mahmudullah",
              "non_striker": "Mushfiqur Rahim",
              "runs": {
                "batter": 1,
                "extras": 0,
                "total": 1
              }
            },
            {
              "batter": "Mushfiqur Rahim",
              "bowler": "Mahmudullah",
              "non_striker": "Shahriar Nafees",
              "runs": {
                "batter": 0,
                "extras": 0,
                "total": 0
              }
            },
            {
              "batter": "Mushfiqur Rahim",
              "bowler": "Mahmudullah",
              "non_striker": "Shahriar Nafees",
              "runs": {
                "batter": 1,
                "extras": 0,
                "total": 1
              }
            },
            {
              "batter": "Shahriar Nafees",
              "bowler": "Mahmudullah",
              "non_striker": "Mushfiqur Rahim",
              "runs": {
                "batter": 4,
                "extras": 0,
                "total": 4
              }
            }
          ]
        },
        {
          "over": 10,
          "deliveries": [
            {
              "batter": "Mushfiqur Rahim",
              "bowler": "Junaid Khan",
              "non_striker": "Shahriar Nafees",
              "runs": {
                "batter": 4,
                "extras": 0,
                "total": 4
              }
            },
            {
              "batter": "Mushfiqur Rahim",
              "bowler": "Junaid Khan",
              "non_striker": "Shahriar Nafees",
              "runs": {
                "batter": 1,
                "extras": 0,
                "total": 1
              }
            },
            {
              "batter": "Shahriar Nafees",
              "bowler": "Junaid Khan",
              "non_striker": "Mushfiqur Rahim",
              "runs": {
                "batter": 0,
                "extras": 0,
                "total": 0
              }
            },
            {
              "batter": "Shahriar Nafees",
              "bowler": "Junaid Khan",
              "non_striker": "Mushfiqur Rahim",
              "runs": {
                "batter": 1,
                "extras": 0,
                "total": 1
              }
            },
            {
              "batter": "Mushfiqur Rahim",
              "bowler": "Junaid Khan",
              "non_striker": "Shahriar Nafees",
              "runs": {
                "batter": 4,
                "extras": 0,
                "total": 4
              }
            },
            {
              "batter": "Mushfiqur Rahim",
              "bowler": "Junaid Khan",
              "non_striker": "Shahriar Nafees",
              "runs": {
                "batter": 0,
                "extras": 0,
                "total": 0
              }
            }
          ]
        },
        {
          "over": 11,
          "deliveries": [
            {
              "batter": "Shahriar Nafees",
              "bowler": "KK Cooper",
              "non_striker": "Mushfiqur Rahim",
              "runs": {
                "batter": 1,
                "extras": 0,
                "total": 1
              }
            },
            {
              "batter": "Mushfiqur Rahim",
              "bowler": "KK Cooper",
              "non_striker": "Shahriar Nafees",
              "runs": {
                "batter": 1,
                "extras": 0,
                "total": 1
              }
            },
            {
              "batter": "Shahriar Nafees",
              "bowler": "KK Cooper",
              "non_striker": "Mushfiqur Rahim",
              "runs": {
                "batter": 1,
                "extras": 0,
                "total": 1
              }
            },
            {
              "batter": "Mushfiqur Rahim",
              "bowler": "KK Cooper",
              "non_striker": "Shahriar Nafees",
              "runs": {
                "batter": 2,
                "extras": 0,
                "total": 2
              }
            },
            {
              "batter": "Mushfiqur Rahim",
              "bowler": "KK Cooper",
              "non_striker": "Shahriar Nafees",
              "runs": {
                "batter": 1,
                "extras": 0,
                "total": 1
              }
            },
            {
              "batter": "Shahriar Nafees",
              "bowler": "KK Cooper",
              "non_striker": "Mushfiqur Rahim",
              "runs": {
                "batter": 1,
                "extras": 0,
                "total": 1
              }
            }
          ]
        },
        {
          "over": 12,
          "deliveries": [
            {
              "batter": "Shahriar Nafees",
              "bowler": "Mosharraf Hossain",
              "non_striker": "Mushfiqur Rahim",
              "runs": {
                "batter": 1,
                "extras": 0,
                "total": 1
              }
            },
            {
              "batter": "Mushfiqur Rahim",
              "bowler": "Mosharraf Hossain",
              "non_striker": "Shahriar Nafees",
              "runs": {
                "batter": 1,
                "extras": 0,
                "total": 1
              }
            },
            {
              "batter": "Shahriar Nafees",
              "bowler": "Mosharraf Hossain",
              "non_striker": "Mushfiqur Rahim",
              "runs": {
                "batter": 1,
                "extras": 0,
                "total": 1
              }
            },
            {
              "batter": "Mushfiqur Rahim",
              "bowler": "Mosharraf Hossain",
              "non_striker": "Shahriar Nafees",
              "runs": {
                "batter": 4,
                "extras": 0,
                "total": 4
              }
            },
            {
              "batter": "Mushfiqur Rahim",
              "bowler": "Mosharraf Hossain",
              "non_striker": "Shahriar Nafees",
              "runs": {
                "batter": 4,
                "extras": 0,
                "total": 4
              }
            },
            {
              "batter": "Mushfiqur Rahim",
              "bowler": "Mosharraf Hossain",
              "non_striker": "Shahriar Nafees",
              "runs": {
                "batter": 0,
                "extras": 0,
                "total": 0
              }
            }
          ]
        },
        {
          "over": 13,
          "deliveries": [
            {
              "batter": "Shahriar Nafees",
              "bowler": "Mahmudullah",
              "non_striker": "Mushfiqur Rahim",
              "runs": {
                "batter": 4,
                "extras": 0,
                "total": 4
              }
            },
            {
              "batter": "Shahriar Nafees",
              "bowler": "Mahmudullah",
              "non_striker": "Mushfiqur Rahim",
              "runs": {
                "batter": 1,
                "extras": 0,
                "total": 1
              }
            },
            {
              "batter": "Mushfiqur Rahim",
              "bowler": "Mahmudullah",
              "non_striker": "Shahriar Nafees",
              "runs": {
                "batter": 1,
                "extras": 0,
                "total": 1
              }
            },
            {
              "batter": "Shahriar Nafees",
              "bowler": "Mahmudullah",
              "non_striker": "Mushfiqur Rahim",
              "runs": {
                "batter": 1,
                "extras": 0,
                "total": 1
              }
            },
            {
              "batter": "Mushfiqur Rahim",
              "bowler": "Mahmudullah",
              "non_striker": "Shahriar Nafees",
              "runs": {
                "batter": 0,
                "extras": 0,
                "total": 0
              }
            },
            {
              "batter": "Mushfiqur Rahim",
              "bowler": "Mahmudullah",
              "non_striker": "Shahriar Nafees",
              "runs": {
                "batter": 2,
                "extras": 0,
                "total": 2
              }
            }
          ]
        },
        {
          "over": 14,
          "deliveries": [
            {
              "batter": "Shahriar Nafees",
              "bowler": "Mosharraf Hossain",
              "non_striker": "Mushfiqur Rahim",
              "runs": {
                "batter": 0,
                "extras": 0,
                "total": 0
              }
            },
            {
              "batter": "Shahriar Nafees",
              "bowler": "Mosharraf Hossain",
              "non_striker": "Mushfiqur Rahim",
              "runs": {
                "batter": 0,
                "extras": 0,
                "total": 0
              },
              "wickets": [
                {
                  "player_out": "Shahriar Nafees",
                  "fielders": [
                    {
                      "name": "Shuvagata Hom"
                    }
                  ],
                  "kind": "caught"
                }
              ]
            },
            {
              "batter": "Mushfiqur Rahim",
              "bowler": "Mosharraf Hossain",
              "non_striker": "NLTC Perera",
              "runs": {
                "batter": 2,
                "extras": 0,
                "total": 2
              }
            },
            {
              "batter": "Mushfiqur Rahim",
              "bowler": "Mosharraf Hossain",
              "non_striker": "NLTC Perera",
              "runs": {
                "batter": 1,
                "extras": 0,
                "total": 1
              }
            },
            {
              "batter": "NLTC Perera",
              "bowler": "Mosharraf Hossain",
              "non_striker": "Mushfiqur Rahim",
              "runs": {
                "batter": 0,
                "extras": 0,
                "total": 0
              },
              "wickets": [
                {
                  "player_out": "NLTC Perera",
                  "fielders": [
                    {
                      "name": "KK Cooper"
                    }
                  ],
                  "kind": "caught"
                }
              ]
            },
            {
              "batter": "Mushfiqur Rahim",
              "bowler": "Mosharraf Hossain",
              "non_striker": "Nadif Chowdhury",
              "runs": {
                "batter": 1,
                "extras": 0,
                "total": 1
              }
            }
          ]
        },
        {
          "over": 15,
          "deliveries": [
            {
              "batter": "Mushfiqur Rahim",
              "bowler": "Shafiul Islam",
              "non_striker": "Nadif Chowdhury",
              "runs": {
                "batter": 2,
                "extras": 0,
                "total": 2
              }
            },
            {
              "batter": "Mushfiqur Rahim",
              "bowler": "Shafiul Islam",
              "non_striker": "Nadif Chowdhury",
              "runs": {
                "batter": 1,
                "extras": 0,
                "total": 1
              }
            },
            {
              "batter": "Nadif Chowdhury",
              "bowler": "Shafiul Islam",
              "non_striker": "Mushfiqur Rahim",
              "runs": {
                "batter": 1,
                "extras": 0,
                "total": 1
              }
            },
            {
              "batter": "Mushfiqur Rahim",
              "bowler": "Shafiul Islam",
              "non_striker": "Nadif Chowdhury",
              "runs": {
                "batter": 2,
                "extras": 0,
                "total": 2
              }
            },
            {
              "batter": "Mushfiqur Rahim",
              "bowler": "Shafiul Islam",
              "non_striker": "Nadif Chowdhury",
              "runs": {
                "batter": 0,
                "extras": 0,
                "total": 0
              },
              "wickets": [
                {
                  "player_out": "Mushfiqur Rahim",
                  "fielders": [
                    {
                      "name": "Ariful Haque"
                    }
                  ],
                  "kind": "caught"
                }
              ]
            },
            {
              "batter": "RR Emrit",
              "bowler": "Shafiul Islam",
              "non_striker": "Nadif Chowdhury",
              "runs": {
                "batter": 0,
                "extras": 0,
                "total": 0
              }
            }
          ]
        },
        {
          "over": 16,
          "deliveries": [
            {
              "batter": "Nadif Chowdhury",
              "bowler": "Junaid Khan",
              "non_striker": "RR Emrit",
              "runs": {
                "batter": 1,
                "extras": 0,
                "total": 1
              }
            },
            {
              "batter": "RR Emrit",
              "bowler": "Junaid Khan",
              "non_striker": "Nadif Chowdhury",
              "runs": {
                "batter": 1,
                "extras": 0,
                "total": 1
              }
            },
            {
              "batter": "Nadif Chowdhury",
              "bowler": "Junaid Khan",
              "non_striker": "RR Emrit",
              "runs": {
                "batter": 1,
                "extras": 0,
                "total": 1
              }
            },
            {
              "batter": "RR Emrit",
              "bowler": "Junaid Khan",
              "non_striker": "Nadif Chowdhury",
              "runs": {
                "batter": 0,
                "extras": 0,
                "total": 0
              }
            },
            {
              "batter": "RR Emrit",
              "bowler": "Junaid Khan",
              "non_striker": "Nadif Chowdhury",
              "runs": {
                "batter": 4,
                "extras": 0,
                "total": 4
              }
            },
            {
              "batter": "RR Emrit",
              "bowler": "Junaid Khan",
              "non_striker": "Nadif Chowdhury",
              "runs": {
                "batter": 1,
                "extras": 0,
                "total": 1
              }
            }
          ]
        },
        {
          "over": 17,
          "deliveries": [
            {
              "batter": "RR Emrit",
              "bowler": "KK Cooper",
              "non_striker": "Nadif Chowdhury",
              "runs": {
                "batter": 6,
                "extras": 0,
                "total": 6
              }
            },
            {
              "batter": "RR Emrit",
              "bowler": "KK Cooper",
              "non_striker": "Nadif Chowdhury",
              "runs": {
                "batter": 1,
                "extras": 0,
                "total": 1
              }
            },
            {
              "batter": "Nadif Chowdhury",
              "bowler": "KK Cooper",
              "non_striker": "RR Emrit",
              "runs": {
                "batter": 0,
                "extras": 0,
                "total": 0
              },
              "wickets": [
                {
                  "player_out": "Nadif Chowdhury",
                  "fielders": [
                    {
                      "name": "Ariful Haque"
                    }
                  ],
                  "kind": "caught"
                }
              ]
            },
            {
              "batter": "RR Emrit",
              "bowler": "KK Cooper",
              "non_striker": "Rumman Raees",
              "runs": {
                "batter": 1,
                "extras": 0,
                "total": 1
              }
            },
            {
              "batter": "Rumman Raees",
              "bowler": "KK Cooper",
              "non_striker": "RR Emrit",
              "runs": {
                "batter": 4,
                "extras": 0,
                "total": 4
              }
            },
            {
              "batter": "Rumman Raees",
              "bowler": "KK Cooper",
              "non_striker": "RR Emrit",
              "runs": {
                "batter": 2,
                "extras": 0,
                "total": 2
              }
            }
          ]
        },
        {
          "over": 18,
          "deliveries": [
            {
              "batter": "RR Emrit",
              "bowler": "Junaid Khan",
              "non_striker": "Rumman Raees",
              "runs": {
                "batter": 0,
                "extras": 0,
                "total": 0
              }
            },
            {
              "batter": "RR Emrit",
              "bowler": "Junaid Khan",
              "non_striker": "Rumman Raees",
              "runs": {
                "batter": 0,
                "extras": 0,
                "total": 0
              },
              "wickets": [
                {
                  "player_out": "RR Emrit",
                  "fielders": [
                    {
                      "name": "KK Cooper"
                    }
                  ],
                  "kind": "caught"
                }
              ]
            },
            {
              "batter": "Rumman Raees",
              "bowler": "Junaid Khan",
              "extras": {
                "noballs": 1
              },
              "non_striker": "Abu Hider",
              "runs": {
                "batter": 2,
                "extras": 1,
                "total": 3
              }
            },
            {
              "batter": "Rumman Raees",
              "bowler": "Junaid Khan",
              "extras": {
                "wides": 1
              },
              "non_striker": "Abu Hider",
              "runs": {
                "batter": 0,
                "extras": 1,
                "total": 1
              }
            },
            {
              "batter": "Rumman Raees",
              "bowler": "Junaid Khan",
              "non_striker": "Abu Hider",
              "runs": {
                "batter": 0,
                "extras": 0,
                "total": 0
              }
            },
            {
              "batter": "Rumman Raees",
              "bowler": "Junaid Khan",
              "non_striker": "Abu Hider",
              "runs": {
                "batter": 0,
                "extras": 0,
                "total": 0
              }
            },
            {
              "batter": "Rumman Raees",
              "bowler": "Junaid Khan",
              "non_striker": "Abu Hider",
              "runs": {
                "batter": 1,
                "extras": 0,
                "total": 1
              }
            },
            {
              "batter": "Abu Hider",
              "bowler": "Junaid Khan",
              "non_striker": "Rumman Raees",
              "runs": {
                "batter": 2,
                "extras": 0,
                "total": 2
              }
            }
          ]
        },
        {
          "over": 19,
          "deliveries": [
            {
              "batter": "Rumman Raees",
              "bowler": "Shafiul Islam",
              "non_striker": "Abu Hider",
              "runs": {
                "batter": 0,
                "extras": 0,
                "total": 0
              },
              "wickets": [
                {
                  "player_out": "Rumman Raees",
                  "kind": "bowled"
                }
              ]
            },
            {
              "batter": "Taijul Islam",
              "bowler": "Shafiul Islam",
              "non_striker": "Abu Hider",
              "runs": {
                "batter": 2,
                "extras": 0,
                "total": 2
              }
            },
            {
              "batter": "Taijul Islam",
              "bowler": "Shafiul Islam",
              "non_striker": "Abu Hider",
              "runs": {
                "batter": 0,
                "extras": 0,
                "total": 0
              },
              "wickets": [
                {
                  "player_out": "Taijul Islam",
                  "fielders": [
                    {
                      "name": "Junaid Khan"
                    }
                  ],
                  "kind": "caught"
                }
              ]
            }
          ]
        }
      ],
      "powerplays": [
        {
          "from": 0.1,
          "to": 5.6,
          "type": "mandatory"
        }
      ],
      "target": {
        "overs": 20,
        "runs": 152
      }
    }
  ]
}