{
  "meta": {
    "data_version": "1.1.0",
    "created": "2021-11-02",
    "revision": 3
  },
  "info": {
    "balls_per_over": 6,
    "city": "Dhaka",
    "dates": [
      "2016-11-27"
    ],
    "event": {
      "name": "Bangladesh Premier League",
      "match_number": 30
    },
    "gender": "male",
    "match_type": "T20",
    "officials": {
      "match_referees": [
        "Akhtar Ahmad"
      ],
      "reserve_umpires": [
        "Mahfuzur Rahman"
      ],
      "tv_umpires": [
        "Masudur Rahman"
      ],
      "umpires": [
        "Nadir Shah",
        "REJ Martinesz"
      ]
    },
    "outcome": {
      "winner": "Chittagong Vikings",
      "by": {
        "wickets": 9
      }
    },
    "overs": 20,
    "player_of_match": [
      "Tamim Iqbal"
    ],
    "players": {
      "Rangpur Riders": [
        "Mohammad Shahzad",
        "Soumya Sarkar",
        "Mohammad Mithun",
        "LA Dawson",
        "Naeem Islam",
        "Shahid Afridi",
        "Anwar Ali",
        "Muktar Ali",
        "Sohag Gazi",
        "Rubel Hossain",
        "Arafat Sunny"
      ],
      "Chittagong Vikings": [
        "Tamim Iqbal",
        "CH Gayle",
        "Anamul Haque",
        "Shoaib Malik",
        "Mohammad Nabi",
        "Jahurul Islam",
        "Saqlain Sajib",
        "Subashis Roy",
        "Zakir Hasan",
        "Imran Khan",
        "Taskin Ahmed"
      ]
    },
    "registry": {
      "people": {
        "Akhtar Ahmad": "29859e71",
        "Anamul Haque": "72b245dd",
        "Anwar Ali": "eb2d5fe7",
        "Arafat Sunny": "1f7adc8a",
        "CH Gayle": "db584dad",
        "Imran Khan": "195fb6db",
        "Jahurul Islam": "6752c57b",
        "LA Dawson": "4a461c24",
        "Mahfuzur Rahman": "3275b68b",
        "Masudur Rahman": "9581ac6b",
        "Mohammad Mithun": "77191792",
        "Mohammad Nabi": "62af8546",
        "Mohammad Shahzad": "d6dcb0c9",
        "Muktar Ali": "4a491652",
        "Nadir Shah": "3515389d",
        "Naeem Islam": "02e83ac5",
        "Nazmul Hossain Milon": "0637aa94",
        "REJ Martinesz": "140cdf29",
        "Rubel Hossain": "f56cd097",
        "Saqlain Sajib": "f3c150bb",
        "Shahid Afridi": "0dc00542",
        "Shoaib Malik": "64c34cd0",
        "Sohag Gazi": "5a4c12ab",
        "Soumya Sarkar": "4d9f9686",
        "Subashis Roy": "a3a078ba",
        "Tamim Iqbal": "3b041a12",
        "Taskin Ahmed": "ef18b66e",
        "Zakir Hasan": "e3e09091"
      }
    },
    "season": "2016/17",
    "team_type": "club",
    "teams": [
      "Rangpur Riders",
      "Chittagong Vikings"
    ],
    "toss": {
      "decision": "bat",
      "winner": "Rangpur Riders"
    },
    "venue": "Shere Bangla National Stadium, Mirpur"
  },
  "innings": [
    {
      "team": "Rangpur Riders",
      "overs": [
        {
          "over": 0,
          "deliveries": [
            {
              "batter": "Mohammad Shahzad",
              "bowler": "Saqlain Sajib",
              "non_striker": "Soumya Sarkar",
              "runs": {
                "batter": 1,
                "extras": 0,
                "total": 1
              }
            },
            {
              "batter": "Soumya Sarkar",
              "bowler": "Saqlain Sajib",
              "non_striker": "Mohammad Shahzad",
              "runs": {
                "batter": 0,
                "extras": 0,
                "total": 0
              }
            },
            {
              "batter": "Soumya Sarkar",
              "bowler": "Saqlain Sajib",
              "extras": {
                "wides": 1
              },
              "non_striker": "Mohammad Shahzad",
              "runs": {
                "batter": 0,
                "extras": 1,
                "total": 1
              }
            },
            {
              "batter": "Soumya Sarkar",
              "bowler": "Saqlain Sajib",
              "non_striker": "Mohammad Shahzad",
              "runs": {
                "batter": 0,
                "extras": 0,
                "total": 0
              }
            },
            {
              "batter": "Soumya Sarkar",
              "bowler": "Saqlain Sajib",
              "non_striker": "Mohammad Shahzad",
              "runs": {
                "batter": 0,
                "extras": 0,
                "total": 0
              }
            },
            {
              "batter": "Soumya Sarkar",
              "bowler": "Saqlain Sajib",
              "non_striker": "Mohammad Shahzad",
              "runs": {
                "batter": 0,
                "extras": 0,
                "total": 0
              }
            },
            {
              "batter": "Soumya Sarkar",
              "bowler": "Saqlain Sajib",
              "non_striker": "Mohammad Shahzad",
              "runs": {
                "batter": 1,
                "extras": 0,
                "total": 1
              }
            }
          ]
        },
        {
          "over": 1,
          "deliveries": [
            {
              "batter": "Soumya Sarkar",
              "bowler": "Subashis Roy",
              "non_striker": "Mohammad Shahzad",
              "runs": {
                "batter": 0,
                "extras": 0,
                "total": 0
              }
            },
            {
              "batter": "Soumya Sarkar",
              "bowler": "Subashis Roy",
              "non_striker": "Mohammad Shahzad",
              "runs": {
                "batter": 1,
                "extras": 0,
                "total": 1
              }
            },
            {
              "batter": "Mohammad Shahzad",
              "bowler": "Subashis Roy",
              "non_striker": "Soumya Sarkar",
              "runs": {
                "batter": 0,
                "extras": 0,
                "total": 0
              }
            },
            {
              "batter": "Mohammad Shahzad",
              "bowler": "Subashis Roy",
              "non_striker": "Soumya Sarkar",
              "runs": {
                "batter": 0,
                "extras": 0,
                "total": 0
              }
            },
            {
              "batter": "Mohammad Shahzad",
              "bowler": "Subashis Roy",
              "non_striker": "Soumya Sarkar",
              "runs": {
                "batter": 0,
                "extras": 0,
                "total": 0
              }
            },
            {
              "batter": "Mohammad Shahzad",
              "bowler": "Subashis Roy",
              "non_striker": "Soumya Sarkar",
              "runs": {
                "batter": 0,
                "extras": 0,
                "total": 0
              }
            }
          ]
        },
        {
          "over": 2,
          "deliveries": [
            {
              "batter": "Soumya Sarkar",
              "bowler": "Imran Khan",
              "extras": {
                "wides": 1
              },
              "non_striker": "Mohammad Shahzad",
              "runs": {
                "batter": 0,
                "extras": 1,
                "total": 1
              }
            },
            {
              "batter": "Soumya Sarkar",
              "bowler": "Imran Khan",
              "non_striker": "Mohammad Shahzad",
              "runs": {
                "batter": 2,
                "extras": 0,
                "total": 2
              }
            },
            {
              "batter": "Soumya Sarkar",
              "bowler": "Imran Khan",
              "non_striker": "Mohammad Shahzad",
              "runs": {
                "batter": 1,
                "extras": 0,
                "total": 1
              }
            },
            {
              "batter": "Mohammad Shahzad",
              "bowler": "Imran Khan",
              "non_striker": "Soumya Sarkar",
              "runs": {
                "batter": 1,
                "extras": 0,
                "total": 1
              }
            },
            {
              "batter": "Soumya Sarkar",
              "bowler": "Imran Khan",
              "non_striker": "Mohammad Shahzad",
              "runs": {
                "batter": 1,
                "extras": 0,
                "total": 1
              }
            },
            {
              "batter": "Mohammad Shahzad",
              "bowler": "Imran Khan",
              "non_striker": "Soumya Sarkar",
              "runs": {
                "batter": 0,
                "extras": 0,
                "total": 0
              }
            },
            {
              "batter": "Mohammad Shahzad",
              "bowler": "Imran Khan",
              "non_striker": "Soumya Sarkar",
              "runs": {
                "batter": 0,
                "extras": 0,
                "total": 0
              }
            }
          ]
        },
        {
          "over": 3,
          "deliveries": [
            {
              "batter": "Soumya Sarkar",
              "bowler": "Subashis Roy",
              "non_striker": "Mohammad Shahzad",
              "runs": {
                "batter": 1,
                "extras": 0,
                "total": 1
              }
            },
            {
              "batter": "Mohammad Shahzad",
              "bowler": "Subashis Roy",
              "non_striker": "Soumya Sarkar",
              "runs": {
                "batter": 1,
                "extras": 0,
                "total": 1
              }
            },
            {
              "batter": "Soumya Sarkar",
              "bowler": "Subashis Roy",
              "non_striker": "Mohammad Shahzad",
              "runs": {
                "batter": 4,
                "extras": 0,
                "total": 4
              }
            },
            {
              "batter": "Soumya Sarkar",
              "bowler": "Subashis Roy",
              "non_striker": "Mohammad Shahzad",
              "runs": {
                "batter": 1,
                "extras": 0,
                "total": 1
              }
            },
            {
              "batter": "Mohammad Shahzad",
              "bowler": "Subashis Roy",
              "non_striker": "Soumya Sarkar",
              "runs": {
                "batter": 1,
                "extras": 0,
                "total": 1
              }
            },
            {
              "batter": "Soumya Sarkar",
              "bowler": "Subashis Roy",
              "non_striker": "Mohammad Shahzad",
              "runs": {
                "batter": 1,
                "extras": 0,
                "total": 1
              }
            }
          ]
        },
        {
          "over": 4,
          "deliveries": [
            {
              "batter": "Soumya Sarkar",
              "bowler": "Mohammad Nabi",
              "non_striker": "Mohammad Shahzad",
              "runs": {
                "batter": 3,
                "extras": 0,
                "total": 3
              }
            },
            {
              "batter": "Mohammad Shahzad",
              "bowler": "Mohammad Nabi",
              "non_striker": "Soumya Sarkar",
              "runs": {
                "batter": 1,
                "extras": 0,
                "total": 1
              }
            },
            {
              "batter": "Soumya Sarkar",
              "bowler": "Mohammad Nabi",
              "non_striker": "Mohammad Shahzad",
              "runs": {
                "batter": 0,
                "extras": 0,
                "total": 0
              }
            },
            {
              "batter": "Soumya Sarkar",
              "bowler": "Mohammad Nabi",
              "non_striker": "Mohammad Shahzad",
              "runs": {
                "batter": 6,
                "extras": 0,
                "total": 6
              }
            },
            {
              "batter": "Soumya Sarkar",
              "bowler": "Mohammad Nabi",
              "non_striker": "Mohammad Shahzad",
              "runs": {
                "batter": 0,
                "extras": 0,
                "total": 0
              }
            },
            {
              "batter": "Soumya Sarkar",
              "bowler": "Mohammad Nabi",
              "non_striker": "Mohammad Shahzad",
              "runs": {
                "batter": 4,
                "extras": 0,
                "total": 4
              }
            }
          ]
        },
        {
          "over": 5,
          "deliveries": [
            {
              "batter": "Mohammad Shahzad",
              "bowler": "Subashis Roy",
              "non_striker": "Soumya Sarkar",
              "runs": {
                "batter": 1,
                "extras": 0,
                "total": 1
              }
            },
            {
              "batter": "Soumya Sarkar",
              "bowler": "Subashis Roy",
              "non_striker": "Mohammad Shahzad",
              "runs": {
                "batter": 0,
                "extras": 0,
                "total": 0
              }
            },
            {
              "batter": "Soumya Sarkar",
              "bowler": "Subashis Roy",
              "non_striker": "Mohammad Shahzad",
              "runs": {
                "batter": 0,
                "extras": 0,
                "total": 0
              },
              "wickets": [
                {
                  "player_out": "Soumya Sarkar",
                  "fielders": [
                    {
                      "name": "Mohammad Nabi"
                    }
                  ],
                  "kind": "caught"
                }
              ]
            },
            {
              "batter": "Mohammad Shahzad",
              "bowler": "Subashis Roy",
              "non_striker": "Mohammad Mithun",
              "runs": {
                "batter": 0,
                "extras": 0,
                "total": 0
              }
            },
            {
              "batter": "Mohammad Shahzad",
              "bowler": "Subashis Roy",
              "non_striker": "Mohammad Mithun",
              "runs": {
                "batter": 1,
                "extras": 0,
                "total": 1
              }
            },
            {
              "batter": "Mohammad Mithun",
              "bowler": "Subashis Roy",
              "non_striker": "Mohammad Shahzad",
              "runs": {
                "batter": 2,
                "extras": 0,
                "total": 2
              }
            }
          ]
        },
        {
          "over": 6,
          "deliveries": [
            {
              "batter": "Mohammad Shahzad",
              "bowler": "Saqlain Sajib",
              "non_striker": "Mohammad Mithun",
              "runs": {
                "batter": 4,
                "extras": 0,
                "total": 4
              }
            },
            {
              "batter": "Mohammad Shahzad",
              "bowler": "Saqlain Sajib",
              "non_striker": "Mohammad Mithun",
              "runs": {
                "batter": 0,
                "extras": 0,
                "total": 0
              }
            },
            {
              "batter": "Mohammad Shahzad",
              "bowler": "Saqlain Sajib",
              "non_striker": "Mohammad Mithun",
              "runs": {
                "batter": 0,
                "extras": 0,
                "total": 0
              }
            },
            {
              "batter": "Mohammad Shahzad",
              "bowler": "Saqlain Sajib",
              "non_striker": "Mohammad Mithun",
              "runs": {
                "batter": 0,
                "extras": 0,
                "total": 0
              }
            },
            {
              "batter": "Mohammad Shahzad",
              "bowler": "Saqlain Sajib",
              "non_striker": "Mohammad Mithun",
              "runs": {
                "batter": 1,
                "extras": 0,
                "total": 1
              }
            },
            {
              "batter": "Mohammad Mithun",
              "bowler": "Saqlain Sajib",
              "non_striker": "Mohammad Shahzad",
              "runs": {
                "batter": 0,
                "extras": 0,
                "total": 0
              }
            }
          ]
        },
        {
          "over": 7,
          "deliveries": [
            {
              "batter": "Mohammad Shahzad",
              "bowler": "Taskin Ahmed",
              "non_striker": "Mohammad Mithun",
              "runs": {
                "batter": 1,
                "extras": 0,
                "total": 1
              }
            },
            {
              "batter": "Mohammad Mithun",
              "bowler": "Taskin Ahmed",
              "non_striker": "Mohammad Shahzad",
              "runs": {
                "batter": 1,
                "extras": 0,
                "total": 1
              }
            },
            {
              "batter": "Mohammad Shahzad",
              "bowler": "Taskin Ahmed",
              "non_striker": "Mohammad Mithun",
              "runs": {
                "batter": 2,
                "extras": 0,
                "total": 2
              }
            },
            {
              "batter": "Mohammad Shahzad",
              "bowler": "Taskin Ahmed",
              "non_striker": "Mohammad Mithun",
              "runs": {
                "batter": 2,
                "extras": 0,
                "total": 2
              }
            },
            {
              "batter": "Mohammad Shahzad",
              "bowler": "Taskin Ahmed",
              "non_striker": "Mohammad Mithun",
              "runs": {
                "batter": 1,
                "extras": 0,
                "total": 1
              }
            },
            {
              "batter": "Mohammad Mithun",
              "bowler": "Taskin Ahmed",
              "non_striker": "Mohammad Shahzad",
              "runs": {
                "batter": 4,
                "extras": 0,
                "total": 4
              }
            }
          ]
        },
        {
          "over": 8,
          "deliveries": [
            {
              "batter": "Mohammad Shahzad",
              "bowler": "Saqlain Sajib",
              "non_striker": "Mohammad Mithun",
              "runs": {
                "batter": 1,
                "extras": 0,
                "total": 1
              }
            },
            {
              "batter": "Mohammad Mithun",
              "bowler": "Saqlain Sajib",
              "non_striker": "Mohammad Shahzad",
              "runs": {
                "batter": 0,
                "extras": 0,
                "total": 0
              }
            },
            {
              "batter": "Mohammad Mithun",
              "bowler": "Saqlain Sajib",
              "non_striker": "Mohammad Shahzad",
              "runs": {
                "batter": 1,
                "extras": 0,
                "total": 1
              }
            },
            {
              "batter": "Mohammad Shahzad",
              "bowler": "Saqlain Sajib",
              "non_striker": "Mohammad Mithun",
              "runs": {
                "batter": 0,
                "extras": 0,
                "total": 0
              }
            },
            {
              "batter": "Mohammad Shahzad",
              "bowler": "Saqlain Sajib",
              "non_striker": "Mohammad Mithun",
              "runs": {
                "batter": 1,
                "extras": 0,
                "total": 1
              }
            },
            {
              "batter": "Mohammad Mithun",
              "bowler": "Saqlain Sajib",
              "non_striker": "Mohammad Shahzad",
              "runs": {
                "batter": 1,
                "extras": 0,
                "total": 1
              }
            }
          ]
        },
        {
          "over": 9,
          "deliveries": [
            {
              "batter": "Mohammad Mithun",
              "bowler": "Taskin Ahmed",
              "non_striker": "Mohammad Shahzad",
              "runs": {
                "batter": 2,
                "extras": 0,
                "total": 2
              }
            },
            {
              "batter": "Mohammad Mithun",
              "bowler": "Taskin Ahmed",
              "non_striker": "Mohammad Shahzad",
              "runs": {
                "batter": 1,
                "extras": 0,
                "total": 1
              }
            },
            {
              "batter": "Mohammad Shahzad",
              "bowler": "Taskin Ahmed",
              "non_striker": "Mohammad Mithun",
              "runs": {
                "batter": 1,
                "extras": 0,
                "total": 1
              }
            },
            {
              "batter": "Mohammad Mithun",
              "bowler": "Taskin Ahmed",
              "non_striker": "Mohammad Shahzad",
              "runs": {
                "batter": 0,
                "extras": 0,
                "total": 0
              },
              "wickets": [
                {
                  "player_out": "Mohammad Mithun",
                  "kind": "bowled"
                }
              ]
            },
            {
              "batter": "LA Dawson",
              "bowler": "Taskin Ahmed",
              "non_striker": "Mohammad Shahzad",
              "runs": {
                "batter": 1,
                "extras": 0,
                "total": 1
              }
            },
            {
              "batter": "Mohammad Shahzad",
              "bowler": "Taskin Ahmed",
              "non_striker": "LA Dawson",
              "runs": {
                "batter": 0,
                "extras": 0,
                "total": 0
              },
              "wickets": [
                {
                  "player_out": "Mohammad Shahzad",
                  "kind": "bowled"
                }
              ]
            }
          ]
        },
        {
          "over": 10,
          "deliveries": [
            {
              "batter": "LA Dawson",
              "bowler": "Saqlain Sajib",
              "non_striker": "Naeem Islam",
              "runs": {
                "batter": 1,
                "extras": 0,
                "total": 1
              }
            },
            {
              "batter": "Naeem Islam",
              "bowler": "Saqlain Sajib",
              "non_striker": "LA Dawson",
              "runs": {
                "batter": 1,
                "extras": 0,
                "total": 1
              }
            },
            {
              "batter": "LA Dawson",
              "bowler": "Saqlain Sajib",
              "non_striker": "Naeem Islam",
              "runs": {
                "batter": 1,
                "extras": 0,
                "total": 1
              }
            },
            {
              "batter": "Naeem Islam",
              "bowler": "Saqlain Sajib",
              "non_striker": "LA Dawson",
              "runs": {
                "batter": 0,
                "extras": 0,
                "total": 0
              }
            },
            {
              "batter": "Naeem Islam",
              "bowler": "Saqlain Sajib",
              "non_striker": "LA Dawson",
              "runs": {
                "batter": 1,
                "extras": 0,
                "total": 1
              }
            },
            {
              "batter": "LA Dawson",
              "bowler": "Saqlain Sajib",
              "non_striker": "Naeem Islam",
              "runs": {
                "batter": 1,
                "extras": 0,
                "total": 1
              }
            }
          ]
        },
        {
          "over": 11,
          "deliveries": [
            {
              "batter": "LA Dawson",
              "bowler": "Mohammad Nabi",
              "non_striker": "Naeem Islam",
              "runs": {
                "batter": 0,
                "extras": 0,
                "total": 0
              }
            },
            {
              "batter": "LA Dawson",
              "bowler": "Mohammad Nabi",
              "non_striker": "Naeem Islam",
              "runs": {
                "batter": 0,
                "extras": 0,
                "total": 0
              }
            },
            {
              "batter": "LA Dawson",
              "bowler": "Mohammad Nabi",
              "non_striker": "Naeem Islam",
              "runs": {
                "batter": 0,
                "extras": 0,
                "total": 0
              }
            },
            {
              "batter": "LA Dawson",
              "bowler": "Mohammad Nabi",
              "non_striker": "Naeem Islam",
              "runs": {
                "batter": 1,
                "extras": 0,
                "total": 1
              }
            },
            {
              "batter": "Naeem Islam",
              "bowler": "Mohammad Nabi",
              "non_striker": "LA Dawson",
              "runs": {
                "batter": 1,
                "extras": 0,
                "total": 1
              }
            },
            {
              "batter": "LA Dawson",
              "bowler": "Mohammad Nabi",
              "non_striker": "Naeem Islam",
              "runs": {
                "batter": 0,
                "extras": 0,
                "total": 0
              },
              "wickets": [
                {
                  "player_out": "Naeem Islam",
                  "kind": "retired hurt"
                }
              ]
            }
          ]
        },
        {
          "over": 12,
          "deliveries": [
            {
              "batter": "Shahid Afridi",
              "bowler": "Subashis Roy",
              "non_striker": "LA Dawson",
              "runs": {
                "batter": 0,
                "extras": 0,
                "total": 0
              }
            },
            {
              "batter": "Shahid Afridi",
              "bowler": "Subashis Roy",
              "non_striker": "LA Dawson",
              "runs": {
                "batter": 0,
                "extras": 0,
                "total": 0
              }
            },
            {
              "batter": "Shahid Afridi",
              "bowler": "Subashis Roy",
              "non_striker": "LA Dawson",
              "runs": {
                "batter": 1,
                "extras": 0,
                "total": 1
              }
            },
            {
              "batter": "LA Dawson",
              "bowler": "Subashis Roy",
              "non_striker": "Shahid Afridi",
              "runs": {
                "batter": 1,
                "extras": 0,
                "total": 1
              }
            },
            {
              "batter": "Shahid Afridi",
              "bowler": "Subashis Roy",
              "non_striker": "LA Dawson",
              "runs": {
                "batter": 0,
                "extras": 0,
                "total": 0
              }
            },
            {
              "batter": "Shahid Afridi",
              "bowler": "Subashis Roy",
              "non_striker": "LA Dawson",
              "runs": {
                "batter": 1,
                "extras": 0,
                "total": 1
              }
            }
          ]
        },
        {
          "over": 13,
          "deliveries": [
            {
              "batter": "Shahid Afridi",
              "bowler": "Imran Khan",
              "non_striker": "LA Dawson",
              "runs": {
                "batter": 2,
                "extras": 0,
                "total": 2
              }
            },
            {
              "batter": "Shahid Afridi",
              "bowler": "Imran Khan",
              "non_striker": "LA Dawson",
              "runs": {
                "batter": 1,
                "extras": 0,
                "total": 1
              }
            },
            {
              "batter": "LA Dawson",
              "bowler": "Imran Khan",
              "non_striker": "Shahid Afridi",
              "runs": {
                "batter": 1,
                "extras": 0,
                "total": 1
              }
            },
            {
              "batter": "Shahid Afridi",
              "bowler": "Imran Khan",
              "non_striker": "LA Dawson",
              "runs": {
                "batter": 1,
                "extras": 0,
                "total": 1
              }
            },
            {
              "batter": "LA Dawson",
              "bowler": "Imran Khan",
              "non_striker": "Shahid Afridi",
              "runs": {
                "batter": 0,
                "extras": 0,
                "total": 0
              }
            },
            {
              "batter": "LA Dawson",
              "bowler": "Imran Khan",
              "non_striker": "Shahid Afridi",
              "runs": {
                "batter": 0,
                "extras": 0,
                "total": 0
              }
            }
          ]
        },
        {
          "over": 14,
          "deliveries": [
            {
              "batter": "Shahid Afridi",
              "bowler": "Taskin Ahmed",
              "extras": {
                "legbyes": 4
              },
              "non_striker": "LA Dawson",
              "runs": {
                "batter": 0,
                "extras": 4,
                "total": 4
              }
            },
            {
              "batter": "Shahid Afridi",
              "bowler": "Taskin Ahmed",
              "non_striker": "LA Dawson",
              "runs": {
                "batter": 0,
                "extras": 0,
                "total": 0
              }
            },
            {
              "batter": "Shahid Afridi",
              "bowler": "Taskin Ahmed",
              "non_striker": "LA Dawson",
              "runs": {
                "batter": 1,
                "extras": 0,
                "total": 1
              }
            },
            {
              "batter": "LA Dawson",
              "bowler": "Taskin Ahmed",
              "non_striker": "Shahid Afridi",
              "runs": {
                "batter": 1,
                "extras": 0,
                "total": 1
              }
            },
            {
              "batter": "Shahid Afridi",
              "bowler": "Taskin Ahmed",
              "non_striker": "LA Dawson",
              "runs": {
                "batter": 0,
                "extras": 0,
                "total": 0
              }
            },
            {
              "batter": "Shahid Afridi",
              "bowler": "Taskin Ahmed",
              "non_striker": "LA Dawson",
              "runs": {
                "batter": 6,
                "extras": 0,
                "total": 6
              }
            }
          ]
        },
        {
          "over": 15,
          "deliveries": [
            {
              "batter": "LA Dawson",
              "bowler": "Mohammad Nabi",
              "non_striker": "Shahid Afridi",
              "runs": {
                "batter": 3,
                "extras": 0,
                "total": 3
              }
            },
            {
              "batter": "Shahid Afridi",
              "bowler": "Mohammad Nabi",
              "non_striker": "LA Dawson",
              "runs": {
                "batter": 0,
                "extras": 0,
                "total": 0
              },
              "wickets": [
                {
                  "player_out": "Shahid Afridi",
                  "fielders": [
                    {
                      "name": "Nazmul Hossain Milon",
                      "substitute": true
                    }
                  ],
                  "kind": "caught"
                }
              ]
            },
            {
              "batter": "Anwar Ali",
              "bowler": "Mohammad Nabi",
              "non_striker": "LA Dawson",
              "runs": {
                "batter": 1,
                "extras": 0,
                "total": 1
              }
            },
            {
              "batter": "LA Dawson",
              "bowler": "Mohammad Nabi",
              "non_striker": "Anwar Ali",
              "runs": {
                "batter": 2,
                "extras": 0,
                "total": 2
              }
            },
            {
              "batter": "LA Dawson",
              "bowler": "Mohammad Nabi",
              "non_striker": "Anwar Ali",
              "runs": {
                "batter": 1,
                "extras": 0,
                "total": 1
              }
            },
            {
              "batter": "Anwar Ali",
              "bowler": "Mohammad Nabi",
              "extras": {
                "wides": 2
              },
              "non_striker": "LA Dawson",
              "runs": {
                "batter": 0,
                "extras": 2,
                "total": 2
              }
            },
            {
              "batter": "LA Dawson",
              "bowler": "Mohammad Nabi",
              "non_striker": "Anwar Ali",
              "runs": {
                "batter": 0,
                "extras": 0,
                "total": 0
              },
              "wickets": [
                {
                  "player_out": "LA Dawson",
                  "fielders": [
                    {
                      "name": "Zakir Hasan"
                    }
                  ],
                  "kind": "caught"
                }
              ]
            }
          ]
        },
        {
          "over": 16,
          "deliveries": [
            {
              "batter": "Muktar Ali",
              "bowler": "Imran Khan",
              "non_striker": "Anwar Ali",
              "runs": {
                "batter": 1,
                "extras": 0,
                "total": 1
              }
            },
            {
              "batter": "Anwar Ali",
              "bowler": "Imran Khan",
              "non_striker": "Muktar Ali",
              "runs": {
                "batter": 1,
                "extras": 0,
                "total": 1
              }
            },
            {
              "batter": "Muktar Ali",
              "bowler": "Imran Khan",
              "non_striker": "Anwar Ali",
              "runs": {
                "batter": 0,
                "extras": 0,
                "total": 0
              }
            },
            {
              "batter": "Muktar Ali",
              "bowler": "Imran Khan",
              "non_striker": "Anwar Ali",
              "runs": {
                "batter": 1,
                "extras": 0,
                "total": 1
              }
            },
            {
              "batter": "Anwar Ali",
              "bowler": "Imran Khan",
              "non_striker": "Muktar Ali",
              "runs": {
                "batter": 2,
                "extras": 0,
                "total": 2
              }
            },
            {
              "batter": "Anwar Ali",
              "bowler": "Imran Khan",
              "non_striker": "Muktar Ali",
              "runs": {
                "batter": 0,
                "extras": 0,
                "total": 0
              }
            }
          ]
        },
        {
          "over": 17,
          "deliveries": [
            {
              "batter": "Muktar Ali",
              "bowler": "Mohammad Nabi",
              "non_striker": "Anwar Ali",
              "runs": {
                "batter": 0,
                "extras": 0,
                "total": 0
              }
            },
            {
              "batter": "Muktar Ali",
              "bowler": "Mohammad Nabi",
              "non_striker": "Anwar Ali",
              "runs": {
                "batter": 1,
                "extras": 0,
                "total": 1
              }
            },
            {
              "batter": "Anwar Ali",
              "bowler": "Mohammad Nabi",
              "extras": {
                "legbyes": 1
              },
              "non_striker": "Muktar Ali",
              "runs": {
                "batter": 0,
                "extras": 1,
                "total": 1
              }
            },
            {
              "batter": "Muktar Ali",
              "bowler": "Mohammad Nabi",
              "non_striker": "Anwar Ali",
              "runs": {
                "batter": 1,
                "extras": 0,
                "total": 1
              }
            },
            {
              "batter": "Anwar Ali",
              "bowler": "Mohammad Nabi",
              "non_striker": "Muktar Ali",
              "runs": {
                "batter": 0,
                "extras": 0,
                "total": 0
              }
            },
            {
              "batter": "Anwar Ali",
              "bowler": "Mohammad Nabi",
              "non_striker": "Muktar Ali",
              "runs": {
                "batter": 4,
                "extras": 0,
                "total": 4
              }
            }
          ]
        },
        {
          "over": 18,
          "deliveries": [
            {
              "batter": "Muktar Ali",
              "bowler": "Taskin Ahmed",
              "non_striker": "Anwar Ali",
              "runs": {
                "batter": 0,
                "extras": 0,
                "total": 0
              }
            },
            {
              "batter": "Muktar Ali",
              "bowler": "Taskin Ahmed",
              "non_striker": "Anwar Ali",
              "runs": {
                "batter": 0,
                "extras": 0,
                "total": 0
              }
            },
            {
              "batter": "Muktar Ali",
              "bowler": "Taskin Ahmed",
              "non_striker": "Anwar Ali",
              "runs": {
                "batter": 0,
                "extras": 0,
                "total": 0
              }
            },
            {
              "batter": "Muktar Ali",
              "bowler": "Taskin Ahmed",
              "extras": {
                "byes": 1
              },
              "non_striker": "Anwar Ali",
              "runs": {
                "batter": 0,
                "extras": 1,
                "total": 1
              }
            },
            {
              "batter": "Anwar Ali",
              "bowler": "Taskin Ahmed",
              "non_striker": "Muktar Ali",
              "runs": {
                "batter": 0,
                "extras": 0,
                "total": 0
              }
            },
            {
              "batter": "Anwar Ali",
              "bowler": "Taskin Ahmed",
              "non_striker": "Muktar Ali",
              "runs": {
                "batter": 1,
                "extras": 0,
                "total": 1
              }
            }
          ]
        },
        {
          "over": 19,
          "deliveries": [
            {
              "batter": "Anwar Ali",
              "bowler": "Imran Khan",
              "non_striker": "Muktar Ali",
              "runs": {
                "batter": 2,
                "extras": 0,
                "total": 2
              }
            },
            {
              "batter": "Anwar Ali",
              "bowler": "Imran Khan",
              "non_striker": "Muktar Ali",
              "runs": {
                "batter": 1,
                "extras": 0,
                "total": 1
              }
            },
            {
              "batter": "Muktar Ali",
              "bowler": "Imran Khan",
              "non_striker": "Anwar Ali",
              "runs": {
                "batter": 0,
                "extras": 0,
                "total": 0
              },
              "wickets": [
                {
                  "player_out": "Muktar Ali",
                  "fielders": [
                    {
                      "name": "Anamul Haque"
                    }
                  ],
                  "kind": "run out"
                }
              ]
            },
            {
              "batter": "Sohag Gazi",
              "bowler": "Imran Khan",
              "non_striker": "Anwar Ali",
              "runs": {
                "batter": 1,
                "extras": 0,
                "total": 1
              }
            },
            {
              "batter": "Anwar Ali",
              "bowler": "Imran Khan",
              "non_striker": "Sohag Gazi",
              "runs": {
                "batter": 6,
                "extras": 0,
                "total": 6
              }
            },
            {
              "batter": "Anwar Ali",
              "bowler": "Imran Khan",
              "non_striker": "Sohag Gazi",
              "runs": {
                "batter": 2,
                "extras": 0,
                "total": 2
              }
            }
          ]
        }
      ],
      "powerplays": [
        {
          "from": 0.1,
          "to": 5.6,
          "type": "mandatory"
        }
      ]
    },
    {
      "team": "Chittagong Vikings",
      "overs": [
        {
          "over": 0,
          "deliveries": [
            {
              "batter": "Tamim Iqbal",
              "bowler": "Sohag Gazi",
              "non_striker": "CH Gayle",
              "runs": {
                "batter": 0,
                "extras": 0,
                "total": 0
              }
            },
            {
              "batter": "Tamim Iqbal",
              "bowler": "Sohag Gazi",
              "non_striker": "CH Gayle",
              "runs": {
                "batter": 0,
                "extras": 0,
                "total": 0
              }
            },
            {
              "batter": "Tamim Iqbal",
              "bowler": "Sohag Gazi",
              "non_striker": "CH Gayle",
              "runs": {
                "batter": 0,
                "extras": 0,
                "total": 0
              }
            },
            {
              "batter": "Tamim Iqbal",
              "bowler": "Sohag Gazi",
              "extras": {
                "wides": 1
              },
              "non_striker": "CH Gayle",
              "runs": {
                "batter": 0,
                "extras": 1,
                "total": 1
              }
            },
            {
              "batter": "Tamim Iqbal",
              "bowler": "Sohag Gazi",
              "non_striker": "CH Gayle",
              "runs": {
                "batter": 1,
                "extras": 0,
                "total": 1
              }
            },
            {
              "batter": "CH Gayle",
              "bowler": "Sohag Gazi",
              "extras": {
                "wides": 1
              },
              "non_striker": "Tamim Iqbal",
              "runs": {
                "batter": 0,
                "extras": 1,
                "total": 1
              }
            },
            {
              "batter": "CH Gayle",
              "bowler": "Sohag Gazi",
              "non_striker": "Tamim Iqbal",
              "runs": {
                "batter": 0,
                "extras": 0,
                "total": 0
              }
            },
            {
              "batter": "CH Gayle",
              "bowler": "Sohag Gazi",
              "non_striker": "Tamim Iqbal",
              "runs": {
                "batter": 0,
                "extras": 0,
                "total": 0
              }
            }
          ]
        },
        {
          "over": 1,
          "deliveries": [
            {
              "batter": "Tamim Iqbal",
              "bowler": "Anwar Ali",
              "non_striker": "CH Gayle",
              "runs": {
                "batter": 4,
                "extras": 0,
                "total": 4
              }
            },
            {
              "batter": "Tamim Iqbal",
              "bowler": "Anwar Ali",
              "non_striker": "CH Gayle",
              "runs": {
                "batter": 0,
                "extras": 0,
                "total": 0
              }
            },
            {
              "batter": "Tamim Iqbal",
              "bowler": "Anwar Ali",
              "non_striker": "CH Gayle",
              "runs": {
                "batter": 0,
                "extras": 0,
                "total": 0
              }
            },
            {
              "batter": "Tamim Iqbal",
              "bowler": "Anwar Ali",
              "non_striker": "CH Gayle",
              "runs": {
                "batter": 1,
                "extras": 0,
                "total": 1
              }
            },
            {
              "batter": "CH Gayle",
              "bowler": "Anwar Ali",
              "non_striker": "Tamim Iqbal",
              "runs": {
                "batter": 1,
                "extras": 0,
                "total": 1
              }
            },
            {
              "batter": "Tamim Iqbal",
              "bowler": "Anwar Ali",
              "non_striker": "CH Gayle",
              "runs": {
                "batter": 1,
                "extras": 0,
                "total": 1
              }
            }
          ]
        },
        {
          "over": 2,
          "deliveries": [
            {
              "batter": "Tamim Iqbal",
              "bowler": "Sohag Gazi",
              "non_striker": "CH Gayle",
              "runs": {
                "batter": 0,
                "extras": 0,
                "total": 0
              }
            },
            {
              "batter": "Tamim Iqbal",
              "bowler": "Sohag Gazi",
              "non_striker": "CH Gayle",
              "runs": {
                "batter": 0,
                "extras": 0,
                "total": 0
              }
            },
            {
              "batter": "Tamim Iqbal",
              "bowler": "Sohag Gazi",
              "non_striker": "CH Gayle",
              "runs": {
                "batter": 0,
                "extras": 0,
                "total": 0
              }
            },
            {
              "batter": "Tamim Iqbal",
              "bowler": "Sohag Gazi",
              "non_striker": "CH Gayle",
              "runs": {
                "batter": 0,
                "extras": 0,
                "total": 0
              }
            },
            {
              "batter": "Tamim Iqbal",
              "bowler": "Sohag Gazi",
              "non_striker": "CH Gayle",
              "runs": {
                "batter": 2,
                "extras": 0,
                "total": 2
              }
            },
            {
              "batter": "Tamim Iqbal",
              "bowler": "Sohag Gazi",
              "non_striker": "CH Gayle",
              "runs": {
                "batter": 1,
                "extras": 0,
                "total": 1
              }
            }
          ]
        },
        {
          "over": 3,
          "deliveries": [
            {
              "batter": "Tamim Iqbal",
              "bowler": "Anwar Ali",
              "non_striker": "CH Gayle",
              "runs": {
                "batter": 0,
                "extras": 0,
                "total": 0
              }
            },
            {
              "batter": "Tamim Iqbal",
              "bowler": "Anwar Ali",
              "non_striker": "CH Gayle",
              "runs": {
                "batter": 0,
                "extras": 0,
                "total": 0
              }
            },
            {
              "batter": "Tamim Iqbal",
              "bowler": "Anwar Ali",
              "non_striker": "CH Gayle",
              "runs": {
                "batter": 1,
                "extras": 0,
                "total": 1
              }
            },
            {
              "batter": "CH Gayle",
              "bowler": "Anwar Ali",
              "non_striker": "Tamim Iqbal",
              "runs": {
                "batter": 1,
                "extras": 0,
                "total": 1
              }
            },
            {
              "batter": "Tamim Iqbal",
              "bowler": "Anwar Ali",
              "non_striker": "CH Gayle",
              "runs": {
                "batter": 4,
                "extras": 0,
                "total": 4
              }
            },
            {
              "batter": "Tamim Iqbal",
              "bowler": "Anwar Ali",
              "non_striker": "CH Gayle",
              "runs": {
                "batter": 4,
                "extras": 0,
                "total": 4
              }
            }
          ]
        },
        {
          "over": 4,
          "deliveries": [
            {
              "batter": "CH Gayle",
              "bowler": "Sohag Gazi",
              "non_striker": "Tamim Iqbal",
              "runs": {
                "batter": 0,
                "extras": 0,
                "total": 0
              }
            },
            {
              "batter": "CH Gayle",
              "bowler": "Sohag Gazi",
              "non_striker": "Tamim Iqbal",
              "runs": {
                "batter": 0,
                "extras": 0,
                "total": 0
              }
            },
            {
              "batter": "CH Gayle",
              "bowler": "Sohag Gazi",
              "extras": {
                "legbyes": 1
              },
              "non_striker": "Tamim Iqbal",
              "runs": {
                "batter": 0,
                "extras": 1,
                "total": 1
              }
            },
            {
              "batter": "Tamim Iqbal",
              "bowler": "Sohag Gazi",
              "non_striker": "CH Gayle",
              "runs": {
                "batter": 0,
                "extras": 0,
                "total": 0
              }
            },
            {
              "batter": "Tamim Iqbal",
              "bowler": "Sohag Gazi",
              "extras": {
                "wides": 1
              },
              "non_striker": "CH Gayle",
              "runs": {
                "batter": 0,
                "extras": 1,
                "total": 1
              }
            },
            {
              "batter": "Tamim Iqbal",
              "bowler": "Sohag Gazi",
              "non_striker": "CH Gayle",
              "runs": {
                "batter": 0,
                "extras": 0,
                "total": 0
              }
            },
            {
              "batter": "Tamim Iqbal",
              "bowler": "Sohag Gazi",
              "non_striker": "CH Gayle",
              "runs": {
                "batter": 0,
                "extras": 0,
                "total": 0
              }
            }
          ]
        },
        {
          "over": 5,
          "deliveries": [
            {
              "batter": "CH Gayle",
              "bowler": "Rubel Hossain",
              "non_striker": "Tamim Iqbal",
              "runs": {
                "batter": 0,
                "extras": 0,
                "total": 0
              }
            },
            {
              "batter": "CH Gayle",
              "bowler": "Rubel Hossain",
              "non_striker": "Tamim Iqbal",
              "runs": {
                "batter": 0,
                "extras": 0,
                "total": 0
              }
            },
            {
              "batter": "CH Gayle",
              "bowler": "Rubel Hossain",
              "non_striker": "Tamim Iqbal",
              "runs": {
                "batter": 4,
                "extras": 0,
                "total": 4
              }
            },
            {
              "batter": "CH Gayle",
              "bowler": "Rubel Hossain",
              "non_striker": "Tamim Iqbal",
              "runs": {
                "batter": 0,
                "extras": 0,
                "total": 0
              }
            },
            {
              "batter": "CH Gayle",
              "bowler": "Rubel Hossain",
              "non_striker": "Tamim Iqbal",
              "runs": {
                "batter": 0,
                "extras": 0,
                "total": 0
              }
            },
            {
              "batter": "CH Gayle",
              "bowler": "Rubel Hossain",
              "non_striker": "Tamim Iqbal",
              "runs": {
                "batter": 1,
                "extras": 0,
                "total": 1
              }
            }
          ]
        },
        {
          "over": 6,
          "deliveries": [
            {
              "batter": "CH Gayle",
              "bowler": "Sohag Gazi",
              "non_striker": "Tamim Iqbal",
              "runs": {
                "batter": 0,
                "extras": 0,
                "total": 0
              }
            },
            {
              "batter": "CH Gayle",
              "bowler": "Sohag Gazi",
              "non_striker": "Tamim Iqbal",
              "runs": {
                "batter": 2,
                "extras": 0,
                "total": 2
              }
            },
            {
              "batter": "CH Gayle",
              "bowler": "Sohag Gazi",
              "non_striker": "Tamim Iqbal",
              "runs": {
                "batter": 2,
                "extras": 0,
                "total": 2
              }
            },
            {
              "batter": "CH Gayle",
              "bowler": "Sohag Gazi",
              "non_striker": "Tamim Iqbal",
              "runs": {
                "batter": 0,
                "extras": 0,
                "total": 0
              }
            },
            {
              "batter": "CH Gayle",
              "bowler": "Sohag Gazi",
              "non_striker": "Tamim Iqbal",
              "runs": {
                "batter": 6,
                "extras": 0,
                "total": 6
              }
            },
            {
              "batter": "CH Gayle",
              "bowler": "Sohag Gazi",
              "non_striker": "Tamim Iqbal",
              "runs": {
                "batter": 6,
                "extras": 0,
                "total": 6
              }
            }
          ]
        },
        {
          "over": 7,
          "deliveries": [
            {
              "batter": "Tamim Iqbal",
              "bowler": "Rubel Hossain",
              "non_striker": "CH Gayle",
              "runs": {
                "batter": 1,
                "extras": 0,
                "total": 1
              }
            },
            {
              "batter": "CH Gayle",
              "bowler": "Rubel Hossain",
              "non_striker": "Tamim Iqbal",
              "runs": {
                "batter": 1,
                "extras": 0,
                "total": 1
              }
            },
            {
              "batter": "Tamim Iqbal",
              "bowler": "Rubel Hossain",
              "non_striker": "CH Gayle",
              "runs": {
                "batter": 0,
                "extras": 0,
                "total": 0
              }
            },
            {
              "batter": "Tamim Iqbal",
              "bowler": "Rubel Hossain",
              "non_striker": "CH Gayle",
              "runs": {
                "batter": 1,
                "extras": 0,
                "total": 1
              }
            },
            {
              "batter": "CH Gayle",
              "bowler": "Rubel Hossain",
              "non_striker": "Tamim Iqbal",
              "runs": {
                "batter": 4,
                "extras": 0,
                "total": 4
              }
            },
            {
              "batter": "CH Gayle",
              "bowler": "Rubel Hossain",
              "non_striker": "Tamim Iqbal",
              "runs": {
                "batter": 0,
                "extras": 0,
                "total": 0
              }
            }
          ]
        },
        {
          "over": 8,
          "deliveries": [
            {
              "batter": "Tamim Iqbal",
              "bowler": "Shahid Afridi",
              "non_striker": "CH Gayle",
              "runs": {
                "batter": 4,
                "extras": 0,
                "total": 4
              }
            },
            {
              "batter": "Tamim Iqbal",
              "bowler": "Shahid Afridi",
              "non_striker": "CH Gayle",
              "runs": {
                "batter": 1,
                "extras": 0,
                "total": 1
              }
            },
            {
              "batter": "CH Gayle",
              "bowler": "Shahid Afridi",
              "non_striker": "Tamim Iqbal",
              "runs": {
                "batter": 0,
                "extras": 0,
                "total": 0
              }
            },
            {
              "batter": "CH Gayle",
              "bowler": "Shahid Afridi",
              "non_striker": "Tamim Iqbal",
              "runs": {
                "batter": 6,
                "extras": 0,
                "total": 6
              }
            },
            {
              "batter": "CH Gayle",
              "bowler": "Shahid Afridi",
              "non_striker": "Tamim Iqbal",
              "runs": {
                "batter": 6,
                "extras": 0,
                "total": 6
              }
            },
            {
              "batter": "CH Gayle",
              "bowler": "Shahid Afridi",
              "non_striker": "Tamim Iqbal",
              "runs": {
                "batter": 0,
                "extras": 0,
                "total": 0
              },
              "wickets": [
                {
                  "player_out": "CH Gayle",
                  "fielders": [
                    {
                      "name": "Anwar Ali"
                    }
                  ],
                  "kind": "caught"
                }
              ]
            }
          ]
        },
        {
          "over": 9,
          "deliveries": [
            {
              "batter": "Tamim Iqbal",
              "bowler": "LA Dawson",
              "non_striker": "Anamul Haque",
              "runs": {
                "batter": 1,
                "extras": 0,
                "total": 1
              }
            },
            {
              "batter": "Anamul Haque",
              "bowler": "LA Dawson",
              "non_striker": "Tamim Iqbal",
              "runs": {
                "batter": 3,
                "extras": 0,
                "total": 3
              }
            },
            {
              "batter": "Tamim Iqbal",
              "bowler": "LA Dawson",
              "non_striker": "Anamul Haque",
              "runs": {
                "batter": 1,
                "extras": 0,
                "total": 1
              }
            },
            {
              "batter": "Anamul Haque",
              "bowler": "LA Dawson",
              "non_striker": "Tamim Iqbal",
              "runs": {
                "batter": 0,
                "extras": 0,
                "total": 0
              }
            },
            {
              "batter": "Anamul Haque",
              "bowler": "LA Dawson",
              "non_striker": "Tamim Iqbal",
              "runs": {
                "batter": 1,
                "extras": 0,
                "total": 1
              }
            },
            {
              "batter": "Tamim Iqbal",
              "bowler": "LA Dawson",
              "non_striker": "Anamul Haque",
              "runs": {
                "batter": 0,
                "extras": 0,
                "total": 0
              }
            }
          ]
        },
        {
          "over": 10,
          "deliveries": [
            {
              "batter": "Anamul Haque",
              "bowler": "Shahid Afridi",
              "non_striker": "Tamim Iqbal",
              "runs": {
                "batter": 1,
                "extras": 0,
                "total": 1
              }
            },
            {
              "batter": "Tamim Iqbal",
              "bowler": "Shahid Afridi",
              "non_striker": "Anamul Haque",
              "runs": {
                "batter": 1,
                "extras": 0,
                "total": 1
              }
            },
            {
              "batter": "Anamul Haque",
              "bowler": "Shahid Afridi",
              "non_striker": "Tamim Iqbal",
              "runs": {
                "batter": 0,
                "extras": 0,
                "total": 0
              }
            },
            {
              "batter": "Anamul Haque",
              "bowler": "Shahid Afridi",
              "non_striker": "Tamim Iqbal",
              "runs": {
                "batter": 0,
                "extras": 0,
                "total": 0
              }
            },
            {
              "batter": "Anamul Haque",
              "bowler": "Shahid Afridi",
              "non_striker": "Tamim Iqbal",
              "runs": {
                "batter": 6,
                "extras": 0,
                "total": 6
              }
            },
            {
              "batter": "Anamul Haque",
              "bowler": "Shahid Afridi",
              "non_striker": "Tamim Iqbal",
              "runs": {
                "batter": 0,
                "extras": 0,
                "total": 0
              }
            }
          ]
        },
        {
          "over": 11,
          "deliveries": [
            {
              "batter": "Tamim Iqbal",
              "bowler": "LA Dawson",
              "non_striker": "Anamul Haque",
              "runs": {
                "batter": 2,
                "extras": 0,
                "total": 2
              }
            },
            {
              "batter": "Tamim Iqbal",
              "bowler": "LA Dawson",
              "non_striker": "Anamul Haque",
              "runs": {
                "batter": 4,
                "extras": 0,
                "total": 4
              }
            },
            {
              "batter": "Tamim Iqbal",
              "bowler": "LA Dawson",
              "non_striker": "Anamul Haque",
              "runs": {
                "batter": 0,
                "extras": 0,
                "total": 0
              }
            },
            {
              "batter": "Tamim Iqbal",
              "bowler": "LA Dawson",
              "non_striker": "Anamul Haque",
              "runs": {
                "batter": 0,
                "extras": 0,
                "total": 0
              }
            },
            {
              "batter": "Tamim Iqbal",
              "bowler": "LA Dawson",
              "non_striker": "Anamul Haque",
              "runs": {
                "batter": 1,
                "extras": 0,
                "total": 1
              }
            },
            {
              "batter": "Anamul Haque",
              "bowler": "LA Dawson",
              "non_striker": "Tamim Iqbal",
              "runs": {
                "batter": 1,
                "extras": 0,
                "total": 1
              }
            }
          ]
        },
        {
          "over": 12,
          "deliveries": [
            {
              "batter": "Anamul Haque",
              "bowler": "Arafat Sunny",
              "non_striker": "Tamim Iqbal",
              "runs": {
                "batter": 0,
                "extras": 0,
                "total": 0
              }
            },
            {
              "batter": "Anamul Haque",
              "bowler": "Arafat Sunny",
              "non_striker": "Tamim Iqbal",
              "runs": {
                "batter": 1,
                "extras": 0,
                "total": 1
              }
            },
            {
              "batter": "Tamim Iqbal",
              "bowler": "Arafat Sunny",
              "non_striker": "Anamul Haque",
              "runs": {
                "batter": 0,
                "extras": 0,
                "total": 0
              }
            },
            {
              "batter": "Tamim Iqbal",
              "bowler": "Arafat Sunny",
              "non_striker": "Anamul Haque",
              "runs": {
                "batter": 4,
                "extras": 0,
                "total": 4
              }
            },
            {
              "batter": "Tamim Iqbal",
              "bowler": "Arafat Sunny",
              "non_striker": "Anamul Haque",
              "runs": {
                "batter": 6,
                "extras": 0,
                "total": 6
              }
            },
            {
              "batter": "Tamim Iqbal",
              "bowler": "Arafat Sunny",
              "non_striker": "Anamul Haque",
              "runs": {
                "batter": 4,
                "extras": 0,
                "total": 4
              }
            }
          ]
        },
        {
          "over": 13,
          "deliveries": [
            {
              "batter": "Anamul Haque",
              "bowler": "Rubel Hossain",
              "non_striker": "Tamim Iqbal",
              "runs": {
                "batter": 1,
                "extras": 0,
                "total": 1
              }
            },
            {
              "batter": "Tamim Iqbal",
              "bowler": "Rubel Hossain",
              "non_striker": "Anamul Haque",
              "runs": {
                "batter": 1,
                "extras": 0,
                "total": 1
              }
            },
            {
              "batter": "Anamul Haque",
              "bowler": "Rubel Hossain",
              "non_striker": "Tamim Iqbal",
              "runs": {
                "batter": 1,
                "extras": 0,
                "total": 1
              }
            },
            {
              "batter": "Tamim Iqbal",
              "bowler": "Rubel Hossain",
              "non_striker": "Anamul Haque",
              "runs": {
                "batter": 1,
                "extras": 0,
                "total": 1
              }
            },
            {
              "batter": "Anamul Haque",
              "bowler": "Rubel Hossain",
              "non_striker": "Tamim Iqbal",
              "runs": {
                "batter": 0,
                "extras": 0,
                "total": 0
              }
            },
            {
              "batter": "Anamul Haque",
              "bowler": "Rubel Hossain",
              "non_striker": "Tamim Iqbal",
              "runs": {
                "batter": 1,
                "extras": 0,
                "total": 1
              }
            }
          ]
        },
        {
          "over": 14,
          "deliveries": [
            {
              "batter": "Anamul Haque",
              "bowler": "Muktar Ali",
              "non_striker": "Tamim Iqbal",
              "runs": {
                "batter": 1,
                "extras": 0,
                "total": 1
              }
            },
            {
              "batter": "Tamim Iqbal",
              "bowler": "Muktar Ali",
              "non_striker": "Anamul Haque",
              "runs": {
                "batter": 1,
                "extras": 0,
                "total": 1
              }
            },
            {
              "batter": "Anamul Haque",
              "bowler": "Muktar Ali",
              "non_striker": "Tamim Iqbal",
              "runs": {
                "batter": 1,
                "extras": 0,
                "total": 1
              }
            },
            {
              "batter": "Tamim Iqbal",
              "bowler": "Muktar Ali",
              "non_striker": "Anamul Haque",
              "runs": {
                "batter": 0,
                "extras": 0,
                "total": 0
              }
            },
            {
              "batter": "Tamim Iqbal",
              "bowler": "Muktar Ali",
              "non_striker": "Anamul Haque",
              "runs": {
                "batter": 1,
                "extras": 0,
                "total": 1
              }
            },
            {
              "batter": "Anamul Haque",
              "bowler": "Muktar Ali",
              "non_striker": "Tamim Iqbal",
              "runs": {
                "batter": 1,
                "extras": 0,
                "total": 1
              }
            }
          ]
        },
        {
          "over": 15,
          "deliveries": [
            {
              "batter": "Anamul Haque",
              "bowler": "LA Dawson",
              "non_striker": "Tamim Iqbal",
              "runs": {
                "batter": 0,
                "extras": 0,
                "total": 0
              }
            },
            {
              "batter": "Anamul Haque",
              "bowler": "LA Dawson",
              "non_striker": "Tamim Iqbal",
              "runs": {
                "batter": 2,
                "extras": 0,
                "total": 2
              }
            },
            {
              "batter": "Anamul Haque",
              "bowler": "LA Dawson",
              "non_striker": "Tamim Iqbal",
              "runs": {
                "batter": 0,
                "extras": 0,
                "total": 0
              }
            },
            {
              "batter": "Anamul Haque",
              "bowler": "LA Dawson",
              "non_striker": "Tamim Iqbal",
              "runs": {
                "batter": 1,
                "extras": 0,
                "total": 1
              }
            },
            {
              "batter": "Tamim Iqbal",
              "bowler": "LA Dawson",
              "non_striker": "Anamul Haque",
              "runs": {
                "batter": 4,
                "extras": 0,
                "total": 4
              }
            },
            {
              "batter": "Tamim Iqbal",
              "bowler": "LA Dawson",
              "non_striker": "Anamul Haque",
              "runs": {
                "batter": 4,
                "extras": 0,
                "total": 4
              }
            }
          ]
        }
      ],
      "powerplays": [
        {
          "from": 0.1,
          "to": 5.6,
          "type": "mandatory"
        }
      ],
      "target": {
        "overs": 20,
        "runs": 125
      }
    }
  ]
}