{
  "meta": {
    "data_version": "1.0.0",
    "created": "2016-11-09",
    "revision": 2
  },
  "info": {
    "balls_per_over": 6,
    "dates": [
      "2016-11-03"
    ],
    "event": {
      "match_number": 1,
      "name": "East Asia Cup"
    },
    "gender": "male",
    "match_type": "IT20",
    "officials": {
      "match_referees": [
        "D Bedingfield"
      ],
      "reserve_umpires": [
        "U Pradeep"
      ],
      "umpires": [
        "A Curr",
        "M Perera"
      ]
    },
    "outcome": {
      "by": {
        "wickets": 5
      },
      "winner": "Japan"
    },
    "overs": 20,
    "player_of_match": [
      "Zhang Yu Fei"
    ],
    "players": {
      "China": [
        "Lu Cangcang",
        "Song Yangyang",
        "Zhang Yu Fei",
        "Wang Yu",
        "Tian Suqing",
        "Han Junhui",
        "Pu Xianliang",
        "Song Yulin",
        "Feng Yu",
        "Wang Zihao",
        "Xu Hao"
      ],
      "Japan": [
        "M Taniyama",
        "R Tsutsui",
        "M Kobayashi",
        "J Yamashita",
        "T Ota",
        "M Thurgate",
        "W Miyauchi",
        "K Wakita",
        "MM Siddique",
        "T Hagihara",
        "R Matsumura"
      ]
    },
    "registry": {
      "people": {
        "A Curr": "c32a41ba",
        "D Bedingfield": "72896bd0",
        "Feng Yu": "242f4ef1",
        "Han Junhui": "7b70c988",
        "J Yamashita": "6cb6215d",
        "K Wakita": "97da4ec9",
        "Lu Cangcang": "b406d908",
        "M Kobayashi": "96084621",
        "M Perera": "c1089ccb",
        "M Taniyama": "cbd91942",
        "M Thurgate": "98aaa3f3",
        "MM Siddique": "48024cf4",
        "Pu Xianliang": "b591215f",
        "R Matsumura": "cc9b822c",
        "R Tsutsui": "d630701e",
        "Song Yangyang": "cf33e1ce",
        "Song Yulin": "6c7f0100",
        "T Hagihara": "3dab8f3f",
        "T Ota": "011b7b59",
        "Tian Suqing": "0a01e891",
        "U Pradeep": "93eb433f",
        "W Miyauchi": "fef40097",
        "Wang Yu": "3043796f",
        "Wang Zihao": "0cf7e80f",
        "Xu Hao": "bf694ba1",
        "Zhang Yu Fei": "4522ba9a"
      }
    },
    "season": "2016/17",
    "team_type": "international",
    "teams": [
      "Japan",
      "China"
    ],
    "toss": {
      "decision": "bat",
      "winner": "China"
    },
    "venue": "Sano International Cricket Ground"
  },
  "innings": [
    {
      "team": "China",
      "overs": [
        {
          "over": 0,
          "deliveries": [
            {
              "batter": "Lu Cangcang",
              "bowler": "R Matsumura",
              "non_striker": "Song Yangyang",
              "runs": {
                "batter": 0,
                "extras": 0,
                "total": 0
              }
            },
            {
              "batter": "Lu Cangcang",
              "bowler": "R Matsumura",
              "non_striker": "Song Yangyang",
              "runs": {
                "batter": 0,
                "extras": 0,
                "total": 0
              }
            },
            {
              "batter": "Lu Cangcang",
              "bowler": "R Matsumura",
              "non_striker": "Song Yangyang",
              "runs": {
                "batter": 0,
                "extras": 0,
                "total": 0
              }
            },
            {
              "batter": "Lu Cangcang",
              "bowler": "R Matsumura",
              "non_striker": "Song Yangyang",
              "runs": {
                "batter": 0,
                "extras": 0,
                "total": 0
              }
            },
            {
              "batter": "Lu Cangcang",
              "bowler": "R Matsumura",
              "non_striker": "Song Yangyang",
              "runs": {
                "batter": 1,
                "extras": 0,
                "total": 1
              }
            },
            {
              "batter": "Song Yangyang",
              "bowler": "R Matsumura",
              "non_striker": "Lu Cangcang",
              "runs": {
                "batter": 1,
                "extras": 0,
                "total": 1
              }
            }
          ]
        },
        {
          "over": 1,
          "deliveries": [
            {
              "batter": "Song Yangyang",
              "bowler": "T Hagihara",
              "non_striker": "Lu Cangcang",
              "runs": {
                "batter": 0,
                "extras": 0,
                "total": 0
              },
              "wickets": [
                {
                  "kind": "caught",
                  "player_out": "Song Yangyang",
                  "fielders": [
                    {
                      "name": "W Miyauchi"
                    }
                  ]
                }
              ]
            },
            {
              "batter": "Zhang Yu Fei",
              "bowler": "T Hagihara",
              "extras": {
                "wides": 1
              },
              "non_striker": "Lu Cangcang",
              "runs": {
                "batter": 0,
                "extras": 1,
                "total": 1
              }
            },
            {
              "batter": "Zhang Yu Fei",
              "bowler": "T Hagihara",
              "non_striker": "Lu Cangcang",
              "runs": {
                "batter": 0,
                "extras": 0,
                "total": 0
              }
            },
            {
              "batter": "Zhang Yu Fei",
              "bowler": "T Hagihara",
              "non_striker": "Lu Cangcang",
              "runs": {
                "batter": 0,
                "extras": 0,
                "total": 0
              }
            },
            {
              "batter": "Zhang Yu Fei",
              "bowler": "T Hagihara",
              "non_striker": "Lu Cangcang",
              "runs": {
                "batter": 1,
                "extras": 0,
                "total": 1
              }
            },
            {
              "batter": "Lu Cangcang",
              "bowler": "T Hagihara",
              "non_striker": "Zhang Yu Fei",
              "runs": {
                "batter": 0,
                "extras": 0,
                "total": 0
              }
            },
            {
              "batter": "Lu Cangcang",
              "bowler": "T Hagihara",
              "non_striker": "Zhang Yu Fei",
              "runs": {
                "batter": 0,
                "extras": 0,
                "total": 0
              }
            }
          ]
        },
        {
          "over": 2,
          "deliveries": [
            {
              "batter": "Zhang Yu Fei",
              "bowler": "R Matsumura",
              "non_striker": "Lu Cangcang",
              "runs": {
                "batter": 0,
                "extras": 0,
                "total": 0
              }
            },
            {
              "batter": "Zhang Yu Fei",
              "bowler": "R Matsumura",
              "non_striker": "Lu Cangcang",
              "runs": {
                "batter": 0,
                "extras": 0,
                "total": 0
              }
            },
            {
              "batter": "Zhang Yu Fei",
              "bowler": "R Matsumura",
              "non_striker": "Lu Cangcang",
              "runs": {
                "batter": 0,
                "extras": 0,
                "total": 0
              }
            },
            {
              "batter": "Zhang Yu Fei",
              "bowler": "R Matsumura",
              "non_striker": "Lu Cangcang",
              "runs": {
                "batter": 1,
                "extras": 0,
                "total": 1
              }
            },
            {
              "batter": "Lu Cangcang",
              "bowler": "R Matsumura",
              "extras": {
                "wides": 1
              },
              "non_striker": "Zhang Yu Fei",
              "runs": {
                "batter": 0,
                "extras": 1,
                "total": 1
              }
            },
            {
              "batter": "Lu Cangcang",
              "bowler": "R Matsumura",
              "extras": {
                "wides": 1
              },
              "non_striker": "Zhang Yu Fei",
              "runs": {
                "batter": 0,
                "extras": 1,
                "total": 1
              }
            },
            {
              "batter": "Lu Cangcang",
              "bowler": "R Matsumura",
              "non_striker": "Zhang Yu Fei",
              "runs": {
                "batter": 1,
                "extras": 0,
                "total": 1
              }
            },
            {
              "batter": "Zhang Yu Fei",
              "bowler": "R Matsumura",
              "non_striker": "Lu Cangcang",
              "runs": {
                "batter": 0,
                "extras": 0,
                "total": 0
              }
            }
          ]
        },
        {
          "over": 3,
          "deliveries": [
            {
              "batter": "Lu Cangcang",
              "bowler": "T Hagihara",
              "non_striker": "Zhang Yu Fei",
              "runs": {
                "batter": 1,
                "extras": 0,
                "total": 1
              }
            },
            {
              "batter": "Zhang Yu Fei",
              "bowler": "T Hagihara",
              "non_striker": "Lu Cangcang",
              "runs": {
                "batter": 0,
                "extras": 0,
                "total": 0
              }
            },
            {
              "batter": "Zhang Yu Fei",
              "bowler": "T Hagihara",
              "non_striker": "Lu Cangcang",
              "runs": {
                "batter": 0,
                "extras": 0,
                "total": 0
              }
            },
            {
              "batter": "Zhang Yu Fei",
              "bowler": "T Hagihara",
              "non_striker": "Lu Cangcang",
              "runs": {
                "batter": 0,
                "extras": 0,
                "total": 0
              }
            },
            {
              "batter": "Zhang Yu Fei",
              "bowler": "T Hagihara",
              "non_striker": "Lu Cangcang",
              "runs": {
                "batter": 0,
                "extras": 0,
                "total": 0
              }
            },
            {
              "batter": "Zhang Yu Fei",
              "bowler": "T Hagihara",
              "non_striker": "Lu Cangcang",
              "runs": {
                "batter": 1,
                "extras": 0,
                "total": 1
              }
            }
          ]
        },
        {
          "over": 4,
          "deliveries": [
            {
              "batter": "Zhang Yu Fei",
              "bowler": "MM Siddique",
              "non_striker": "Lu Cangcang",
              "runs": {
                "batter": 0,
                "extras": 0,
                "total": 0
              }
            },
            {
              "batter": "Zhang Yu Fei",
              "bowler": "MM Siddique",
              "extras": {
                "wides": 1
              },
              "non_striker": "Lu Cangcang",
              "runs": {
                "batter": 0,
                "extras": 1,
                "total": 1
              }
            },
            {
              "batter": "Zhang Yu Fei",
              "bowler": "MM Siddique",
              "extras": {
                "wides": 1
              },
              "non_striker": "Lu Cangcang",
              "runs": {
                "batter": 0,
                "extras": 1,
                "total": 1
              }
            },
            {
              "batter": "Zhang Yu Fei",
              "bowler": "MM Siddique",
              "non_striker": "Lu Cangcang",
              "runs": {
                "batter": 2,
                "extras": 0,
                "total": 2
              }
            },
            {
              "batter": "Zhang Yu Fei",
              "bowler": "MM Siddique",
              "non_striker": "Lu Cangcang",
              "runs": {
                "batter": 0,
                "extras": 0,
                "total": 0
              }
            },
            {
              "batter": "Zhang Yu Fei",
              "bowler": "MM Siddique",
              "non_striker": "Lu Cangcang",
              "runs": {
                "batter": 0,
                "extras": 0,
                "total": 0
              }
            },
            {
              "batter": "Zhang Yu Fei",
              "bowler": "MM Siddique",
              "non_striker": "Lu Cangcang",
              "runs": {
                "batter": 0,
                "extras": 0,
                "total": 0
              }
            },
            {
              "batter": "Zhang Yu Fei",
              "bowler": "MM Siddique",
              "non_striker": "Lu Cangcang",
              "runs": {
                "batter": 1,
                "extras": 0,
                "total": 1
              }
            }
          ]
        },
        {
          "over": 5,
          "deliveries": [
            {
              "batter": "Zhang Yu Fei",
              "bowler": "K Wakita",
              "non_striker": "Lu Cangcang",
              "runs": {
                "batter": 1,
                "extras": 0,
                "total": 1
              }
            },
            {
              "batter": "Lu Cangcang",
              "bowler": "K Wakita",
              "non_striker": "Zhang Yu Fei",
              "runs": {
                "batter": 1,
                "extras": 0,
                "total": 1
              }
            },
            {
              "batter": "Zhang Yu Fei",
              "bowler": "K Wakita",
              "non_striker": "Lu Cangcang",
              "runs": {
                "batter": 0,
                "extras": 0,
                "total": 0
              }
            },
            {
              "batter": "Zhang Yu Fei",
              "bowler": "K Wakita",
              "non_striker": "Lu Cangcang",
              "runs": {
                "batter": 0,
                "extras": 0,
                "total": 0
              }
            },
            {
              "batter": "Zhang Yu Fei",
              "bowler": "K Wakita",
              "non_striker": "Lu Cangcang",
              "runs": {
                "batter": 0,
                "extras": 0,
                "total": 0
              }
            },
            {
              "batter": "Zhang Yu Fei",
              "bowler": "K Wakita",
              "non_striker": "Lu Cangcang",
              "runs": {
                "batter": 1,
                "extras": 0,
                "total": 1
              }
            }
          ]
        },
        {
          "over": 6,
          "deliveries": [
            {
              "batter": "Zhang Yu Fei",
              "bowler": "M Taniyama",
              "non_striker": "Lu Cangcang",
              "runs": {
                "batter": 1,
                "extras": 0,
                "total": 1
              }
            },
            {
              "batter": "Lu Cangcang",
              "bowler": "M Taniyama",
              "non_striker": "Zhang Yu Fei",
              "runs": {
                "batter": 0,
                "extras": 0,
                "total": 0
              }
            },
            {
              "batter": "Lu Cangcang",
              "bowler": "M Taniyama",
              "non_striker": "Zhang Yu Fei",
              "runs": {
                "batter": 0,
                "extras": 0,
                "total": 0
              },
              "wickets": [
                {
                  "kind": "caught",
                  "player_out": "Lu Cangcang",
                  "fielders": [
                    {
                      "name": "M Kobayashi"
                    }
                  ]
                }
              ]
            },
            {
              "batter": "Wang Yu",
              "bowler": "M Taniyama",
              "non_striker": "Zhang Yu Fei",
              "runs": {
                "batter": 0,
                "extras": 0,
                "total": 0
              }
            },
            {
              "batter": "Wang Yu",
              "bowler": "M Taniyama",
              "non_striker": "Zhang Yu Fei",
              "runs": {
                "batter": 0,
                "extras": 0,
                "total": 0
              }
            },
            {
              "batter": "Wang Yu",
              "bowler": "M Taniyama",
              "non_striker": "Zhang Yu Fei",
              "runs": {
                "batter": 1,
                "extras": 0,
                "total": 1
              }
            }
          ]
        },
        {
          "over": 7,
          "deliveries": [
            {
              "batter": "Wang Yu",
              "bowler": "K Wakita",
              "non_striker": "Zhang Yu Fei",
              "runs": {
                "batter": 0,
                "extras": 0,
                "total": 0
              },
              "wickets": [
                {
                  "kind": "bowled",
                  "player_out": "Wang Yu"
                }
              ]
            },
            {
              "batter": "Tian Suqing",
              "bowler": "K Wakita",
              "non_striker": "Zhang Yu Fei",
              "runs": {
                "batter": 1,
                "extras": 0,
                "total": 1
              }
            },
            {
              "batter": "Zhang Yu Fei",
              "bowler": "K Wakita",
              "non_striker": "Tian Suqing",
              "runs": {
                "batter": 0,
                "extras": 0,
                "total": 0
              }
            },
            {
              "batter": "Zhang Yu Fei",
              "bowler": "K Wakita",
              "non_striker": "Tian Suqing",
              "runs": {
                "batter": 0,
                "extras": 0,
                "total": 0
              }
            },
            {
              "batter": "Zhang Yu Fei",
              "bowler": "K Wakita",
              "non_striker": "Tian Suqing",
              "runs": {
                "batter": 0,
                "extras": 0,
                "total": 0
              }
            },
            {
              "batter": "Zhang Yu Fei",
              "bowler": "K Wakita",
              "non_striker": "Tian Suqing",
              "runs": {
                "batter": 0,
                "extras": 0,
                "total": 0
              }
            }
          ]
        },
        {
          "over": 8,
          "deliveries": [
            {
              "batter": "Tian Suqing",
              "bowler": "M Taniyama",
              "non_striker": "Zhang Yu Fei",
              "runs": {
                "batter": 0,
                "extras": 0,
                "total": 0
              }
            },
            {
              "batter": "Tian Suqing",
              "bowler": "M Taniyama",
              "non_striker": "Zhang Yu Fei",
              "runs": {
                "batter": 0,
                "extras": 0,
                "total": 0
              }
            },
            {
              "batter": "Tian Suqing",
              "bowler": "M Taniyama",
              "non_striker": "Zhang Yu Fei",
              "runs": {
                "batter": 0,
                "extras": 0,
                "total": 0
              }
            },
            {
              "batter": "Tian Suqing",
              "bowler": "M Taniyama",
              "non_striker": "Zhang Yu Fei",
              "runs": {
                "batter": 0,
                "extras": 0,
                "total": 0
              }
            },
            {
              "batter": "Tian Suqing",
              "bowler": "M Taniyama",
              "non_striker": "Zhang Yu Fei",
              "runs": {
                "batter": 0,
                "extras": 0,
                "total": 0
              }
            },
            {
              "batter": "Tian Suqing",
              "bowler": "M Taniyama",
              "non_striker": "Zhang Yu Fei",
              "runs": {
                "batter": 0,
                "extras": 0,
                "total": 0
              }
            }
          ]
        },
        {
          "over": 9,
          "deliveries": [
            {
              "batter": "Zhang Yu Fei",
              "bowler": "MM Siddique",
              "non_striker": "Tian Suqing",
              "runs": {
                "batter": 0,
                "extras": 0,
                "total": 0
              }
            },
            {
              "batter": "Zhang Yu Fei",
              "bowler": "MM Siddique",
              "non_striker": "Tian Suqing",
              "runs": {
                "batter": 2,
                "extras": 0,
                "total": 2
              }
            },
            {
              "batter": "Zhang Yu Fei",
              "bowler": "MM Siddique",
              "non_striker": "Tian Suqing",
              "runs": {
                "batter": 0,
                "extras": 0,
                "total": 0
              }
            },
            {
              "batter": "Zhang Yu Fei",
              "bowler": "MM Siddique",
              "non_striker": "Tian Suqing",
              "runs": {
                "batter": 0,
                "extras": 0,
                "total": 0
              }
            },
            {
              "batter": "Zhang Yu Fei",
              "bowler": "MM Siddique",
              "non_striker": "Tian Suqing",
              "runs": {
                "batter": 1,
                "extras": 0,
                "total": 1
              }
            },
            {
              "batter": "Tian Suqing",
              "bowler": "MM Siddique",
              "non_striker": "Zhang Yu Fei",
              "runs": {
                "batter": 0,
                "extras": 0,
                "total": 0
              }
            }
          ]
        },
        {
          "over": 10,
          "deliveries": [
            {
              "batter": "Zhang Yu Fei",
              "bowler": "M Taniyama",
              "non_striker": "Tian Suqing",
              "runs": {
                "batter": 0,
                "extras": 0,
                "total": 0
              }
            },
            {
              "batter": "Zhang Yu Fei",
              "bowler": "M Taniyama",
              "non_striker": "Tian Suqing",
              "runs": {
                "batter": 0,
                "extras": 0,
                "total": 0
              }
            },
            {
              "batter": "Zhang Yu Fei",
              "bowler": "M Taniyama",
              "non_striker": "Tian Suqing",
              "runs": {
                "batter": 0,
                "extras": 0,
                "total": 0
              }
            },
            {
              "batter": "Zhang Yu Fei",
              "bowler": "M Taniyama",
              "non_striker": "Tian Suqing",
              "runs": {
                "batter": 0,
                "extras": 0,
                "total": 0
              }
            },
            {
              "batter": "Zhang Yu Fei",
              "bowler": "M Taniyama",
              "non_striker": "Tian Suqing",
              "runs": {
                "batter": 0,
                "extras": 0,
                "total": 0
              }
            },
            {
              "batter": "Zhang Yu Fei",
              "bowler": "M Taniyama",
              "non_striker": "Tian Suqing",
              "runs": {
                "batter": 1,
                "extras": 0,
                "total": 1
              }
            }
          ]
        },
        {
          "over": 11,
          "deliveries": [
            {
              "batter": "Zhang Yu Fei",
              "bowler": "MM Siddique",
              "non_striker": "Tian Suqing",
              "runs": {
                "batter": 0,
                "extras": 0,
                "total": 0
              }
            },
            {
              "batter": "Zhang Yu Fei",
              "bowler": "MM Siddique",
              "non_striker": "Tian Suqing",
              "runs": {
                "batter": 0,
                "extras": 0,
                "total": 0
              }
            },
            {
              "batter": "Zhang Yu Fei",
              "bowler": "MM Siddique",
              "non_striker": "Tian Suqing",
              "runs": {
                "batter": 1,
                "extras": 0,
                "total": 1
              }
            },
            {
              "batter": "Tian Suqing",
              "bowler": "MM Siddique",
              "non_striker": "Zhang Yu Fei",
              "runs": {
                "batter": 0,
                "extras": 0,
                "total": 0
              }
            },
            {
              "batter": "Tian Suqing",
              "bowler": "MM Siddique",
              "non_striker": "Zhang Yu Fei",
              "runs": {
                "batter": 0,
                "extras": 0,
                "total": 0
              }
            },
            {
              "batter": "Tian Suqing",
              "bowler": "MM Siddique",
              "non_striker": "Zhang Yu Fei",
              "runs": {
                "batter": 0,
                "extras": 0,
                "total": 0
              }
            }
          ]
        },
        {
          "over": 12,
          "deliveries": [
            {
              "batter": "Zhang Yu Fei",
              "bowler": "M Taniyama",
              "non_striker": "Tian Suqing",
              "runs": {
                "batter": 0,
                "extras": 0,
                "total": 0
              }
            },
            {
              "batter": "Zhang Yu Fei",
              "bowler": "M Taniyama",
              "non_striker": "Tian Suqing",
              "runs": {
                "batter": 1,
                "extras": 0,
                "total": 1
              }
            },
            {
              "batter": "Tian Suqing",
              "bowler": "M Taniyama",
              "non_striker": "Zhang Yu Fei",
              "runs": {
                "batter": 0,
                "extras": 0,
                "total": 0
              },
              "wickets": [
                {
                  "kind": "lbw",
                  "player_out": "Tian Suqing"
                }
              ]
            },
            {
              "batter": "Han Junhui",
              "bowler": "M Taniyama",
              "non_striker": "Zhang Yu Fei",
              "runs": {
                "batter": 2,
                "extras": 0,
                "total": 2
              }
            },
            {
              "batter": "Han Junhui",
              "bowler": "M Taniyama",
              "non_striker": "Zhang Yu Fei",
              "runs": {
                "batter": 0,
                "extras": 0,
                "total": 0
              }
            },
            {
              "batter": "Han Junhui",
              "bowler": "M Taniyama",
              "non_striker": "Zhang Yu Fei",
              "runs": {
                "batter": 2,
                "extras": 0,
                "total": 2
              }
            }
          ]
        },
        {
          "over": 13,
          "deliveries": [
            {
              "batter": "Zhang Yu Fei",
              "bowler": "T Hagihara",
              "non_striker": "Han Junhui",
              "runs": {
                "batter": 4,
                "extras": 0,
                "total": 4
              }
            },
            {
              "batter": "Zhang Yu Fei",
              "bowler": "T Hagihara",
              "non_striker": "Han Junhui",
              "runs": {
                "batter": 0,
                "extras": 0,
                "total": 0
              }
            },
            {
              "batter": "Zhang Yu Fei",
              "bowler": "T Hagihara",
              "non_striker": "Han Junhui",
              "runs": {
                "batter": 3,
                "extras": 0,
                "total": 3
              }
            },
            {
              "batter": "Han Junhui",
              "bowler": "T Hagihara",
              "non_striker": "Zhang Yu Fei",
              "runs": {
                "batter": 0,
                "extras": 0,
                "total": 0
              }
            },
            {
              "batter": "Han Junhui",
              "bowler": "T Hagihara",
              "non_striker": "Zhang Yu Fei",
              "runs": {
                "batter": 0,
                "extras": 0,
                "total": 0
              }
            },
            {
              "batter": "Han Junhui",
              "bowler": "T Hagihara",
              "non_striker": "Zhang Yu Fei",
              "runs": {
                "batter": 0,
                "extras": 0,
                "total": 0
              }
            }
          ]
        },
        {
          "over": 14,
          "deliveries": [
            {
              "batter": "Zhang Yu Fei",
              "bowler": "MM Siddique",
              "non_striker": "Han Junhui",
              "runs": {
                "batter": 4,
                "extras": 0,
                "total": 4
              }
            },
            {
              "batter": "Zhang Yu Fei",
              "bowler": "MM Siddique",
              "non_striker": "Han Junhui",
              "runs": {
                "batter": 0,
                "extras": 0,
                "total": 0
              }
            },
            {
              "batter": "Zhang Yu Fei",
              "bowler": "MM Siddique",
              "non_striker": "Han Junhui",
              "runs": {
                "batter": 2,
                "extras": 0,
                "total": 2
              }
            },
            {
              "batter": "Zhang Yu Fei",
              "bowler": "MM Siddique",
              "non_striker": "Han Junhui",
              "runs": {
                "batter": 1,
                "extras": 0,
                "total": 1
              }
            },
            {
              "batter": "Han Junhui",
              "bowler": "MM Siddique",
              "non_striker": "Zhang Yu Fei",
              "runs": {
                "batter": 1,
                "extras": 0,
                "total": 1
              }
            },
            {
              "batter": "Zhang Yu Fei",
              "bowler": "MM Siddique",
              "non_striker": "Han Junhui",
              "runs": {
                "batter": 0,
                "extras": 0,
                "total": 0
              }
            }
          ]
        },
        {
          "over": 15,
          "deliveries": [
            {
              "batter": "Han Junhui",
              "bowler": "K Wakita",
              "non_striker": "Zhang Yu Fei",
              "runs": {
                "batter": 0,
                "extras": 0,
                "total": 0
              }
            },
            {
              "batter": "Han Junhui",
              "bowler": "K Wakita",
              "extras": {
                "byes": 1
              },
              "non_striker": "Zhang Yu Fei",
              "runs": {
                "batter": 0,
                "extras": 1,
                "total": 1
              }
            },
            {
              "batter": "Zhang Yu Fei",
              "bowler": "K Wakita",
              "non_striker": "Han Junhui",
              "runs": {
                "batter": 0,
                "extras": 0,
                "total": 0
              }
            },
            {
              "batter": "Zhang Yu Fei",
              "bowler": "K Wakita",
              "non_striker": "Han Junhui",
              "runs": {
                "batter": 0,
                "extras": 0,
                "total": 0
              }
            },
            {
              "batter": "Zhang Yu Fei",
              "bowler": "K Wakita",
              "non_striker": "Han Junhui",
              "runs": {
                "batter": 1,
                "extras": 0,
                "total": 1
              }
            },
            {
              "batter": "Han Junhui",
              "bowler": "K Wakita",
              "non_striker": "Zhang Yu Fei",
              "runs": {
                "batter": 0,
                "extras": 0,
                "total": 0
              },
              "wickets": [
                {
                  "kind": "bowled",
                  "player_out": "Han Junhui"
                }
              ]
            }
          ]
        },
        {
          "over": 16,
          "deliveries": [
            {
              "batter": "Zhang Yu Fei",
              "bowler": "R Matsumura",
              "non_striker": "Pu Xianliang",
              "runs": {
                "batter": 6,
                "extras": 0,
                "total": 6
              }
            },
            {
              "batter": "Zhang Yu Fei",
              "bowler": "R Matsumura",
              "non_striker": "Pu Xianliang",
              "runs": {
                "batter": 1,
                "extras": 0,
                "total": 1
              }
            },
            {
              "batter": "Pu Xianliang",
              "bowler": "R Matsumura",
              "non_striker": "Zhang Yu Fei",
              "runs": {
                "batter": 0,
                "extras": 0,
                "total": 0
              }
            },
            {
              "batter": "Pu Xianliang",
              "bowler": "R Matsumura",
              "extras": {
                "wides": 1
              },
              "non_striker": "Zhang Yu Fei",
              "runs": {
                "batter": 0,
                "extras": 1,
                "total": 1
              }
            },
            {
              "batter": "Pu Xianliang",
              "bowler": "R Matsumura",
              "non_striker": "Zhang Yu Fei",
              "runs": {
                "batter": 0,
                "extras": 0,
                "total": 0
              }
            },
            {
              "batter": "Pu Xianliang",
              "bowler": "R Matsumura",
              "non_striker": "Zhang Yu Fei",
              "runs": {
                "batter": 4,
                "extras": 0,
                "total": 4
              }
            },
            {
              "batter": "Pu Xianliang",
              "bowler": "R Matsumura",
              "non_striker": "Zhang Yu Fei",
              "runs": {
                "batter": 0,
                "extras": 0,
                "total": 0
              }
            }
          ]
        },
        {
          "over": 17,
          "deliveries": [
            {
              "batter": "Zhang Yu Fei",
              "bowler": "K Wakita",
              "non_striker": "Pu Xianliang",
              "runs": {
                "batter": 2,
                "extras": 0,
                "total": 2
              }
            },
            {
              "batter": "Zhang Yu Fei",
              "bowler": "K Wakita",
              "non_striker": "Pu Xianliang",
              "runs": {
                "batter": 6,
                "extras": 0,
                "total": 6
              }
            },
            {
              "batter": "Zhang Yu Fei",
              "bowler": "K Wakita",
              "non_striker": "Pu Xianliang",
              "runs": {
                "batter": 1,
                "extras": 0,
                "total": 1
              }
            },
            {
              "batter": "Pu Xianliang",
              "bowler": "K Wakita",
              "non_striker": "Zhang Yu Fei",
              "runs": {
                "batter": 0,
                "extras": 0,
                "total": 0
              },
              "wickets": [
                {
                  "kind": "bowled",
                  "player_out": "Pu Xianliang"
                }
              ]
            },
            {
              "batter": "Song Yulin",
              "bowler": "K Wakita",
              "non_striker": "Zhang Yu Fei",
              "runs": {
                "batter": 0,
                "extras": 0,
                "total": 0
              }
            },
            {
              "batter": "Song Yulin",
              "bowler": "K Wakita",
              "non_striker": "Zhang Yu Fei",
              "runs": {
                "batter": 1,
                "extras": 0,
                "total": 1
              }
            }
          ]
        },
        {
          "over": 18,
          "deliveries": [
            {
              "batter": "Song Yulin",
              "bowler": "R Matsumura",
              "non_striker": "Zhang Yu Fei",
              "runs": {
                "batter": 0,
                "extras": 0,
                "total": 0
              }
            },
            {
              "batter": "Song Yulin",
              "bowler": "R Matsumura",
              "non_striker": "Zhang Yu Fei",
              "runs": {
                "batter": 0,
                "extras": 0,
                "total": 0
              }
            },
            {
              "batter": "Song Yulin",
              "bowler": "R Matsumura",
              "non_striker": "Zhang Yu Fei",
              "runs": {
                "batter": 1,
                "extras": 0,
                "total": 1
              }
            },
            {
              "batter": "Zhang Yu Fei",
              "bowler": "R Matsumura",
              "non_striker": "Song Yulin",
              "runs": {
                "batter": 4,
                "extras": 0,
                "total": 4
              }
            },
            {
              "batter": "Zhang Yu Fei",
              "bowler": "R Matsumura",
              "non_striker": "Song Yulin",
              "runs": {
                "batter": 2,
                "extras": 0,
                "total": 2
              }
            },
            {
              "batter": "Zhang Yu Fei",
              "bowler": "R Matsumura",
              "non_striker": "Song Yulin",
              "runs": {
                "batter": 0,
                "extras": 0,
                "total": 0
              }
            }
          ]
        },
        {
          "over": 19,
          "deliveries": [
            {
              "batter": "Song Yulin",
              "bowler": "T Hagihara",
              "non_striker": "Zhang Yu Fei",
              "runs": {
                "batter": 0,
                "extras": 0,
                "total": 0
              }
            },
            {
              "batter": "Song Yulin",
              "bowler": "T Hagihara",
              "non_striker": "Zhang Yu Fei",
              "runs": {
                "batter": 0,
                "extras": 0,
                "total": 0
              },
              "wickets": [
                {
                  "kind": "bowled",
                  "player_out": "Song Yulin"
                }
              ]
            },
            {
              "batter": "Feng Yu",
              "bowler": "T Hagihara",
              "extras": {
                "wides": 1
              },
              "non_striker": "Zhang Yu Fei",
              "runs": {
                "batter": 0,
                "extras": 1,
                "total": 1
              }
            },
            {
              "batter": "Feng Yu",
              "bowler": "T Hagihara",
              "non_striker": "Zhang Yu Fei",
              "runs": {
                "batter": 0,
                "extras": 0,
                "total": 0
              }
            },
            {
              "batter": "Feng Yu",
              "bowler": "T Hagihara",
              "non_striker": "Zhang Yu Fei",
              "runs": {
                "batter": 0,
                "extras": 0,
                "total": 0
              },
              "wickets": [
                {
                  "kind": "run out",
                  "player_out": "Feng Yu",
                  "fielders": [
                    {
                      "name": "W Miyauchi"
                    }
                  ]
                }
              ]
            },
            {
              "batter": "Wang Zihao",
              "bowler": "T Hagihara",
              "non_striker": "Zhang Yu Fei",
              "runs": {
                "batter": 1,
                "extras": 0,
                "total": 1
              }
            },
            {
              "batter": "Zhang Yu Fei",
              "bowler": "T Hagihara",
              "non_striker": "Wang Zihao",
              "runs": {
                "batter": 1,
                "extras": 0,
                "total": 1
              },
              "wickets": [
                {
                  "kind": "run out",
                  "player_out": "Wang Zihao",
                  "fielders": [
                    {
                      "name": "R Matsumura"
                    },
                    {
                      "name": "W Miyauchi"
                    }
                  ]
                }
              ]
            }
          ]
        }
      ],
      "powerplays": [
        {
          "from": 0.1,
          "to": 5.6,
          "type": "mandatory"
        }
      ]
    },
    {
      "team": "Japan",
      "overs": [
        {
          "over": 0,
          "deliveries": [
            {
              "batter": "M Taniyama",
              "bowler": "Zhang Yu Fei",
              "extras": {
                "wides": 1
              },
              "non_striker": "R Tsutsui",
              "runs": {
                "batter": 0,
                "extras": 1,
                "total": 1
              }
            },
            {
              "batter": "M Taniyama",
              "bowler": "Zhang Yu Fei",
              "non_striker": "R Tsutsui",
              "runs": {
                "batter": 0,
                "extras": 0,
                "total": 0
              }
            },
            {
              "batter": "M Taniyama",
              "bowler": "Zhang Yu Fei",
              "non_striker": "R Tsutsui",
              "runs": {
                "batter": 0,
                "extras": 0,
                "total": 0
              }
            },
            {
              "batter": "M Taniyama",
              "bowler": "Zhang Yu Fei",
              "non_striker": "R Tsutsui",
              "runs": {
                "batter": 0,
                "extras": 0,
                "total": 0
              }
            },
            {
              "batter": "M Taniyama",
              "bowler": "Zhang Yu Fei",
              "non_striker": "R Tsutsui",
              "runs": {
                "batter": 0,
                "extras": 0,
                "total": 0
              }
            },
            {
              "batter": "M Taniyama",
              "bowler": "Zhang Yu Fei",
              "non_striker": "R Tsutsui",
              "runs": {
                "batter": 0,
                "extras": 0,
                "total": 0
              }
            },
            {
              "batter": "M Taniyama",
              "bowler": "Zhang Yu Fei",
              "non_striker": "R Tsutsui",
              "runs": {
                "batter": 1,
                "extras": 0,
                "total": 1
              }
            }
          ]
        },
        {
          "over": 1,
          "deliveries": [
            {
              "batter": "M Taniyama",
              "bowler": "Wang Zihao",
              "non_striker": "R Tsutsui",
              "runs": {
                "batter": 2,
                "extras": 0,
                "total": 2
              }
            },
            {
              "batter": "M Taniyama",
              "bowler": "Wang Zihao",
              "non_striker": "R Tsutsui",
              "runs": {
                "batter": 0,
                "extras": 0,
                "total": 0
              }
            },
            {
              "batter": "M Taniyama",
              "bowler": "Wang Zihao",
              "extras": {
                "noballs": 1
              },
              "non_striker": "R Tsutsui",
              "runs": {
                "batter": 1,
                "extras": 1,
                "total": 2
              }
            },
            {
              "batter": "R Tsutsui",
              "bowler": "Wang Zihao",
              "non_striker": "M Taniyama",
              "runs": {
                "batter": 0,
                "extras": 0,
                "total": 0
              }
            },
            {
              "batter": "R Tsutsui",
              "bowler": "Wang Zihao",
              "non_striker": "M Taniyama",
              "runs": {
                "batter": 0,
                "extras": 0,
                "total": 0
              },
              "wickets": [
                {
                  "kind": "caught",
                  "player_out": "R Tsutsui",
                  "fielders": [
                    {
                      "name": "Han Junhui"
                    }
                  ]
                }
              ]
            },
            {
              "batter": "M Kobayashi",
              "bowler": "Wang Zihao",
              "extras": {
                "wides": 1
              },
              "non_striker": "M Taniyama",
              "runs": {
                "batter": 0,
                "extras": 1,
                "total": 1
              }
            },
            {
              "batter": "M Kobayashi",
              "bowler": "Wang Zihao",
              "extras": {
                "noballs": 1
              },
              "non_striker": "M Taniyama",
              "runs": {
                "batter": 1,
                "extras": 1,
                "total": 2
              }
            },
            {
              "batter": "M Taniyama",
              "bowler": "Wang Zihao",
              "non_striker": "M Kobayashi",
              "runs": {
                "batter": 2,
                "extras": 0,
                "total": 2
              }
            },
            {
              "batter": "M Taniyama",
              "bowler": "Wang Zihao",
              "non_striker": "M Kobayashi",
              "runs": {
                "batter": 1,
                "extras": 0,
                "total": 1
              }
            }
          ]
        },
        {
          "over": 2,
          "deliveries": [
            {
              "batter": "M Taniyama",
              "bowler": "Zhang Yu Fei",
              "non_striker": "M Kobayashi",
              "runs": {
                "batter": 0,
                "extras": 0,
                "total": 0
              },
              "wickets": [
                {
                  "kind": "retired out",
                  "player_out": "M Taniyama"
                }
              ]
            },
            {
              "batter": "J Yamashita",
              "bowler": "Zhang Yu Fei",
              "non_striker": "M Kobayashi",
              "runs": {
                "batter": 0,
                "extras": 0,
                "total": 0
              }
            },
            {
              "batter": "J Yamashita",
              "bowler": "Zhang Yu Fei",
              "extras": {
                "byes": 4
              },
              "non_striker": "M Kobayashi",
              "runs": {
                "batter": 0,
                "extras": 4,
                "total": 4
              }
            },
            {
              "batter": "J Yamashita",
              "bowler": "Zhang Yu Fei",
              "non_striker": "M Kobayashi",
              "runs": {
                "batter": 0,
                "extras": 0,
                "total": 0
              }
            },
            {
              "batter": "J Yamashita",
              "bowler": "Zhang Yu Fei",
              "non_striker": "M Kobayashi",
              "runs": {
                "batter": 0,
                "extras": 0,
                "total": 0
              }
            },
            {
              "batter": "J Yamashita",
              "bowler": "Zhang Yu Fei",
              "non_striker": "M Kobayashi",
              "runs": {
                "batter": 0,
                "extras": 0,
                "total": 0
              },
              "wickets": [
                {
                  "kind": "caught",
                  "player_out": "J Yamashita",
                  "fielders": [
                    {
                      "name": "Han Junhui"
                    }
                  ]
                }
              ]
            }
          ]
        },
        {
          "over": 3,
          "deliveries": [
            {
              "batter": "M Kobayashi",
              "bowler": "Wang Zihao",
              "non_striker": "T Ota",
              "runs": {
                "batter": 0,
                "extras": 0,
                "total": 0
              }
            },
            {
              "batter": "M Kobayashi",
              "bowler": "Wang Zihao",
              "non_striker": "T Ota",
              "runs": {
                "batter": 0,
                "extras": 0,
                "total": 0
              }
            },
            {
              "batter": "M Kobayashi",
              "bowler": "Wang Zihao",
              "non_striker": "T Ota",
              "runs": {
                "batter": 0,
                "extras": 0,
                "total": 0
              }
            },
            {
              "batter": "M Kobayashi",
              "bowler": "Wang Zihao",
              "non_striker": "T Ota",
              "runs": {
                "batter": 0,
                "extras": 0,
                "total": 0
              }
            },
            {
              "batter": "M Kobayashi",
              "bowler": "Wang Zihao",
              "non_striker": "T Ota",
              "runs": {
                "batter": 1,
                "extras": 0,
                "total": 1
              }
            },
            {
              "batter": "T Ota",
              "bowler": "Wang Zihao",
              "non_striker": "M Kobayashi",
              "runs": {
                "batter": 0,
                "extras": 0,
                "total": 0
              }
            }
          ]
        },
        {
          "over": 4,
          "deliveries": [
            {
              "batter": "M Kobayashi",
              "bowler": "Feng Yu",
              "non_striker": "T Ota",
              "runs": {
                "batter": 4,
                "extras": 0,
                "total": 4
              }
            },
            {
              "batter": "M Kobayashi",
              "bowler": "Feng Yu",
              "non_striker": "T Ota",
              "runs": {
                "batter": 0,
                "extras": 0,
                "total": 0
              }
            },
            {
              "batter": "M Kobayashi",
              "bowler": "Feng Yu",
              "non_striker": "T Ota",
              "runs": {
                "batter": 4,
                "extras": 0,
                "total": 4
              }
            },
            {
              "batter": "M Kobayashi",
              "bowler": "Feng Yu",
              "non_striker": "T Ota",
              "runs": {
                "batter": 2,
                "extras": 0,
                "total": 2
              }
            },
            {
              "batter": "M Kobayashi",
              "bowler": "Feng Yu",
              "extras": {
                "wides": 2
              },
              "non_striker": "T Ota",
              "runs": {
                "batter": 0,
                "extras": 2,
                "total": 2
              }
            },
            {
              "batter": "T Ota",
              "bowler": "Feng Yu",
              "non_striker": "M Kobayashi",
              "runs": {
                "batter": 0,
                "extras": 0,
                "total": 0
              }
            },
            {
              "batter": "T Ota",
              "bowler": "Feng Yu",
              "non_striker": "M Kobayashi",
              "runs": {
                "batter": 0,
                "extras": 0,
                "total": 0
              }
            }
          ]
        },
        {
          "over": 5,
          "deliveries": [
            {
              "batter": "M Kobayashi",
              "bowler": "Pu Xianliang",
              "extras": {
                "wides": 1
              },
              "non_striker": "T Ota",
              "runs": {
                "batter": 0,
                "extras": 1,
                "total": 1
              }
            },
            {
              "batter": "M Kobayashi",
              "bowler": "Pu Xianliang",
              "extras": {
                "noballs": 1
              },
              "non_striker": "T Ota",
              "runs": {
                "batter": 0,
                "extras": 1,
                "total": 1
              }
            },
            {
              "batter": "M Kobayashi",
              "bowler": "Pu Xianliang",
              "non_striker": "T Ota",
              "runs": {
                "batter": 1,
                "extras": 0,
                "total": 1
              }
            },
            {
              "batter": "T Ota",
              "bowler": "Pu Xianliang",
              "non_striker": "M Kobayashi",
              "runs": {
                "batter": 0,
                "extras": 0,
                "total": 0
              }
            },
            {
              "batter": "T Ota",
              "bowler": "Pu Xianliang",
              "extras": {
                "wides": 1
              },
              "non_striker": "M Kobayashi",
              "runs": {
                "batter": 0,
                "extras": 1,
                "total": 1
              }
            },
            {
              "batter": "T Ota",
              "bowler": "Pu Xianliang",
              "non_striker": "M Kobayashi",
              "runs": {
                "batter": 2,
                "extras": 0,
                "total": 2
              }
            },
            {
              "batter": "T Ota",
              "bowler": "Pu Xianliang",
              "non_striker": "M Kobayashi",
              "runs": {
                "batter": 0,
                "extras": 0,
                "total": 0
              }
            },
            {
              "batter": "T Ota",
              "bowler": "Pu Xianliang",
              "non_striker": "M Kobayashi",
              "runs": {
                "batter": 0,
                "extras": 0,
                "total": 0
              }
            },
            {
              "batter": "T Ota",
              "bowler": "Pu Xianliang",
              "non_striker": "M Kobayashi",
              "runs": {
                "batter": 0,
                "extras": 0,
                "total": 0
              }
            }
          ]
        },
        {
          "over": 6,
          "deliveries": [
            {
              "batter": "M Kobayashi",
              "bowler": "Song Yulin",
              "non_striker": "T Ota",
              "runs": {
                "batter": 0,
                "extras": 0,
                "total": 0
              }
            },
            {
              "batter": "M Kobayashi",
              "bowler": "Song Yulin",
              "non_striker": "T Ota",
              "runs": {
                "batter": 4,
                "extras": 0,
                "total": 4
              }
            },
            {
              "batter": "M Kobayashi",
              "bowler": "Song Yulin",
              "non_striker": "T Ota",
              "runs": {
                "batter": 0,
                "extras": 0,
                "total": 0
              }
            },
            {
              "batter": "M Kobayashi",
              "bowler": "Song Yulin",
              "extras": {
                "wides": 1
              },
              "non_striker": "T Ota",
              "runs": {
                "batter": 0,
                "extras": 1,
                "total": 1
              }
            },
            {
              "batter": "M Kobayashi",
              "bowler": "Song Yulin",
              "non_striker": "T Ota",
              "runs": {
                "batter": 4,
                "extras": 0,
                "total": 4
              }
            },
            {
              "batter": "M Kobayashi",
              "bowler": "Song Yulin",
              "non_striker": "T Ota",
              "runs": {
                "batter": 0,
                "extras": 0,
                "total": 0
              }
            },
            {
              "batter": "M Kobayashi",
              "bowler": "Song Yulin",
              "non_striker": "T Ota",
              "runs": {
                "batter": 0,
                "extras": 0,
                "total": 0
              }
            }
          ]
        },
        {
          "over": 7,
          "deliveries": [
            {
              "batter": "T Ota",
              "bowler": "Pu Xianliang",
              "non_striker": "M Kobayashi",
              "runs": {
                "batter": 0,
                "extras": 0,
                "total": 0
              },
              "wickets": [
                {
                  "kind": "bowled",
                  "player_out": "T Ota"
                }
              ]
            },
            {
              "batter": "M Thurgate",
              "bowler": "Pu Xianliang",
              "non_striker": "M Kobayashi",
              "runs": {
                "batter": 0,
                "extras": 0,
                "total": 0
              }
            },
            {
              "batter": "M Thurgate",
              "bowler": "Pu Xianliang",
              "extras": {
                "noballs": 1
              },
              "non_striker": "M Kobayashi",
              "runs": {
                "batter": 0,
                "extras": 1,
                "total": 1
              }
            },
            {
              "batter": "M Thurgate",
              "bowler": "Pu Xianliang",
              "non_striker": "M Kobayashi",
              "runs": {
                "batter": 4,
                "extras": 0,
                "total": 4
              }
            },
            {
              "batter": "M Thurgate",
              "bowler": "Pu Xianliang",
              "non_striker": "M Kobayashi",
              "runs": {
                "batter": 0,
                "extras": 0,
                "total": 0
              }
            },
            {
              "batter": "M Thurgate",
              "bowler": "Pu Xianliang",
              "non_striker": "M Kobayashi",
              "runs": {
                "batter": 1,
                "extras": 0,
                "total": 1
              }
            },
            {
              "batter": "M Kobayashi",
              "bowler": "Pu Xianliang",
              "non_striker": "M Thurgate",
              "runs": {
                "batter": 1,
                "extras": 0,
                "total": 1
              }
            }
          ]
        },
        {
          "over": 8,
          "deliveries": [
            {
              "batter": "M Kobayashi",
              "bowler": "Song Yulin",
              "non_striker": "M Thurgate",
              "runs": {
                "batter": 0,
                "extras": 0,
                "total": 0
              }
            },
            {
              "batter": "M Kobayashi",
              "bowler": "Song Yulin",
              "extras": {
                "wides": 1
              },
              "non_striker": "M Thurgate",
              "runs": {
                "batter": 0,
                "extras": 1,
                "total": 1
              }
            },
            {
              "batter": "M Kobayashi",
              "bowler": "Song Yulin",
              "non_striker": "M Thurgate",
              "runs": {
                "batter": 1,
                "extras": 0,
                "total": 1
              }
            },
            {
              "batter": "M Thurgate",
              "bowler": "Song Yulin",
              "extras": {
                "wides": 1
              },
              "non_striker": "M Kobayashi",
              "runs": {
                "batter": 0,
                "extras": 1,
                "total": 1
              }
            },
            {
              "batter": "M Thurgate",
              "bowler": "Song Yulin",
              "non_striker": "M Kobayashi",
              "runs": {
                "batter": 0,
                "extras": 0,
                "total": 0
              }
            },
            {
              "batter": "M Thurgate",
              "bowler": "Song Yulin",
              "non_striker": "M Kobayashi",
              "runs": {
                "batter": 0,
                "extras": 0,
                "total": 0
              }
            },
            {
              "batter": "M Thurgate",
              "bowler": "Song Yulin",
              "non_striker": "M Kobayashi",
              "runs": {
                "batter": 0,
                "extras": 0,
                "total": 0
              }
            },
            {
              "batter": "M Thurgate",
              "bowler": "Song Yulin",
              "non_striker": "M Kobayashi",
              "runs": {
                "batter": 0,
                "extras": 0,
                "total": 0
              }
            }
          ]
        },
        {
          "over": 9,
          "deliveries": [
            {
              "batter": "M Kobayashi",
              "bowler": "Xu Hao",
              "extras": {
                "wides": 1
              },
              "non_striker": "M Thurgate",
              "runs": {
                "batter": 0,
                "extras": 1,
                "total": 1
              }
            },
            {
              "batter": "M Kobayashi",
              "bowler": "Xu Hao",
              "non_striker": "M Thurgate",
              "runs": {
                "batter": 0,
                "extras": 0,
                "total": 0
              }
            },
            {
              "batter": "M Kobayashi",
              "bowler": "Xu Hao",
              "non_striker": "M Thurgate",
              "runs": {
                "batter": 0,
                "extras": 0,
                "total": 0
              }
            },
            {
              "batter": "M Kobayashi",
              "bowler": "Xu Hao",
              "non_striker": "M Thurgate",
              "runs": {
                "batter": 0,
                "extras": 0,
                "total": 0
              }
            },
            {
              "batter": "M Kobayashi",
              "bowler": "Xu Hao",
              "non_striker": "M Thurgate",
              "runs": {
                "batter": 1,
                "extras": 0,
                "total": 1
              }
            },
            {
              "batter": "M Thurgate",
              "bowler": "Xu Hao",
              "non_striker": "M Kobayashi",
              "runs": {
                "batter": 6,
                "extras": 0,
                "total": 6
              }
            },
            {
              "batter": "M Thurgate",
              "bowler": "Xu Hao",
              "non_striker": "M Kobayashi",
              "runs": {
                "batter": 0,
                "extras": 0,
                "total": 0
              }
            }
          ]
        },
        {
          "over": 10,
          "deliveries": [
            {
              "batter": "M Kobayashi",
              "bowler": "Han Junhui",
              "non_striker": "M Thurgate",
              "runs": {
                "batter": 0,
                "extras": 0,
                "total": 0
              }
            },
            {
              "batter": "M Kobayashi",
              "bowler": "Han Junhui",
              "non_striker": "M Thurgate",
              "runs": {
                "batter": 2,
                "extras": 0,
                "total": 2
              }
            },
            {
              "batter": "M Kobayashi",
              "bowler": "Han Junhui",
              "extras": {
                "wides": 2
              },
              "non_striker": "M Thurgate",
              "runs": {
                "batter": 0,
                "extras": 2,
                "total": 2
              }
            },
            {
              "batter": "M Thurgate",
              "bowler": "Han Junhui",
              "non_striker": "M Kobayashi",
              "runs": {
                "batter": 2,
                "extras": 0,
                "total": 2
              }
            },
            {
              "batter": "M Thurgate",
              "bowler": "Han Junhui",
              "non_striker": "M Kobayashi",
              "runs": {
                "batter": 0,
                "extras": 0,
                "total": 0
              }
            },
            {
              "batter": "M Thurgate",
              "bowler": "Han Junhui",
              "non_striker": "M Kobayashi",
              "runs": {
                "batter": 1,
                "extras": 0,
                "total": 1
              }
            },
            {
              "batter": "M Kobayashi",
              "bowler": "Han Junhui",
              "non_striker": "M Thurgate",
              "runs": {
                "batter": 1,
                "extras": 0,
                "total": 1
              }
            }
          ]
        },
        {
          "over": 11,
          "deliveries": [
            {
              "batter": "M Kobayashi",
              "bowler": "Wang Zihao",
              "non_striker": "M Thurgate",
              "runs": {
                "batter": 1,
                "extras": 0,
                "total": 1
              }
            },
            {
              "batter": "M Thurgate",
              "bowler": "Wang Zihao",
              "non_striker": "M Kobayashi",
              "runs": {
                "batter": 1,
                "extras": 0,
                "total": 1
              }
            },
            {
              "batter": "M Kobayashi",
              "bowler": "Wang Zihao",
              "extras": {
                "wides": 1
              },
              "non_striker": "M Thurgate",
              "runs": {
                "batter": 0,
                "extras": 1,
                "total": 1
              }
            },
            {
              "batter": "M Kobayashi",
              "bowler": "Wang Zihao",
              "extras": {
                "legbyes": 1
              },
              "non_striker": "M Thurgate",
              "runs": {
                "batter": 0,
                "extras": 1,
                "total": 1
              }
            },
            {
              "batter": "M Thurgate",
              "bowler": "Wang Zihao",
              "non_striker": "M Kobayashi",
              "runs": {
                "batter": 0,
                "extras": 0,
                "total": 0
              },
              "wickets": [
                {
                  "kind": "lbw",
                  "player_out": "M Thurgate"
                }
              ]
            },
            {
              "batter": "W Miyauchi",
              "bowler": "Wang Zihao",
              "extras": {
                "wides": 1
              },
              "non_striker": "M Kobayashi",
              "runs": {
                "batter": 0,
                "extras": 1,
                "total": 1
              }
            },
            {
              "batter": "W Miyauchi",
              "bowler": "Wang Zihao",
              "extras": {
                "wides": 2
              },
              "non_striker": "M Kobayashi",
              "runs": {
                "batter": 0,
                "extras": 2,
                "total": 2
              }
            },
            {
              "batter": "M Kobayashi",
              "bowler": "Wang Zihao",
              "non_striker": "W Miyauchi",
              "runs": {
                "batter": 0,
                "extras": 0,
                "total": 0
              }
            },
            {
              "batter": "M Kobayashi",
              "bowler": "Wang Zihao",
              "extras": {
                "wides": 1
              },
              "non_striker": "W Miyauchi",
              "runs": {
                "batter": 0,
                "extras": 1,
                "total": 1
              }
            },
            {
              "batter": "M Kobayashi",
              "bowler": "Wang Zihao",
              "non_striker": "W Miyauchi",
              "runs": {
                "batter": 0,
                "extras": 0,
                "total": 0
              }
            }
          ]
        },
        {
          "over": 12,
          "deliveries": [
            {
              "batter": "W Miyauchi",
              "bowler": "Zhang Yu Fei",
              "non_striker": "M Kobayashi",
              "runs": {
                "batter": 0,
                "extras": 0,
                "total": 0
              }
            },
            {
              "batter": "W Miyauchi",
              "bowler": "Zhang Yu Fei",
              "non_striker": "M Kobayashi",
              "runs": {
                "batter": 1,
                "extras": 0,
                "total": 1
              }
            },
            {
              "batter": "M Kobayashi",
              "bowler": "Zhang Yu Fei",
              "extras": {
                "wides": 1
              },
              "non_striker": "W Miyauchi",
              "runs": {
                "batter": 0,
                "extras": 1,
                "total": 1
              }
            },
            {
              "batter": "M Kobayashi",
              "bowler": "Zhang Yu Fei",
              "non_striker": "W Miyauchi",
              "runs": {
                "batter": 0,
                "extras": 0,
                "total": 0
              }
            },
            {
              "batter": "M Kobayashi",
              "bowler": "Zhang Yu Fei",
              "non_striker": "W Miyauchi",
              "runs": {
                "batter": 0,
                "extras": 0,
                "total": 0
              }
            },
            {
              "batter": "M Kobayashi",
              "bowler": "Zhang Yu Fei",
              "non_striker": "W Miyauchi",
              "runs": {
                "batter": 1,
                "extras": 0,
                "total": 1
              }
            }
          ]
        }
      ],
      "powerplays": [
        {
          "from": 0.1,
          "to": 5.9,
          "type": "mandatory"
        }
      ],
      "target": {
        "overs": 20,
        "runs": 81
      }
    }
  ]
}