{
  "meta": {
    "data_version": "1.1.0",
    "created": "2021-11-02",
    "revision": 2
  },
  "info": {
    "balls_per_over": 6,
    "city": "Chattogram",
    "dates": [
      "2016-11-18"
    ],
    "event": {
      "name": "Bangladesh Premier League",
      "match_number": 17
    },
    "gender": "male",
    "match_type": "T20",
    "officials": {
      "match_referees": [
        "Akhtar Ahmad"
      ],
      "reserve_umpires": [
        "Manjurul Islam"
      ],
      "tv_umpires": [
        "Masudur Rahman"
      ],
      "umpires": [
        "REJ Martinesz",
        "Tanvir Ahmed"
      ]
    },
    "outcome": {
      "winner": "Rangpur Riders",
      "by": {
        "wickets": 9
      }
    },
    "overs": 20,
    "player_of_match": [
      "Mohammad Shahzad"
    ],
    "players": {
      "Comilla Victorians": [
        "Liton Das",
        "Imrul Kayes",
        "Ahmed Shehzad",
        "MN Samuels",
        "Nazmul Hossain Shanto",
        "Sohail Tanvir",
        "Rashid Khan",
        "Al-Amin",
        "Mashrafe Mortaza",
        "Mohammad Saifuddin",
        "Nabil Samad"
      ],
      "Rangpur Riders": [
        "Mohammad Shahzad",
        "Soumya Sarkar",
        "Mohammad Mithun",
        "LA Dawson",
        "Shahid Afridi",
        "Ziaur Rahman",
        "Anwar Ali",
        "Sohag Gazi",
        "Arafat Sunny",
        "Rubel Hossain",
        "Naeem Islam"
      ]
    },
    "registry": {
      "people": {
        "Ahmed Shehzad": "f8fd6e3f",
        "Akhtar Ahmad": "29859e71",
        "Al-Amin": "ec72efc5",
        "Anwar Ali": "eb2d5fe7",
        "Arafat Sunny": "1f7adc8a",
        "Imrul Kayes": "5fbe14fc",
        "LA Dawson": "4a461c24",
        "Liton Das": "0404d43c",
        "MN Samuels": "f846de6a",
        "Manjurul Islam": "0db7fb49",
        "Mashrafe Mortaza": "e186f49c",
        "Masudur Rahman": "9581ac6b",
        "Mohammad Mithun": "77191792",
        "Mohammad Saifuddin": "b3a28446",
        "Mohammad Shahzad": "d6dcb0c9",
        "Nabil Samad": "b8d18afc",
        "Naeem Islam": "02e83ac5",
        "Nazmul Hossain Shanto": "1274d7ab",
        "REJ Martinesz": "140cdf29",
        "Rashid Khan": "5f547c8b",
        "Rubel Hossain": "f56cd097",
        "Shahid Afridi": "0dc00542",
        "Sohag Gazi": "5a4c12ab",
        "Sohail Tanvir": "64d43928",
        "Soumya Sarkar": "4d9f9686",
        "Tanvir Ahmed": "ea2df1f1",
        "Ziaur Rahman": "c27518d2"
      }
    },
    "season": "2016/17",
    "team_type": "club",
    "teams": [
      "Comilla Victorians",
      "Rangpur Riders"
    ],
    "toss": {
      "decision": "field",
      "winner": "Rangpur Riders"
    },
    "venue": "Zahur Ahmed Chowdhury Stadium, Chittagong"
  },
  "innings": [
    {
      "team": "Comilla Victorians",
      "overs": [
        {
          "over": 0,
          "deliveries": [
            {
              "batter": "Liton Das",
              "bowler": "Sohag Gazi",
              "non_striker": "Imrul Kayes",
              "runs": {
                "batter": 0,
                "extras": 0,
                "total": 0
              }
            },
            {
              "batter": "Liton Das",
              "bowler": "Sohag Gazi",
              "non_striker": "Imrul Kayes",
              "runs": {
                "batter": 1,
                "extras": 0,
                "total": 1
              }
            },
            {
              "batter": "Imrul Kayes",
              "bowler": "Sohag Gazi",
              "extras": {
                "wides": 1
              },
              "non_striker": "Liton Das",
              "runs": {
                "batter": 0,
                "extras": 1,
                "total": 1
              }
            },
            {
              "batter": "Imrul Kayes",
              "bowler": "Sohag Gazi",
              "non_striker": "Liton Das",
              "runs": {
                "batter": 0,
                "extras": 0,
                "total": 0
              }
            },
            {
              "batter": "Imrul Kayes",
              "bowler": "Sohag Gazi",
              "non_striker": "Liton Das",
              "runs": {
                "batter": 0,
                "extras": 0,
                "total": 0
              }
            },
            {
              "batter": "Imrul Kayes",
              "bowler": "Sohag Gazi",
              "non_striker": "Liton Das",
              "runs": {
                "batter": 0,
                "extras": 0,
                "total": 0
              }
            },
            {
              "batter": "Imrul Kayes",
              "bowler": "Sohag Gazi",
              "non_striker": "Liton Das",
              "runs": {
                "batter": 0,
                "extras": 0,
                "total": 0
              }
            }
          ]
        },
        {
          "over": 1,
          "deliveries": [
            {
              "batter": "Liton Das",
              "bowler": "Anwar Ali",
              "non_striker": "Imrul Kayes",
              "runs": {
                "batter": 1,
                "extras": 0,
                "total": 1
              }
            },
            {
              "batter": "Imrul Kayes",
              "bowler": "Anwar Ali",
              "non_striker": "Liton Das",
              "runs": {
                "batter": 0,
                "extras": 0,
                "total": 0
              }
            },
            {
              "batter": "Imrul Kayes",
              "bowler": "Anwar Ali",
              "non_striker": "Liton Das",
              "runs": {
                "batter": 4,
                "extras": 0,
                "total": 4
              }
            },
            {
              "batter": "Imrul Kayes",
              "bowler": "Anwar Ali",
              "non_striker": "Liton Das",
              "runs": {
                "batter": 0,
                "extras": 0,
                "total": 0
              }
            },
            {
              "batter": "Imrul Kayes",
              "bowler": "Anwar Ali",
              "non_striker": "Liton Das",
              "runs": {
                "batter": 0,
                "extras": 0,
                "total": 0
              }
            },
            {
              "batter": "Imrul Kayes",
              "bowler": "Anwar Ali",
              "non_striker": "Liton Das",
              "runs": {
                "batter": 1,
                "extras": 0,
                "total": 1
              }
            }
          ]
        },
        {
          "over": 2,
          "deliveries": [
            {
              "batter": "Imrul Kayes",
              "bowler": "Sohag Gazi",
              "non_striker": "Liton Das",
              "runs": {
                "batter": 0,
                "extras": 0,
                "total": 0
              },
              "wickets": [
                {
                  "player_out": "Imrul Kayes",
                  "kind": "lbw"
                }
              ]
            },
            {
              "batter": "Ahmed Shehzad",
              "bowler": "Sohag Gazi",
              "non_striker": "Liton Das",
              "runs": {
                "batter": 4,
                "extras": 0,
                "total": 4
              }
            },
            {
              "batter": "Ahmed Shehzad",
              "bowler": "Sohag Gazi",
              "non_striker": "Liton Das",
              "runs": {
                "batter": 1,
                "extras": 0,
                "total": 1
              }
            },
            {
              "batter": "Liton Das",
              "bowler": "Sohag Gazi",
              "non_striker": "Ahmed Shehzad",
              "runs": {
                "batter": 0,
                "extras": 0,
                "total": 0
              }
            },
            {
              "batter": "Liton Das",
              "bowler": "Sohag Gazi",
              "non_striker": "Ahmed Shehzad",
              "runs": {
                "batter": 0,
                "extras": 0,
                "total": 0
              }
            },
            {
              "batter": "Liton Das",
              "bowler": "Sohag Gazi",
              "non_striker": "Ahmed Shehzad",
              "runs": {
                "batter": 0,
                "extras": 0,
                "total": 0
              }
            }
          ]
        },
        {
          "over": 3,
          "deliveries": [
            {
              "batter": "Ahmed Shehzad",
              "bowler": "Anwar Ali",
              "non_striker": "Liton Das",
              "runs": {
                "batter": 0,
                "extras": 0,
                "total": 0
              }
            },
            {
              "batter": "Ahmed Shehzad",
              "bowler": "Anwar Ali",
              "non_striker": "Liton Das",
              "runs": {
                "batter": 0,
                "extras": 0,
                "total": 0
              }
            },
            {
              "batter": "Ahmed Shehzad",
              "bowler": "Anwar Ali",
              "non_striker": "Liton Das",
              "runs": {
                "batter": 1,
                "extras": 0,
                "total": 1
              }
            },
            {
              "batter": "Liton Das",
              "bowler": "Anwar Ali",
              "non_striker": "Ahmed Shehzad",
              "runs": {
                "batter": 0,
                "extras": 0,
                "total": 0
              }
            },
            {
              "batter": "Liton Das",
              "bowler": "Anwar Ali",
              "non_striker": "Ahmed Shehzad",
              "runs": {
                "batter": 0,
                "extras": 0,
                "total": 0
              }
            },
            {
              "batter": "Liton Das",
              "bowler": "Anwar Ali",
              "non_striker": "Ahmed Shehzad",
              "runs": {
                "batter": 0,
                "extras": 0,
                "total": 0
              }
            }
          ]
        },
        {
          "over": 4,
          "deliveries": [
            {
              "batter": "Ahmed Shehzad",
              "bowler": "Arafat Sunny",
              "non_striker": "Liton Das",
              "runs": {
                "batter": 0,
                "extras": 0,
                "total": 0
              }
            },
            {
              "batter": "Ahmed Shehzad",
              "bowler": "Arafat Sunny",
              "non_striker": "Liton Das",
              "runs": {
                "batter": 0,
                "extras": 0,
                "total": 0
              }
            },
            {
              "batter": "Ahmed Shehzad",
              "bowler": "Arafat Sunny",
              "non_striker": "Liton Das",
              "runs": {
                "batter": 0,
                "extras": 0,
                "total": 0
              }
            },
            {
              "batter": "Ahmed Shehzad",
              "bowler": "Arafat Sunny",
              "non_striker": "Liton Das",
              "runs": {
                "batter": 2,
                "extras": 0,
                "total": 2
              }
            },
            {
              "batter": "Ahmed Shehzad",
              "bowler": "Arafat Sunny",
              "non_striker": "Liton Das",
              "runs": {
                "batter": 1,
                "extras": 0,
                "total": 1
              }
            },
            {
              "batter": "Liton Das",
              "bowler": "Arafat Sunny",
              "non_striker": "Ahmed Shehzad",
              "runs": {
                "batter": 0,
                "extras": 0,
                "total": 0
              }
            }
          ]
        },
        {
          "over": 5,
          "deliveries": [
            {
              "batter": "Ahmed Shehzad",
              "bowler": "Rubel Hossain",
              "non_striker": "Liton Das",
              "runs": {
                "batter": 0,
                "extras": 0,
                "total": 0
              }
            },
            {
              "batter": "Ahmed Shehzad",
              "bowler": "Rubel Hossain",
              "non_striker": "Liton Das",
              "runs": {
                "batter": 1,
                "extras": 0,
                "total": 1
              }
            },
            {
              "batter": "Liton Das",
              "bowler": "Rubel Hossain",
              "non_striker": "Ahmed Shehzad",
              "runs": {
                "batter": 1,
                "extras": 0,
                "total": 1
              }
            },
            {
              "batter": "Ahmed Shehzad",
              "bowler": "Rubel Hossain",
              "non_striker": "Liton Das",
              "runs": {
                "batter": 1,
                "extras": 0,
                "total": 1
              }
            },
            {
              "batter": "Liton Das",
              "bowler": "Rubel Hossain",
              "non_striker": "Ahmed Shehzad",
              "runs": {
                "batter": 1,
                "extras": 0,
                "total": 1
              }
            },
            {
              "batter": "Ahmed Shehzad",
              "bowler": "Rubel Hossain",
              "non_striker": "Liton Das",
              "runs": {
                "batter": 0,
                "extras": 0,
                "total": 0
              },
              "wickets": [
                {
                  "player_out": "Liton Das",
                  "fielders": [
                    {
                      "name": "Anwar Ali"
                    }
                  ],
                  "kind": "run out"
                }
              ]
            }
          ]
        },
        {
          "over": 6,
          "deliveries": [
            {
              "batter": "Ahmed Shehzad",
              "bowler": "Arafat Sunny",
              "non_striker": "MN Samuels",
              "runs": {
                "batter": 1,
                "extras": 0,
                "total": 1
              }
            },
            {
              "batter": "MN Samuels",
              "bowler": "Arafat Sunny",
              "non_striker": "Ahmed Shehzad",
              "runs": {
                "batter": 1,
                "extras": 0,
                "total": 1
              }
            },
            {
              "batter": "Ahmed Shehzad",
              "bowler": "Arafat Sunny",
              "non_striker": "MN Samuels",
              "runs": {
                "batter": 1,
                "extras": 0,
                "total": 1
              }
            },
            {
              "batter": "MN Samuels",
              "bowler": "Arafat Sunny",
              "non_striker": "Ahmed Shehzad",
              "runs": {
                "batter": 0,
                "extras": 0,
                "total": 0
              }
            },
            {
              "batter": "MN Samuels",
              "bowler": "Arafat Sunny",
              "non_striker": "Ahmed Shehzad",
              "runs": {
                "batter": 1,
                "extras": 0,
                "total": 1
              }
            },
            {
              "batter": "Ahmed Shehzad",
              "bowler": "Arafat Sunny",
              "extras": {
                "wides": 1
              },
              "non_striker": "MN Samuels",
              "runs": {
                "batter": 0,
                "extras": 1,
                "total": 1
              }
            },
            {
              "batter": "Ahmed Shehzad",
              "bowler": "Arafat Sunny",
              "non_striker": "MN Samuels",
              "runs": {
                "batter": 1,
                "extras": 0,
                "total": 1
              }
            }
          ]
        },
        {
          "over": 7,
          "deliveries": [
            {
              "batter": "Ahmed Shehzad",
              "bowler": "Shahid Afridi",
              "non_striker": "MN Samuels",
              "runs": {
                "batter": 0,
                "extras": 0,
                "total": 0
              }
            },
            {
              "batter": "Ahmed Shehzad",
              "bowler": "Shahid Afridi",
              "non_striker": "MN Samuels",
              "runs": {
                "batter": 2,
                "extras": 0,
                "total": 2
              }
            },
            {
              "batter": "Ahmed Shehzad",
              "bowler": "Shahid Afridi",
              "non_striker": "MN Samuels",
              "runs": {
                "batter": 1,
                "extras": 0,
                "total": 1
              }
            },
            {
              "batter": "MN Samuels",
              "bowler": "Shahid Afridi",
              "non_striker": "Ahmed Shehzad",
              "runs": {
                "batter": 1,
                "extras": 0,
                "total": 1
              }
            },
            {
              "batter": "Ahmed Shehzad",
              "bowler": "Shahid Afridi",
              "non_striker": "MN Samuels",
              "runs": {
                "batter": 0,
                "extras": 0,
                "total": 0
              }
            },
            {
              "batter": "Ahmed Shehzad",
              "bowler": "Shahid Afridi",
              "non_striker": "MN Samuels",
              "runs": {
                "batter": 0,
                "extras": 0,
                "total": 0
              }
            }
          ]
        },
        {
          "over": 8,
          "deliveries": [
            {
              "batter": "MN Samuels",
              "bowler": "Arafat Sunny",
              "non_striker": "Ahmed Shehzad",
              "runs": {
                "batter": 1,
                "extras": 0,
                "total": 1
              }
            },
            {
              "batter": "Ahmed Shehzad",
              "bowler": "Arafat Sunny",
              "non_striker": "MN Samuels",
              "runs": {
                "batter": 4,
                "extras": 0,
                "total": 4
              }
            },
            {
              "batter": "Ahmed Shehzad",
              "bowler": "Arafat Sunny",
              "non_striker": "MN Samuels",
              "runs": {
                "batter": 3,
                "extras": 0,
                "total": 3
              }
            },
            {
              "batter": "MN Samuels",
              "bowler": "Arafat Sunny",
              "non_striker": "Ahmed Shehzad",
              "runs": {
                "batter": 1,
                "extras": 0,
                "total": 1
              }
            },
            {
              "batter": "Ahmed Shehzad",
              "bowler": "Arafat Sunny",
              "non_striker": "MN Samuels",
              "runs": {
                "batter": 1,
                "extras": 0,
                "total": 1
              }
            },
            {
              "batter": "MN Samuels",
              "bowler": "Arafat Sunny",
              "non_striker": "Ahmed Shehzad",
              "runs": {
                "batter": 0,
                "extras": 0,
                "total": 0
              }
            }
          ]
        },
        {
          "over": 9,
          "deliveries": [
            {
              "batter": "Ahmed Shehzad",
              "bowler": "Shahid Afridi",
              "non_striker": "MN Samuels",
              "runs": {
                "batter": 0,
                "extras": 0,
                "total": 0
              }
            },
            {
              "batter": "Ahmed Shehzad",
              "bowler": "Shahid Afridi",
              "non_striker": "MN Samuels",
              "runs": {
                "batter": 1,
                "extras": 0,
                "total": 1
              }
            },
            {
              "batter": "MN Samuels",
              "bowler": "Shahid Afridi",
              "non_striker": "Ahmed Shehzad",
              "runs": {
                "batter": 0,
                "extras": 0,
                "total": 0
              }
            },
            {
              "batter": "MN Samuels",
              "bowler": "Shahid Afridi",
              "non_striker": "Ahmed Shehzad",
              "runs": {
                "batter": 0,
                "extras": 0,
                "total": 0
              }
            },
            {
              "batter": "MN Samuels",
              "bowler": "Shahid Afridi",
              "non_striker": "Ahmed Shehzad",
              "runs": {
                "batter": 0,
                "extras": 0,
                "total": 0
              }
            },
            {
              "batter": "MN Samuels",
              "bowler": "Shahid Afridi",
              "non_striker": "Ahmed Shehzad",
              "runs": {
                "batter": 1,
                "extras": 0,
                "total": 1
              }
            }
          ]
        },
        {
          "over": 10,
          "deliveries": [
            {
              "batter": "MN Samuels",
              "bowler": "LA Dawson",
              "non_striker": "Ahmed Shehzad",
              "runs": {
                "batter": 1,
                "extras": 0,
                "total": 1
              }
            },
            {
              "batter": "Ahmed Shehzad",
              "bowler": "LA Dawson",
              "non_striker": "MN Samuels",
              "runs": {
                "batter": 0,
                "extras": 0,
                "total": 0
              }
            },
            {
              "batter": "Ahmed Shehzad",
              "bowler": "LA Dawson",
              "non_striker": "MN Samuels",
              "runs": {
                "batter": 1,
                "extras": 0,
                "total": 1
              }
            },
            {
              "batter": "MN Samuels",
              "bowler": "LA Dawson",
              "non_striker": "Ahmed Shehzad",
              "runs": {
                "batter": 0,
                "extras": 0,
                "total": 0
              }
            },
            {
              "batter": "MN Samuels",
              "bowler": "LA Dawson",
              "non_striker": "Ahmed Shehzad",
              "runs": {
                "batter": 1,
                "extras": 0,
                "total": 1
              }
            },
            {
              "batter": "Ahmed Shehzad",
              "bowler": "LA Dawson",
              "non_striker": "MN Samuels",
              "runs": {
                "batter": 1,
                "extras": 0,
                "total": 1
              }
            }
          ]
        },
        {
          "over": 11,
          "deliveries": [
            {
              "batter": "Ahmed Shehzad",
              "bowler": "Ziaur Rahman",
              "non_striker": "MN Samuels",
              "runs": {
                "batter": 4,
                "extras": 0,
                "total": 4
              }
            },
            {
              "batter": "Ahmed Shehzad",
              "bowler": "Ziaur Rahman",
              "non_striker": "MN Samuels",
              "runs": {
                "batter": 4,
                "extras": 0,
                "total": 4
              }
            },
            {
              "batter": "Ahmed Shehzad",
              "bowler": "Ziaur Rahman",
              "non_striker": "MN Samuels",
              "runs": {
                "batter": 1,
                "extras": 0,
                "total": 1
              }
            },
            {
              "batter": "MN Samuels",
              "bowler": "Ziaur Rahman",
              "non_striker": "Ahmed Shehzad",
              "runs": {
                "batter": 0,
                "extras": 0,
                "total": 0
              }
            },
            {
              "batter": "MN Samuels",
              "bowler": "Ziaur Rahman",
              "non_striker": "Ahmed Shehzad",
              "runs": {
                "batter": 1,
                "extras": 0,
                "total": 1
              }
            },
            {
              "batter": "Ahmed Shehzad",
              "bowler": "Ziaur Rahman",
              "non_striker": "MN Samuels",
              "runs": {
                "batter": 1,
                "extras": 0,
                "total": 1
              }
            }
          ]
        },
        {
          "over": 12,
          "deliveries": [
            {
              "batter": "Ahmed Shehzad",
              "bowler": "LA Dawson",
              "non_striker": "MN Samuels",
              "runs": {
                "batter": 1,
                "extras": 0,
                "total": 1
              }
            },
            {
              "batter": "MN Samuels",
              "bowler": "LA Dawson",
              "non_striker": "Ahmed Shehzad",
              "runs": {
                "batter": 1,
                "extras": 0,
                "total": 1
              }
            },
            {
              "batter": "Ahmed Shehzad",
              "bowler": "LA Dawson",
              "non_striker": "MN Samuels",
              "runs": {
                "batter": 2,
                "extras": 0,
                "total": 2
              }
            },
            {
              "batter": "Ahmed Shehzad",
              "bowler": "LA Dawson",
              "extras": {
                "wides": 1
              },
              "non_striker": "MN Samuels",
              "runs": {
                "batter": 0,
                "extras": 1,
                "total": 1
              }
            },
            {
              "batter": "Ahmed Shehzad",
              "bowler": "LA Dawson",
              "non_striker": "MN Samuels",
              "runs": {
                "batter": 1,
                "extras": 0,
                "total": 1
              }
            },
            {
              "batter": "MN Samuels",
              "bowler": "LA Dawson",
              "non_striker": "Ahmed Shehzad",
              "runs": {
                "batter": 0,
                "extras": 0,
                "total": 0
              }
            },
            {
              "batter": "MN Samuels",
              "bowler": "LA Dawson",
              "non_striker": "Ahmed Shehzad",
              "runs": {
                "batter": 1,
                "extras": 0,
                "total": 1
              }
            }
          ]
        },
        {
          "over": 13,
          "deliveries": [
            {
              "batter": "MN Samuels",
              "bowler": "Shahid Afridi",
              "non_striker": "Ahmed Shehzad",
              "runs": {
                "batter": 0,
                "extras": 0,
                "total": 0
              }
            },
            {
              "batter": "MN Samuels",
              "bowler": "Shahid Afridi",
              "non_striker": "Ahmed Shehzad",
              "runs": {
                "batter": 1,
                "extras": 0,
                "total": 1
              }
            },
            {
              "batter": "Ahmed Shehzad",
              "bowler": "Shahid Afridi",
              "non_striker": "MN Samuels",
              "runs": {
                "batter": 0,
                "extras": 0,
                "total": 0
              }
            },
            {
              "batter": "Ahmed Shehzad",
              "bowler": "Shahid Afridi",
              "non_striker": "MN Samuels",
              "runs": {
                "batter": 2,
                "extras": 0,
                "total": 2
              }
            },
            {
              "batter": "Ahmed Shehzad",
              "bowler": "Shahid Afridi",
              "non_striker": "MN Samuels",
              "runs": {
                "batter": 1,
                "extras": 0,
                "total": 1
              }
            },
            {
              "batter": "MN Samuels",
              "bowler": "Shahid Afridi",
              "non_striker": "Ahmed Shehzad",
              "runs": {
                "batter": 1,
                "extras": 0,
                "total": 1
              }
            }
          ]
        },
        {
          "over": 14,
          "deliveries": [
            {
              "batter": "MN Samuels",
              "bowler": "Rubel Hossain",
              "non_striker": "Ahmed Shehzad",
              "runs": {
                "batter": 0,
                "extras": 0,
                "total": 0
              }
            },
            {
              "batter": "MN Samuels",
              "bowler": "Rubel Hossain",
              "non_striker": "Ahmed Shehzad",
              "runs": {
                "batter": 0,
                "extras": 0,
                "total": 0
              }
            },
            {
              "batter": "MN Samuels",
              "bowler": "Rubel Hossain",
              "non_striker": "Ahmed Shehzad",
              "runs": {
                "batter": 1,
                "extras": 0,
                "total": 1
              }
            },
            {
              "batter": "Ahmed Shehzad",
              "bowler": "Rubel Hossain",
              "non_striker": "MN Samuels",
              "runs": {
                "batter": 6,
                "extras": 0,
                "total": 6
              }
            },
            {
              "batter": "Ahmed Shehzad",
              "bowler": "Rubel Hossain",
              "non_striker": "MN Samuels",
              "runs": {
                "batter": 0,
                "extras": 0,
                "total": 0
              }
            },
            {
              "batter": "Ahmed Shehzad",
              "bowler": "Rubel Hossain",
              "non_striker": "MN Samuels",
              "runs": {
                "batter": 0,
                "extras": 0,
                "total": 0
              }
            }
          ]
        },
        {
          "over": 15,
          "deliveries": [
            {
              "batter": "MN Samuels",
              "bowler": "Shahid Afridi",
              "non_striker": "Ahmed Shehzad",
              "runs": {
                "batter": 1,
                "extras": 0,
                "total": 1
              }
            },
            {
              "batter": "Ahmed Shehzad",
              "bowler": "Shahid Afridi",
              "non_striker": "MN Samuels",
              "runs": {
                "batter": 1,
                "extras": 0,
                "total": 1
              }
            },
            {
              "batter": "MN Samuels",
              "bowler": "Shahid Afridi",
              "non_striker": "Ahmed Shehzad",
              "runs": {
                "batter": 0,
                "extras": 0,
                "total": 0
              }
            },
            {
              "batter": "MN Samuels",
              "bowler": "Shahid Afridi",
              "non_striker": "Ahmed Shehzad",
              "runs": {
                "batter": 4,
                "extras": 0,
                "total": 4
              }
            },
            {
              "batter": "MN Samuels",
              "bowler": "Shahid Afridi",
              "non_striker": "Ahmed Shehzad",
              "runs": {
                "batter": 0,
                "extras": 0,
                "total": 0
              }
            },
            {
              "batter": "MN Samuels",
              "bowler": "Shahid Afridi",
              "non_striker": "Ahmed Shehzad",
              "runs": {
                "batter": 1,
                "extras": 0,
                "total": 1
              }
            }
          ]
        },
        {
          "over": 16,
          "deliveries": [
            {
              "batter": "MN Samuels",
              "bowler": "Anwar Ali",
              "extras": {
                "legbyes": 1
              },
              "non_striker": "Ahmed Shehzad",
              "runs": {
                "batter": 0,
                "extras": 1,
                "total": 1
              }
            },
            {
              "batter": "Ahmed Shehzad",
              "bowler": "Anwar Ali",
              "non_striker": "MN Samuels",
              "runs": {
                "batter": 0,
                "extras": 0,
                "total": 0
              },
              "wickets": [
                {
                  "player_out": "Ahmed Shehzad",
                  "fielders": [
                    {
                      "name": "Shahid Afridi"
                    }
                  ],
                  "kind": "caught"
                }
              ]
            },
            {
              "batter": "MN Samuels",
              "bowler": "Anwar Ali",
              "non_striker": "Nazmul Hossain Shanto",
              "runs": {
                "batter": 4,
                "extras": 0,
                "total": 4
              }
            },
            {
              "batter": "MN Samuels",
              "bowler": "Anwar Ali",
              "non_striker": "Nazmul Hossain Shanto",
              "runs": {
                "batter": 1,
                "extras": 0,
                "total": 1
              }
            },
            {
              "batter": "Nazmul Hossain Shanto",
              "bowler": "Anwar Ali",
              "non_striker": "MN Samuels",
              "runs": {
                "batter": 1,
                "extras": 0,
                "total": 1
              }
            },
            {
              "batter": "MN Samuels",
              "bowler": "Anwar Ali",
              "non_striker": "Nazmul Hossain Shanto",
              "runs": {
                "batter": 2,
                "extras": 0,
                "total": 2
              }
            }
          ]
        },
        {
          "over": 17,
          "deliveries": [
            {
              "batter": "Nazmul Hossain Shanto",
              "bowler": "Rubel Hossain",
              "non_striker": "MN Samuels",
              "runs": {
                "batter": 1,
                "extras": 0,
                "total": 1
              }
            },
            {
              "batter": "MN Samuels",
              "bowler": "Rubel Hossain",
              "non_striker": "Nazmul Hossain Shanto",
              "runs": {
                "batter": 2,
                "extras": 0,
                "total": 2
              }
            },
            {
              "batter": "MN Samuels",
              "bowler": "Rubel Hossain",
              "non_striker": "Nazmul Hossain Shanto",
              "runs": {
                "batter": 1,
                "extras": 0,
                "total": 1
              }
            },
            {
              "batter": "Nazmul Hossain Shanto",
              "bowler": "Rubel Hossain",
              "non_striker": "MN Samuels",
              "runs": {
                "batter": 1,
                "extras": 0,
                "total": 1
              }
            },
            {
              "batter": "MN Samuels",
              "bowler": "Rubel Hossain",
              "non_striker": "Nazmul Hossain Shanto",
              "runs": {
                "batter": 6,
                "extras": 0,
                "total": 6
              }
            },
            {
              "batter": "MN Samuels",
              "bowler": "Rubel Hossain",
              "non_striker": "Nazmul Hossain Shanto",
              "runs": {
                "batter": 1,
                "extras": 0,
                "total": 1
              }
            }
          ]
        },
        {
          "over": 18,
          "deliveries": [
            {
              "batter": "MN Samuels",
              "bowler": "Anwar Ali",
              "non_striker": "Nazmul Hossain Shanto",
              "runs": {
                "batter": 4,
                "extras": 0,
                "total": 4
              }
            },
            {
              "batter": "MN Samuels",
              "bowler": "Anwar Ali",
              "non_striker": "Nazmul Hossain Shanto",
              "runs": {
                "batter": 1,
                "extras": 0,
                "total": 1
              }
            },
            {
              "batter": "Nazmul Hossain Shanto",
              "bowler": "Anwar Ali",
              "non_striker": "MN Samuels",
              "runs": {
                "batter": 1,
                "extras": 0,
                "total": 1
              }
            },
            {
              "batter": "MN Samuels",
              "bowler": "Anwar Ali",
              "non_striker": "Nazmul Hossain Shanto",
              "runs": {
                "batter": 6,
                "extras": 0,
                "total": 6
              }
            },
            {
              "batter": "MN Samuels",
              "bowler": "Anwar Ali",
              "non_striker": "Nazmul Hossain Shanto",
              "runs": {
                "batter": 1,
                "extras": 0,
                "total": 1
              }
            },
            {
              "batter": "Nazmul Hossain Shanto",
              "bowler": "Anwar Ali",
              "non_striker": "MN Samuels",
              "runs": {
                "batter": 0,
                "extras": 0,
                "total": 0
              }
            }
          ]
        },
        {
          "over": 19,
          "deliveries": [
            {
              "batter": "MN Samuels",
              "bowler": "Rubel Hossain",
              "non_striker": "Nazmul Hossain Shanto",
              "runs": {
                "batter": 1,
                "extras": 0,
                "total": 1
              }
            },
            {
              "batter": "Nazmul Hossain Shanto",
              "bowler": "Rubel Hossain",
              "non_striker": "MN Samuels",
              "runs": {
                "batter": 1,
                "extras": 0,
                "total": 1
              }
            },
            {
              "batter": "MN Samuels",
              "bowler": "Rubel Hossain",
              "non_striker": "Nazmul Hossain Shanto",
              "runs": {
                "batter": 0,
                "extras": 0,
                "total": 0
              }
            },
            {
              "batter": "MN Samuels",
              "bowler": "Rubel Hossain",
              "non_striker": "Nazmul Hossain Shanto",
              "runs": {
                "batter": 2,
                "extras": 0,
                "total": 2
              }
            },
            {
              "batter": "MN Samuels",
              "bowler": "Rubel Hossain",
              "non_striker": "Nazmul Hossain Shanto",
              "runs": {
                "batter": 0,
                "extras": 0,
                "total": 0
              },
              "wickets": [
                {
                  "player_out": "MN Samuels",
                  "fielders": [
                    {
                      "name": "Mohammad Shahzad"
                    }
                  ],
                  "kind": "caught"
                }
              ]
            },
            {
              "batter": "Sohail Tanvir",
              "bowler": "Rubel Hossain",
              "non_striker": "Nazmul Hossain Shanto",
              "runs": {
                "batter": 0,
                "extras": 0,
                "total": 0
              },
              "wickets": [
                {
                  "player_out": "Sohail Tanvir",
                  "fielders": [
                    {
                      "name": "Mohammad Shahzad"
                    }
                  ],
                  "kind": "caught"
                }
              ]
            }
          ]
        }
      ],
      "powerplays": [
        {
          "from": 0.1,
          "to": 5.6,
          "type": "mandatory"
        }
      ]
    },
    {
      "team": "Rangpur Riders",
      "overs": [
        {
          "over": 0,
          "deliveries": [
            {
              "batter": "Mohammad Shahzad",
              "bowler": "Nabil Samad",
              "non_striker": "Soumya Sarkar",
              "runs": {
                "batter": 0,
                "extras": 0,
                "total": 0
              }
            },
            {
              "batter": "Mohammad Shahzad",
              "bowler": "Nabil Samad",
              "non_striker": "Soumya Sarkar",
              "runs": {
                "batter": 1,
                "extras": 0,
                "total": 1
              }
            },
            {
              "batter": "Soumya Sarkar",
              "bowler": "Nabil Samad",
              "extras": {
                "wides": 1
              },
              "non_striker": "Mohammad Shahzad",
              "runs": {
                "batter": 0,
                "extras": 1,
                "total": 1
              }
            },
            {
              "batter": "Soumya Sarkar",
              "bowler": "Nabil Samad",
              "non_striker": "Mohammad Shahzad",
              "runs": {
                "batter": 4,
                "extras": 0,
                "total": 4
              }
            },
            {
              "batter": "Soumya Sarkar",
              "bowler": "Nabil Samad",
              "non_striker": "Mohammad Shahzad",
              "runs": {
                "batter": 0,
                "extras": 0,
                "total": 0
              }
            },
            {
              "batter": "Soumya Sarkar",
              "bowler": "Nabil Samad",
              "non_striker": "Mohammad Shahzad",
              "runs": {
                "batter": 6,
                "extras": 0,
                "total": 6
              }
            },
            {
              "batter": "Soumya Sarkar",
              "bowler": "Nabil Samad",
              "non_striker": "Mohammad Shahzad",
              "runs": {
                "batter": 1,
                "extras": 0,
                "total": 1
              }
            }
          ]
        },
        {
          "over": 1,
          "deliveries": [
            {
              "batter": "Soumya Sarkar",
              "bowler": "Al-Amin",
              "non_striker": "Mohammad Shahzad",
              "runs": {
                "batter": 0,
                "extras": 0,
                "total": 0
              }
            },
            {
              "batter": "Soumya Sarkar",
              "bowler": "Al-Amin",
              "non_striker": "Mohammad Shahzad",
              "runs": {
                "batter": 2,
                "extras": 0,
                "total": 2
              }
            },
            {
              "batter": "Soumya Sarkar",
              "bowler": "Al-Amin",
              "non_striker": "Mohammad Shahzad",
              "runs": {
                "batter": 4,
                "extras": 0,
                "total": 4
              }
            },
            {
              "batter": "Soumya Sarkar",
              "bowler": "Al-Amin",
              "non_striker": "Mohammad Shahzad",
              "runs": {
                "batter": 1,
                "extras": 0,
                "total": 1
              }
            },
            {
              "batter": "Mohammad Shahzad",
              "bowler": "Al-Amin",
              "non_striker": "Soumya Sarkar",
              "runs": {
                "batter": 4,
                "extras": 0,
                "total": 4
              }
            },
            {
              "batter": "Mohammad Shahzad",
              "bowler": "Al-Amin",
              "non_striker": "Soumya Sarkar",
              "runs": {
                "batter": 0,
                "extras": 0,
                "total": 0
              }
            }
          ]
        },
        {
          "over": 2,
          "deliveries": [
            {
              "batter": "Soumya Sarkar",
              "bowler": "Sohail Tanvir",
              "non_striker": "Mohammad Shahzad",
              "runs": {
                "batter": 0,
                "extras": 0,
                "total": 0
              }
            },
            {
              "batter": "Soumya Sarkar",
              "bowler": "Sohail Tanvir",
              "non_striker": "Mohammad Shahzad",
              "runs": {
                "batter": 0,
                "extras": 0,
                "total": 0
              }
            },
            {
              "batter": "Soumya Sarkar",
              "bowler": "Sohail Tanvir",
              "non_striker": "Mohammad Shahzad",
              "runs": {
                "batter": 0,
                "extras": 0,
                "total": 0
              }
            },
            {
              "batter": "Soumya Sarkar",
              "bowler": "Sohail Tanvir",
              "non_striker": "Mohammad Shahzad",
              "runs": {
                "batter": 1,
                "extras": 0,
                "total": 1
              }
            },
            {
              "batter": "Mohammad Shahzad",
              "bowler": "Sohail Tanvir",
              "non_striker": "Soumya Sarkar",
              "runs": {
                "batter": 0,
                "extras": 0,
                "total": 0
              }
            },
            {
              "batter": "Mohammad Shahzad",
              "bowler": "Sohail Tanvir",
              "non_striker": "Soumya Sarkar",
              "runs": {
                "batter": 0,
                "extras": 0,
                "total": 0
              }
            }
          ]
        },
        {
          "over": 3,
          "deliveries": [
            {
              "batter": "Soumya Sarkar",
              "bowler": "Mashrafe Mortaza",
              "non_striker": "Mohammad Shahzad",
              "runs": {
                "batter": 2,
                "extras": 0,
                "total": 2
              }
            },
            {
              "batter": "Soumya Sarkar",
              "bowler": "Mashrafe Mortaza",
              "non_striker": "Mohammad Shahzad",
              "runs": {
                "batter": 1,
                "extras": 0,
                "total": 1
              }
            },
            {
              "batter": "Mohammad Shahzad",
              "bowler": "Mashrafe Mortaza",
              "extras": {
                "legbyes": 1
              },
              "non_striker": "Soumya Sarkar",
              "runs": {
                "batter": 0,
                "extras": 1,
                "total": 1
              }
            },
            {
              "batter": "Soumya Sarkar",
              "bowler": "Mashrafe Mortaza",
              "non_striker": "Mohammad Shahzad",
              "runs": {
                "batter": 0,
                "extras": 0,
                "total": 0
              },
              "wickets": [
                {
                  "player_out": "Soumya Sarkar",
                  "fielders": [
                    {
                      "name": "Rashid Khan"
                    }
                  ],
                  "kind": "caught"
                }
              ]
            },
            {
              "batter": "Mohammad Mithun",
              "bowler": "Mashrafe Mortaza",
              "non_striker": "Mohammad Shahzad",
              "runs": {
                "batter": 0,
                "extras": 0,
                "total": 0
              }
            },
            {
              "batter": "Mohammad Mithun",
              "bowler": "Mashrafe Mortaza",
              "non_striker": "Mohammad Shahzad",
              "runs": {
                "batter": 0,
                "extras": 0,
                "total": 0
              }
            }
          ]
        },
        {
          "over": 4,
          "deliveries": [
            {
              "batter": "Mohammad Shahzad",
              "bowler": "Sohail Tanvir",
              "non_striker": "Mohammad Mithun",
              "runs": {
                "batter": 0,
                "extras": 0,
                "total": 0
              }
            },
            {
              "batter": "Mohammad Shahzad",
              "bowler": "Sohail Tanvir",
              "non_striker": "Mohammad Mithun",
              "runs": {
                "batter": 0,
                "extras": 0,
                "total": 0
              }
            },
            {
              "batter": "Mohammad Shahzad",
              "bowler": "Sohail Tanvir",
              "non_striker": "Mohammad Mithun",
              "runs": {
                "batter": 0,
                "extras": 0,
                "total": 0
              }
            },
            {
              "batter": "Mohammad Shahzad",
              "bowler": "Sohail Tanvir",
              "non_striker": "Mohammad Mithun",
              "runs": {
                "batter": 0,
                "extras": 0,
                "total": 0
              }
            },
            {
              "batter": "Mohammad Shahzad",
              "bowler": "Sohail Tanvir",
              "non_striker": "Mohammad Mithun",
              "runs": {
                "batter": 1,
                "extras": 0,
                "total": 1
              }
            },
            {
              "batter": "Mohammad Mithun",
              "bowler": "Sohail Tanvir",
              "non_striker": "Mohammad Shahzad",
              "runs": {
                "batter": 0,
                "extras": 0,
                "total": 0
              }
            }
          ]
        },
        {
          "over": 5,
          "deliveries": [
            {
              "batter": "Mohammad Shahzad",
              "bowler": "Mashrafe Mortaza",
              "non_striker": "Mohammad Mithun",
              "runs": {
                "batter": 0,
                "extras": 0,
                "total": 0
              }
            },
            {
              "batter": "Mohammad Shahzad",
              "bowler": "Mashrafe Mortaza",
              "non_striker": "Mohammad Mithun",
              "runs": {
                "batter": 0,
                "extras": 0,
                "total": 0
              }
            },
            {
              "batter": "Mohammad Shahzad",
              "bowler": "Mashrafe Mortaza",
              "non_striker": "Mohammad Mithun",
              "runs": {
                "batter": 4,
                "extras": 0,
                "total": 4
              }
            },
            {
              "batter": "Mohammad Shahzad",
              "bowler": "Mashrafe Mortaza",
              "non_striker": "Mohammad Mithun",
              "runs": {
                "batter": 1,
                "extras": 0,
                "total": 1
              }
            },
            {
              "batter": "Mohammad Mithun",
              "bowler": "Mashrafe Mortaza",
              "non_striker": "Mohammad Shahzad",
              "runs": {
                "batter": 6,
                "extras": 0,
                "total": 6
              }
            },
            {
              "batter": "Mohammad Mithun",
              "bowler": "Mashrafe Mortaza",
              "non_striker": "Mohammad Shahzad",
              "runs": {
                "batter": 1,
                "extras": 0,
                "total": 1
              }
            }
          ]
        },
        {
          "over": 6,
          "deliveries": [
            {
              "batter": "Mohammad Mithun",
              "bowler": "Nabil Samad",
              "non_striker": "Mohammad Shahzad",
              "runs": {
                "batter": 1,
                "extras": 0,
                "total": 1
              }
            },
            {
              "batter": "Mohammad Shahzad",
              "bowler": "Nabil Samad",
              "non_striker": "Mohammad Mithun",
              "runs": {
                "batter": 0,
                "extras": 0,
                "total": 0
              }
            },
            {
              "batter": "Mohammad Shahzad",
              "bowler": "Nabil Samad",
              "non_striker": "Mohammad Mithun",
              "runs": {
                "batter": 1,
                "extras": 0,
                "total": 1
              }
            },
            {
              "batter": "Mohammad Mithun",
              "bowler": "Nabil Samad",
              "non_striker": "Mohammad Shahzad",
              "runs": {
                "batter": 1,
                "extras": 0,
                "total": 1
              }
            },
            {
              "batter": "Mohammad Shahzad",
              "bowler": "Nabil Samad",
              "non_striker": "Mohammad Mithun",
              "runs": {
                "batter": 1,
                "extras": 0,
                "total": 1
              }
            },
            {
              "batter": "Mohammad Mithun",
              "bowler": "Nabil Samad",
              "non_striker": "Mohammad Shahzad",
              "runs": {
                "batter": 1,
                "extras": 0,
                "total": 1
              }
            }
          ]
        },
        {
          "over": 7,
          "deliveries": [
            {
              "batter": "Mohammad Mithun",
              "bowler": "Mashrafe Mortaza",
              "non_striker": "Mohammad Shahzad",
              "runs": {
                "batter": 1,
                "extras": 0,
                "total": 1
              }
            },
            {
              "batter": "Mohammad Shahzad",
              "bowler": "Mashrafe Mortaza",
              "non_striker": "Mohammad Mithun",
              "runs": {
                "batter": 1,
                "extras": 0,
                "total": 1
              }
            },
            {
              "batter": "Mohammad Mithun",
              "bowler": "Mashrafe Mortaza",
              "non_striker": "Mohammad Shahzad",
              "runs": {
                "batter": 1,
                "extras": 0,
                "total": 1
              }
            },
            {
              "batter": "Mohammad Shahzad",
              "bowler": "Mashrafe Mortaza",
              "non_striker": "Mohammad Mithun",
              "runs": {
                "batter": 0,
                "extras": 0,
                "total": 0
              }
            },
            {
              "batter": "Mohammad Shahzad",
              "bowler": "Mashrafe Mortaza",
              "non_striker": "Mohammad Mithun",
              "runs": {
                "batter": 1,
                "extras": 0,
                "total": 1
              }
            },
            {
              "batter": "Mohammad Mithun",
              "bowler": "Mashrafe Mortaza",
              "non_striker": "Mohammad Shahzad",
              "runs": {
                "batter": 1,
                "extras": 0,
                "total": 1
              }
            }
          ]
        },
        {
          "over": 8,
          "deliveries": [
            {
              "batter": "Mohammad Mithun",
              "bowler": "Rashid Khan",
              "non_striker": "Mohammad Shahzad",
              "runs": {
                "batter": 0,
                "extras": 0,
                "total": 0
              }
            },
            {
              "batter": "Mohammad Mithun",
              "bowler": "Rashid Khan",
              "non_striker": "Mohammad Shahzad",
              "runs": {
                "batter": 1,
                "extras": 0,
                "total": 1
              }
            },
            {
              "batter": "Mohammad Shahzad",
              "bowler": "Rashid Khan",
              "non_striker": "Mohammad Mithun",
              "runs": {
                "batter": 1,
                "extras": 0,
                "total": 1
              }
            },
            {
              "batter": "Mohammad Mithun",
              "bowler": "Rashid Khan",
              "non_striker": "Mohammad Shahzad",
              "runs": {
                "batter": 1,
                "extras": 0,
                "total": 1
              }
            },
            {
              "batter": "Mohammad Shahzad",
              "bowler": "Rashid Khan",
              "non_striker": "Mohammad Mithun",
              "runs": {
                "batter": 2,
                "extras": 0,
                "total": 2
              }
            },
            {
              "batter": "Mohammad Shahzad",
              "bowler": "Rashid Khan",
              "non_striker": "Mohammad Mithun",
              "runs": {
                "batter": 1,
                "extras": 0,
                "total": 1
              }
            }
          ]
        },
        {
          "over": 9,
          "deliveries": [
            {
              "batter": "Mohammad Shahzad",
              "bowler": "Mohammad Saifuddin",
              "non_striker": "Mohammad Mithun",
              "runs": {
                "batter": 0,
                "extras": 0,
                "total": 0
              }
            },
            {
              "batter": "Mohammad Shahzad",
              "bowler": "Mohammad Saifuddin",
              "extras": {
                "wides": 1
              },
              "non_striker": "Mohammad Mithun",
              "runs": {
                "batter": 0,
                "extras": 1,
                "total": 1
              }
            },
            {
              "batter": "Mohammad Shahzad",
              "bowler": "Mohammad Saifuddin",
              "non_striker": "Mohammad Mithun",
              "runs": {
                "batter": 1,
                "extras": 0,
                "total": 1
              }
            },
            {
              "batter": "Mohammad Mithun",
              "bowler": "Mohammad Saifuddin",
              "non_striker": "Mohammad Shahzad",
              "runs": {
                "batter": 0,
                "extras": 0,
                "total": 0
              }
            },
            {
              "batter": "Mohammad Mithun",
              "bowler": "Mohammad Saifuddin",
              "non_striker": "Mohammad Shahzad",
              "runs": {
                "batter": 1,
                "extras": 0,
                "total": 1
              }
            },
            {
              "batter": "Mohammad Shahzad",
              "bowler": "Mohammad Saifuddin",
              "extras": {
                "legbyes": 1
              },
              "non_striker": "Mohammad Mithun",
              "runs": {
                "batter": 0,
                "extras": 1,
                "total": 1
              }
            },
            {
              "batter": "Mohammad Mithun",
              "bowler": "Mohammad Saifuddin",
              "extras": {
                "legbyes": 2
              },
              "non_striker": "Mohammad Shahzad",
              "runs": {
                "batter": 0,
                "extras": 2,
                "total": 2
              }
            }
          ]
        },
        {
          "over": 10,
          "deliveries": [
            {
              "batter": "Mohammad Shahzad",
              "bowler": "Rashid Khan",
              "non_striker": "Mohammad Mithun",
              "runs": {
                "batter": 0,
                "extras": 0,
                "total": 0
              }
            },
            {
              "batter": "Mohammad Shahzad",
              "bowler": "Rashid Khan",
              "non_striker": "Mohammad Mithun",
              "runs": {
                "batter": 1,
                "extras": 0,
                "total": 1
              }
            },
            {
              "batter": "Mohammad Mithun",
              "bowler": "Rashid Khan",
              "non_striker": "Mohammad Shahzad",
              "runs": {
                "batter": 1,
                "extras": 0,
                "total": 1
              }
            },
            {
              "batter": "Mohammad Shahzad",
              "bowler": "Rashid Khan",
              "non_striker": "Mohammad Mithun",
              "runs": {
                "batter": 1,
                "extras": 0,
                "total": 1
              }
            },
            {
              "batter": "Mohammad Mithun",
              "bowler": "Rashid Khan",
              "non_striker": "Mohammad Shahzad",
              "runs": {
                "batter": 0,
                "extras": 0,
                "total": 0
              }
            },
            {
              "batter": "Mohammad Mithun",
              "bowler": "Rashid Khan",
              "non_striker": "Mohammad Shahzad",
              "runs": {
                "batter": 4,
                "extras": 0,
                "total": 4
              }
            }
          ]
        },
        {
          "over": 11,
          "deliveries": [
            {
              "batter": "Mohammad Shahzad",
              "bowler": "Mohammad Saifuddin",
              "non_striker": "Mohammad Mithun",
              "runs": {
                "batter": 1,
                "extras": 0,
                "total": 1
              }
            },
            {
              "batter": "Mohammad Mithun",
              "bowler": "Mohammad Saifuddin",
              "non_striker": "Mohammad Shahzad",
              "runs": {
                "batter": 1,
                "extras": 0,
                "total": 1
              }
            },
            {
              "batter": "Mohammad Shahzad",
              "bowler": "Mohammad Saifuddin",
              "non_striker": "Mohammad Mithun",
              "runs": {
                "batter": 1,
                "extras": 0,
                "total": 1
              }
            },
            {
              "batter": "Mohammad Mithun",
              "bowler": "Mohammad Saifuddin",
              "non_striker": "Mohammad Shahzad",
              "runs": {
                "batter": 0,
                "extras": 0,
                "total": 0
              }
            },
            {
              "batter": "Mohammad Mithun",
              "bowler": "Mohammad Saifuddin",
              "non_striker": "Mohammad Shahzad",
              "runs": {
                "batter": 1,
                "extras": 0,
                "total": 1
              }
            },
            {
              "batter": "Mohammad Shahzad",
              "bowler": "Mohammad Saifuddin",
              "non_striker": "Mohammad Mithun",
              "runs": {
                "batter": 1,
                "extras": 0,
                "total": 1
              }
            }
          ]
        },
        {
          "over": 12,
          "deliveries": [
            {
              "batter": "Mohammad Shahzad",
              "bowler": "Rashid Khan",
              "non_striker": "Mohammad Mithun",
              "runs": {
                "batter": 6,
                "extras": 0,
                "total": 6
              }
            },
            {
              "batter": "Mohammad Shahzad",
              "bowler": "Rashid Khan",
              "non_striker": "Mohammad Mithun",
              "runs": {
                "batter": 1,
                "extras": 0,
                "total": 1
              }
            },
            {
              "batter": "Mohammad Mithun",
              "bowler": "Rashid Khan",
              "non_striker": "Mohammad Shahzad",
              "runs": {
                "batter": 0,
                "extras": 0,
                "total": 0
              }
            },
            {
              "batter": "Mohammad Mithun",
              "bowler": "Rashid Khan",
              "non_striker": "Mohammad Shahzad",
              "runs": {
                "batter": 1,
                "extras": 0,
                "total": 1
              }
            },
            {
              "batter": "Mohammad Shahzad",
              "bowler": "Rashid Khan",
              "non_striker": "Mohammad Mithun",
              "runs": {
                "batter": 1,
                "extras": 0,
                "total": 1
              }
            },
            {
              "batter": "Mohammad Mithun",
              "bowler": "Rashid Khan",
              "non_striker": "Mohammad Shahzad",
              "runs": {
                "batter": 0,
                "extras": 0,
                "total": 0
              }
            }
          ]
        },
        {
          "over": 13,
          "deliveries": [
            {
              "batter": "Mohammad Shahzad",
              "bowler": "Nabil Samad",
              "non_striker": "Mohammad Mithun",
              "runs": {
                "batter": 1,
                "extras": 0,
                "total": 1
              }
            },
            {
              "batter": "Mohammad Mithun",
              "bowler": "Nabil Samad",
              "non_striker": "Mohammad Shahzad",
              "runs": {
                "batter": 6,
                "extras": 0,
                "total": 6
              }
            },
            {
              "batter": "Mohammad Mithun",
              "bowler": "Nabil Samad",
              "non_striker": "Mohammad Shahzad",
              "runs": {
                "batter": 1,
                "extras": 0,
                "total": 1
              }
            },
            {
              "batter": "Mohammad Shahzad",
              "bowler": "Nabil Samad",
              "non_striker": "Mohammad Mithun",
              "runs": {
                "batter": 1,
                "extras": 0,
                "total": 1
              }
            },
            {
              "batter": "Mohammad Mithun",
              "bowler": "Nabil Samad",
              "extras": {
                "wides": 1
              },
              "non_striker": "Mohammad Shahzad",
              "runs": {
                "batter": 0,
                "extras": 1,
                "total": 1
              }
            },
            {
              "batter": "Mohammad Mithun",
              "bowler": "Nabil Samad",
              "non_striker": "Mohammad Shahzad",
              "runs": {
                "batter": 0,
                "extras": 0,
                "total": 0
              }
            },
            {
              "batter": "Mohammad Mithun",
              "bowler": "Nabil Samad",
              "non_striker": "Mohammad Shahzad",
              "runs": {
                "batter": 1,
                "extras": 0,
                "total": 1
              }
            }
          ]
        },
        {
          "over": 14,
          "deliveries": [
            {
              "batter": "Mohammad Mithun",
              "bowler": "Sohail Tanvir",
              "non_striker": "Mohammad Shahzad",
              "runs": {
                "batter": 0,
                "extras": 0,
                "total": 0
              }
            },
            {
              "batter": "Mohammad Mithun",
              "bowler": "Sohail Tanvir",
              "non_striker": "Mohammad Shahzad",
              "runs": {
                "batter": 1,
                "extras": 0,
                "total": 1
              }
            },
            {
              "batter": "Mohammad Shahzad",
              "bowler": "Sohail Tanvir",
              "non_striker": "Mohammad Mithun",
              "runs": {
                "batter": 0,
                "extras": 0,
                "total": 0
              }
            },
            {
              "batter": "Mohammad Shahzad",
              "bowler": "Sohail Tanvir",
              "non_striker": "Mohammad Mithun",
              "runs": {
                "batter": 1,
                "extras": 0,
                "total": 1
              }
            },
            {
              "batter": "Mohammad Mithun",
              "bowler": "Sohail Tanvir",
              "non_striker": "Mohammad Shahzad",
              "runs": {
                "batter": 2,
                "extras": 0,
                "total": 2
              }
            },
            {
              "batter": "Mohammad Mithun",
              "bowler": "Sohail Tanvir",
              "non_striker": "Mohammad Shahzad",
              "runs": {
                "batter": 1,
                "extras": 0,
                "total": 1
              }
            }
          ]
        },
        {
          "over": 15,
          "deliveries": [
            {
              "batter": "Mohammad Mithun",
              "bowler": "Rashid Khan",
              "non_striker": "Mohammad Shahzad",
              "runs": {
                "batter": 1,
                "extras": 0,
                "total": 1
              }
            },
            {
              "batter": "Mohammad Shahzad",
              "bowler": "Rashid Khan",
              "non_striker": "Mohammad Mithun",
              "runs": {
                "batter": 1,
                "extras": 0,
                "total": 1
              }
            },
            {
              "batter": "Mohammad Mithun",
              "bowler": "Rashid Khan",
              "non_striker": "Mohammad Shahzad",
              "runs": {
                "batter": 6,
                "extras": 0,
                "total": 6
              }
            },
            {
              "batter": "Mohammad Mithun",
              "bowler": "Rashid Khan",
              "non_striker": "Mohammad Shahzad",
              "runs": {
                "batter": 1,
                "extras": 0,
                "total": 1
              }
            },
            {
              "batter": "Mohammad Shahzad",
              "bowler": "Rashid Khan",
              "non_striker": "Mohammad Mithun",
              "runs": {
                "batter": 0,
                "extras": 0,
                "total": 0
              }
            },
            {
              "batter": "Mohammad Shahzad",
              "bowler": "Rashid Khan",
              "non_striker": "Mohammad Mithun",
              "runs": {
                "batter": 1,
                "extras": 0,
                "total": 1
              }
            }
          ]
        },
        {
          "over": 16,
          "deliveries": [
            {
              "batter": "Mohammad Shahzad",
              "bowler": "Mohammad Saifuddin",
              "non_striker": "Mohammad Mithun",
              "runs": {
                "batter": 0,
                "extras": 0,
                "total": 0
              }
            },
            {
              "batter": "Mohammad Shahzad",
              "bowler": "Mohammad Saifuddin",
              "extras": {
                "noballs": 1
              },
              "non_striker": "Mohammad Mithun",
              "runs": {
                "batter": 0,
                "extras": 1,
                "total": 1
              }
            },
            {
              "batter": "Mohammad Shahzad",
              "bowler": "Mohammad Saifuddin",
              "non_striker": "Mohammad Mithun",
              "runs": {
                "batter": 6,
                "extras": 0,
                "total": 6
              }
            },
            {
              "batter": "Mohammad Shahzad",
              "bowler": "Mohammad Saifuddin",
              "non_striker": "Mohammad Mithun",
              "runs": {
                "batter": 1,
                "extras": 0,
                "total": 1
              }
            },
            {
              "batter": "Mohammad Mithun",
              "bowler": "Mohammad Saifuddin",
              "non_striker": "Mohammad Shahzad",
              "runs": {
                "batter": 0,
                "extras": 0,
                "total": 0
              }
            },
            {
              "batter": "Mohammad Mithun",
              "bowler": "Mohammad Saifuddin",
              "non_striker": "Mohammad Shahzad",
              "runs": {
                "batter": 1,
                "extras": 0,
                "total": 1
              }
            },
            {
              "batter": "Mohammad Shahzad",
              "bowler": "Mohammad Saifuddin",
              "non_striker": "Mohammad Mithun",
              "runs": {
                "batter": 6,
                "extras": 0,
                "total": 6
              }
            }
          ]
        }
      ],
      "powerplays": [
        {
          "from": 0.1,
          "to": 5.6,
          "type": "mandatory"
        }
      ],
      "target": {
        "overs": 20,
        "runs": 123
      }
    }
  ]
}