{
  "meta": {
    "data_version": "1.1.0",
    "created": "2021-11-02",
    "revision": 3
  },
  "info": {
    "balls_per_over": 6,
    "city": "Chattogram",
    "dates": [
      "2016-11-22"
    ],
    "event": {
      "name": "Bangladesh Premier League",
      "match_number": 24
    },
    "gender": "male",
    "match_type": "T20",
    "officials": {
      "match_referees": [
        "Selim Shahid"
      ],
      "reserve_umpires": [
        "Manjurul Islam"
      ],
      "tv_umpires": [
        "Morshed Ali Khan"
      ],
      "umpires": [
        "Gazi Sohel",
        "REJ Martinesz"
      ]
    },
    "outcome": {
      "winner": "Chittagong Vikings",
      "by": {
        "runs": 78
      }
    },
    "overs": 20,
    "player_of_match": [
      "Shoaib Malik"
    ],
    "players": {
      "Barisal Bulls": [
        "DJ Malan",
        "Nadif Chowdhury",
        "Shahriar Nafees",
        "Mushfiqur Rahim",
        "BMAJ Mendis",
        "RR Emrit",
        "NLTC Perera",
        "Enamul Haque",
        "Taijul Islam",
        "Abu Hider",
        "Kamrul Islam Rabbi"
      ],
      "Chittagong Vikings": [
        "Tamim Iqbal",
        "DR Smith",
        "Anamul Haque",
        "Shoaib Malik",
        "Mohammad Nabi",
        "Jahurul Islam",
        "Saqlain Sajib",
        "Subashis Roy",
        "Zakir Hasan",
        "Imran Khan",
        "Taskin Ahmed"
      ]
    },
    "registry": {
      "people": {
        "Abu Hider": "31803fac",
        "Anamul Haque": "72b245dd",
        "BMAJ Mendis": "9868bc75",
        "DJ Malan": "ad9c32a2",
        "DR Smith": "35205dfc",
        "Enamul Haque": "7d6c0891",
        "Gazi Sohel": "f0df3ed7",
        "Imran Khan": "195fb6db",
        "Jahurul Islam": "6752c57b",
        "Kamrul Islam Rabbi": "f7e9a562",
        "Manjurul Islam": "0db7fb49",
        "Mohammad Nabi": "62af8546",
        "Morshed Ali Khan": "a7c3cf5f",
        "Mushfiqur Rahim": "a94e08ea",
        "NLTC Perera": "0f12f9df",
        "Nadif Chowdhury": "d6ac6545",
        "REJ Martinesz": "140cdf29",
        "RR Emrit": "e7de4f6b",
        "Saqlain Sajib": "f3c150bb",
        "Selim Shahid": "b478bce3",
        "Shahriar Nafees": "b9c225c2",
        "Shoaib Malik": "64c34cd0",
        "Subashis Roy": "a3a078ba",
        "Taijul Islam": "9d1d34bd",
        "Tamim Iqbal": "3b041a12",
        "Taskin Ahmed": "ef18b66e",
        "Zakir Hasan": "e3e09091"
      }
    },
    "season": "2016/17",
    "team_type": "club",
    "teams": [
      "Chittagong Vikings",
      "Barisal Bulls"
    ],
    "toss": {
      "decision": "bat",
      "winner": "Chittagong Vikings"
    },
    "venue": "Zahur Ahmed Chowdhury Stadium, Chittagong"
  },
  "innings": [
    {
      "team": "Chittagong Vikings",
      "overs": [
        {
          "over": 0,
          "deliveries": [
            {
              "batter": "Tamim Iqbal",
              "bowler": "Taijul Islam",
              "non_striker": "DR Smith",
              "runs": {
                "batter": 0,
                "extras": 0,
                "total": 0
              }
            },
            {
              "batter": "Tamim Iqbal",
              "bowler": "Taijul Islam",
              "non_striker": "DR Smith",
              "runs": {
                "batter": 0,
                "extras": 0,
                "total": 0
              }
            },
            {
              "batter": "Tamim Iqbal",
              "bowler": "Taijul Islam",
              "non_striker": "DR Smith",
              "runs": {
                "batter": 0,
                "extras": 0,
                "total": 0
              }
            },
            {
              "batter": "Tamim Iqbal",
              "bowler": "Taijul Islam",
              "non_striker": "DR Smith",
              "runs": {
                "batter": 0,
                "extras": 0,
                "total": 0
              }
            },
            {
              "batter": "Tamim Iqbal",
              "bowler": "Taijul Islam",
              "non_striker": "DR Smith",
              "runs": {
                "batter": 1,
                "extras": 0,
                "total": 1
              }
            },
            {
              "batter": "DR Smith",
              "bowler": "Taijul Islam",
              "non_striker": "Tamim Iqbal",
              "runs": {
                "batter": 0,
                "extras": 0,
                "total": 0
              }
            }
          ]
        },
        {
          "over": 1,
          "deliveries": [
            {
              "batter": "Tamim Iqbal",
              "bowler": "Abu Hider",
              "non_striker": "DR Smith",
              "runs": {
                "batter": 0,
                "extras": 0,
                "total": 0
              }
            },
            {
              "batter": "Tamim Iqbal",
              "bowler": "Abu Hider",
              "non_striker": "DR Smith",
              "runs": {
                "batter": 4,
                "extras": 0,
                "total": 4
              }
            },
            {
              "batter": "Tamim Iqbal",
              "bowler": "Abu Hider",
              "non_striker": "DR Smith",
              "runs": {
                "batter": 0,
                "extras": 0,
                "total": 0
              }
            },
            {
              "batter": "Tamim Iqbal",
              "bowler": "Abu Hider",
              "non_striker": "DR Smith",
              "runs": {
                "batter": 0,
                "extras": 0,
                "total": 0
              }
            },
            {
              "batter": "Tamim Iqbal",
              "bowler": "Abu Hider",
              "non_striker": "DR Smith",
              "runs": {
                "batter": 0,
                "extras": 0,
                "total": 0
              }
            },
            {
              "batter": "Tamim Iqbal",
              "bowler": "Abu Hider",
              "non_striker": "DR Smith",
              "runs": {
                "batter": 4,
                "extras": 0,
                "total": 4
              }
            }
          ]
        },
        {
          "over": 2,
          "deliveries": [
            {
              "batter": "DR Smith",
              "bowler": "Taijul Islam",
              "non_striker": "Tamim Iqbal",
              "runs": {
                "batter": 1,
                "extras": 0,
                "total": 1
              }
            },
            {
              "batter": "Tamim Iqbal",
              "bowler": "Taijul Islam",
              "non_striker": "DR Smith",
              "runs": {
                "batter": 1,
                "extras": 0,
                "total": 1
              }
            },
            {
              "batter": "DR Smith",
              "bowler": "Taijul Islam",
              "non_striker": "Tamim Iqbal",
              "runs": {
                "batter": 4,
                "extras": 0,
                "total": 4
              }
            },
            {
              "batter": "DR Smith",
              "bowler": "Taijul Islam",
              "non_striker": "Tamim Iqbal",
              "runs": {
                "batter": 4,
                "extras": 0,
                "total": 4
              }
            },
            {
              "batter": "DR Smith",
              "bowler": "Taijul Islam",
              "non_striker": "Tamim Iqbal",
              "runs": {
                "batter": 0,
                "extras": 0,
                "total": 0
              }
            },
            {
              "batter": "DR Smith",
              "bowler": "Taijul Islam",
              "non_striker": "Tamim Iqbal",
              "runs": {
                "batter": 0,
                "extras": 0,
                "total": 0
              }
            }
          ]
        },
        {
          "over": 3,
          "deliveries": [
            {
              "batter": "Tamim Iqbal",
              "bowler": "Kamrul Islam Rabbi",
              "non_striker": "DR Smith",
              "runs": {
                "batter": 1,
                "extras": 0,
                "total": 1
              }
            },
            {
              "batter": "DR Smith",
              "bowler": "Kamrul Islam Rabbi",
              "non_striker": "Tamim Iqbal",
              "runs": {
                "batter": 1,
                "extras": 0,
                "total": 1
              }
            },
            {
              "batter": "Tamim Iqbal",
              "bowler": "Kamrul Islam Rabbi",
              "non_striker": "DR Smith",
              "runs": {
                "batter": 0,
                "extras": 0,
                "total": 0
              }
            },
            {
              "batter": "Tamim Iqbal",
              "bowler": "Kamrul Islam Rabbi",
              "non_striker": "DR Smith",
              "runs": {
                "batter": 1,
                "extras": 0,
                "total": 1
              }
            },
            {
              "batter": "DR Smith",
              "bowler": "Kamrul Islam Rabbi",
              "non_striker": "Tamim Iqbal",
              "runs": {
                "batter": 0,
                "extras": 0,
                "total": 0
              }
            },
            {
              "batter": "DR Smith",
              "bowler": "Kamrul Islam Rabbi",
              "non_striker": "Tamim Iqbal",
              "runs": {
                "batter": 0,
                "extras": 0,
                "total": 0
              }
            }
          ]
        },
        {
          "over": 4,
          "deliveries": [
            {
              "batter": "Tamim Iqbal",
              "bowler": "Taijul Islam",
              "non_striker": "DR Smith",
              "runs": {
                "batter": 6,
                "extras": 0,
                "total": 6
              }
            },
            {
              "batter": "Tamim Iqbal",
              "bowler": "Taijul Islam",
              "non_striker": "DR Smith",
              "runs": {
                "batter": 0,
                "extras": 0,
                "total": 0
              }
            },
            {
              "batter": "Tamim Iqbal",
              "bowler": "Taijul Islam",
              "non_striker": "DR Smith",
              "runs": {
                "batter": 1,
                "extras": 0,
                "total": 1
              }
            },
            {
              "batter": "DR Smith",
              "bowler": "Taijul Islam",
              "non_striker": "Tamim Iqbal",
              "runs": {
                "batter": 4,
                "extras": 0,
                "total": 4
              }
            },
            {
              "batter": "DR Smith",
              "bowler": "Taijul Islam",
              "non_striker": "Tamim Iqbal",
              "runs": {
                "batter": 4,
                "extras": 0,
                "total": 4
              }
            },
            {
              "batter": "DR Smith",
              "bowler": "Taijul Islam",
              "non_striker": "Tamim Iqbal",
              "runs": {
                "batter": 1,
                "extras": 0,
                "total": 1
              }
            }
          ]
        },
        {
          "over": 5,
          "deliveries": [
            {
              "batter": "DR Smith",
              "bowler": "Kamrul Islam Rabbi",
              "non_striker": "Tamim Iqbal",
              "runs": {
                "batter": 4,
                "extras": 0,
                "total": 4
              }
            },
            {
              "batter": "DR Smith",
              "bowler": "Kamrul Islam Rabbi",
              "non_striker": "Tamim Iqbal",
              "runs": {
                "batter": 0,
                "extras": 0,
                "total": 0
              }
            },
            {
              "batter": "DR Smith",
              "bowler": "Kamrul Islam Rabbi",
              "non_striker": "Tamim Iqbal",
              "runs": {
                "batter": 1,
                "extras": 0,
                "total": 1
              }
            },
            {
              "batter": "Tamim Iqbal",
              "bowler": "Kamrul Islam Rabbi",
              "non_striker": "DR Smith",
              "runs": {
                "batter": 0,
                "extras": 0,
                "total": 0
              },
              "wickets": [
                {
                  "player_out": "Tamim Iqbal",
                  "fielders": [
                    {
                      "name": "Abu Hider"
                    }
                  ],
                  "kind": "caught"
                }
              ]
            },
            {
              "batter": "Anamul Haque",
              "bowler": "Kamrul Islam Rabbi",
              "non_striker": "DR Smith",
              "runs": {
                "batter": 0,
                "extras": 0,
                "total": 0
              }
            },
            {
              "batter": "Anamul Haque",
              "bowler": "Kamrul Islam Rabbi",
              "non_striker": "DR Smith",
              "runs": {
                "batter": 0,
                "extras": 0,
                "total": 0
              }
            }
          ]
        },
        {
          "over": 6,
          "deliveries": [
            {
              "batter": "DR Smith",
              "bowler": "RR Emrit",
              "non_striker": "Anamul Haque",
              "runs": {
                "batter": 1,
                "extras": 0,
                "total": 1
              }
            },
            {
              "batter": "Anamul Haque",
              "bowler": "RR Emrit",
              "non_striker": "DR Smith",
              "runs": {
                "batter": 0,
                "extras": 0,
                "total": 0
              }
            },
            {
              "batter": "Anamul Haque",
              "bowler": "RR Emrit",
              "non_striker": "DR Smith",
              "runs": {
                "batter": 1,
                "extras": 0,
                "total": 1
              }
            },
            {
              "batter": "DR Smith",
              "bowler": "RR Emrit",
              "non_striker": "Anamul Haque",
              "runs": {
                "batter": 1,
                "extras": 0,
                "total": 1
              }
            },
            {
              "batter": "Anamul Haque",
              "bowler": "RR Emrit",
              "non_striker": "DR Smith",
              "runs": {
                "batter": 1,
                "extras": 0,
                "total": 1
              }
            },
            {
              "batter": "DR Smith",
              "bowler": "RR Emrit",
              "non_striker": "Anamul Haque",
              "runs": {
                "batter": 1,
                "extras": 0,
                "total": 1
              }
            }
          ]
        },
        {
          "over": 7,
          "deliveries": [
            {
              "batter": "DR Smith",
              "bowler": "Abu Hider",
              "non_striker": "Anamul Haque",
              "runs": {
                "batter": 6,
                "extras": 0,
                "total": 6
              }
            },
            {
              "batter": "DR Smith",
              "bowler": "Abu Hider",
              "non_striker": "Anamul Haque",
              "runs": {
                "batter": 2,
                "extras": 0,
                "total": 2
              }
            },
            {
              "batter": "DR Smith",
              "bowler": "Abu Hider",
              "non_striker": "Anamul Haque",
              "runs": {
                "batter": 1,
                "extras": 0,
                "total": 1
              }
            },
            {
              "batter": "Anamul Haque",
              "bowler": "Abu Hider",
              "non_striker": "DR Smith",
              "runs": {
                "batter": 1,
                "extras": 0,
                "total": 1
              }
            },
            {
              "batter": "DR Smith",
              "bowler": "Abu Hider",
              "non_striker": "Anamul Haque",
              "runs": {
                "batter": 6,
                "extras": 0,
                "total": 6
              }
            },
            {
              "batter": "DR Smith",
              "bowler": "Abu Hider",
              "non_striker": "Anamul Haque",
              "runs": {
                "batter": 1,
                "extras": 0,
                "total": 1
              }
            }
          ]
        },
        {
          "over": 8,
          "deliveries": [
            {
              "batter": "DR Smith",
              "bowler": "Taijul Islam",
              "non_striker": "Anamul Haque",
              "runs": {
                "batter": 4,
                "extras": 0,
                "total": 4
              }
            },
            {
              "batter": "DR Smith",
              "bowler": "Taijul Islam",
              "non_striker": "Anamul Haque",
              "runs": {
                "batter": 0,
                "extras": 0,
                "total": 0
              }
            },
            {
              "batter": "DR Smith",
              "bowler": "Taijul Islam",
              "non_striker": "Anamul Haque",
              "runs": {
                "batter": 1,
                "extras": 0,
                "total": 1
              }
            },
            {
              "batter": "Anamul Haque",
              "bowler": "Taijul Islam",
              "non_striker": "DR Smith",
              "runs": {
                "batter": 1,
                "extras": 0,
                "total": 1
              }
            },
            {
              "batter": "DR Smith",
              "bowler": "Taijul Islam",
              "non_striker": "Anamul Haque",
              "runs": {
                "batter": 1,
                "extras": 0,
                "total": 1
              }
            },
            {
              "batter": "Anamul Haque",
              "bowler": "Taijul Islam",
              "non_striker": "DR Smith",
              "runs": {
                "batter": 4,
                "extras": 0,
                "total": 4
              }
            }
          ]
        },
        {
          "over": 9,
          "deliveries": [
            {
              "batter": "DR Smith",
              "bowler": "RR Emrit",
              "non_striker": "Anamul Haque",
              "runs": {
                "batter": 1,
                "extras": 0,
                "total": 1
              }
            },
            {
              "batter": "Anamul Haque",
              "bowler": "RR Emrit",
              "non_striker": "DR Smith",
              "runs": {
                "batter": 2,
                "extras": 0,
                "total": 2
              }
            },
            {
              "batter": "Anamul Haque",
              "bowler": "RR Emrit",
              "non_striker": "DR Smith",
              "runs": {
                "batter": 1,
                "extras": 0,
                "total": 1
              }
            },
            {
              "batter": "DR Smith",
              "bowler": "RR Emrit",
              "non_striker": "Anamul Haque",
              "runs": {
                "batter": 1,
                "extras": 0,
                "total": 1
              }
            },
            {
              "batter": "Anamul Haque",
              "bowler": "RR Emrit",
              "non_striker": "DR Smith",
              "runs": {
                "batter": 0,
                "extras": 0,
                "total": 0
              }
            },
            {
              "batter": "Anamul Haque",
              "bowler": "RR Emrit",
              "non_striker": "DR Smith",
              "runs": {
                "batter": 0,
                "extras": 0,
                "total": 0
              }
            }
          ]
        },
        {
          "over": 10,
          "deliveries": [
            {
              "batter": "DR Smith",
              "bowler": "NLTC Perera",
              "non_striker": "Anamul Haque",
              "runs": {
                "batter": 1,
                "extras": 0,
                "total": 1
              }
            },
            {
              "batter": "Anamul Haque",
              "bowler": "NLTC Perera",
              "non_striker": "DR Smith",
              "runs": {
                "batter": 0,
                "extras": 0,
                "total": 0
              },
              "wickets": [
                {
                  "player_out": "Anamul Haque",
                  "fielders": [
                    {
                      "name": "DJ Malan"
                    }
                  ],
                  "kind": "caught"
                }
              ]
            },
            {
              "batter": "Shoaib Malik",
              "bowler": "NLTC Perera",
              "non_striker": "DR Smith",
              "runs": {
                "batter": 1,
                "extras": 0,
                "total": 1
              }
            },
            {
              "batter": "DR Smith",
              "bowler": "NLTC Perera",
              "non_striker": "Shoaib Malik",
              "runs": {
                "batter": 0,
                "extras": 0,
                "total": 0
              }
            },
            {
              "batter": "DR Smith",
              "bowler": "NLTC Perera",
              "non_striker": "Shoaib Malik",
              "runs": {
                "batter": 1,
                "extras": 0,
                "total": 1
              }
            },
            {
              "batter": "Shoaib Malik",
              "bowler": "NLTC Perera",
              "non_striker": "DR Smith",
              "runs": {
                "batter": 4,
                "extras": 0,
                "total": 4
              }
            }
          ]
        },
        {
          "over": 11,
          "deliveries": [
            {
              "batter": "DR Smith",
              "bowler": "Kamrul Islam Rabbi",
              "non_striker": "Shoaib Malik",
              "runs": {
                "batter": 0,
                "extras": 0,
                "total": 0
              }
            },
            {
              "batter": "DR Smith",
              "bowler": "Kamrul Islam Rabbi",
              "non_striker": "Shoaib Malik",
              "runs": {
                "batter": 0,
                "extras": 0,
                "total": 0
              }
            },
            {
              "batter": "DR Smith",
              "bowler": "Kamrul Islam Rabbi",
              "non_striker": "Shoaib Malik",
              "runs": {
                "batter": 1,
                "extras": 0,
                "total": 1
              }
            },
            {
              "batter": "Shoaib Malik",
              "bowler": "Kamrul Islam Rabbi",
              "non_striker": "DR Smith",
              "runs": {
                "batter": 0,
                "extras": 0,
                "total": 0
              }
            },
            {
              "batter": "Shoaib Malik",
              "bowler": "Kamrul Islam Rabbi",
              "non_striker": "DR Smith",
              "runs": {
                "batter": 1,
                "extras": 0,
                "total": 1
              }
            },
            {
              "batter": "DR Smith",
              "bowler": "Kamrul Islam Rabbi",
              "non_striker": "Shoaib Malik",
              "runs": {
                "batter": 1,
                "extras": 0,
                "total": 1
              }
            }
          ]
        },
        {
          "over": 12,
          "deliveries": [
            {
              "batter": "DR Smith",
              "bowler": "NLTC Perera",
              "non_striker": "Shoaib Malik",
              "runs": {
                "batter": 0,
                "extras": 0,
                "total": 0
              }
            },
            {
              "batter": "DR Smith",
              "bowler": "NLTC Perera",
              "non_striker": "Shoaib Malik",
              "runs": {
                "batter": 1,
                "extras": 0,
                "total": 1
              }
            },
            {
              "batter": "Shoaib Malik",
              "bowler": "NLTC Perera",
              "extras": {
                "wides": 1
              },
              "non_striker": "DR Smith",
              "runs": {
                "batter": 0,
                "extras": 1,
                "total": 1
              }
            },
            {
              "batter": "Shoaib Malik",
              "bowler": "NLTC Perera",
              "non_striker": "DR Smith",
              "runs": {
                "batter": 1,
                "extras": 0,
                "total": 1
              }
            },
            {
              "batter": "DR Smith",
              "bowler": "NLTC Perera",
              "non_striker": "Shoaib Malik",
              "runs": {
                "batter": 1,
                "extras": 0,
                "total": 1
              }
            },
            {
              "batter": "Shoaib Malik",
              "bowler": "NLTC Perera",
              "non_striker": "DR Smith",
              "runs": {
                "batter": 1,
                "extras": 0,
                "total": 1
              }
            },
            {
              "batter": "DR Smith",
              "bowler": "NLTC Perera",
              "non_striker": "Shoaib Malik",
              "runs": {
                "batter": 1,
                "extras": 0,
                "total": 1
              }
            }
          ]
        },
        {
          "over": 13,
          "deliveries": [
            {
              "batter": "DR Smith",
              "bowler": "RR Emrit",
              "non_striker": "Shoaib Malik",
              "runs": {
                "batter": 1,
                "extras": 0,
                "total": 1
              }
            },
            {
              "batter": "Shoaib Malik",
              "bowler": "RR Emrit",
              "non_striker": "DR Smith",
              "runs": {
                "batter": 1,
                "extras": 0,
                "total": 1
              }
            },
            {
              "batter": "DR Smith",
              "bowler": "RR Emrit",
              "non_striker": "Shoaib Malik",
              "runs": {
                "batter": 6,
                "extras": 0,
                "total": 6
              }
            },
            {
              "batter": "DR Smith",
              "bowler": "RR Emrit",
              "extras": {
                "wides": 5
              },
              "non_striker": "Shoaib Malik",
              "runs": {
                "batter": 0,
                "extras": 5,
                "total": 5
              }
            },
            {
              "batter": "DR Smith",
              "bowler": "RR Emrit",
              "extras": {
                "legbyes": 1
              },
              "non_striker": "Shoaib Malik",
              "runs": {
                "batter": 0,
                "extras": 1,
                "total": 1
              }
            },
            {
              "batter": "Shoaib Malik",
              "bowler": "RR Emrit",
              "non_striker": "DR Smith",
              "runs": {
                "batter": 1,
                "extras": 0,
                "total": 1
              }
            },
            {
              "batter": "DR Smith",
              "bowler": "RR Emrit",
              "non_striker": "Shoaib Malik",
              "runs": {
                "batter": 1,
                "extras": 0,
                "total": 1
              }
            }
          ]
        },
        {
          "over": 14,
          "deliveries": [
            {
              "batter": "DR Smith",
              "bowler": "Abu Hider",
              "extras": {
                "legbyes": 1
              },
              "non_striker": "Shoaib Malik",
              "runs": {
                "batter": 0,
                "extras": 1,
                "total": 1
              }
            },
            {
              "batter": "Shoaib Malik",
              "bowler": "Abu Hider",
              "extras": {
                "wides": 1
              },
              "non_striker": "DR Smith",
              "runs": {
                "batter": 0,
                "extras": 1,
                "total": 1
              }
            },
            {
              "batter": "Shoaib Malik",
              "bowler": "Abu Hider",
              "extras": {
                "legbyes": 1
              },
              "non_striker": "DR Smith",
              "runs": {
                "batter": 0,
                "extras": 1,
                "total": 1
              }
            },
            {
              "batter": "DR Smith",
              "bowler": "Abu Hider",
              "non_striker": "Shoaib Malik",
              "runs": {
                "batter": 1,
                "extras": 0,
                "total": 1
              }
            },
            {
              "batter": "Shoaib Malik",
              "bowler": "Abu Hider",
              "non_striker": "DR Smith",
              "runs": {
                "batter": 1,
                "extras": 0,
                "total": 1
              }
            },
            {
              "batter": "DR Smith",
              "bowler": "Abu Hider",
              "non_striker": "Shoaib Malik",
              "runs": {
                "batter": 1,
                "extras": 0,
                "total": 1
              }
            },
            {
              "batter": "Shoaib Malik",
              "bowler": "Abu Hider",
              "non_striker": "DR Smith",
              "runs": {
                "batter": 0,
                "extras": 0,
                "total": 0
              }
            }
          ]
        },
        {
          "over": 15,
          "deliveries": [
            {
              "batter": "DR Smith",
              "bowler": "NLTC Perera",
              "non_striker": "Shoaib Malik",
              "runs": {
                "batter": 1,
                "extras": 0,
                "total": 1
              }
            },
            {
              "batter": "Shoaib Malik",
              "bowler": "NLTC Perera",
              "non_striker": "DR Smith",
              "runs": {
                "batter": 4,
                "extras": 0,
                "total": 4
              }
            },
            {
              "batter": "Shoaib Malik",
              "bowler": "NLTC Perera",
              "non_striker": "DR Smith",
              "runs": {
                "batter": 4,
                "extras": 0,
                "total": 4
              }
            },
            {
              "batter": "Shoaib Malik",
              "bowler": "NLTC Perera",
              "non_striker": "DR Smith",
              "runs": {
                "batter": 1,
                "extras": 0,
                "total": 1
              }
            },
            {
              "batter": "DR Smith",
              "bowler": "NLTC Perera",
              "non_striker": "Shoaib Malik",
              "runs": {
                "batter": 0,
                "extras": 0,
                "total": 0
              },
              "wickets": [
                {
                  "player_out": "DR Smith",
                  "fielders": [
                    {
                      "name": "Enamul Haque"
                    }
                  ],
                  "kind": "caught"
                }
              ]
            },
            {
              "batter": "Shoaib Malik",
              "bowler": "NLTC Perera",
              "non_striker": "Mohammad Nabi",
              "runs": {
                "batter": 1,
                "extras": 0,
                "total": 1
              }
            }
          ]
        },
        {
          "over": 16,
          "deliveries": [
            {
              "batter": "Shoaib Malik",
              "bowler": "Abu Hider",
              "non_striker": "Mohammad Nabi",
              "runs": {
                "batter": 1,
                "extras": 0,
                "total": 1
              }
            },
            {
              "batter": "Mohammad Nabi",
              "bowler": "Abu Hider",
              "non_striker": "Shoaib Malik",
              "runs": {
                "batter": 1,
                "extras": 0,
                "total": 1
              }
            },
            {
              "batter": "Shoaib Malik",
              "bowler": "Abu Hider",
              "non_striker": "Mohammad Nabi",
              "runs": {
                "batter": 0,
                "extras": 0,
                "total": 0
              }
            },
            {
              "batter": "Shoaib Malik",
              "bowler": "Abu Hider",
              "non_striker": "Mohammad Nabi",
              "runs": {
                "batter": 4,
                "extras": 0,
                "total": 4
              }
            },
            {
              "batter": "Shoaib Malik",
              "bowler": "Abu Hider",
              "non_striker": "Mohammad Nabi",
              "runs": {
                "batter": 1,
                "extras": 0,
                "total": 1
              }
            },
            {
              "batter": "Mohammad Nabi",
              "bowler": "Abu Hider",
              "non_striker": "Shoaib Malik",
              "runs": {
                "batter": 1,
                "extras": 0,
                "total": 1
              }
            }
          ]
        },
        {
          "over": 17,
          "deliveries": [
            {
              "batter": "Mohammad Nabi",
              "bowler": "Kamrul Islam Rabbi",
              "non_striker": "Shoaib Malik",
              "runs": {
                "batter": 2,
                "extras": 0,
                "total": 2
              }
            },
            {
              "batter": "Mohammad Nabi",
              "bowler": "Kamrul Islam Rabbi",
              "non_striker": "Shoaib Malik",
              "runs": {
                "batter": 0,
                "extras": 0,
                "total": 0
              },
              "wickets": [
                {
                  "player_out": "Mohammad Nabi",
                  "fielders": [
                    {
                      "name": "Abu Hider"
                    }
                  ],
                  "kind": "caught"
                }
              ]
            },
            {
              "batter": "Jahurul Islam",
              "bowler": "Kamrul Islam Rabbi",
              "non_striker": "Shoaib Malik",
              "runs": {
                "batter": 0,
                "extras": 0,
                "total": 0
              }
            },
            {
              "batter": "Jahurul Islam",
              "bowler": "Kamrul Islam Rabbi",
              "non_striker": "Shoaib Malik",
              "runs": {
                "batter": 1,
                "extras": 0,
                "total": 1
              }
            },
            {
              "batter": "Shoaib Malik",
              "bowler": "Kamrul Islam Rabbi",
              "extras": {
                "noballs": 1
              },
              "non_striker": "Jahurul Islam",
              "runs": {
                "batter": 4,
                "extras": 1,
                "total": 5
              }
            },
            {
              "batter": "Shoaib Malik",
              "bowler": "Kamrul Islam Rabbi",
              "non_striker": "Jahurul Islam",
              "runs": {
                "batter": 6,
                "extras": 0,
                "total": 6
              }
            },
            {
              "batter": "Shoaib Malik",
              "bowler": "Kamrul Islam Rabbi",
              "non_striker": "Jahurul Islam",
              "runs": {
                "batter": 4,
                "extras": 0,
                "total": 4
              }
            }
          ]
        },
        {
          "over": 18,
          "deliveries": [
            {
              "batter": "Jahurul Islam",
              "bowler": "NLTC Perera",
              "non_striker": "Shoaib Malik",
              "runs": {
                "batter": 2,
                "extras": 0,
                "total": 2
              }
            },
            {
              "batter": "Jahurul Islam",
              "bowler": "NLTC Perera",
              "non_striker": "Shoaib Malik",
              "runs": {
                "batter": 1,
                "extras": 0,
                "total": 1
              }
            },
            {
              "batter": "Shoaib Malik",
              "bowler": "NLTC Perera",
              "non_striker": "Jahurul Islam",
              "runs": {
                "batter": 4,
                "extras": 0,
                "total": 4
              }
            },
            {
              "batter": "Shoaib Malik",
              "bowler": "NLTC Perera",
              "non_striker": "Jahurul Islam",
              "runs": {
                "batter": 2,
                "extras": 0,
                "total": 2
              }
            },
            {
              "batter": "Shoaib Malik",
              "bowler": "NLTC Perera",
              "extras": {
                "wides": 1
              },
              "non_striker": "Jahurul Islam",
              "runs": {
                "batter": 0,
                "extras": 1,
                "total": 1
              }
            },
            {
              "batter": "Shoaib Malik",
              "bowler": "NLTC Perera",
              "non_striker": "Jahurul Islam",
              "runs": {
                "batter": 1,
                "extras": 0,
                "total": 1
              }
            },
            {
              "batter": "Jahurul Islam",
              "bowler": "NLTC Perera",
              "non_striker": "Shoaib Malik",
              "runs": {
                "batter": 2,
                "extras": 0,
                "total": 2
              }
            }
          ]
        },
        {
          "over": 19,
          "deliveries": [
            {
              "batter": "Shoaib Malik",
              "bowler": "RR Emrit",
              "non_striker": "Jahurul Islam",
              "runs": {
                "batter": 4,
                "extras": 0,
                "total": 4
              }
            },
            {
              "batter": "Shoaib Malik",
              "bowler": "RR Emrit",
              "non_striker": "Jahurul Islam",
              "runs": {
                "batter": 6,
                "extras": 0,
                "total": 6
              }
            },
            {
              "batter": "Shoaib Malik",
              "bowler": "RR Emrit",
              "non_striker": "Jahurul Islam",
              "runs": {
                "batter": 4,
                "extras": 0,
                "total": 4
              }
            },
            {
              "batter": "Shoaib Malik",
              "bowler": "RR Emrit",
              "non_striker": "Jahurul Islam",
              "runs": {
                "batter": 1,
                "extras": 0,
                "total": 1
              }
            },
            {
              "batter": "Jahurul Islam",
              "bowler": "RR Emrit",
              "non_striker": "Shoaib Malik",
              "runs": {
                "batter": 1,
                "extras": 0,
                "total": 1
              }
            },
            {
              "batter": "Shoaib Malik",
              "bowler": "RR Emrit",
              "non_striker": "Jahurul Islam",
              "runs": {
                "batter": 0,
                "extras": 0,
                "total": 0
              },
              "wickets": [
                {
                  "player_out": "Shoaib Malik",
                  "fielders": [
                    {
                      "name": "Abu Hider"
                    }
                  ],
                  "kind": "caught"
                }
              ]
            }
          ]
        }
      ],
      "powerplays": [
        {
          "from": 0.1,
          "to": 5.6,
          "type": "mandatory"
        }
      ]
    },
    {
      "team": "Barisal Bulls",
      "overs": [
        {
          "over": 0,
          "deliveries": [
            {
              "batter": "DJ Malan",
              "bowler": "Subashis Roy",
              "non_striker": "Nadif Chowdhury",
              "runs": {
                "batter": 0,
                "extras": 0,
                "total": 0
              }
            },
            {
              "batter": "DJ Malan",
              "bowler": "Subashis Roy",
              "non_striker": "Nadif Chowdhury",
              "runs": {
                "batter": 4,
                "extras": 0,
                "total": 4
              }
            },
            {
              "batter": "DJ Malan",
              "bowler": "Subashis Roy",
              "non_striker": "Nadif Chowdhury",
              "runs": {
                "batter": 0,
                "extras": 0,
                "total": 0
              }
            },
            {
              "batter": "DJ Malan",
              "bowler": "Subashis Roy",
              "non_striker": "Nadif Chowdhury",
              "runs": {
                "batter": 0,
                "extras": 0,
                "total": 0
              }
            },
            {
              "batter": "DJ Malan",
              "bowler": "Subashis Roy",
              "non_striker": "Nadif Chowdhury",
              "runs": {
                "batter": 0,
                "extras": 0,
                "total": 0
              }
            },
            {
              "batter": "DJ Malan",
              "bowler": "Subashis Roy",
              "non_striker": "Nadif Chowdhury",
              "runs": {
                "batter": 1,
                "extras": 0,
                "total": 1
              }
            }
          ]
        },
        {
          "over": 1,
          "deliveries": [
            {
              "batter": "DJ Malan",
              "bowler": "Mohammad Nabi",
              "non_striker": "Nadif Chowdhury",
              "runs": {
                "batter": 0,
                "extras": 0,
                "total": 0
              },
              "wickets": [
                {
                  "player_out": "DJ Malan",
                  "kind": "bowled"
                }
              ]
            },
            {
              "batter": "Shahriar Nafees",
              "bowler": "Mohammad Nabi",
              "non_striker": "Nadif Chowdhury",
              "runs": {
                "batter": 0,
                "extras": 0,
                "total": 0
              }
            },
            {
              "batter": "Shahriar Nafees",
              "bowler": "Mohammad Nabi",
              "non_striker": "Nadif Chowdhury",
              "runs": {
                "batter": 0,
                "extras": 0,
                "total": 0
              }
            },
            {
              "batter": "Shahriar Nafees",
              "bowler": "Mohammad Nabi",
              "non_striker": "Nadif Chowdhury",
              "runs": {
                "batter": 1,
                "extras": 0,
                "total": 1
              }
            },
            {
              "batter": "Nadif Chowdhury",
              "bowler": "Mohammad Nabi",
              "non_striker": "Shahriar Nafees",
              "runs": {
                "batter": 4,
                "extras": 0,
                "total": 4
              }
            },
            {
              "batter": "Nadif Chowdhury",
              "bowler": "Mohammad Nabi",
              "non_striker": "Shahriar Nafees",
              "runs": {
                "batter": 0,
                "extras": 0,
                "total": 0
              },
              "wickets": [
                {
                  "player_out": "Nadif Chowdhury",
                  "fielders": [
                    {
                      "name": "Shoaib Malik"
                    }
                  ],
                  "kind": "caught"
                }
              ]
            }
          ]
        },
        {
          "over": 2,
          "deliveries": [
            {
              "batter": "Mushfiqur Rahim",
              "bowler": "Subashis Roy",
              "non_striker": "Shahriar Nafees",
              "runs": {
                "batter": 1,
                "extras": 0,
                "total": 1
              }
            },
            {
              "batter": "Shahriar Nafees",
              "bowler": "Subashis Roy",
              "non_striker": "Mushfiqur Rahim",
              "runs": {
                "batter": 0,
                "extras": 0,
                "total": 0
              }
            },
            {
              "batter": "Shahriar Nafees",
              "bowler": "Subashis Roy",
              "non_striker": "Mushfiqur Rahim",
              "runs": {
                "batter": 0,
                "extras": 0,
                "total": 0
              },
              "wickets": [
                {
                  "player_out": "Shahriar Nafees",
                  "kind": "bowled"
                }
              ]
            },
            {
              "batter": "BMAJ Mendis",
              "bowler": "Subashis Roy",
              "non_striker": "Mushfiqur Rahim",
              "runs": {
                "batter": 1,
                "extras": 0,
                "total": 1
              }
            },
            {
              "batter": "Mushfiqur Rahim",
              "bowler": "Subashis Roy",
              "non_striker": "BMAJ Mendis",
              "runs": {
                "batter": 0,
                "extras": 0,
                "total": 0
              }
            },
            {
              "batter": "Mushfiqur Rahim",
              "bowler": "Subashis Roy",
              "non_striker": "BMAJ Mendis",
              "runs": {
                "batter": 0,
                "extras": 0,
                "total": 0
              }
            }
          ]
        },
        {
          "over": 3,
          "deliveries": [
            {
              "batter": "BMAJ Mendis",
              "bowler": "Mohammad Nabi",
              "non_striker": "Mushfiqur Rahim",
              "runs": {
                "batter": 0,
                "extras": 0,
                "total": 0
              },
              "wickets": [
                {
                  "player_out": "BMAJ Mendis",
                  "fielders": [
                    {
                      "name": "Imran Khan"
                    }
                  ],
                  "kind": "caught"
                }
              ]
            },
            {
              "batter": "RR Emrit",
              "bowler": "Mohammad Nabi",
              "non_striker": "Mushfiqur Rahim",
              "runs": {
                "batter": 0,
                "extras": 0,
                "total": 0
              }
            },
            {
              "batter": "RR Emrit",
              "bowler": "Mohammad Nabi",
              "non_striker": "Mushfiqur Rahim",
              "runs": {
                "batter": 0,
                "extras": 0,
                "total": 0
              }
            },
            {
              "batter": "RR Emrit",
              "bowler": "Mohammad Nabi",
              "non_striker": "Mushfiqur Rahim",
              "runs": {
                "batter": 0,
                "extras": 0,
                "total": 0
              }
            },
            {
              "batter": "RR Emrit",
              "bowler": "Mohammad Nabi",
              "extras": {
                "wides": 1
              },
              "non_striker": "Mushfiqur Rahim",
              "runs": {
                "batter": 0,
                "extras": 1,
                "total": 1
              }
            },
            {
              "batter": "RR Emrit",
              "bowler": "Mohammad Nabi",
              "non_striker": "Mushfiqur Rahim",
              "runs": {
                "batter": 0,
                "extras": 0,
                "total": 0
              }
            },
            {
              "batter": "RR Emrit",
              "bowler": "Mohammad Nabi",
              "non_striker": "Mushfiqur Rahim",
              "runs": {
                "batter": 0,
                "extras": 0,
                "total": 0
              }
            }
          ]
        },
        {
          "over": 4,
          "deliveries": [
            {
              "batter": "Mushfiqur Rahim",
              "bowler": "Subashis Roy",
              "non_striker": "RR Emrit",
              "runs": {
                "batter": 1,
                "extras": 0,
                "total": 1
              }
            },
            {
              "batter": "RR Emrit",
              "bowler": "Subashis Roy",
              "non_striker": "Mushfiqur Rahim",
              "runs": {
                "batter": 0,
                "extras": 0,
                "total": 0
              }
            },
            {
              "batter": "RR Emrit",
              "bowler": "Subashis Roy",
              "non_striker": "Mushfiqur Rahim",
              "runs": {
                "batter": 1,
                "extras": 0,
                "total": 1
              }
            },
            {
              "batter": "Mushfiqur Rahim",
              "bowler": "Subashis Roy",
              "non_striker": "RR Emrit",
              "runs": {
                "batter": 0,
                "extras": 0,
                "total": 0
              }
            },
            {
              "batter": "Mushfiqur Rahim",
              "bowler": "Subashis Roy",
              "non_striker": "RR Emrit",
              "runs": {
                "batter": 4,
                "extras": 0,
                "total": 4
              }
            },
            {
              "batter": "Mushfiqur Rahim",
              "bowler": "Subashis Roy",
              "non_striker": "RR Emrit",
              "runs": {
                "batter": 1,
                "extras": 0,
                "total": 1
              }
            }
          ]
        },
        {
          "over": 5,
          "deliveries": [
            {
              "batter": "Mushfiqur Rahim",
              "bowler": "Saqlain Sajib",
              "non_striker": "RR Emrit",
              "runs": {
                "batter": 0,
                "extras": 0,
                "total": 0
              }
            },
            {
              "batter": "Mushfiqur Rahim",
              "bowler": "Saqlain Sajib",
              "non_striker": "RR Emrit",
              "runs": {
                "batter": 4,
                "extras": 0,
                "total": 4
              }
            },
            {
              "batter": "Mushfiqur Rahim",
              "bowler": "Saqlain Sajib",
              "non_striker": "RR Emrit",
              "runs": {
                "batter": 6,
                "extras": 0,
                "total": 6
              }
            },
            {
              "batter": "Mushfiqur Rahim",
              "bowler": "Saqlain Sajib",
              "non_striker": "RR Emrit",
              "runs": {
                "batter": 0,
                "extras": 0,
                "total": 0
              }
            },
            {
              "batter": "Mushfiqur Rahim",
              "bowler": "Saqlain Sajib",
              "non_striker": "RR Emrit",
              "runs": {
                "batter": 1,
                "extras": 0,
                "total": 1
              }
            },
            {
              "batter": "RR Emrit",
              "bowler": "Saqlain Sajib",
              "non_striker": "Mushfiqur Rahim",
              "runs": {
                "batter": 0,
                "extras": 0,
                "total": 0
              }
            }
          ]
        },
        {
          "over": 6,
          "deliveries": [
            {
              "batter": "Mushfiqur Rahim",
              "bowler": "Taskin Ahmed",
              "non_striker": "RR Emrit",
              "runs": {
                "batter": 1,
                "extras": 0,
                "total": 1
              }
            },
            {
              "batter": "RR Emrit",
              "bowler": "Taskin Ahmed",
              "non_striker": "Mushfiqur Rahim",
              "runs": {
                "batter": 0,
                "extras": 0,
                "total": 0
              }
            },
            {
              "batter": "RR Emrit",
              "bowler": "Taskin Ahmed",
              "non_striker": "Mushfiqur Rahim",
              "runs": {
                "batter": 0,
                "extras": 0,
                "total": 0
              }
            },
            {
              "batter": "RR Emrit",
              "bowler": "Taskin Ahmed",
              "non_striker": "Mushfiqur Rahim",
              "runs": {
                "batter": 4,
                "extras": 0,
                "total": 4
              }
            },
            {
              "batter": "RR Emrit",
              "bowler": "Taskin Ahmed",
              "non_striker": "Mushfiqur Rahim",
              "runs": {
                "batter": 1,
                "extras": 0,
                "total": 1
              }
            },
            {
              "batter": "Mushfiqur Rahim",
              "bowler": "Taskin Ahmed",
              "non_striker": "RR Emrit",
              "runs": {
                "batter": 0,
                "extras": 0,
                "total": 0
              },
              "wickets": [
                {
                  "player_out": "Mushfiqur Rahim",
                  "fielders": [
                    {
                      "name": "Mohammad Nabi"
                    }
                  ],
                  "kind": "caught"
                }
              ]
            }
          ]
        },
        {
          "over": 7,
          "deliveries": [
            {
              "batter": "NLTC Perera",
              "bowler": "Shoaib Malik",
              "non_striker": "RR Emrit",
              "runs": {
                "batter": 0,
                "extras": 0,
                "total": 0
              }
            },
            {
              "batter": "NLTC Perera",
              "bowler": "Shoaib Malik",
              "non_striker": "RR Emrit",
              "runs": {
                "batter": 0,
                "extras": 0,
                "total": 0
              },
              "wickets": [
                {
                  "player_out": "NLTC Perera",
                  "kind": "bowled"
                }
              ]
            },
            {
              "batter": "Enamul Haque",
              "bowler": "Shoaib Malik",
              "non_striker": "RR Emrit",
              "runs": {
                "batter": 0,
                "extras": 0,
                "total": 0
              }
            },
            {
              "batter": "Enamul Haque",
              "bowler": "Shoaib Malik",
              "non_striker": "RR Emrit",
              "runs": {
                "batter": 0,
                "extras": 0,
                "total": 0
              }
            },
            {
              "batter": "Enamul Haque",
              "bowler": "Shoaib Malik",
              "non_striker": "RR Emrit",
              "runs": {
                "batter": 0,
                "extras": 0,
                "total": 0
              }
            },
            {
              "batter": "Enamul Haque",
              "bowler": "Shoaib Malik",
              "extras": {
                "wides": 1
              },
              "non_striker": "RR Emrit",
              "runs": {
                "batter": 0,
                "extras": 1,
                "total": 1
              }
            },
            {
              "batter": "Enamul Haque",
              "bowler": "Shoaib Malik",
              "extras": {
                "wides": 1
              },
              "non_striker": "RR Emrit",
              "runs": {
                "batter": 0,
                "extras": 1,
                "total": 1
              }
            },
            {
              "batter": "Enamul Haque",
              "bowler": "Shoaib Malik",
              "non_striker": "RR Emrit",
              "runs": {
                "batter": 0,
                "extras": 0,
                "total": 0
              }
            }
          ]
        },
        {
          "over": 8,
          "deliveries": [
            {
              "batter": "RR Emrit",
              "bowler": "Taskin Ahmed",
              "non_striker": "Enamul Haque",
              "runs": {
                "batter": 0,
                "extras": 0,
                "total": 0
              },
              "wickets": [
                {
                  "player_out": "RR Emrit",
                  "kind": "lbw"
                }
              ]
            },
            {
              "batter": "Taijul Islam",
              "bowler": "Taskin Ahmed",
              "extras": {
                "wides": 1
              },
              "non_striker": "Enamul Haque",
              "runs": {
                "batter": 0,
                "extras": 1,
                "total": 1
              }
            },
            {
              "batter": "Taijul Islam",
              "bowler": "Taskin Ahmed",
              "non_striker": "Enamul Haque",
              "runs": {
                "batter": 0,
                "extras": 0,
                "total": 0
              }
            },
            {
              "batter": "Taijul Islam",
              "bowler": "Taskin Ahmed",
              "non_striker": "Enamul Haque",
              "runs": {
                "batter": 0,
                "extras": 0,
                "total": 0
              }
            },
            {
              "batter": "Taijul Islam",
              "bowler": "Taskin Ahmed",
              "non_striker": "Enamul Haque",
              "runs": {
                "batter": 0,
                "extras": 0,
                "total": 0
              }
            },
            {
              "batter": "Taijul Islam",
              "bowler": "Taskin Ahmed",
              "non_striker": "Enamul Haque",
              "runs": {
                "batter": 1,
                "extras": 0,
                "total": 1
              }
            },
            {
              "batter": "Enamul Haque",
              "bowler": "Taskin Ahmed",
              "non_striker": "Taijul Islam",
              "runs": {
                "batter": 1,
                "extras": 0,
                "total": 1
              }
            }
          ]
        },
        {
          "over": 9,
          "deliveries": [
            {
              "batter": "Enamul Haque",
              "bowler": "Shoaib Malik",
              "non_striker": "Taijul Islam",
              "runs": {
                "batter": 2,
                "extras": 0,
                "total": 2
              }
            },
            {
              "batter": "Enamul Haque",
              "bowler": "Shoaib Malik",
              "non_striker": "Taijul Islam",
              "runs": {
                "batter": 0,
                "extras": 0,
                "total": 0
              }
            },
            {
              "batter": "Enamul Haque",
              "bowler": "Shoaib Malik",
              "non_striker": "Taijul Islam",
              "runs": {
                "batter": 6,
                "extras": 0,
                "total": 6
              }
            },
            {
              "batter": "Enamul Haque",
              "bowler": "Shoaib Malik",
              "non_striker": "Taijul Islam",
              "runs": {
                "batter": 0,
                "extras": 0,
                "total": 0
              }
            },
            {
              "batter": "Enamul Haque",
              "bowler": "Shoaib Malik",
              "non_striker": "Taijul Islam",
              "runs": {
                "batter": 1,
                "extras": 0,
                "total": 1
              }
            },
            {
              "batter": "Taijul Islam",
              "bowler": "Shoaib Malik",
              "non_striker": "Enamul Haque",
              "runs": {
                "batter": 4,
                "extras": 0,
                "total": 4
              }
            }
          ]
        },
        {
          "over": 10,
          "deliveries": [
            {
              "batter": "Enamul Haque",
              "bowler": "Taskin Ahmed",
              "non_striker": "Taijul Islam",
              "runs": {
                "batter": 4,
                "extras": 0,
                "total": 4
              }
            },
            {
              "batter": "Enamul Haque",
              "bowler": "Taskin Ahmed",
              "non_striker": "Taijul Islam",
              "runs": {
                "batter": 1,
                "extras": 0,
                "total": 1
              }
            },
            {
              "batter": "Taijul Islam",
              "bowler": "Taskin Ahmed",
              "non_striker": "Enamul Haque",
              "runs": {
                "batter": 1,
                "extras": 0,
                "total": 1
              }
            },
            {
              "batter": "Enamul Haque",
              "bowler": "Taskin Ahmed",
              "non_striker": "Taijul Islam",
              "runs": {
                "batter": 0,
                "extras": 0,
                "total": 0
              }
            },
            {
              "batter": "Enamul Haque",
              "bowler": "Taskin Ahmed",
              "non_striker": "Taijul Islam",
              "runs": {
                "batter": 0,
                "extras": 0,
                "total": 0
              }
            },
            {
              "batter": "Enamul Haque",
              "bowler": "Taskin Ahmed",
              "non_striker": "Taijul Islam",
              "runs": {
                "batter": 0,
                "extras": 0,
                "total": 0
              }
            }
          ]
        },
        {
          "over": 11,
          "deliveries": [
            {
              "batter": "Taijul Islam",
              "bowler": "Mohammad Nabi",
              "non_striker": "Enamul Haque",
              "runs": {
                "batter": 2,
                "extras": 0,
                "total": 2
              }
            },
            {
              "batter": "Taijul Islam",
              "bowler": "Mohammad Nabi",
              "non_striker": "Enamul Haque",
              "runs": {
                "batter": 1,
                "extras": 0,
                "total": 1
              }
            },
            {
              "batter": "Enamul Haque",
              "bowler": "Mohammad Nabi",
              "non_striker": "Taijul Islam",
              "runs": {
                "batter": 0,
                "extras": 0,
                "total": 0
              }
            },
            {
              "batter": "Enamul Haque",
              "bowler": "Mohammad Nabi",
              "non_striker": "Taijul Islam",
              "runs": {
                "batter": 0,
                "extras": 0,
                "total": 0
              }
            },
            {
              "batter": "Enamul Haque",
              "bowler": "Mohammad Nabi",
              "non_striker": "Taijul Islam",
              "runs": {
                "batter": 6,
                "extras": 0,
                "total": 6
              }
            },
            {
              "batter": "Enamul Haque",
              "bowler": "Mohammad Nabi",
              "non_striker": "Taijul Islam",
              "runs": {
                "batter": 1,
                "extras": 0,
                "total": 1
              }
            }
          ]
        },
        {
          "over": 12,
          "deliveries": [
            {
              "batter": "Enamul Haque",
              "bowler": "Imran Khan",
              "non_striker": "Taijul Islam",
              "runs": {
                "batter": 0,
                "extras": 0,
                "total": 0
              }
            },
            {
              "batter": "Enamul Haque",
              "bowler": "Imran Khan",
              "non_striker": "Taijul Islam",
              "runs": {
                "batter": 1,
                "extras": 0,
                "total": 1
              }
            },
            {
              "batter": "Taijul Islam",
              "bowler": "Imran Khan",
              "non_striker": "Enamul Haque",
              "runs": {
                "batter": 1,
                "extras": 0,
                "total": 1
              }
            },
            {
              "batter": "Enamul Haque",
              "bowler": "Imran Khan",
              "non_striker": "Taijul Islam",
              "runs": {
                "batter": 0,
                "extras": 0,
                "total": 0
              }
            },
            {
              "batter": "Enamul Haque",
              "bowler": "Imran Khan",
              "non_striker": "Taijul Islam",
              "runs": {
                "batter": 6,
                "extras": 0,
                "total": 6
              }
            },
            {
              "batter": "Enamul Haque",
              "bowler": "Imran Khan",
              "non_striker": "Taijul Islam",
              "runs": {
                "batter": 0,
                "extras": 0,
                "total": 0
              }
            }
          ]
        },
        {
          "over": 13,
          "deliveries": [
            {
              "batter": "Taijul Islam",
              "bowler": "Subashis Roy",
              "non_striker": "Enamul Haque",
              "runs": {
                "batter": 0,
                "extras": 0,
                "total": 0
              }
            },
            {
              "batter": "Taijul Islam",
              "bowler": "Subashis Roy",
              "non_striker": "Enamul Haque",
              "runs": {
                "batter": 2,
                "extras": 0,
                "total": 2
              }
            },
            {
              "batter": "Taijul Islam",
              "bowler": "Subashis Roy",
              "non_striker": "Enamul Haque",
              "runs": {
                "batter": 0,
                "extras": 0,
                "total": 0
              }
            },
            {
              "batter": "Taijul Islam",
              "bowler": "Subashis Roy",
              "non_striker": "Enamul Haque",
              "runs": {
                "batter": 0,
                "extras": 0,
                "total": 0
              }
            },
            {
              "batter": "Taijul Islam",
              "bowler": "Subashis Roy",
              "non_striker": "Enamul Haque",
              "runs": {
                "batter": 0,
                "extras": 0,
                "total": 0
              },
              "wickets": [
                {
                  "player_out": "Taijul Islam",
                  "fielders": [
                    {
                      "name": "Tamim Iqbal"
                    }
                  ],
                  "kind": "caught"
                }
              ]
            },
            {
              "batter": "Abu Hider",
              "bowler": "Subashis Roy",
              "non_striker": "Enamul Haque",
              "runs": {
                "batter": 0,
                "extras": 0,
                "total": 0
              }
            }
          ]
        },
        {
          "over": 14,
          "deliveries": [
            {
              "batter": "Enamul Haque",
              "bowler": "Imran Khan",
              "non_striker": "Abu Hider",
              "runs": {
                "batter": 0,
                "extras": 0,
                "total": 0
              }
            },
            {
              "batter": "Enamul Haque",
              "bowler": "Imran Khan",
              "non_striker": "Abu Hider",
              "runs": {
                "batter": 0,
                "extras": 0,
                "total": 0
              }
            },
            {
              "batter": "Enamul Haque",
              "bowler": "Imran Khan",
              "non_striker": "Abu Hider",
              "runs": {
                "batter": 1,
                "extras": 0,
                "total": 1
              }
            },
            {
              "batter": "Abu Hider",
              "bowler": "Imran Khan",
              "non_striker": "Enamul Haque",
              "runs": {
                "batter": 0,
                "extras": 0,
                "total": 0
              }
            },
            {
              "batter": "Abu Hider",
              "bowler": "Imran Khan",
              "non_striker": "Enamul Haque",
              "runs": {
                "batter": 4,
                "extras": 0,
                "total": 4
              }
            },
            {
              "batter": "Abu Hider",
              "bowler": "Imran Khan",
              "non_striker": "Enamul Haque",
              "runs": {
                "batter": 0,
                "extras": 0,
                "total": 0
              }
            }
          ]
        },
        {
          "over": 15,
          "deliveries": [
            {
              "batter": "Enamul Haque",
              "bowler": "Taskin Ahmed",
              "non_striker": "Abu Hider",
              "runs": {
                "batter": 0,
                "extras": 0,
                "total": 0
              }
            },
            {
              "batter": "Enamul Haque",
              "bowler": "Taskin Ahmed",
              "non_striker": "Abu Hider",
              "runs": {
                "batter": 1,
                "extras": 0,
                "total": 1
              }
            },
            {
              "batter": "Abu Hider",
              "bowler": "Taskin Ahmed",
              "non_striker": "Enamul Haque",
              "runs": {
                "batter": 4,
                "extras": 0,
                "total": 4
              }
            },
            {
              "batter": "Abu Hider",
              "bowler": "Taskin Ahmed",
              "non_striker": "Enamul Haque",
              "runs": {
                "batter": 0,
                "extras": 0,
                "total": 0
              }
            },
            {
              "batter": "Abu Hider",
              "bowler": "Taskin Ahmed",
              "non_striker": "Enamul Haque",
              "runs": {
                "batter": 0,
                "extras": 0,
                "total": 0
              }
            },
            {
              "batter": "Abu Hider",
              "bowler": "Taskin Ahmed",
              "non_striker": "Enamul Haque",
              "runs": {
                "batter": 0,
                "extras": 0,
                "total": 0
              }
            }
          ]
        },
        {
          "over": 16,
          "deliveries": [
            {
              "batter": "Enamul Haque",
              "bowler": "Imran Khan",
              "non_striker": "Abu Hider",
              "runs": {
                "batter": 1,
                "extras": 0,
                "total": 1
              }
            },
            {
              "batter": "Abu Hider",
              "bowler": "Imran Khan",
              "non_striker": "Enamul Haque",
              "runs": {
                "batter": 1,
                "extras": 0,
                "total": 1
              }
            },
            {
              "batter": "Enamul Haque",
              "bowler": "Imran Khan",
              "non_striker": "Abu Hider",
              "runs": {
                "batter": 1,
                "extras": 0,
                "total": 1
              }
            },
            {
              "batter": "Abu Hider",
              "bowler": "Imran Khan",
              "non_striker": "Enamul Haque",
              "runs": {
                "batter": 0,
                "extras": 0,
                "total": 0
              },
              "wickets": [
                {
                  "player_out": "Abu Hider",
                  "kind": "bowled"
                }
              ]
            },
            {
              "batter": "Kamrul Islam Rabbi",
              "bowler": "Imran Khan",
              "non_striker": "Enamul Haque",
              "runs": {
                "batter": 0,
                "extras": 0,
                "total": 0
              }
            },
            {
              "batter": "Kamrul Islam Rabbi",
              "bowler": "Imran Khan",
              "non_striker": "Enamul Haque",
              "runs": {
                "batter": 0,
                "extras": 0,
                "total": 0
              }
            }
          ]
        },
        {
          "over": 17,
          "deliveries": [
            {
              "batter": "Enamul Haque",
              "bowler": "Saqlain Sajib",
              "non_striker": "Kamrul Islam Rabbi",
              "runs": {
                "batter": 0,
                "extras": 0,
                "total": 0
              }
            },
            {
              "batter": "Enamul Haque",
              "bowler": "Saqlain Sajib",
              "non_striker": "Kamrul Islam Rabbi",
              "runs": {
                "batter": 1,
                "extras": 0,
                "total": 1
              }
            },
            {
              "batter": "Kamrul Islam Rabbi",
              "bowler": "Saqlain Sajib",
              "non_striker": "Enamul Haque",
              "runs": {
                "batter": 0,
                "extras": 0,
                "total": 0
              }
            },
            {
              "batter": "Kamrul Islam Rabbi",
              "bowler": "Saqlain Sajib",
              "non_striker": "Enamul Haque",
              "runs": {
                "batter": 1,
                "extras": 0,
                "total": 1
              }
            },
            {
              "batter": "Enamul Haque",
              "bowler": "Saqlain Sajib",
              "non_striker": "Kamrul Islam Rabbi",
              "runs": {
                "batter": 1,
                "extras": 0,
                "total": 1
              }
            },
            {
              "batter": "Kamrul Islam Rabbi",
              "bowler": "Saqlain Sajib",
              "non_striker": "Enamul Haque",
              "runs": {
                "batter": 2,
                "extras": 0,
                "total": 2
              }
            }
          ]
        },
        {
          "over": 18,
          "deliveries": [
            {
              "batter": "Enamul Haque",
              "bowler": "Imran Khan",
              "non_striker": "Kamrul Islam Rabbi",
              "runs": {
                "batter": 0,
                "extras": 0,
                "total": 0
              }
            },
            {
              "batter": "Enamul Haque",
              "bowler": "Imran Khan",
              "non_striker": "Kamrul Islam Rabbi",
              "runs": {
                "batter": 6,
                "extras": 0,
                "total": 6
              }
            },
            {
              "batter": "Enamul Haque",
              "bowler": "Imran Khan",
              "non_striker": "Kamrul Islam Rabbi",
              "runs": {
                "batter": 1,
                "extras": 0,
                "total": 1
              }
            },
            {
              "batter": "Kamrul Islam Rabbi",
              "bowler": "Imran Khan",
              "non_striker": "Enamul Haque",
              "runs": {
                "batter": 1,
                "extras": 0,
                "total": 1
              },
              "wickets": [
                {
                  "player_out": "Kamrul Islam Rabbi",
                  "fielders": [
                    {
                      "name": "Zakir Hasan"
                    }
                  ],
                  "kind": "run out"
                }
              ]
            }
          ]
        }
      ],
      "powerplays": [
        {
          "from": 0.1,
          "to": 5.6,
          "type": "mandatory"
        }
      ],
      "target": {
        "overs": 20,
        "runs": 186
      }
    }
  ]
}