{
  "meta": {
    "data_version": "1.1.0",
    "created": "2021-11-02",
    "revision": 2
  },
  "info": {
    "balls_per_over": 6,
    "city": "Chattogram",
    "dates": [
      "2016-11-19"
    ],
    "event": {
      "name": "Bangladesh Premier League",
      "match_number": 18
    },
    "gender": "male",
    "match_type": "T20",
    "officials": {
      "match_referees": [
        "Akhtar Ahmad"
      ],
      "reserve_umpires": [
        "Tanvir Ahmed"
      ],
      "tv_umpires": [
        "REJ Martinesz"
      ],
      "umpires": [
        "Khalid Mahmood",
        "Masudur Rahman"
      ]
    },
    "outcome": {
      "winner": "Khulna Titans",
      "by": {
        "runs": 9
      }
    },
    "overs": 20,
    "player_of_match": [
      "Mosharraf Hossain"
    ],
    "players": {
      "Dhaka Dynamites": [
        "Mehedi Maruf",
        "KC Sangakkara",
        "MT Coles",
        "Nasir Hossain",
        "Mosaddek Hossain",
        "Shakib Al Hasan",
        "DJ Bravo",
        "Sunzamul Islam",
        "S Prasanna",
        "Suhrawadi Shuvo",
        "Mohammad Shahid"
      ],
      "Khulna Titans": [
        "ADS Fletcher",
        "Hasanuzzaman",
        "Shuvagata Hom",
        "Mahmudullah",
        "N Pooran",
        "Taibur Rahman",
        "KK Cooper",
        "Junaid Khan",
        "Shafiul Islam",
        "Mosharraf Hossain",
        "Ariful Haque"
      ]
    },
    "registry": {
      "people": {
        "ADS Fletcher": "1bae756b",
        "Akhtar Ahmad": "29859e71",
        "Ariful Haque": "ad1730bc",
        "DJ Bravo": "87e562a9",
        "Hasanuzzaman": "849c9375",
        "Junaid Khan": "086f5984",
        "KC Sangakkara": "6b71e6cf",
        "KK Cooper": "557153ca",
        "Khalid Mahmood": "0b06b921",
        "MT Coles": "e9d5218e",
        "Mahmudullah": "bf1d7d3e",
        "Masudur Rahman": "9581ac6b",
        "Mehedi Maruf": "3361993b",
        "Mohammad Shahid": "c285c86e",
        "Mosaddek Hossain": "8919756f",
        "Mosharraf Hossain": "8eb611d0",
        "N Pooran": "3241e3fd",
        "Nasir Hossain": "6eea0b32",
        "REJ Martinesz": "140cdf29",
        "S Prasanna": "f78e7113",
        "Shafiul Islam": "1a8eebbe",
        "Shakib Al Hasan": "7dc35884",
        "Shuvagata Hom": "bb01f9e0",
        "Suhrawadi Shuvo": "8fb49ef8",
        "Sunzamul Islam": "0f348f58",
        "Taibur Rahman": "561aff5c",
        "Tanvir Ahmed": "ea2df1f1"
      }
    },
    "season": "2016/17",
    "team_type": "club",
    "teams": [
      "Khulna Titans",
      "Dhaka Dynamites"
    ],
    "toss": {
      "decision": "bat",
      "winner": "Khulna Titans"
    },
    "venue": "Zahur Ahmed Chowdhury Stadium, Chittagong"
  },
  "innings": [
    {
      "team": "Khulna Titans",
      "overs": [
        {
          "over": 0,
          "deliveries": [
            {
              "batter": "ADS Fletcher",
              "bowler": "Shakib Al Hasan",
              "extras": {
                "wides": 1
              },
              "non_striker": "Hasanuzzaman",
              "runs": {
                "batter": 0,
                "extras": 1,
                "total": 1
              }
            },
            {
              "batter": "ADS Fletcher",
              "bowler": "Shakib Al Hasan",
              "non_striker": "Hasanuzzaman",
              "runs": {
                "batter": 0,
                "extras": 0,
                "total": 0
              }
            },
            {
              "batter": "ADS Fletcher",
              "bowler": "Shakib Al Hasan",
              "non_striker": "Hasanuzzaman",
              "runs": {
                "batter": 2,
                "extras": 0,
                "total": 2
              }
            },
            {
              "batter": "ADS Fletcher",
              "bowler": "Shakib Al Hasan",
              "non_striker": "Hasanuzzaman",
              "runs": {
                "batter": 0,
                "extras": 0,
                "total": 0
              }
            },
            {
              "batter": "ADS Fletcher",
              "bowler": "Shakib Al Hasan",
              "non_striker": "Hasanuzzaman",
              "runs": {
                "batter": 0,
                "extras": 0,
                "total": 0
              },
              "wickets": [
                {
                  "player_out": "Hasanuzzaman",
                  "fielders": [
                    {
                      "name": "Sunzamul Islam"
                    }
                  ],
                  "kind": "run out"
                }
              ]
            },
            {
              "batter": "Shuvagata Hom",
              "bowler": "Shakib Al Hasan",
              "non_striker": "ADS Fletcher",
              "runs": {
                "batter": 0,
                "extras": 0,
                "total": 0
              }
            },
            {
              "batter": "Shuvagata Hom",
              "bowler": "Shakib Al Hasan",
              "non_striker": "ADS Fletcher",
              "runs": {
                "batter": 0,
                "extras": 0,
                "total": 0
              }
            }
          ]
        },
        {
          "over": 1,
          "deliveries": [
            {
              "batter": "ADS Fletcher",
              "bowler": "Sunzamul Islam",
              "non_striker": "Shuvagata Hom",
              "runs": {
                "batter": 4,
                "extras": 0,
                "total": 4
              }
            },
            {
              "batter": "ADS Fletcher",
              "bowler": "Sunzamul Islam",
              "non_striker": "Shuvagata Hom",
              "runs": {
                "batter": 2,
                "extras": 0,
                "total": 2
              }
            },
            {
              "batter": "ADS Fletcher",
              "bowler": "Sunzamul Islam",
              "non_striker": "Shuvagata Hom",
              "runs": {
                "batter": 0,
                "extras": 0,
                "total": 0
              }
            },
            {
              "batter": "ADS Fletcher",
              "bowler": "Sunzamul Islam",
              "non_striker": "Shuvagata Hom",
              "runs": {
                "batter": 0,
                "extras": 0,
                "total": 0
              }
            },
            {
              "batter": "ADS Fletcher",
              "bowler": "Sunzamul Islam",
              "non_striker": "Shuvagata Hom",
              "runs": {
                "batter": 0,
                "extras": 0,
                "total": 0
              }
            },
            {
              "batter": "ADS Fletcher",
              "bowler": "Sunzamul Islam",
              "non_striker": "Shuvagata Hom",
              "runs": {
                "batter": 1,
                "extras": 0,
                "total": 1
              }
            }
          ]
        },
        {
          "over": 2,
          "deliveries": [
            {
              "batter": "ADS Fletcher",
              "bowler": "Shakib Al Hasan",
              "non_striker": "Shuvagata Hom",
              "runs": {
                "batter": 6,
                "extras": 0,
                "total": 6
              }
            },
            {
              "batter": "ADS Fletcher",
              "bowler": "Shakib Al Hasan",
              "non_striker": "Shuvagata Hom",
              "runs": {
                "batter": 1,
                "extras": 0,
                "total": 1
              }
            },
            {
              "batter": "Shuvagata Hom",
              "bowler": "Shakib Al Hasan",
              "non_striker": "ADS Fletcher",
              "runs": {
                "batter": 0,
                "extras": 0,
                "total": 0
              }
            },
            {
              "batter": "Shuvagata Hom",
              "bowler": "Shakib Al Hasan",
              "non_striker": "ADS Fletcher",
              "runs": {
                "batter": 0,
                "extras": 0,
                "total": 0
              }
            },
            {
              "batter": "Shuvagata Hom",
              "bowler": "Shakib Al Hasan",
              "non_striker": "ADS Fletcher",
              "runs": {
                "batter": 1,
                "extras": 0,
                "total": 1
              }
            },
            {
              "batter": "ADS Fletcher",
              "bowler": "Shakib Al Hasan",
              "non_striker": "Shuvagata Hom",
              "runs": {
                "batter": 1,
                "extras": 0,
                "total": 1
              }
            }
          ]
        },
        {
          "over": 3,
          "deliveries": [
            {
              "batter": "ADS Fletcher",
              "bowler": "Sunzamul Islam",
              "non_striker": "Shuvagata Hom",
              "runs": {
                "batter": 2,
                "extras": 0,
                "total": 2
              }
            },
            {
              "batter": "ADS Fletcher",
              "bowler": "Sunzamul Islam",
              "non_striker": "Shuvagata Hom",
              "runs": {
                "batter": 1,
                "extras": 0,
                "total": 1
              }
            },
            {
              "batter": "Shuvagata Hom",
              "bowler": "Sunzamul Islam",
              "non_striker": "ADS Fletcher",
              "runs": {
                "batter": 0,
                "extras": 0,
                "total": 0
              }
            },
            {
              "batter": "Shuvagata Hom",
              "bowler": "Sunzamul Islam",
              "non_striker": "ADS Fletcher",
              "runs": {
                "batter": 0,
                "extras": 0,
                "total": 0
              }
            },
            {
              "batter": "Shuvagata Hom",
              "bowler": "Sunzamul Islam",
              "non_striker": "ADS Fletcher",
              "runs": {
                "batter": 1,
                "extras": 0,
                "total": 1
              }
            },
            {
              "batter": "ADS Fletcher",
              "bowler": "Sunzamul Islam",
              "non_striker": "Shuvagata Hom",
              "runs": {
                "batter": 0,
                "extras": 0,
                "total": 0
              },
              "wickets": [
                {
                  "player_out": "ADS Fletcher",
                  "fielders": [
                    {
                      "name": "Nasir Hossain"
                    }
                  ],
                  "kind": "caught"
                }
              ]
            }
          ]
        },
        {
          "over": 4,
          "deliveries": [
            {
              "batter": "Mahmudullah",
              "bowler": "MT Coles",
              "non_striker": "Shuvagata Hom",
              "runs": {
                "batter": 1,
                "extras": 0,
                "total": 1
              }
            },
            {
              "batter": "Shuvagata Hom",
              "bowler": "MT Coles",
              "non_striker": "Mahmudullah",
              "runs": {
                "batter": 4,
                "extras": 0,
                "total": 4
              }
            },
            {
              "batter": "Shuvagata Hom",
              "bowler": "MT Coles",
              "non_striker": "Mahmudullah",
              "runs": {
                "batter": 4,
                "extras": 0,
                "total": 4
              }
            },
            {
              "batter": "Shuvagata Hom",
              "bowler": "MT Coles",
              "non_striker": "Mahmudullah",
              "runs": {
                "batter": 1,
                "extras": 0,
                "total": 1
              }
            },
            {
              "batter": "Mahmudullah",
              "bowler": "MT Coles",
              "non_striker": "Shuvagata Hom",
              "runs": {
                "batter": 1,
                "extras": 0,
                "total": 1
              }
            },
            {
              "batter": "Shuvagata Hom",
              "bowler": "MT Coles",
              "non_striker": "Mahmudullah",
              "runs": {
                "batter": 1,
                "extras": 0,
                "total": 1
              }
            }
          ]
        },
        {
          "over": 5,
          "deliveries": [
            {
              "batter": "Shuvagata Hom",
              "bowler": "Sunzamul Islam",
              "non_striker": "Mahmudullah",
              "runs": {
                "batter": 1,
                "extras": 0,
                "total": 1
              }
            },
            {
              "batter": "Mahmudullah",
              "bowler": "Sunzamul Islam",
              "non_striker": "Shuvagata Hom",
              "runs": {
                "batter": 6,
                "extras": 0,
                "total": 6
              }
            },
            {
              "batter": "Mahmudullah",
              "bowler": "Sunzamul Islam",
              "non_striker": "Shuvagata Hom",
              "runs": {
                "batter": 0,
                "extras": 0,
                "total": 0
              }
            },
            {
              "batter": "Mahmudullah",
              "bowler": "Sunzamul Islam",
              "non_striker": "Shuvagata Hom",
              "runs": {
                "batter": 4,
                "extras": 0,
                "total": 4
              }
            },
            {
              "batter": "Mahmudullah",
              "bowler": "Sunzamul Islam",
              "non_striker": "Shuvagata Hom",
              "runs": {
                "batter": 0,
                "extras": 0,
                "total": 0
              }
            },
            {
              "batter": "Mahmudullah",
              "bowler": "Sunzamul Islam",
              "non_striker": "Shuvagata Hom",
              "runs": {
                "batter": 0,
                "extras": 0,
                "total": 0
              }
            }
          ]
        },
        {
          "over": 6,
          "deliveries": [
            {
              "batter": "Shuvagata Hom",
              "bowler": "Shakib Al Hasan",
              "non_striker": "Mahmudullah",
              "runs": {
                "batter": 1,
                "extras": 0,
                "total": 1
              }
            },
            {
              "batter": "Mahmudullah",
              "bowler": "Shakib Al Hasan",
              "non_striker": "Shuvagata Hom",
              "runs": {
                "batter": 2,
                "extras": 0,
                "total": 2
              }
            },
            {
              "batter": "Mahmudullah",
              "bowler": "Shakib Al Hasan",
              "non_striker": "Shuvagata Hom",
              "runs": {
                "batter": 1,
                "extras": 0,
                "total": 1
              }
            },
            {
              "batter": "Shuvagata Hom",
              "bowler": "Shakib Al Hasan",
              "non_striker": "Mahmudullah",
              "runs": {
                "batter": 1,
                "extras": 0,
                "total": 1
              }
            },
            {
              "batter": "Mahmudullah",
              "bowler": "Shakib Al Hasan",
              "non_striker": "Shuvagata Hom",
              "runs": {
                "batter": 0,
                "extras": 0,
                "total": 0
              }
            },
            {
              "batter": "Mahmudullah",
              "bowler": "Shakib Al Hasan",
              "non_striker": "Shuvagata Hom",
              "runs": {
                "batter": 0,
                "extras": 0,
                "total": 0
              }
            }
          ]
        },
        {
          "over": 7,
          "deliveries": [
            {
              "batter": "Shuvagata Hom",
              "bowler": "S Prasanna",
              "non_striker": "Mahmudullah",
              "runs": {
                "batter": 4,
                "extras": 0,
                "total": 4
              }
            },
            {
              "batter": "Shuvagata Hom",
              "bowler": "S Prasanna",
              "non_striker": "Mahmudullah",
              "runs": {
                "batter": 1,
                "extras": 0,
                "total": 1
              }
            },
            {
              "batter": "Mahmudullah",
              "bowler": "S Prasanna",
              "non_striker": "Shuvagata Hom",
              "runs": {
                "batter": 6,
                "extras": 0,
                "total": 6
              }
            },
            {
              "batter": "Mahmudullah",
              "bowler": "S Prasanna",
              "non_striker": "Shuvagata Hom",
              "runs": {
                "batter": 0,
                "extras": 0,
                "total": 0
              }
            },
            {
              "batter": "Mahmudullah",
              "bowler": "S Prasanna",
              "non_striker": "Shuvagata Hom",
              "runs": {
                "batter": 0,
                "extras": 0,
                "total": 0
              }
            },
            {
              "batter": "Mahmudullah",
              "bowler": "S Prasanna",
              "non_striker": "Shuvagata Hom",
              "runs": {
                "batter": 0,
                "extras": 0,
                "total": 0
              }
            }
          ]
        },
        {
          "over": 8,
          "deliveries": [
            {
              "batter": "Shuvagata Hom",
              "bowler": "DJ Bravo",
              "non_striker": "Mahmudullah",
              "runs": {
                "batter": 0,
                "extras": 0,
                "total": 0
              }
            },
            {
              "batter": "Shuvagata Hom",
              "bowler": "DJ Bravo",
              "extras": {
                "wides": 1
              },
              "non_striker": "Mahmudullah",
              "runs": {
                "batter": 0,
                "extras": 1,
                "total": 1
              }
            },
            {
              "batter": "Shuvagata Hom",
              "bowler": "DJ Bravo",
              "non_striker": "Mahmudullah",
              "runs": {
                "batter": 4,
                "extras": 0,
                "total": 4
              }
            },
            {
              "batter": "Shuvagata Hom",
              "bowler": "DJ Bravo",
              "non_striker": "Mahmudullah",
              "runs": {
                "batter": 0,
                "extras": 0,
                "total": 0
              },
              "wickets": [
                {
                  "player_out": "Shuvagata Hom",
                  "kind": "bowled"
                }
              ]
            },
            {
              "batter": "N Pooran",
              "bowler": "DJ Bravo",
              "non_striker": "Mahmudullah",
              "runs": {
                "batter": 1,
                "extras": 0,
                "total": 1
              }
            },
            {
              "batter": "Mahmudullah",
              "bowler": "DJ Bravo",
              "non_striker": "N Pooran",
              "runs": {
                "batter": 0,
                "extras": 0,
                "total": 0
              }
            },
            {
              "batter": "Mahmudullah",
              "bowler": "DJ Bravo",
              "non_striker": "N Pooran",
              "runs": {
                "batter": 1,
                "extras": 0,
                "total": 1
              }
            }
          ]
        },
        {
          "over": 9,
          "deliveries": [
            {
              "batter": "Mahmudullah",
              "bowler": "Mohammad Shahid",
              "non_striker": "N Pooran",
              "runs": {
                "batter": 0,
                "extras": 0,
                "total": 0
              }
            },
            {
              "batter": "Mahmudullah",
              "bowler": "Mohammad Shahid",
              "non_striker": "N Pooran",
              "runs": {
                "batter": 1,
                "extras": 0,
                "total": 1
              }
            },
            {
              "batter": "N Pooran",
              "bowler": "Mohammad Shahid",
              "non_striker": "Mahmudullah",
              "runs": {
                "batter": 0,
                "extras": 0,
                "total": 0
              }
            },
            {
              "batter": "N Pooran",
              "bowler": "Mohammad Shahid",
              "non_striker": "Mahmudullah",
              "runs": {
                "batter": 4,
                "extras": 0,
                "total": 4
              }
            },
            {
              "batter": "N Pooran",
              "bowler": "Mohammad Shahid",
              "non_striker": "Mahmudullah",
              "runs": {
                "batter": 1,
                "extras": 0,
                "total": 1
              }
            },
            {
              "batter": "Mahmudullah",
              "bowler": "Mohammad Shahid",
              "non_striker": "N Pooran",
              "runs": {
                "batter": 1,
                "extras": 0,
                "total": 1
              }
            }
          ]
        },
        {
          "over": 10,
          "deliveries": [
            {
              "batter": "Mahmudullah",
              "bowler": "Nasir Hossain",
              "non_striker": "N Pooran",
              "runs": {
                "batter": 1,
                "extras": 0,
                "total": 1
              }
            },
            {
              "batter": "N Pooran",
              "bowler": "Nasir Hossain",
              "non_striker": "Mahmudullah",
              "runs": {
                "batter": 0,
                "extras": 0,
                "total": 0
              }
            },
            {
              "batter": "N Pooran",
              "bowler": "Nasir Hossain",
              "non_striker": "Mahmudullah",
              "runs": {
                "batter": 6,
                "extras": 0,
                "total": 6
              }
            },
            {
              "batter": "N Pooran",
              "bowler": "Nasir Hossain",
              "non_striker": "Mahmudullah",
              "runs": {
                "batter": 1,
                "extras": 0,
                "total": 1
              }
            },
            {
              "batter": "Mahmudullah",
              "bowler": "Nasir Hossain",
              "non_striker": "N Pooran",
              "runs": {
                "batter": 0,
                "extras": 0,
                "total": 0
              }
            },
            {
              "batter": "Mahmudullah",
              "bowler": "Nasir Hossain",
              "non_striker": "N Pooran",
              "runs": {
                "batter": 0,
                "extras": 0,
                "total": 0
              }
            }
          ]
        },
        {
          "over": 11,
          "deliveries": [
            {
              "batter": "N Pooran",
              "bowler": "DJ Bravo",
              "non_striker": "Mahmudullah",
              "runs": {
                "batter": 1,
                "extras": 0,
                "total": 1
              }
            },
            {
              "batter": "Mahmudullah",
              "bowler": "DJ Bravo",
              "extras": {
                "wides": 1
              },
              "non_striker": "N Pooran",
              "runs": {
                "batter": 0,
                "extras": 1,
                "total": 1
              }
            },
            {
              "batter": "Mahmudullah",
              "bowler": "DJ Bravo",
              "non_striker": "N Pooran",
              "runs": {
                "batter": 1,
                "extras": 0,
                "total": 1
              }
            },
            {
              "batter": "N Pooran",
              "bowler": "DJ Bravo",
              "non_striker": "Mahmudullah",
              "runs": {
                "batter": 0,
                "extras": 0,
                "total": 0
              }
            },
            {
              "batter": "N Pooran",
              "bowler": "DJ Bravo",
              "non_striker": "Mahmudullah",
              "runs": {
                "batter": 0,
                "extras": 0,
                "total": 0
              }
            },
            {
              "batter": "N Pooran",
              "bowler": "DJ Bravo",
              "extras": {
                "wides": 1
              },
              "non_striker": "Mahmudullah",
              "runs": {
                "batter": 0,
                "extras": 1,
                "total": 1
              }
            },
            {
              "batter": "N Pooran",
              "bowler": "DJ Bravo",
              "non_striker": "Mahmudullah",
              "runs": {
                "batter": 0,
                "extras": 0,
                "total": 0
              }
            },
            {
              "batter": "N Pooran",
              "bowler": "DJ Bravo",
              "non_striker": "Mahmudullah",
              "runs": {
                "batter": 1,
                "extras": 0,
                "total": 1
              }
            }
          ]
        },
        {
          "over": 12,
          "deliveries": [
            {
              "batter": "N Pooran",
              "bowler": "MT Coles",
              "non_striker": "Mahmudullah",
              "runs": {
                "batter": 1,
                "extras": 0,
                "total": 1
              }
            },
            {
              "batter": "Mahmudullah",
              "bowler": "MT Coles",
              "non_striker": "N Pooran",
              "runs": {
                "batter": 4,
                "extras": 0,
                "total": 4
              }
            },
            {
              "batter": "Mahmudullah",
              "bowler": "MT Coles",
              "non_striker": "N Pooran",
              "runs": {
                "batter": 0,
                "extras": 0,
                "total": 0
              }
            },
            {
              "batter": "Mahmudullah",
              "bowler": "MT Coles",
              "non_striker": "N Pooran",
              "runs": {
                "batter": 1,
                "extras": 0,
                "total": 1
              }
            },
            {
              "batter": "N Pooran",
              "bowler": "MT Coles",
              "non_striker": "Mahmudullah",
              "runs": {
                "batter": 0,
                "extras": 0,
                "total": 0
              }
            },
            {
              "batter": "N Pooran",
              "bowler": "MT Coles",
              "non_striker": "Mahmudullah",
              "runs": {
                "batter": 0,
                "extras": 0,
                "total": 0
              }
            }
          ]
        },
        {
          "over": 13,
          "deliveries": [
            {
              "batter": "Mahmudullah",
              "bowler": "DJ Bravo",
              "non_striker": "N Pooran",
              "runs": {
                "batter": 1,
                "extras": 0,
                "total": 1
              }
            },
            {
              "batter": "N Pooran",
              "bowler": "DJ Bravo",
              "non_striker": "Mahmudullah",
              "runs": {
                "batter": 0,
                "extras": 0,
                "total": 0
              },
              "wickets": [
                {
                  "player_out": "N Pooran",
                  "fielders": [
                    {
                      "name": "KC Sangakkara"
                    }
                  ],
                  "kind": "caught"
                }
              ]
            },
            {
              "batter": "Taibur Rahman",
              "bowler": "DJ Bravo",
              "non_striker": "Mahmudullah",
              "runs": {
                "batter": 0,
                "extras": 0,
                "total": 0
              }
            },
            {
              "batter": "Taibur Rahman",
              "bowler": "DJ Bravo",
              "non_striker": "Mahmudullah",
              "runs": {
                "batter": 1,
                "extras": 0,
                "total": 1
              }
            },
            {
              "batter": "Mahmudullah",
              "bowler": "DJ Bravo",
              "non_striker": "Taibur Rahman",
              "runs": {
                "batter": 0,
                "extras": 0,
                "total": 0
              }
            },
            {
              "batter": "Mahmudullah",
              "bowler": "DJ Bravo",
              "extras": {
                "wides": 5
              },
              "non_striker": "Taibur Rahman",
              "runs": {
                "batter": 0,
                "extras": 5,
                "total": 5
              }
            },
            {
              "batter": "Mahmudullah",
              "bowler": "DJ Bravo",
              "non_striker": "Taibur Rahman",
              "runs": {
                "batter": 0,
                "extras": 0,
                "total": 0
              }
            }
          ]
        },
        {
          "over": 14,
          "deliveries": [
            {
              "batter": "Taibur Rahman",
              "bowler": "MT Coles",
              "non_striker": "Mahmudullah",
              "runs": {
                "batter": 1,
                "extras": 0,
                "total": 1
              }
            },
            {
              "batter": "Mahmudullah",
              "bowler": "MT Coles",
              "non_striker": "Taibur Rahman",
              "runs": {
                "batter": 2,
                "extras": 0,
                "total": 2
              }
            },
            {
              "batter": "Mahmudullah",
              "bowler": "MT Coles",
              "non_striker": "Taibur Rahman",
              "runs": {
                "batter": 1,
                "extras": 0,
                "total": 1
              }
            },
            {
              "batter": "Taibur Rahman",
              "bowler": "MT Coles",
              "non_striker": "Mahmudullah",
              "runs": {
                "batter": 0,
                "extras": 0,
                "total": 0
              }
            },
            {
              "batter": "Taibur Rahman",
              "bowler": "MT Coles",
              "non_striker": "Mahmudullah",
              "runs": {
                "batter": 2,
                "extras": 0,
                "total": 2
              }
            },
            {
              "batter": "Taibur Rahman",
              "bowler": "MT Coles",
              "non_striker": "Mahmudullah",
              "runs": {
                "batter": 1,
                "extras": 0,
                "total": 1
              }
            }
          ]
        },
        {
          "over": 15,
          "deliveries": [
            {
              "batter": "Taibur Rahman",
              "bowler": "Mohammad Shahid",
              "non_striker": "Mahmudullah",
              "runs": {
                "batter": 0,
                "extras": 0,
                "total": 0
              }
            },
            {
              "batter": "Taibur Rahman",
              "bowler": "Mohammad Shahid",
              "non_striker": "Mahmudullah",
              "runs": {
                "batter": 1,
                "extras": 0,
                "total": 1
              }
            },
            {
              "batter": "Mahmudullah",
              "bowler": "Mohammad Shahid",
              "non_striker": "Taibur Rahman",
              "runs": {
                "batter": 1,
                "extras": 0,
                "total": 1
              }
            },
            {
              "batter": "Taibur Rahman",
              "bowler": "Mohammad Shahid",
              "non_striker": "Mahmudullah",
              "runs": {
                "batter": 4,
                "extras": 0,
                "total": 4
              }
            },
            {
              "batter": "Taibur Rahman",
              "bowler": "Mohammad Shahid",
              "non_striker": "Mahmudullah",
              "runs": {
                "batter": 1,
                "extras": 0,
                "total": 1
              }
            },
            {
              "batter": "Mahmudullah",
              "bowler": "Mohammad Shahid",
              "non_striker": "Taibur Rahman",
              "runs": {
                "batter": 6,
                "extras": 0,
                "total": 6
              }
            }
          ]
        },
        {
          "over": 16,
          "deliveries": [
            {
              "batter": "Taibur Rahman",
              "bowler": "DJ Bravo",
              "non_striker": "Mahmudullah",
              "runs": {
                "batter": 1,
                "extras": 0,
                "total": 1
              }
            },
            {
              "batter": "Mahmudullah",
              "bowler": "DJ Bravo",
              "non_striker": "Taibur Rahman",
              "runs": {
                "batter": 1,
                "extras": 0,
                "total": 1
              }
            },
            {
              "batter": "Taibur Rahman",
              "bowler": "DJ Bravo",
              "extras": {
                "wides": 1
              },
              "non_striker": "Mahmudullah",
              "runs": {
                "batter": 0,
                "extras": 1,
                "total": 1
              }
            },
            {
              "batter": "Taibur Rahman",
              "bowler": "DJ Bravo",
              "non_striker": "Mahmudullah",
              "runs": {
                "batter": 2,
                "extras": 0,
                "total": 2
              }
            },
            {
              "batter": "Taibur Rahman",
              "bowler": "DJ Bravo",
              "non_striker": "Mahmudullah",
              "runs": {
                "batter": 1,
                "extras": 0,
                "total": 1
              }
            },
            {
              "batter": "Mahmudullah",
              "bowler": "DJ Bravo",
              "non_striker": "Taibur Rahman",
              "runs": {
                "batter": 1,
                "extras": 0,
                "total": 1
              }
            },
            {
              "batter": "Taibur Rahman",
              "bowler": "DJ Bravo",
              "non_striker": "Mahmudullah",
              "runs": {
                "batter": 1,
                "extras": 0,
                "total": 1
              }
            }
          ]
        },
        {
          "over": 17,
          "deliveries": [
            {
              "batter": "Taibur Rahman",
              "bowler": "Mohammad Shahid",
              "non_striker": "Mahmudullah",
              "runs": {
                "batter": 0,
                "extras": 0,
                "total": 0
              }
            },
            {
              "batter": "Taibur Rahman",
              "bowler": "Mohammad Shahid",
              "non_striker": "Mahmudullah",
              "runs": {
                "batter": 1,
                "extras": 0,
                "total": 1
              }
            },
            {
              "batter": "Mahmudullah",
              "bowler": "Mohammad Shahid",
              "non_striker": "Taibur Rahman",
              "runs": {
                "batter": 2,
                "extras": 0,
                "total": 2
              }
            },
            {
              "batter": "Mahmudullah",
              "bowler": "Mohammad Shahid",
              "non_striker": "Taibur Rahman",
              "runs": {
                "batter": 1,
                "extras": 0,
                "total": 1
              }
            },
            {
              "batter": "Taibur Rahman",
              "bowler": "Mohammad Shahid",
              "non_striker": "Mahmudullah",
              "runs": {
                "batter": 1,
                "extras": 0,
                "total": 1
              }
            },
            {
              "batter": "Mahmudullah",
              "bowler": "Mohammad Shahid",
              "non_striker": "Taibur Rahman",
              "runs": {
                "batter": 6,
                "extras": 0,
                "total": 6
              }
            }
          ]
        },
        {
          "over": 18,
          "deliveries": [
            {
              "batter": "Taibur Rahman",
              "bowler": "MT Coles",
              "non_striker": "Mahmudullah",
              "runs": {
                "batter": 1,
                "extras": 0,
                "total": 1
              }
            },
            {
              "batter": "Mahmudullah",
              "bowler": "MT Coles",
              "non_striker": "Taibur Rahman",
              "runs": {
                "batter": 1,
                "extras": 0,
                "total": 1
              }
            },
            {
              "batter": "Taibur Rahman",
              "bowler": "MT Coles",
              "non_striker": "Mahmudullah",
              "runs": {
                "batter": 0,
                "extras": 0,
                "total": 0
              }
            },
            {
              "batter": "Taibur Rahman",
              "bowler": "MT Coles",
              "non_striker": "Mahmudullah",
              "runs": {
                "batter": 1,
                "extras": 0,
                "total": 1
              }
            },
            {
              "batter": "Mahmudullah",
              "bowler": "MT Coles",
              "non_striker": "Taibur Rahman",
              "runs": {
                "batter": 4,
                "extras": 0,
                "total": 4
              }
            },
            {
              "batter": "Mahmudullah",
              "bowler": "MT Coles",
              "extras": {
                "legbyes": 1
              },
              "non_striker": "Taibur Rahman",
              "runs": {
                "batter": 0,
                "extras": 1,
                "total": 1
              }
            }
          ]
        },
        {
          "over": 19,
          "deliveries": [
            {
              "batter": "Mahmudullah",
              "bowler": "Mohammad Shahid",
              "non_striker": "Taibur Rahman",
              "runs": {
                "batter": 4,
                "extras": 0,
                "total": 4
              }
            },
            {
              "batter": "Mahmudullah",
              "bowler": "Mohammad Shahid",
              "non_striker": "Taibur Rahman",
              "runs": {
                "batter": 0,
                "extras": 0,
                "total": 0
              },
              "wickets": [
                {
                  "player_out": "Mahmudullah",
                  "fielders": [
                    {
                      "name": "DJ Bravo"
                    }
                  ],
                  "kind": "caught"
                }
              ]
            },
            {
              "batter": "Taibur Rahman",
              "bowler": "Mohammad Shahid",
              "non_striker": "KK Cooper",
              "runs": {
                "batter": 1,
                "extras": 0,
                "total": 1
              }
            },
            {
              "batter": "KK Cooper",
              "bowler": "Mohammad Shahid",
              "non_striker": "Taibur Rahman",
              "runs": {
                "batter": 1,
                "extras": 0,
                "total": 1
              }
            },
            {
              "batter": "Taibur Rahman",
              "bowler": "Mohammad Shahid",
              "extras": {
                "legbyes": 1
              },
              "non_striker": "KK Cooper",
              "runs": {
                "batter": 0,
                "extras": 1,
                "total": 1
              }
            },
            {
              "batter": "KK Cooper",
              "bowler": "Mohammad Shahid",
              "extras": {
                "wides": 1
              },
              "non_striker": "Taibur Rahman",
              "runs": {
                "batter": 0,
                "extras": 1,
                "total": 1
              }
            },
            {
              "batter": "KK Cooper",
              "bowler": "Mohammad Shahid",
              "non_striker": "Taibur Rahman",
              "runs": {
                "batter": 0,
                "extras": 0,
                "total": 0
              }
            }
          ]
        }
      ],
      "powerplays": [
        {
          "from": 0.1,
          "to": 5.6,
          "type": "mandatory"
        }
      ]
    },
    {
      "team": "Dhaka Dynamites",
      "overs": [
        {
          "over": 0,
          "deliveries": [
            {
              "batter": "Mehedi Maruf",
              "bowler": "Junaid Khan",
              "extras": {
                "noballs": 1
              },
              "non_striker": "KC Sangakkara",
              "runs": {
                "batter": 1,
                "extras": 1,
                "total": 2
              }
            },
            {
              "batter": "KC Sangakkara",
              "bowler": "Junaid Khan",
              "non_striker": "Mehedi Maruf",
              "runs": {
                "batter": 0,
                "extras": 0,
                "total": 0
              }
            },
            {
              "batter": "KC Sangakkara",
              "bowler": "Junaid Khan",
              "non_striker": "Mehedi Maruf",
              "runs": {
                "batter": 0,
                "extras": 0,
                "total": 0
              }
            },
            {
              "batter": "KC Sangakkara",
              "bowler": "Junaid Khan",
              "non_striker": "Mehedi Maruf",
              "runs": {
                "batter": 2,
                "extras": 0,
                "total": 2
              }
            },
            {
              "batter": "KC Sangakkara",
              "bowler": "Junaid Khan",
              "extras": {
                "legbyes": 1
              },
              "non_striker": "Mehedi Maruf",
              "runs": {
                "batter": 0,
                "extras": 1,
                "total": 1
              }
            },
            {
              "batter": "Mehedi Maruf",
              "bowler": "Junaid Khan",
              "non_striker": "KC Sangakkara",
              "runs": {
                "batter": 1,
                "extras": 0,
                "total": 1
              }
            },
            {
              "batter": "KC Sangakkara",
              "bowler": "Junaid Khan",
              "non_striker": "Mehedi Maruf",
              "runs": {
                "batter": 0,
                "extras": 0,
                "total": 0
              }
            }
          ]
        },
        {
          "over": 1,
          "deliveries": [
            {
              "batter": "Mehedi Maruf",
              "bowler": "KK Cooper",
              "non_striker": "KC Sangakkara",
              "runs": {
                "batter": 0,
                "extras": 0,
                "total": 0
              }
            },
            {
              "batter": "Mehedi Maruf",
              "bowler": "KK Cooper",
              "non_striker": "KC Sangakkara",
              "runs": {
                "batter": 0,
                "extras": 0,
                "total": 0
              }
            },
            {
              "batter": "Mehedi Maruf",
              "bowler": "KK Cooper",
              "non_striker": "KC Sangakkara",
              "runs": {
                "batter": 4,
                "extras": 0,
                "total": 4
              }
            },
            {
              "batter": "Mehedi Maruf",
              "bowler": "KK Cooper",
              "non_striker": "KC Sangakkara",
              "runs": {
                "batter": 0,
                "extras": 0,
                "total": 0
              },
              "wickets": [
                {
                  "player_out": "Mehedi Maruf",
                  "kind": "lbw"
                }
              ]
            },
            {
              "batter": "MT Coles",
              "bowler": "KK Cooper",
              "non_striker": "KC Sangakkara",
              "runs": {
                "batter": 4,
                "extras": 0,
                "total": 4
              }
            },
            {
              "batter": "MT Coles",
              "bowler": "KK Cooper",
              "non_striker": "KC Sangakkara",
              "runs": {
                "batter": 0,
                "extras": 0,
                "total": 0
              }
            }
          ]
        },
        {
          "over": 2,
          "deliveries": [
            {
              "batter": "KC Sangakkara",
              "bowler": "Junaid Khan",
              "non_striker": "MT Coles",
              "runs": {
                "batter": 0,
                "extras": 0,
                "total": 0
              },
              "wickets": [
                {
                  "player_out": "KC Sangakkara",
                  "fielders": [
                    {
                      "name": "Mahmudullah"
                    }
                  ],
                  "kind": "caught"
                }
              ]
            },
            {
              "batter": "Nasir Hossain",
              "bowler": "Junaid Khan",
              "non_striker": "MT Coles",
              "runs": {
                "batter": 0,
                "extras": 0,
                "total": 0
              }
            },
            {
              "batter": "Nasir Hossain",
              "bowler": "Junaid Khan",
              "non_striker": "MT Coles",
              "runs": {
                "batter": 0,
                "extras": 0,
                "total": 0
              }
            },
            {
              "batter": "Nasir Hossain",
              "bowler": "Junaid Khan",
              "non_striker": "MT Coles",
              "runs": {
                "batter": 0,
                "extras": 0,
                "total": 0
              }
            },
            {
              "batter": "Nasir Hossain",
              "bowler": "Junaid Khan",
              "non_striker": "MT Coles",
              "runs": {
                "batter": 4,
                "extras": 0,
                "total": 4
              }
            },
            {
              "batter": "Nasir Hossain",
              "bowler": "Junaid Khan",
              "non_striker": "MT Coles",
              "runs": {
                "batter": 0,
                "extras": 0,
                "total": 0
              }
            }
          ]
        },
        {
          "over": 3,
          "deliveries": [
            {
              "batter": "MT Coles",
              "bowler": "Shafiul Islam",
              "non_striker": "Nasir Hossain",
              "runs": {
                "batter": 0,
                "extras": 0,
                "total": 0
              }
            },
            {
              "batter": "MT Coles",
              "bowler": "Shafiul Islam",
              "non_striker": "Nasir Hossain",
              "runs": {
                "batter": 0,
                "extras": 0,
                "total": 0
              }
            },
            {
              "batter": "MT Coles",
              "bowler": "Shafiul Islam",
              "non_striker": "Nasir Hossain",
              "runs": {
                "batter": 1,
                "extras": 0,
                "total": 1
              }
            },
            {
              "batter": "Nasir Hossain",
              "bowler": "Shafiul Islam",
              "non_striker": "MT Coles",
              "runs": {
                "batter": 2,
                "extras": 0,
                "total": 2
              }
            },
            {
              "batter": "Nasir Hossain",
              "bowler": "Shafiul Islam",
              "non_striker": "MT Coles",
              "runs": {
                "batter": 1,
                "extras": 0,
                "total": 1
              }
            },
            {
              "batter": "MT Coles",
              "bowler": "Shafiul Islam",
              "non_striker": "Nasir Hossain",
              "runs": {
                "batter": 0,
                "extras": 0,
                "total": 0
              }
            }
          ]
        },
        {
          "over": 4,
          "deliveries": [
            {
              "batter": "Nasir Hossain",
              "bowler": "KK Cooper",
              "non_striker": "MT Coles",
              "runs": {
                "batter": 0,
                "extras": 0,
                "total": 0
              },
              "wickets": [
                {
                  "player_out": "Nasir Hossain",
                  "fielders": [
                    {
                      "name": "Shafiul Islam"
                    }
                  ],
                  "kind": "caught"
                }
              ]
            },
            {
              "batter": "Mosaddek Hossain",
              "bowler": "KK Cooper",
              "non_striker": "MT Coles",
              "runs": {
                "batter": 0,
                "extras": 0,
                "total": 0
              }
            },
            {
              "batter": "Mosaddek Hossain",
              "bowler": "KK Cooper",
              "non_striker": "MT Coles",
              "runs": {
                "batter": 0,
                "extras": 0,
                "total": 0
              }
            },
            {
              "batter": "Mosaddek Hossain",
              "bowler": "KK Cooper",
              "non_striker": "MT Coles",
              "runs": {
                "batter": 0,
                "extras": 0,
                "total": 0
              }
            },
            {
              "batter": "Mosaddek Hossain",
              "bowler": "KK Cooper",
              "non_striker": "MT Coles",
              "runs": {
                "batter": 1,
                "extras": 0,
                "total": 1
              }
            },
            {
              "batter": "MT Coles",
              "bowler": "KK Cooper",
              "non_striker": "Mosaddek Hossain",
              "runs": {
                "batter": 6,
                "extras": 0,
                "total": 6
              }
            }
          ]
        },
        {
          "over": 5,
          "deliveries": [
            {
              "batter": "Mosaddek Hossain",
              "bowler": "Shafiul Islam",
              "non_striker": "MT Coles",
              "runs": {
                "batter": 1,
                "extras": 0,
                "total": 1
              }
            },
            {
              "batter": "MT Coles",
              "bowler": "Shafiul Islam",
              "non_striker": "Mosaddek Hossain",
              "runs": {
                "batter": 0,
                "extras": 0,
                "total": 0
              }
            },
            {
              "batter": "MT Coles",
              "bowler": "Shafiul Islam",
              "non_striker": "Mosaddek Hossain",
              "runs": {
                "batter": 0,
                "extras": 0,
                "total": 0
              },
              "wickets": [
                {
                  "player_out": "MT Coles",
                  "kind": "bowled"
                }
              ]
            },
            {
              "batter": "Shakib Al Hasan",
              "bowler": "Shafiul Islam",
              "non_striker": "Mosaddek Hossain",
              "runs": {
                "batter": 0,
                "extras": 0,
                "total": 0
              }
            },
            {
              "batter": "Shakib Al Hasan",
              "bowler": "Shafiul Islam",
              "non_striker": "Mosaddek Hossain",
              "runs": {
                "batter": 0,
                "extras": 0,
                "total": 0
              }
            },
            {
              "batter": "Shakib Al Hasan",
              "bowler": "Shafiul Islam",
              "non_striker": "Mosaddek Hossain",
              "runs": {
                "batter": 0,
                "extras": 0,
                "total": 0
              }
            }
          ]
        },
        {
          "over": 6,
          "deliveries": [
            {
              "batter": "Mosaddek Hossain",
              "bowler": "Ariful Haque",
              "non_striker": "Shakib Al Hasan",
              "runs": {
                "batter": 1,
                "extras": 0,
                "total": 1
              }
            },
            {
              "batter": "Shakib Al Hasan",
              "bowler": "Ariful Haque",
              "non_striker": "Mosaddek Hossain",
              "runs": {
                "batter": 1,
                "extras": 0,
                "total": 1
              }
            },
            {
              "batter": "Mosaddek Hossain",
              "bowler": "Ariful Haque",
              "non_striker": "Shakib Al Hasan",
              "runs": {
                "batter": 1,
                "extras": 0,
                "total": 1
              }
            },
            {
              "batter": "Shakib Al Hasan",
              "bowler": "Ariful Haque",
              "non_striker": "Mosaddek Hossain",
              "runs": {
                "batter": 1,
                "extras": 0,
                "total": 1
              }
            },
            {
              "batter": "Mosaddek Hossain",
              "bowler": "Ariful Haque",
              "extras": {
                "wides": 1
              },
              "non_striker": "Shakib Al Hasan",
              "runs": {
                "batter": 0,
                "extras": 1,
                "total": 1
              }
            },
            {
              "batter": "Mosaddek Hossain",
              "bowler": "Ariful Haque",
              "extras": {
                "legbyes": 1
              },
              "non_striker": "Shakib Al Hasan",
              "runs": {
                "batter": 0,
                "extras": 1,
                "total": 1
              }
            },
            {
              "batter": "Shakib Al Hasan",
              "bowler": "Ariful Haque",
              "extras": {
                "noballs": 1
              },
              "non_striker": "Mosaddek Hossain",
              "runs": {
                "batter": 1,
                "extras": 1,
                "total": 2
              }
            },
            {
              "batter": "Mosaddek Hossain",
              "bowler": "Ariful Haque",
              "non_striker": "Shakib Al Hasan",
              "runs": {
                "batter": 0,
                "extras": 0,
                "total": 0
              }
            }
          ]
        },
        {
          "over": 7,
          "deliveries": [
            {
              "batter": "Shakib Al Hasan",
              "bowler": "Shuvagata Hom",
              "non_striker": "Mosaddek Hossain",
              "runs": {
                "batter": 1,
                "extras": 0,
                "total": 1
              }
            },
            {
              "batter": "Mosaddek Hossain",
              "bowler": "Shuvagata Hom",
              "non_striker": "Shakib Al Hasan",
              "runs": {
                "batter": 0,
                "extras": 0,
                "total": 0
              }
            },
            {
              "batter": "Mosaddek Hossain",
              "bowler": "Shuvagata Hom",
              "non_striker": "Shakib Al Hasan",
              "runs": {
                "batter": 6,
                "extras": 0,
                "total": 6
              }
            },
            {
              "batter": "Mosaddek Hossain",
              "bowler": "Shuvagata Hom",
              "non_striker": "Shakib Al Hasan",
              "runs": {
                "batter": 1,
                "extras": 0,
                "total": 1
              }
            },
            {
              "batter": "Shakib Al Hasan",
              "bowler": "Shuvagata Hom",
              "non_striker": "Mosaddek Hossain",
              "runs": {
                "batter": 1,
                "extras": 0,
                "total": 1
              }
            },
            {
              "batter": "Mosaddek Hossain",
              "bowler": "Shuvagata Hom",
              "non_striker": "Shakib Al Hasan",
              "runs": {
                "batter": 6,
                "extras": 0,
                "total": 6
              }
            }
          ]
        },
        {
          "over": 8,
          "deliveries": [
            {
              "batter": "Shakib Al Hasan",
              "bowler": "Ariful Haque",
              "non_striker": "Mosaddek Hossain",
              "runs": {
                "batter": 1,
                "extras": 0,
                "total": 1
              }
            },
            {
              "batter": "Mosaddek Hossain",
              "bowler": "Ariful Haque",
              "non_striker": "Shakib Al Hasan",
              "runs": {
                "batter": 1,
                "extras": 0,
                "total": 1
              }
            },
            {
              "batter": "Shakib Al Hasan",
              "bowler": "Ariful Haque",
              "non_striker": "Mosaddek Hossain",
              "runs": {
                "batter": 1,
                "extras": 0,
                "total": 1
              }
            },
            {
              "batter": "Mosaddek Hossain",
              "bowler": "Ariful Haque",
              "non_striker": "Shakib Al Hasan",
              "runs": {
                "batter": 4,
                "extras": 0,
                "total": 4
              }
            },
            {
              "batter": "Mosaddek Hossain",
              "bowler": "Ariful Haque",
              "non_striker": "Shakib Al Hasan",
              "runs": {
                "batter": 4,
                "extras": 0,
                "total": 4
              }
            },
            {
              "batter": "Mosaddek Hossain",
              "bowler": "Ariful Haque",
              "non_striker": "Shakib Al Hasan",
              "runs": {
                "batter": 2,
                "extras": 0,
                "total": 2
              }
            }
          ]
        },
        {
          "over": 9,
          "deliveries": [
            {
              "batter": "Shakib Al Hasan",
              "bowler": "Mosharraf Hossain",
              "non_striker": "Mosaddek Hossain",
              "runs": {
                "batter": 0,
                "extras": 0,
                "total": 0
              }
            },
            {
              "batter": "Shakib Al Hasan",
              "bowler": "Mosharraf Hossain",
              "non_striker": "Mosaddek Hossain",
              "runs": {
                "batter": 1,
                "extras": 0,
                "total": 1
              }
            },
            {
              "batter": "Mosaddek Hossain",
              "bowler": "Mosharraf Hossain",
              "non_striker": "Shakib Al Hasan",
              "runs": {
                "batter": 1,
                "extras": 0,
                "total": 1
              }
            },
            {
              "batter": "Shakib Al Hasan",
              "bowler": "Mosharraf Hossain",
              "non_striker": "Mosaddek Hossain",
              "runs": {
                "batter": 0,
                "extras": 0,
                "total": 0
              },
              "wickets": [
                {
                  "player_out": "Shakib Al Hasan",
                  "kind": "bowled"
                }
              ]
            },
            {
              "batter": "DJ Bravo",
              "bowler": "Mosharraf Hossain",
              "non_striker": "Mosaddek Hossain",
              "runs": {
                "batter": 0,
                "extras": 0,
                "total": 0
              }
            },
            {
              "batter": "DJ Bravo",
              "bowler": "Mosharraf Hossain",
              "non_striker": "Mosaddek Hossain",
              "runs": {
                "batter": 0,
                "extras": 0,
                "total": 0
              }
            }
          ]
        },
        {
          "over": 10,
          "deliveries": [
            {
              "batter": "Mosaddek Hossain",
              "bowler": "Taibur Rahman",
              "non_striker": "DJ Bravo",
              "runs": {
                "batter": 1,
                "extras": 0,
                "total": 1
              }
            },
            {
              "batter": "DJ Bravo",
              "bowler": "Taibur Rahman",
              "non_striker": "Mosaddek Hossain",
              "runs": {
                "batter": 0,
                "extras": 0,
                "total": 0
              }
            },
            {
              "batter": "DJ Bravo",
              "bowler": "Taibur Rahman",
              "non_striker": "Mosaddek Hossain",
              "runs": {
                "batter": 4,
                "extras": 0,
                "total": 4
              }
            },
            {
              "batter": "DJ Bravo",
              "bowler": "Taibur Rahman",
              "non_striker": "Mosaddek Hossain",
              "runs": {
                "batter": 0,
                "extras": 0,
                "total": 0
              }
            },
            {
              "batter": "DJ Bravo",
              "bowler": "Taibur Rahman",
              "non_striker": "Mosaddek Hossain",
              "runs": {
                "batter": 0,
                "extras": 0,
                "total": 0
              },
              "wickets": [
                {
                  "player_out": "DJ Bravo",
                  "fielders": [
                    {
                      "name": "Junaid Khan"
                    }
                  ],
                  "kind": "caught"
                }
              ]
            },
            {
              "batter": "Sunzamul Islam",
              "bowler": "Taibur Rahman",
              "non_striker": "Mosaddek Hossain",
              "runs": {
                "batter": 0,
                "extras": 0,
                "total": 0
              }
            }
          ]
        },
        {
          "over": 11,
          "deliveries": [
            {
              "batter": "Mosaddek Hossain",
              "bowler": "Mosharraf Hossain",
              "non_striker": "Sunzamul Islam",
              "runs": {
                "batter": 1,
                "extras": 0,
                "total": 1
              }
            },
            {
              "batter": "Sunzamul Islam",
              "bowler": "Mosharraf Hossain",
              "non_striker": "Mosaddek Hossain",
              "runs": {
                "batter": 0,
                "extras": 0,
                "total": 0
              }
            },
            {
              "batter": "Sunzamul Islam",
              "bowler": "Mosharraf Hossain",
              "non_striker": "Mosaddek Hossain",
              "runs": {
                "batter": 1,
                "extras": 0,
                "total": 1
              }
            },
            {
              "batter": "Mosaddek Hossain",
              "bowler": "Mosharraf Hossain",
              "non_striker": "Sunzamul Islam",
              "runs": {
                "batter": 0,
                "extras": 0,
                "total": 0
              }
            },
            {
              "batter": "Mosaddek Hossain",
              "bowler": "Mosharraf Hossain",
              "non_striker": "Sunzamul Islam",
              "runs": {
                "batter": 0,
                "extras": 0,
                "total": 0
              }
            },
            {
              "batter": "Mosaddek Hossain",
              "bowler": "Mosharraf Hossain",
              "non_striker": "Sunzamul Islam",
              "runs": {
                "batter": 1,
                "extras": 0,
                "total": 1
              }
            }
          ]
        },
        {
          "over": 12,
          "deliveries": [
            {
              "batter": "Mosaddek Hossain",
              "bowler": "Shafiul Islam",
              "non_striker": "Sunzamul Islam",
              "runs": {
                "batter": 0,
                "extras": 0,
                "total": 0
              }
            },
            {
              "batter": "Mosaddek Hossain",
              "bowler": "Shafiul Islam",
              "non_striker": "Sunzamul Islam",
              "runs": {
                "batter": 1,
                "extras": 0,
                "total": 1
              }
            },
            {
              "batter": "Sunzamul Islam",
              "bowler": "Shafiul Islam",
              "non_striker": "Mosaddek Hossain",
              "runs": {
                "batter": 0,
                "extras": 0,
                "total": 0
              }
            },
            {
              "batter": "Sunzamul Islam",
              "bowler": "Shafiul Islam",
              "non_striker": "Mosaddek Hossain",
              "runs": {
                "batter": 1,
                "extras": 0,
                "total": 1
              }
            },
            {
              "batter": "Mosaddek Hossain",
              "bowler": "Shafiul Islam",
              "non_striker": "Sunzamul Islam",
              "runs": {
                "batter": 1,
                "extras": 0,
                "total": 1
              }
            },
            {
              "batter": "Sunzamul Islam",
              "bowler": "Shafiul Islam",
              "non_striker": "Mosaddek Hossain",
              "runs": {
                "batter": 1,
                "extras": 0,
                "total": 1
              }
            }
          ]
        },
        {
          "over": 13,
          "deliveries": [
            {
              "batter": "Sunzamul Islam",
              "bowler": "Mosharraf Hossain",
              "non_striker": "Mosaddek Hossain",
              "runs": {
                "batter": 1,
                "extras": 0,
                "total": 1
              }
            },
            {
              "batter": "Mosaddek Hossain",
              "bowler": "Mosharraf Hossain",
              "non_striker": "Sunzamul Islam",
              "runs": {
                "batter": 1,
                "extras": 0,
                "total": 1
              }
            },
            {
              "batter": "Sunzamul Islam",
              "bowler": "Mosharraf Hossain",
              "non_striker": "Mosaddek Hossain",
              "runs": {
                "batter": 1,
                "extras": 0,
                "total": 1
              }
            },
            {
              "batter": "Mosaddek Hossain",
              "bowler": "Mosharraf Hossain",
              "non_striker": "Sunzamul Islam",
              "runs": {
                "batter": 0,
                "extras": 0,
                "total": 0
              },
              "wickets": [
                {
                  "player_out": "Mosaddek Hossain",
                  "fielders": [
                    {
                      "name": "Shuvagata Hom"
                    }
                  ],
                  "kind": "caught"
                }
              ]
            },
            {
              "batter": "S Prasanna",
              "bowler": "Mosharraf Hossain",
              "non_striker": "Sunzamul Islam",
              "runs": {
                "batter": 0,
                "extras": 0,
                "total": 0
              }
            },
            {
              "batter": "S Prasanna",
              "bowler": "Mosharraf Hossain",
              "non_striker": "Sunzamul Islam",
              "runs": {
                "batter": 6,
                "extras": 0,
                "total": 6
              }
            }
          ]
        },
        {
          "over": 14,
          "deliveries": [
            {
              "batter": "Sunzamul Islam",
              "bowler": "Junaid Khan",
              "non_striker": "S Prasanna",
              "runs": {
                "batter": 1,
                "extras": 0,
                "total": 1
              }
            },
            {
              "batter": "S Prasanna",
              "bowler": "Junaid Khan",
              "non_striker": "Sunzamul Islam",
              "runs": {
                "batter": 0,
                "extras": 0,
                "total": 0
              }
            },
            {
              "batter": "S Prasanna",
              "bowler": "Junaid Khan",
              "non_striker": "Sunzamul Islam",
              "runs": {
                "batter": 1,
                "extras": 0,
                "total": 1
              }
            },
            {
              "batter": "Sunzamul Islam",
              "bowler": "Junaid Khan",
              "non_striker": "S Prasanna",
              "runs": {
                "batter": 1,
                "extras": 0,
                "total": 1
              }
            },
            {
              "batter": "S Prasanna",
              "bowler": "Junaid Khan",
              "non_striker": "Sunzamul Islam",
              "runs": {
                "batter": 0,
                "extras": 0,
                "total": 0
              }
            },
            {
              "batter": "S Prasanna",
              "bowler": "Junaid Khan",
              "non_striker": "Sunzamul Islam",
              "runs": {
                "batter": 1,
                "extras": 0,
                "total": 1
              }
            }
          ]
        },
        {
          "over": 15,
          "deliveries": [
            {
              "batter": "S Prasanna",
              "bowler": "KK Cooper",
              "non_striker": "Sunzamul Islam",
              "runs": {
                "batter": 6,
                "extras": 0,
                "total": 6
              }
            },
            {
              "batter": "S Prasanna",
              "bowler": "KK Cooper",
              "non_striker": "Sunzamul Islam",
              "runs": {
                "batter": 1,
                "extras": 0,
                "total": 1
              }
            },
            {
              "batter": "Sunzamul Islam",
              "bowler": "KK Cooper",
              "extras": {
                "wides": 1
              },
              "non_striker": "S Prasanna",
              "runs": {
                "batter": 0,
                "extras": 1,
                "total": 1
              }
            },
            {
              "batter": "Sunzamul Islam",
              "bowler": "KK Cooper",
              "extras": {
                "legbyes": 1
              },
              "non_striker": "S Prasanna",
              "runs": {
                "batter": 0,
                "extras": 1,
                "total": 1
              }
            },
            {
              "batter": "S Prasanna",
              "bowler": "KK Cooper",
              "non_striker": "Sunzamul Islam",
              "runs": {
                "batter": 6,
                "extras": 0,
                "total": 6
              }
            },
            {
              "batter": "S Prasanna",
              "bowler": "KK Cooper",
              "non_striker": "Sunzamul Islam",
              "runs": {
                "batter": 0,
                "extras": 0,
                "total": 0
              }
            },
            {
              "batter": "S Prasanna",
              "bowler": "KK Cooper",
              "non_striker": "Sunzamul Islam",
              "runs": {
                "batter": 6,
                "extras": 0,
                "total": 6
              }
            }
          ]
        },
        {
          "over": 16,
          "deliveries": [
            {
              "batter": "Sunzamul Islam",
              "bowler": "Shafiul Islam",
              "non_striker": "S Prasanna",
              "runs": {
                "batter": 0,
                "extras": 0,
                "total": 0
              }
            },
            {
              "batter": "Sunzamul Islam",
              "bowler": "Shafiul Islam",
              "non_striker": "S Prasanna",
              "runs": {
                "batter": 1,
                "extras": 0,
                "total": 1
              }
            },
            {
              "batter": "S Prasanna",
              "bowler": "Shafiul Islam",
              "non_striker": "Sunzamul Islam",
              "runs": {
                "batter": 6,
                "extras": 0,
                "total": 6
              }
            },
            {
              "batter": "S Prasanna",
              "bowler": "Shafiul Islam",
              "non_striker": "Sunzamul Islam",
              "runs": {
                "batter": 0,
                "extras": 0,
                "total": 0
              }
            },
            {
              "batter": "S Prasanna",
              "bowler": "Shafiul Islam",
              "non_striker": "Sunzamul Islam",
              "runs": {
                "batter": 1,
                "extras": 0,
                "total": 1
              }
            },
            {
              "batter": "Sunzamul Islam",
              "bowler": "Shafiul Islam",
              "non_striker": "S Prasanna",
              "runs": {
                "batter": 4,
                "extras": 0,
                "total": 4
              }
            }
          ]
        },
        {
          "over": 17,
          "deliveries": [
            {
              "batter": "S Prasanna",
              "bowler": "Mosharraf Hossain",
              "non_striker": "Sunzamul Islam",
              "runs": {
                "batter": 6,
                "extras": 0,
                "total": 6
              }
            },
            {
              "batter": "S Prasanna",
              "bowler": "Mosharraf Hossain",
              "non_striker": "Sunzamul Islam",
              "runs": {
                "batter": 6,
                "extras": 0,
                "total": 6
              }
            },
            {
              "batter": "S Prasanna",
              "bowler": "Mosharraf Hossain",
              "non_striker": "Sunzamul Islam",
              "runs": {
                "batter": 1,
                "extras": 0,
                "total": 1
              }
            },
            {
              "batter": "Sunzamul Islam",
              "bowler": "Mosharraf Hossain",
              "non_striker": "S Prasanna",
              "runs": {
                "batter": 0,
                "extras": 0,
                "total": 0
              },
              "wickets": [
                {
                  "player_out": "Sunzamul Islam",
                  "fielders": [
                    {
                      "name": "Taibur Rahman"
                    }
                  ],
                  "kind": "caught"
                }
              ]
            },
            {
              "batter": "S Prasanna",
              "bowler": "Mosharraf Hossain",
              "non_striker": "Suhrawadi Shuvo",
              "runs": {
                "batter": 3,
                "extras": 0,
                "total": 3
              }
            },
            {
              "batter": "Suhrawadi Shuvo",
              "bowler": "Mosharraf Hossain",
              "non_striker": "S Prasanna",
              "runs": {
                "batter": 1,
                "extras": 0,
                "total": 1
              }
            }
          ]
        },
        {
          "over": 18,
          "deliveries": [
            {
              "batter": "Suhrawadi Shuvo",
              "bowler": "Junaid Khan",
              "non_striker": "S Prasanna",
              "runs": {
                "batter": 1,
                "extras": 0,
                "total": 1
              }
            },
            {
              "batter": "S Prasanna",
              "bowler": "Junaid Khan",
              "non_striker": "Suhrawadi Shuvo",
              "runs": {
                "batter": 1,
                "extras": 0,
                "total": 1
              }
            },
            {
              "batter": "Suhrawadi Shuvo",
              "bowler": "Junaid Khan",
              "non_striker": "S Prasanna",
              "runs": {
                "batter": 0,
                "extras": 0,
                "total": 0
              },
              "wickets": [
                {
                  "player_out": "Suhrawadi Shuvo",
                  "fielders": [
                    {
                      "name": "Junaid Khan"
                    }
                  ],
                  "kind": "run out"
                }
              ]
            },
            {
              "batter": "S Prasanna",
              "bowler": "Junaid Khan",
              "non_striker": "Mohammad Shahid",
              "runs": {
                "batter": 1,
                "extras": 0,
                "total": 1
              }
            },
            {
              "batter": "Mohammad Shahid",
              "bowler": "Junaid Khan",
              "non_striker": "S Prasanna",
              "runs": {
                "batter": 1,
                "extras": 0,
                "total": 1
              }
            },
            {
              "batter": "S Prasanna",
              "bowler": "Junaid Khan",
              "non_striker": "Mohammad Shahid",
              "runs": {
                "batter": 1,
                "extras": 0,
                "total": 1
              }
            }
          ]
        },
        {
          "over": 19,
          "deliveries": [
            {
              "batter": "S Prasanna",
              "bowler": "KK Cooper",
              "non_striker": "Mohammad Shahid",
              "runs": {
                "batter": 0,
                "extras": 0,
                "total": 0
              },
              "wickets": [
                {
                  "player_out": "S Prasanna",
                  "fielders": [
                    {
                      "name": "Ariful Haque"
                    }
                  ],
                  "kind": "caught"
                }
              ]
            }
          ]
        }
      ],
      "powerplays": [
        {
          "from": 0.1,
          "to": 5.6,
          "type": "mandatory"
        }
      ],
      "target": {
        "overs": 20,
        "runs": 158
      }
    }
  ]
}