{
  "meta": {
    "data_version": "1.1.0",
    "created": "2021-11-02",
    "revision": 3
  },
  "info": {
    "balls_per_over": 6,
    "city": "Dhaka",
    "dates": [
      "2016-11-27"
    ],
    "event": {
      "name": "Bangladesh Premier League",
      "match_number": 29
    },
    "gender": "male",
    "match_type": "T20",
    "officials": {
      "match_referees": [
        "Akhtar Ahmad"
      ],
      "reserve_umpires": [
        "Mahfuzur Rahman"
      ],
      "tv_umpires": [
        "REJ Martinesz"
      ],
      "umpires": [
        "Khalid Mahmood",
        "Masudur Rahman"
      ]
    },
    "outcome": {
      "winner": "Dhaka Dynamites",
      "by": {
        "wickets": 4
      }
    },
    "overs": 20,
    "player_of_match": [
      "Shakib Al Hasan"
    ],
    "players": {
      "Barisal Bulls": [
        "Shahriar Nafees",
        "EMDY Munaweera",
        "BMAJ Mendis",
        "Mushfiqur Rahim",
        "Nadif Chowdhury",
        "NLTC Perera",
        "Enamul Haque",
        "Rumman Raees",
        "Taijul Islam",
        "Monir Hossain",
        "Kamrul Islam Rabbi"
      ],
      "Dhaka Dynamites": [
        "Mehedi Maruf",
        "KC Sangakkara",
        "Shakib Al Hasan",
        "Nasir Hossain",
        "Mosaddek Hossain",
        "S Prasanna",
        "RS Bopara",
        "DJ Bravo",
        "Abu Jayed",
        "Sunzamul Islam",
        "Alauddin Babu"
      ]
    },
    "registry": {
      "people": {
        "Abu Jayed": "1bb0993e",
        "Akhtar Ahmad": "29859e71",
        "Alauddin Babu": "721032ec",
        "BMAJ Mendis": "9868bc75",
        "DJ Bravo": "87e562a9",
        "EMDY Munaweera": "5a22d91c",
        "Enamul Haque": "7d6c0891",
        "KC Sangakkara": "6b71e6cf",
        "Kamrul Islam Rabbi": "f7e9a562",
        "Khalid Mahmood": "0b06b921",
        "Mahfuzur Rahman": "3275b68b",
        "Masudur Rahman": "9581ac6b",
        "Mehedi Maruf": "3361993b",
        "Monir Hossain": "760f445b",
        "Mosaddek Hossain": "8919756f",
        "Mushfiqur Rahim": "a94e08ea",
        "NLTC Perera": "0f12f9df",
        "Nadif Chowdhury": "d6ac6545",
        "Nasir Hossain": "6eea0b32",
        "REJ Martinesz": "140cdf29",
        "RS Bopara": "7ca5e05d",
        "Rumman Raees": "1c790f4f",
        "S Prasanna": "f78e7113",
        "Shahriar Nafees": "b9c225c2",
        "Shakib Al Hasan": "7dc35884",
        "Sunzamul Islam": "0f348f58",
        "Taijul Islam": "9d1d34bd"
      }
    },
    "season": "2016/17",
    "team_type": "club",
    "teams": [
      "Barisal Bulls",
      "Dhaka Dynamites"
    ],
    "toss": {
      "decision": "bat",
      "winner": "Barisal Bulls"
    },
    "venue": "Shere Bangla National Stadium, Mirpur"
  },
  "innings": [
    {
      "team": "Barisal Bulls",
      "overs": [
        {
          "over": 0,
          "deliveries": [
            {
              "batter": "Shahriar Nafees",
              "bowler": "Abu Jayed",
              "non_striker": "EMDY Munaweera",
              "runs": {
                "batter": 1,
                "extras": 0,
                "total": 1
              }
            },
            {
              "batter": "EMDY Munaweera",
              "bowler": "Abu Jayed",
              "extras": {
                "wides": 1
              },
              "non_striker": "Shahriar Nafees",
              "runs": {
                "batter": 0,
                "extras": 1,
                "total": 1
              }
            },
            {
              "batter": "EMDY Munaweera",
              "bowler": "Abu Jayed",
              "non_striker": "Shahriar Nafees",
              "runs": {
                "batter": 0,
                "extras": 0,
                "total": 0
              }
            },
            {
              "batter": "EMDY Munaweera",
              "bowler": "Abu Jayed",
              "non_striker": "Shahriar Nafees",
              "runs": {
                "batter": 1,
                "extras": 0,
                "total": 1
              }
            },
            {
              "batter": "Shahriar Nafees",
              "bowler": "Abu Jayed",
              "non_striker": "EMDY Munaweera",
              "runs": {
                "batter": 0,
                "extras": 0,
                "total": 0
              }
            },
            {
              "batter": "Shahriar Nafees",
              "bowler": "Abu Jayed",
              "extras": {
                "wides": 1
              },
              "non_striker": "EMDY Munaweera",
              "runs": {
                "batter": 0,
                "extras": 1,
                "total": 1
              }
            },
            {
              "batter": "Shahriar Nafees",
              "bowler": "Abu Jayed",
              "non_striker": "EMDY Munaweera",
              "runs": {
                "batter": 0,
                "extras": 0,
                "total": 0
              }
            },
            {
              "batter": "Shahriar Nafees",
              "bowler": "Abu Jayed",
              "non_striker": "EMDY Munaweera",
              "runs": {
                "batter": 1,
                "extras": 0,
                "total": 1
              }
            }
          ]
        },
        {
          "over": 1,
          "deliveries": [
            {
              "batter": "Shahriar Nafees",
              "bowler": "Shakib Al Hasan",
              "non_striker": "EMDY Munaweera",
              "runs": {
                "batter": 0,
                "extras": 0,
                "total": 0
              }
            },
            {
              "batter": "Shahriar Nafees",
              "bowler": "Shakib Al Hasan",
              "non_striker": "EMDY Munaweera",
              "runs": {
                "batter": 0,
                "extras": 0,
                "total": 0
              }
            },
            {
              "batter": "Shahriar Nafees",
              "bowler": "Shakib Al Hasan",
              "non_striker": "EMDY Munaweera",
              "runs": {
                "batter": 0,
                "extras": 0,
                "total": 0
              }
            },
            {
              "batter": "Shahriar Nafees",
              "bowler": "Shakib Al Hasan",
              "non_striker": "EMDY Munaweera",
              "runs": {
                "batter": 0,
                "extras": 0,
                "total": 0
              }
            },
            {
              "batter": "Shahriar Nafees",
              "bowler": "Shakib Al Hasan",
              "non_striker": "EMDY Munaweera",
              "runs": {
                "batter": 0,
                "extras": 0,
                "total": 0
              }
            },
            {
              "batter": "Shahriar Nafees",
              "bowler": "Shakib Al Hasan",
              "non_striker": "EMDY Munaweera",
              "runs": {
                "batter": 1,
                "extras": 0,
                "total": 1
              }
            }
          ]
        },
        {
          "over": 2,
          "deliveries": [
            {
              "batter": "Shahriar Nafees",
              "bowler": "Abu Jayed",
              "non_striker": "EMDY Munaweera",
              "runs": {
                "batter": 0,
                "extras": 0,
                "total": 0
              }
            },
            {
              "batter": "Shahriar Nafees",
              "bowler": "Abu Jayed",
              "non_striker": "EMDY Munaweera",
              "runs": {
                "batter": 0,
                "extras": 0,
                "total": 0
              }
            },
            {
              "batter": "Shahriar Nafees",
              "bowler": "Abu Jayed",
              "non_striker": "EMDY Munaweera",
              "runs": {
                "batter": 0,
                "extras": 0,
                "total": 0
              },
              "wickets": [
                {
                  "player_out": "Shahriar Nafees",
                  "fielders": [
                    {
                      "name": "S Prasanna"
                    }
                  ],
                  "kind": "caught"
                }
              ]
            },
            {
              "batter": "BMAJ Mendis",
              "bowler": "Abu Jayed",
              "non_striker": "EMDY Munaweera",
              "runs": {
                "batter": 0,
                "extras": 0,
                "total": 0
              }
            },
            {
              "batter": "BMAJ Mendis",
              "bowler": "Abu Jayed",
              "non_striker": "EMDY Munaweera",
              "runs": {
                "batter": 0,
                "extras": 0,
                "total": 0
              }
            },
            {
              "batter": "BMAJ Mendis",
              "bowler": "Abu Jayed",
              "non_striker": "EMDY Munaweera",
              "runs": {
                "batter": 0,
                "extras": 0,
                "total": 0
              }
            }
          ]
        },
        {
          "over": 3,
          "deliveries": [
            {
              "batter": "EMDY Munaweera",
              "bowler": "Shakib Al Hasan",
              "non_striker": "BMAJ Mendis",
              "runs": {
                "batter": 0,
                "extras": 0,
                "total": 0
              }
            },
            {
              "batter": "EMDY Munaweera",
              "bowler": "Shakib Al Hasan",
              "non_striker": "BMAJ Mendis",
              "runs": {
                "batter": 1,
                "extras": 0,
                "total": 1
              }
            },
            {
              "batter": "BMAJ Mendis",
              "bowler": "Shakib Al Hasan",
              "non_striker": "EMDY Munaweera",
              "runs": {
                "batter": 1,
                "extras": 0,
                "total": 1
              }
            },
            {
              "batter": "EMDY Munaweera",
              "bowler": "Shakib Al Hasan",
              "extras": {
                "wides": 5
              },
              "non_striker": "BMAJ Mendis",
              "runs": {
                "batter": 0,
                "extras": 5,
                "total": 5
              }
            },
            {
              "batter": "EMDY Munaweera",
              "bowler": "Shakib Al Hasan",
              "non_striker": "BMAJ Mendis",
              "runs": {
                "batter": 4,
                "extras": 0,
                "total": 4
              }
            },
            {
              "batter": "EMDY Munaweera",
              "bowler": "Shakib Al Hasan",
              "non_striker": "BMAJ Mendis",
              "runs": {
                "batter": 4,
                "extras": 0,
                "total": 4
              }
            },
            {
              "batter": "EMDY Munaweera",
              "bowler": "Shakib Al Hasan",
              "non_striker": "BMAJ Mendis",
              "runs": {
                "batter": 0,
                "extras": 0,
                "total": 0
              },
              "wickets": [
                {
                  "player_out": "EMDY Munaweera",
                  "fielders": [
                    {
                      "name": "Mehedi Maruf"
                    }
                  ],
                  "kind": "run out"
                }
              ]
            }
          ]
        },
        {
          "over": 4,
          "deliveries": [
            {
              "batter": "BMAJ Mendis",
              "bowler": "DJ Bravo",
              "non_striker": "Mushfiqur Rahim",
              "runs": {
                "batter": 0,
                "extras": 0,
                "total": 0
              }
            },
            {
              "batter": "BMAJ Mendis",
              "bowler": "DJ Bravo",
              "non_striker": "Mushfiqur Rahim",
              "runs": {
                "batter": 2,
                "extras": 0,
                "total": 2
              }
            },
            {
              "batter": "BMAJ Mendis",
              "bowler": "DJ Bravo",
              "non_striker": "Mushfiqur Rahim",
              "runs": {
                "batter": 1,
                "extras": 0,
                "total": 1
              }
            },
            {
              "batter": "Mushfiqur Rahim",
              "bowler": "DJ Bravo",
              "non_striker": "BMAJ Mendis",
              "runs": {
                "batter": 0,
                "extras": 0,
                "total": 0
              }
            },
            {
              "batter": "Mushfiqur Rahim",
              "bowler": "DJ Bravo",
              "non_striker": "BMAJ Mendis",
              "runs": {
                "batter": 1,
                "extras": 0,
                "total": 1
              }
            },
            {
              "batter": "BMAJ Mendis",
              "bowler": "DJ Bravo",
              "non_striker": "Mushfiqur Rahim",
              "runs": {
                "batter": 0,
                "extras": 0,
                "total": 0
              }
            }
          ]
        },
        {
          "over": 5,
          "deliveries": [
            {
              "batter": "Mushfiqur Rahim",
              "bowler": "Sunzamul Islam",
              "non_striker": "BMAJ Mendis",
              "runs": {
                "batter": 1,
                "extras": 0,
                "total": 1
              }
            },
            {
              "batter": "BMAJ Mendis",
              "bowler": "Sunzamul Islam",
              "non_striker": "Mushfiqur Rahim",
              "runs": {
                "batter": 0,
                "extras": 0,
                "total": 0
              }
            },
            {
              "batter": "BMAJ Mendis",
              "bowler": "Sunzamul Islam",
              "extras": {
                "legbyes": 1
              },
              "non_striker": "Mushfiqur Rahim",
              "runs": {
                "batter": 0,
                "extras": 1,
                "total": 1
              }
            },
            {
              "batter": "Mushfiqur Rahim",
              "bowler": "Sunzamul Islam",
              "non_striker": "BMAJ Mendis",
              "runs": {
                "batter": 1,
                "extras": 0,
                "total": 1
              }
            },
            {
              "batter": "BMAJ Mendis",
              "bowler": "Sunzamul Islam",
              "non_striker": "Mushfiqur Rahim",
              "runs": {
                "batter": 1,
                "extras": 0,
                "total": 1
              }
            },
            {
              "batter": "Mushfiqur Rahim",
              "bowler": "Sunzamul Islam",
              "non_striker": "BMAJ Mendis",
              "runs": {
                "batter": 1,
                "extras": 0,
                "total": 1
              }
            }
          ]
        },
        {
          "over": 6,
          "deliveries": [
            {
              "batter": "Mushfiqur Rahim",
              "bowler": "RS Bopara",
              "non_striker": "BMAJ Mendis",
              "runs": {
                "batter": 1,
                "extras": 0,
                "total": 1
              }
            },
            {
              "batter": "BMAJ Mendis",
              "bowler": "RS Bopara",
              "non_striker": "Mushfiqur Rahim",
              "runs": {
                "batter": 1,
                "extras": 0,
                "total": 1
              }
            },
            {
              "batter": "Mushfiqur Rahim",
              "bowler": "RS Bopara",
              "non_striker": "BMAJ Mendis",
              "runs": {
                "batter": 2,
                "extras": 0,
                "total": 2
              }
            },
            {
              "batter": "Mushfiqur Rahim",
              "bowler": "RS Bopara",
              "non_striker": "BMAJ Mendis",
              "runs": {
                "batter": 1,
                "extras": 0,
                "total": 1
              }
            },
            {
              "batter": "BMAJ Mendis",
              "bowler": "RS Bopara",
              "non_striker": "Mushfiqur Rahim",
              "runs": {
                "batter": 1,
                "extras": 0,
                "total": 1
              }
            },
            {
              "batter": "Mushfiqur Rahim",
              "bowler": "RS Bopara",
              "non_striker": "BMAJ Mendis",
              "runs": {
                "batter": 1,
                "extras": 0,
                "total": 1
              },
              "wickets": [
                {
                  "player_out": "BMAJ Mendis",
                  "fielders": [
                    {
                      "name": "Mosaddek Hossain"
                    }
                  ],
                  "kind": "run out"
                }
              ]
            }
          ]
        },
        {
          "over": 7,
          "deliveries": [
            {
              "batter": "Mushfiqur Rahim",
              "bowler": "Sunzamul Islam",
              "non_striker": "Nadif Chowdhury",
              "runs": {
                "batter": 0,
                "extras": 0,
                "total": 0
              }
            },
            {
              "batter": "Mushfiqur Rahim",
              "bowler": "Sunzamul Islam",
              "non_striker": "Nadif Chowdhury",
              "runs": {
                "batter": 4,
                "extras": 0,
                "total": 4
              }
            },
            {
              "batter": "Mushfiqur Rahim",
              "bowler": "Sunzamul Islam",
              "non_striker": "Nadif Chowdhury",
              "runs": {
                "batter": 2,
                "extras": 0,
                "total": 2
              }
            },
            {
              "batter": "Mushfiqur Rahim",
              "bowler": "Sunzamul Islam",
              "non_striker": "Nadif Chowdhury",
              "runs": {
                "batter": 1,
                "extras": 0,
                "total": 1
              }
            },
            {
              "batter": "Nadif Chowdhury",
              "bowler": "Sunzamul Islam",
              "non_striker": "Mushfiqur Rahim",
              "runs": {
                "batter": 0,
                "extras": 0,
                "total": 0
              }
            },
            {
              "batter": "Nadif Chowdhury",
              "bowler": "Sunzamul Islam",
              "non_striker": "Mushfiqur Rahim",
              "runs": {
                "batter": 0,
                "extras": 0,
                "total": 0
              }
            }
          ]
        },
        {
          "over": 8,
          "deliveries": [
            {
              "batter": "Mushfiqur Rahim",
              "bowler": "RS Bopara",
              "non_striker": "Nadif Chowdhury",
              "runs": {
                "batter": 1,
                "extras": 0,
                "total": 1
              }
            },
            {
              "batter": "Nadif Chowdhury",
              "bowler": "RS Bopara",
              "non_striker": "Mushfiqur Rahim",
              "runs": {
                "batter": 1,
                "extras": 0,
                "total": 1
              }
            },
            {
              "batter": "Mushfiqur Rahim",
              "bowler": "RS Bopara",
              "non_striker": "Nadif Chowdhury",
              "runs": {
                "batter": 1,
                "extras": 0,
                "total": 1
              }
            },
            {
              "batter": "Nadif Chowdhury",
              "bowler": "RS Bopara",
              "non_striker": "Mushfiqur Rahim",
              "runs": {
                "batter": 0,
                "extras": 0,
                "total": 0
              }
            },
            {
              "batter": "Nadif Chowdhury",
              "bowler": "RS Bopara",
              "non_striker": "Mushfiqur Rahim",
              "runs": {
                "batter": 0,
                "extras": 0,
                "total": 0
              }
            },
            {
              "batter": "Nadif Chowdhury",
              "bowler": "RS Bopara",
              "non_striker": "Mushfiqur Rahim",
              "runs": {
                "batter": 0,
                "extras": 0,
                "total": 0
              }
            }
          ]
        },
        {
          "over": 9,
          "deliveries": [
            {
              "batter": "Mushfiqur Rahim",
              "bowler": "S Prasanna",
              "non_striker": "Nadif Chowdhury",
              "runs": {
                "batter": 1,
                "extras": 0,
                "total": 1
              }
            },
            {
              "batter": "Nadif Chowdhury",
              "bowler": "S Prasanna",
              "non_striker": "Mushfiqur Rahim",
              "runs": {
                "batter": 0,
                "extras": 0,
                "total": 0
              }
            },
            {
              "batter": "Nadif Chowdhury",
              "bowler": "S Prasanna",
              "non_striker": "Mushfiqur Rahim",
              "runs": {
                "batter": 2,
                "extras": 0,
                "total": 2
              }
            },
            {
              "batter": "Nadif Chowdhury",
              "bowler": "S Prasanna",
              "non_striker": "Mushfiqur Rahim",
              "runs": {
                "batter": 1,
                "extras": 0,
                "total": 1
              }
            },
            {
              "batter": "Mushfiqur Rahim",
              "bowler": "S Prasanna",
              "non_striker": "Nadif Chowdhury",
              "runs": {
                "batter": 4,
                "extras": 0,
                "total": 4
              }
            },
            {
              "batter": "Mushfiqur Rahim",
              "bowler": "S Prasanna",
              "non_striker": "Nadif Chowdhury",
              "runs": {
                "batter": 1,
                "extras": 0,
                "total": 1
              }
            }
          ]
        },
        {
          "over": 10,
          "deliveries": [
            {
              "batter": "Mushfiqur Rahim",
              "bowler": "DJ Bravo",
              "non_striker": "Nadif Chowdhury",
              "runs": {
                "batter": 2,
                "extras": 0,
                "total": 2
              }
            },
            {
              "batter": "Mushfiqur Rahim",
              "bowler": "DJ Bravo",
              "non_striker": "Nadif Chowdhury",
              "runs": {
                "batter": 0,
                "extras": 0,
                "total": 0
              }
            },
            {
              "batter": "Mushfiqur Rahim",
              "bowler": "DJ Bravo",
              "non_striker": "Nadif Chowdhury",
              "runs": {
                "batter": 2,
                "extras": 0,
                "total": 2
              }
            },
            {
              "batter": "Mushfiqur Rahim",
              "bowler": "DJ Bravo",
              "non_striker": "Nadif Chowdhury",
              "runs": {
                "batter": 1,
                "extras": 0,
                "total": 1
              }
            },
            {
              "batter": "Nadif Chowdhury",
              "bowler": "DJ Bravo",
              "non_striker": "Mushfiqur Rahim",
              "runs": {
                "batter": 4,
                "extras": 0,
                "total": 4
              }
            },
            {
              "batter": "Nadif Chowdhury",
              "bowler": "DJ Bravo",
              "non_striker": "Mushfiqur Rahim",
              "runs": {
                "batter": 1,
                "extras": 0,
                "total": 1
              }
            }
          ]
        },
        {
          "over": 11,
          "deliveries": [
            {
              "batter": "Nadif Chowdhury",
              "bowler": "S Prasanna",
              "non_striker": "Mushfiqur Rahim",
              "runs": {
                "batter": 0,
                "extras": 0,
                "total": 0
              }
            },
            {
              "batter": "Nadif Chowdhury",
              "bowler": "S Prasanna",
              "non_striker": "Mushfiqur Rahim",
              "runs": {
                "batter": 1,
                "extras": 0,
                "total": 1
              }
            },
            {
              "batter": "Mushfiqur Rahim",
              "bowler": "S Prasanna",
              "non_striker": "Nadif Chowdhury",
              "runs": {
                "batter": 2,
                "extras": 0,
                "total": 2
              }
            },
            {
              "batter": "Mushfiqur Rahim",
              "bowler": "S Prasanna",
              "extras": {
                "wides": 1
              },
              "non_striker": "Nadif Chowdhury",
              "runs": {
                "batter": 0,
                "extras": 1,
                "total": 1
              }
            },
            {
              "batter": "Mushfiqur Rahim",
              "bowler": "S Prasanna",
              "non_striker": "Nadif Chowdhury",
              "runs": {
                "batter": 1,
                "extras": 0,
                "total": 1
              }
            },
            {
              "batter": "Nadif Chowdhury",
              "bowler": "S Prasanna",
              "non_striker": "Mushfiqur Rahim",
              "runs": {
                "batter": 1,
                "extras": 0,
                "total": 1
              }
            },
            {
              "batter": "Mushfiqur Rahim",
              "bowler": "S Prasanna",
              "non_striker": "Nadif Chowdhury",
              "runs": {
                "batter": 2,
                "extras": 0,
                "total": 2
              }
            }
          ]
        },
        {
          "over": 12,
          "deliveries": [
            {
              "batter": "Nadif Chowdhury",
              "bowler": "RS Bopara",
              "non_striker": "Mushfiqur Rahim",
              "runs": {
                "batter": 4,
                "extras": 0,
                "total": 4
              }
            },
            {
              "batter": "Nadif Chowdhury",
              "bowler": "RS Bopara",
              "non_striker": "Mushfiqur Rahim",
              "runs": {
                "batter": 1,
                "extras": 0,
                "total": 1
              }
            },
            {
              "batter": "Mushfiqur Rahim",
              "bowler": "RS Bopara",
              "non_striker": "Nadif Chowdhury",
              "runs": {
                "batter": 0,
                "extras": 0,
                "total": 0
              }
            },
            {
              "batter": "Mushfiqur Rahim",
              "bowler": "RS Bopara",
              "non_striker": "Nadif Chowdhury",
              "runs": {
                "batter": 1,
                "extras": 0,
                "total": 1
              }
            },
            {
              "batter": "Nadif Chowdhury",
              "bowler": "RS Bopara",
              "non_striker": "Mushfiqur Rahim",
              "runs": {
                "batter": 0,
                "extras": 0,
                "total": 0
              }
            },
            {
              "batter": "Nadif Chowdhury",
              "bowler": "RS Bopara",
              "non_striker": "Mushfiqur Rahim",
              "runs": {
                "batter": 1,
                "extras": 0,
                "total": 1
              }
            }
          ]
        },
        {
          "over": 13,
          "deliveries": [
            {
              "batter": "Nadif Chowdhury",
              "bowler": "Shakib Al Hasan",
              "non_striker": "Mushfiqur Rahim",
              "runs": {
                "batter": 1,
                "extras": 0,
                "total": 1
              }
            },
            {
              "batter": "Mushfiqur Rahim",
              "bowler": "Shakib Al Hasan",
              "non_striker": "Nadif Chowdhury",
              "runs": {
                "batter": 1,
                "extras": 0,
                "total": 1
              }
            },
            {
              "batter": "Nadif Chowdhury",
              "bowler": "Shakib Al Hasan",
              "non_striker": "Mushfiqur Rahim",
              "runs": {
                "batter": 1,
                "extras": 0,
                "total": 1
              }
            },
            {
              "batter": "Mushfiqur Rahim",
              "bowler": "Shakib Al Hasan",
              "non_striker": "Nadif Chowdhury",
              "runs": {
                "batter": 0,
                "extras": 0,
                "total": 0
              }
            },
            {
              "batter": "Mushfiqur Rahim",
              "bowler": "Shakib Al Hasan",
              "non_striker": "Nadif Chowdhury",
              "runs": {
                "batter": 0,
                "extras": 0,
                "total": 0
              },
              "wickets": [
                {
                  "player_out": "Mushfiqur Rahim",
                  "kind": "bowled"
                }
              ]
            },
            {
              "batter": "NLTC Perera",
              "bowler": "Shakib Al Hasan",
              "extras": {
                "byes": 1
              },
              "non_striker": "Nadif Chowdhury",
              "runs": {
                "batter": 0,
                "extras": 1,
                "total": 1
              }
            }
          ]
        },
        {
          "over": 14,
          "deliveries": [
            {
              "batter": "NLTC Perera",
              "bowler": "Abu Jayed",
              "non_striker": "Nadif Chowdhury",
              "runs": {
                "batter": 0,
                "extras": 0,
                "total": 0
              }
            },
            {
              "batter": "NLTC Perera",
              "bowler": "Abu Jayed",
              "non_striker": "Nadif Chowdhury",
              "runs": {
                "batter": 0,
                "extras": 0,
                "total": 0
              }
            },
            {
              "batter": "NLTC Perera",
              "bowler": "Abu Jayed",
              "non_striker": "Nadif Chowdhury",
              "runs": {
                "batter": 1,
                "extras": 0,
                "total": 1
              }
            },
            {
              "batter": "Nadif Chowdhury",
              "bowler": "Abu Jayed",
              "non_striker": "NLTC Perera",
              "runs": {
                "batter": 0,
                "extras": 0,
                "total": 0
              }
            },
            {
              "batter": "Nadif Chowdhury",
              "bowler": "Abu Jayed",
              "non_striker": "NLTC Perera",
              "runs": {
                "batter": 0,
                "extras": 0,
                "total": 0
              }
            },
            {
              "batter": "Nadif Chowdhury",
              "bowler": "Abu Jayed",
              "non_striker": "NLTC Perera",
              "runs": {
                "batter": 1,
                "extras": 0,
                "total": 1
              }
            }
          ]
        },
        {
          "over": 15,
          "deliveries": [
            {
              "batter": "Nadif Chowdhury",
              "bowler": "RS Bopara",
              "non_striker": "NLTC Perera",
              "runs": {
                "batter": 1,
                "extras": 0,
                "total": 1
              }
            },
            {
              "batter": "NLTC Perera",
              "bowler": "RS Bopara",
              "non_striker": "Nadif Chowdhury",
              "runs": {
                "batter": 0,
                "extras": 0,
                "total": 0
              }
            },
            {
              "batter": "NLTC Perera",
              "bowler": "RS Bopara",
              "non_striker": "Nadif Chowdhury",
              "runs": {
                "batter": 2,
                "extras": 0,
                "total": 2
              }
            },
            {
              "batter": "NLTC Perera",
              "bowler": "RS Bopara",
              "non_striker": "Nadif Chowdhury",
              "runs": {
                "batter": 1,
                "extras": 0,
                "total": 1
              }
            },
            {
              "batter": "Nadif Chowdhury",
              "bowler": "RS Bopara",
              "non_striker": "NLTC Perera",
              "runs": {
                "batter": 0,
                "extras": 0,
                "total": 0
              },
              "wickets": [
                {
                  "player_out": "Nadif Chowdhury",
                  "fielders": [
                    {
                      "name": "S Prasanna"
                    }
                  ],
                  "kind": "caught"
                }
              ]
            },
            {
              "batter": "NLTC Perera",
              "bowler": "RS Bopara",
              "non_striker": "Enamul Haque",
              "runs": {
                "batter": 2,
                "extras": 0,
                "total": 2
              }
            }
          ]
        },
        {
          "over": 16,
          "deliveries": [
            {
              "batter": "Enamul Haque",
              "bowler": "DJ Bravo",
              "non_striker": "NLTC Perera",
              "runs": {
                "batter": 2,
                "extras": 0,
                "total": 2
              }
            },
            {
              "batter": "Enamul Haque",
              "bowler": "DJ Bravo",
              "non_striker": "NLTC Perera",
              "runs": {
                "batter": 1,
                "extras": 0,
                "total": 1
              }
            },
            {
              "batter": "NLTC Perera",
              "bowler": "DJ Bravo",
              "non_striker": "Enamul Haque",
              "runs": {
                "batter": 1,
                "extras": 0,
                "total": 1
              }
            },
            {
              "batter": "Enamul Haque",
              "bowler": "DJ Bravo",
              "non_striker": "NLTC Perera",
              "runs": {
                "batter": 0,
                "extras": 0,
                "total": 0
              }
            },
            {
              "batter": "Enamul Haque",
              "bowler": "DJ Bravo",
              "extras": {
                "wides": 1
              },
              "non_striker": "NLTC Perera",
              "runs": {
                "batter": 0,
                "extras": 1,
                "total": 1
              }
            },
            {
              "batter": "Enamul Haque",
              "bowler": "DJ Bravo",
              "non_striker": "NLTC Perera",
              "runs": {
                "batter": 0,
                "extras": 0,
                "total": 0
              },
              "wickets": [
                {
                  "player_out": "Enamul Haque",
                  "fielders": [
                    {
                      "name": "Sunzamul Islam"
                    }
                  ],
                  "kind": "caught"
                }
              ]
            },
            {
              "batter": "NLTC Perera",
              "bowler": "DJ Bravo",
              "non_striker": "Rumman Raees",
              "runs": {
                "batter": 1,
                "extras": 0,
                "total": 1
              }
            }
          ]
        },
        {
          "over": 17,
          "deliveries": [
            {
              "batter": "NLTC Perera",
              "bowler": "Abu Jayed",
              "non_striker": "Rumman Raees",
              "runs": {
                "batter": 1,
                "extras": 0,
                "total": 1
              }
            },
            {
              "batter": "Rumman Raees",
              "bowler": "Abu Jayed",
              "non_striker": "NLTC Perera",
              "runs": {
                "batter": 1,
                "extras": 0,
                "total": 1
              }
            },
            {
              "batter": "NLTC Perera",
              "bowler": "Abu Jayed",
              "extras": {
                "legbyes": 1
              },
              "non_striker": "Rumman Raees",
              "runs": {
                "batter": 0,
                "extras": 1,
                "total": 1
              }
            },
            {
              "batter": "Rumman Raees",
              "bowler": "Abu Jayed",
              "non_striker": "NLTC Perera",
              "runs": {
                "batter": 1,
                "extras": 0,
                "total": 1
              }
            },
            {
              "batter": "NLTC Perera",
              "bowler": "Abu Jayed",
              "non_striker": "Rumman Raees",
              "runs": {
                "batter": 1,
                "extras": 0,
                "total": 1
              }
            },
            {
              "batter": "Rumman Raees",
              "bowler": "Abu Jayed",
              "non_striker": "NLTC Perera",
              "runs": {
                "batter": 1,
                "extras": 0,
                "total": 1
              }
            }
          ]
        },
        {
          "over": 18,
          "deliveries": [
            {
              "batter": "Rumman Raees",
              "bowler": "DJ Bravo",
              "non_striker": "NLTC Perera",
              "runs": {
                "batter": 2,
                "extras": 0,
                "total": 2
              }
            },
            {
              "batter": "Rumman Raees",
              "bowler": "DJ Bravo",
              "non_striker": "NLTC Perera",
              "runs": {
                "batter": 2,
                "extras": 0,
                "total": 2
              }
            },
            {
              "batter": "Rumman Raees",
              "bowler": "DJ Bravo",
              "non_striker": "NLTC Perera",
              "runs": {
                "batter": 4,
                "extras": 0,
                "total": 4
              }
            },
            {
              "batter": "Rumman Raees",
              "bowler": "DJ Bravo",
              "non_striker": "NLTC Perera",
              "runs": {
                "batter": 0,
                "extras": 0,
                "total": 0
              }
            },
            {
              "batter": "Rumman Raees",
              "bowler": "DJ Bravo",
              "non_striker": "NLTC Perera",
              "runs": {
                "batter": 4,
                "extras": 0,
                "total": 4
              }
            },
            {
              "batter": "Rumman Raees",
              "bowler": "DJ Bravo",
              "non_striker": "NLTC Perera",
              "runs": {
                "batter": 3,
                "extras": 0,
                "total": 3
              }
            }
          ]
        },
        {
          "over": 19,
          "deliveries": [
            {
              "batter": "Rumman Raees",
              "bowler": "Shakib Al Hasan",
              "non_striker": "NLTC Perera",
              "runs": {
                "batter": 0,
                "extras": 0,
                "total": 0
              }
            },
            {
              "batter": "Rumman Raees",
              "bowler": "Shakib Al Hasan",
              "non_striker": "NLTC Perera",
              "runs": {
                "batter": 1,
                "extras": 0,
                "total": 1
              }
            },
            {
              "batter": "NLTC Perera",
              "bowler": "Shakib Al Hasan",
              "non_striker": "Rumman Raees",
              "runs": {
                "batter": 4,
                "extras": 0,
                "total": 4
              }
            },
            {
              "batter": "NLTC Perera",
              "bowler": "Shakib Al Hasan",
              "non_striker": "Rumman Raees",
              "runs": {
                "batter": 1,
                "extras": 0,
                "total": 1
              }
            },
            {
              "batter": "Rumman Raees",
              "bowler": "Shakib Al Hasan",
              "non_striker": "NLTC Perera",
              "runs": {
                "batter": 0,
                "extras": 0,
                "total": 0
              }
            },
            {
              "batter": "Rumman Raees",
              "bowler": "Shakib Al Hasan",
              "non_striker": "NLTC Perera",
              "runs": {
                "batter": 6,
                "extras": 0,
                "total": 6
              }
            }
          ]
        }
      ],
      "powerplays": [
        {
          "from": 0.1,
          "to": 5.6,
          "type": "mandatory"
        }
      ]
    },
    {
      "team": "Dhaka Dynamites",
      "overs": [
        {
          "over": 0,
          "deliveries": [
            {
              "batter": "Mehedi Maruf",
              "bowler": "Taijul Islam",
              "non_striker": "KC Sangakkara",
              "runs": {
                "batter": 1,
                "extras": 0,
                "total": 1
              }
            },
            {
              "batter": "KC Sangakkara",
              "bowler": "Taijul Islam",
              "non_striker": "Mehedi Maruf",
              "runs": {
                "batter": 1,
                "extras": 0,
                "total": 1
              }
            },
            {
              "batter": "Mehedi Maruf",
              "bowler": "Taijul Islam",
              "non_striker": "KC Sangakkara",
              "runs": {
                "batter": 0,
                "extras": 0,
                "total": 0
              },
              "wickets": [
                {
                  "player_out": "Mehedi Maruf",
                  "kind": "bowled"
                }
              ]
            },
            {
              "batter": "Shakib Al Hasan",
              "bowler": "Taijul Islam",
              "non_striker": "KC Sangakkara",
              "runs": {
                "batter": 0,
                "extras": 0,
                "total": 0
              }
            },
            {
              "batter": "Shakib Al Hasan",
              "bowler": "Taijul Islam",
              "non_striker": "KC Sangakkara",
              "runs": {
                "batter": 4,
                "extras": 0,
                "total": 4
              }
            },
            {
              "batter": "Shakib Al Hasan",
              "bowler": "Taijul Islam",
              "non_striker": "KC Sangakkara",
              "runs": {
                "batter": 1,
                "extras": 0,
                "total": 1
              }
            }
          ]
        },
        {
          "over": 1,
          "deliveries": [
            {
              "batter": "Shakib Al Hasan",
              "bowler": "Rumman Raees",
              "non_striker": "KC Sangakkara",
              "runs": {
                "batter": 1,
                "extras": 0,
                "total": 1
              }
            },
            {
              "batter": "KC Sangakkara",
              "bowler": "Rumman Raees",
              "non_striker": "Shakib Al Hasan",
              "runs": {
                "batter": 0,
                "extras": 0,
                "total": 0
              }
            },
            {
              "batter": "KC Sangakkara",
              "bowler": "Rumman Raees",
              "non_striker": "Shakib Al Hasan",
              "runs": {
                "batter": 0,
                "extras": 0,
                "total": 0
              }
            },
            {
              "batter": "KC Sangakkara",
              "bowler": "Rumman Raees",
              "non_striker": "Shakib Al Hasan",
              "runs": {
                "batter": 0,
                "extras": 0,
                "total": 0
              }
            },
            {
              "batter": "KC Sangakkara",
              "bowler": "Rumman Raees",
              "non_striker": "Shakib Al Hasan",
              "runs": {
                "batter": 0,
                "extras": 0,
                "total": 0
              }
            },
            {
              "batter": "KC Sangakkara",
              "bowler": "Rumman Raees",
              "non_striker": "Shakib Al Hasan",
              "runs": {
                "batter": 1,
                "extras": 0,
                "total": 1
              }
            }
          ]
        },
        {
          "over": 2,
          "deliveries": [
            {
              "batter": "KC Sangakkara",
              "bowler": "Enamul Haque",
              "non_striker": "Shakib Al Hasan",
              "runs": {
                "batter": 0,
                "extras": 0,
                "total": 0
              }
            },
            {
              "batter": "KC Sangakkara",
              "bowler": "Enamul Haque",
              "non_striker": "Shakib Al Hasan",
              "runs": {
                "batter": 0,
                "extras": 0,
                "total": 0
              }
            },
            {
              "batter": "KC Sangakkara",
              "bowler": "Enamul Haque",
              "non_striker": "Shakib Al Hasan",
              "runs": {
                "batter": 1,
                "extras": 0,
                "total": 1
              }
            },
            {
              "batter": "Shakib Al Hasan",
              "bowler": "Enamul Haque",
              "non_striker": "KC Sangakkara",
              "runs": {
                "batter": 1,
                "extras": 0,
                "total": 1
              }
            },
            {
              "batter": "KC Sangakkara",
              "bowler": "Enamul Haque",
              "non_striker": "Shakib Al Hasan",
              "runs": {
                "batter": 0,
                "extras": 0,
                "total": 0
              }
            },
            {
              "batter": "KC Sangakkara",
              "bowler": "Enamul Haque",
              "non_striker": "Shakib Al Hasan",
              "runs": {
                "batter": 1,
                "extras": 0,
                "total": 1
              }
            }
          ]
        },
        {
          "over": 3,
          "deliveries": [
            {
              "batter": "KC Sangakkara",
              "bowler": "Rumman Raees",
              "non_striker": "Shakib Al Hasan",
              "runs": {
                "batter": 0,
                "extras": 0,
                "total": 0
              }
            },
            {
              "batter": "KC Sangakkara",
              "bowler": "Rumman Raees",
              "non_striker": "Shakib Al Hasan",
              "runs": {
                "batter": 0,
                "extras": 0,
                "total": 0
              }
            },
            {
              "batter": "KC Sangakkara",
              "bowler": "Rumman Raees",
              "non_striker": "Shakib Al Hasan",
              "runs": {
                "batter": 4,
                "extras": 0,
                "total": 4
              }
            },
            {
              "batter": "KC Sangakkara",
              "bowler": "Rumman Raees",
              "non_striker": "Shakib Al Hasan",
              "runs": {
                "batter": 2,
                "extras": 0,
                "total": 2
              }
            },
            {
              "batter": "KC Sangakkara",
              "bowler": "Rumman Raees",
              "non_striker": "Shakib Al Hasan",
              "runs": {
                "batter": 0,
                "extras": 0,
                "total": 0
              }
            },
            {
              "batter": "KC Sangakkara",
              "bowler": "Rumman Raees",
              "non_striker": "Shakib Al Hasan",
              "runs": {
                "batter": 4,
                "extras": 0,
                "total": 4
              }
            }
          ]
        },
        {
          "over": 4,
          "deliveries": [
            {
              "batter": "Shakib Al Hasan",
              "bowler": "EMDY Munaweera",
              "non_striker": "KC Sangakkara",
              "runs": {
                "batter": 0,
                "extras": 0,
                "total": 0
              }
            },
            {
              "batter": "Shakib Al Hasan",
              "bowler": "EMDY Munaweera",
              "non_striker": "KC Sangakkara",
              "runs": {
                "batter": 1,
                "extras": 0,
                "total": 1
              }
            },
            {
              "batter": "KC Sangakkara",
              "bowler": "EMDY Munaweera",
              "non_striker": "Shakib Al Hasan",
              "runs": {
                "batter": 0,
                "extras": 0,
                "total": 0
              }
            },
            {
              "batter": "KC Sangakkara",
              "bowler": "EMDY Munaweera",
              "non_striker": "Shakib Al Hasan",
              "runs": {
                "batter": 1,
                "extras": 0,
                "total": 1
              }
            },
            {
              "batter": "Shakib Al Hasan",
              "bowler": "EMDY Munaweera",
              "non_striker": "KC Sangakkara",
              "runs": {
                "batter": 0,
                "extras": 0,
                "total": 0
              }
            },
            {
              "batter": "Shakib Al Hasan",
              "bowler": "EMDY Munaweera",
              "non_striker": "KC Sangakkara",
              "runs": {
                "batter": 2,
                "extras": 0,
                "total": 2
              }
            }
          ]
        },
        {
          "over": 5,
          "deliveries": [
            {
              "batter": "KC Sangakkara",
              "bowler": "Kamrul Islam Rabbi",
              "non_striker": "Shakib Al Hasan",
              "runs": {
                "batter": 1,
                "extras": 0,
                "total": 1
              }
            },
            {
              "batter": "Shakib Al Hasan",
              "bowler": "Kamrul Islam Rabbi",
              "non_striker": "KC Sangakkara",
              "runs": {
                "batter": 4,
                "extras": 0,
                "total": 4
              }
            },
            {
              "batter": "Shakib Al Hasan",
              "bowler": "Kamrul Islam Rabbi",
              "extras": {
                "legbyes": 1
              },
              "non_striker": "KC Sangakkara",
              "runs": {
                "batter": 0,
                "extras": 1,
                "total": 1
              }
            },
            {
              "batter": "KC Sangakkara",
              "bowler": "Kamrul Islam Rabbi",
              "non_striker": "Shakib Al Hasan",
              "runs": {
                "batter": 2,
                "extras": 0,
                "total": 2
              }
            },
            {
              "batter": "KC Sangakkara",
              "bowler": "Kamrul Islam Rabbi",
              "non_striker": "Shakib Al Hasan",
              "runs": {
                "batter": 0,
                "extras": 0,
                "total": 0
              }
            },
            {
              "batter": "KC Sangakkara",
              "bowler": "Kamrul Islam Rabbi",
              "non_striker": "Shakib Al Hasan",
              "runs": {
                "batter": 0,
                "extras": 0,
                "total": 0
              }
            }
          ]
        },
        {
          "over": 6,
          "deliveries": [
            {
              "batter": "Shakib Al Hasan",
              "bowler": "BMAJ Mendis",
              "non_striker": "KC Sangakkara",
              "runs": {
                "batter": 1,
                "extras": 0,
                "total": 1
              }
            },
            {
              "batter": "KC Sangakkara",
              "bowler": "BMAJ Mendis",
              "non_striker": "Shakib Al Hasan",
              "runs": {
                "batter": 0,
                "extras": 0,
                "total": 0
              }
            },
            {
              "batter": "KC Sangakkara",
              "bowler": "BMAJ Mendis",
              "non_striker": "Shakib Al Hasan",
              "runs": {
                "batter": 1,
                "extras": 0,
                "total": 1
              }
            },
            {
              "batter": "Shakib Al Hasan",
              "bowler": "BMAJ Mendis",
              "non_striker": "KC Sangakkara",
              "runs": {
                "batter": 1,
                "extras": 0,
                "total": 1
              }
            },
            {
              "batter": "KC Sangakkara",
              "bowler": "BMAJ Mendis",
              "non_striker": "Shakib Al Hasan",
              "runs": {
                "batter": 4,
                "extras": 0,
                "total": 4
              }
            },
            {
              "batter": "KC Sangakkara",
              "bowler": "BMAJ Mendis",
              "non_striker": "Shakib Al Hasan",
              "runs": {
                "batter": 1,
                "extras": 0,
                "total": 1
              }
            }
          ]
        },
        {
          "over": 7,
          "deliveries": [
            {
              "batter": "KC Sangakkara",
              "bowler": "Enamul Haque",
              "non_striker": "Shakib Al Hasan",
              "runs": {
                "batter": 1,
                "extras": 0,
                "total": 1
              }
            },
            {
              "batter": "Shakib Al Hasan",
              "bowler": "Enamul Haque",
              "non_striker": "KC Sangakkara",
              "runs": {
                "batter": 1,
                "extras": 0,
                "total": 1
              }
            },
            {
              "batter": "KC Sangakkara",
              "bowler": "Enamul Haque",
              "non_striker": "Shakib Al Hasan",
              "runs": {
                "batter": 4,
                "extras": 0,
                "total": 4
              }
            },
            {
              "batter": "KC Sangakkara",
              "bowler": "Enamul Haque",
              "non_striker": "Shakib Al Hasan",
              "runs": {
                "batter": 1,
                "extras": 0,
                "total": 1
              }
            },
            {
              "batter": "Shakib Al Hasan",
              "bowler": "Enamul Haque",
              "non_striker": "KC Sangakkara",
              "runs": {
                "batter": 1,
                "extras": 0,
                "total": 1
              }
            },
            {
              "batter": "KC Sangakkara",
              "bowler": "Enamul Haque",
              "non_striker": "Shakib Al Hasan",
              "runs": {
                "batter": 1,
                "extras": 0,
                "total": 1
              }
            }
          ]
        },
        {
          "over": 8,
          "deliveries": [
            {
              "batter": "KC Sangakkara",
              "bowler": "Taijul Islam",
              "non_striker": "Shakib Al Hasan",
              "runs": {
                "batter": 1,
                "extras": 0,
                "total": 1
              }
            },
            {
              "batter": "Shakib Al Hasan",
              "bowler": "Taijul Islam",
              "non_striker": "KC Sangakkara",
              "runs": {
                "batter": 1,
                "extras": 0,
                "total": 1
              }
            },
            {
              "batter": "KC Sangakkara",
              "bowler": "Taijul Islam",
              "non_striker": "Shakib Al Hasan",
              "runs": {
                "batter": 0,
                "extras": 0,
                "total": 0
              },
              "wickets": [
                {
                  "player_out": "KC Sangakkara",
                  "fielders": [
                    {
                      "name": "NLTC Perera"
                    }
                  ],
                  "kind": "caught"
                }
              ]
            },
            {
              "batter": "Shakib Al Hasan",
              "bowler": "Taijul Islam",
              "non_striker": "Nasir Hossain",
              "runs": {
                "batter": 0,
                "extras": 0,
                "total": 0
              }
            },
            {
              "batter": "Shakib Al Hasan",
              "bowler": "Taijul Islam",
              "non_striker": "Nasir Hossain",
              "runs": {
                "batter": 2,
                "extras": 0,
                "total": 2
              }
            },
            {
              "batter": "Shakib Al Hasan",
              "bowler": "Taijul Islam",
              "non_striker": "Nasir Hossain",
              "runs": {
                "batter": 0,
                "extras": 0,
                "total": 0
              }
            }
          ]
        },
        {
          "over": 9,
          "deliveries": [
            {
              "batter": "Nasir Hossain",
              "bowler": "Enamul Haque",
              "non_striker": "Shakib Al Hasan",
              "runs": {
                "batter": 1,
                "extras": 0,
                "total": 1
              }
            },
            {
              "batter": "Shakib Al Hasan",
              "bowler": "Enamul Haque",
              "non_striker": "Nasir Hossain",
              "runs": {
                "batter": 1,
                "extras": 0,
                "total": 1
              }
            },
            {
              "batter": "Nasir Hossain",
              "bowler": "Enamul Haque",
              "non_striker": "Shakib Al Hasan",
              "runs": {
                "batter": 1,
                "extras": 0,
                "total": 1
              }
            },
            {
              "batter": "Shakib Al Hasan",
              "bowler": "Enamul Haque",
              "non_striker": "Nasir Hossain",
              "runs": {
                "batter": 0,
                "extras": 0,
                "total": 0
              },
              "wickets": [
                {
                  "player_out": "Shakib Al Hasan",
                  "kind": "caught and bowled"
                }
              ]
            },
            {
              "batter": "Mosaddek Hossain",
              "bowler": "Enamul Haque",
              "non_striker": "Nasir Hossain",
              "runs": {
                "batter": 1,
                "extras": 0,
                "total": 1
              }
            },
            {
              "batter": "Nasir Hossain",
              "bowler": "Enamul Haque",
              "non_striker": "Mosaddek Hossain",
              "runs": {
                "batter": 1,
                "extras": 0,
                "total": 1
              }
            }
          ]
        },
        {
          "over": 10,
          "deliveries": [
            {
              "batter": "Nasir Hossain",
              "bowler": "Taijul Islam",
              "non_striker": "Mosaddek Hossain",
              "runs": {
                "batter": 0,
                "extras": 0,
                "total": 0
              }
            },
            {
              "batter": "Nasir Hossain",
              "bowler": "Taijul Islam",
              "non_striker": "Mosaddek Hossain",
              "runs": {
                "batter": 0,
                "extras": 0,
                "total": 0
              }
            },
            {
              "batter": "Nasir Hossain",
              "bowler": "Taijul Islam",
              "non_striker": "Mosaddek Hossain",
              "runs": {
                "batter": 1,
                "extras": 0,
                "total": 1
              }
            },
            {
              "batter": "Mosaddek Hossain",
              "bowler": "Taijul Islam",
              "non_striker": "Nasir Hossain",
              "runs": {
                "batter": 0,
                "extras": 0,
                "total": 0
              }
            },
            {
              "batter": "Mosaddek Hossain",
              "bowler": "Taijul Islam",
              "non_striker": "Nasir Hossain",
              "runs": {
                "batter": 1,
                "extras": 0,
                "total": 1
              }
            },
            {
              "batter": "Nasir Hossain",
              "bowler": "Taijul Islam",
              "non_striker": "Mosaddek Hossain",
              "runs": {
                "batter": 1,
                "extras": 0,
                "total": 1
              }
            }
          ]
        },
        {
          "over": 11,
          "deliveries": [
            {
              "batter": "Nasir Hossain",
              "bowler": "Enamul Haque",
              "non_striker": "Mosaddek Hossain",
              "runs": {
                "batter": 1,
                "extras": 0,
                "total": 1
              }
            },
            {
              "batter": "Mosaddek Hossain",
              "bowler": "Enamul Haque",
              "non_striker": "Nasir Hossain",
              "runs": {
                "batter": 1,
                "extras": 0,
                "total": 1
              }
            },
            {
              "batter": "Nasir Hossain",
              "bowler": "Enamul Haque",
              "non_striker": "Mosaddek Hossain",
              "runs": {
                "batter": 2,
                "extras": 0,
                "total": 2
              }
            },
            {
              "batter": "Nasir Hossain",
              "bowler": "Enamul Haque",
              "non_striker": "Mosaddek Hossain",
              "runs": {
                "batter": 1,
                "extras": 0,
                "total": 1
              }
            },
            {
              "batter": "Mosaddek Hossain",
              "bowler": "Enamul Haque",
              "non_striker": "Nasir Hossain",
              "runs": {
                "batter": 1,
                "extras": 0,
                "total": 1
              }
            },
            {
              "batter": "Nasir Hossain",
              "bowler": "Enamul Haque",
              "non_striker": "Mosaddek Hossain",
              "runs": {
                "batter": 1,
                "extras": 0,
                "total": 1
              }
            }
          ]
        },
        {
          "over": 12,
          "deliveries": [
            {
              "batter": "Nasir Hossain",
              "bowler": "Taijul Islam",
              "non_striker": "Mosaddek Hossain",
              "runs": {
                "batter": 1,
                "extras": 0,
                "total": 1
              }
            },
            {
              "batter": "Mosaddek Hossain",
              "bowler": "Taijul Islam",
              "non_striker": "Nasir Hossain",
              "runs": {
                "batter": 1,
                "extras": 0,
                "total": 1
              }
            },
            {
              "batter": "Nasir Hossain",
              "bowler": "Taijul Islam",
              "non_striker": "Mosaddek Hossain",
              "runs": {
                "batter": 2,
                "extras": 0,
                "total": 2
              }
            },
            {
              "batter": "Nasir Hossain",
              "bowler": "Taijul Islam",
              "non_striker": "Mosaddek Hossain",
              "runs": {
                "batter": 0,
                "extras": 0,
                "total": 0
              }
            },
            {
              "batter": "Nasir Hossain",
              "bowler": "Taijul Islam",
              "non_striker": "Mosaddek Hossain",
              "runs": {
                "batter": 1,
                "extras": 0,
                "total": 1
              }
            },
            {
              "batter": "Mosaddek Hossain",
              "bowler": "Taijul Islam",
              "non_striker": "Nasir Hossain",
              "runs": {
                "batter": 0,
                "extras": 0,
                "total": 0
              }
            }
          ]
        },
        {
          "over": 13,
          "deliveries": [
            {
              "batter": "Nasir Hossain",
              "bowler": "BMAJ Mendis",
              "non_striker": "Mosaddek Hossain",
              "runs": {
                "batter": 1,
                "extras": 0,
                "total": 1
              }
            },
            {
              "batter": "Mosaddek Hossain",
              "bowler": "BMAJ Mendis",
              "non_striker": "Nasir Hossain",
              "runs": {
                "batter": 2,
                "extras": 0,
                "total": 2
              }
            },
            {
              "batter": "Mosaddek Hossain",
              "bowler": "BMAJ Mendis",
              "non_striker": "Nasir Hossain",
              "runs": {
                "batter": 1,
                "extras": 0,
                "total": 1
              }
            },
            {
              "batter": "Nasir Hossain",
              "bowler": "BMAJ Mendis",
              "non_striker": "Mosaddek Hossain",
              "runs": {
                "batter": 0,
                "extras": 0,
                "total": 0
              }
            },
            {
              "batter": "Nasir Hossain",
              "bowler": "BMAJ Mendis",
              "non_striker": "Mosaddek Hossain",
              "runs": {
                "batter": 1,
                "extras": 0,
                "total": 1
              }
            },
            {
              "batter": "Mosaddek Hossain",
              "bowler": "BMAJ Mendis",
              "non_striker": "Nasir Hossain",
              "runs": {
                "batter": 4,
                "extras": 0,
                "total": 4
              }
            }
          ]
        },
        {
          "over": 14,
          "deliveries": [
            {
              "batter": "Nasir Hossain",
              "bowler": "NLTC Perera",
              "non_striker": "Mosaddek Hossain",
              "runs": {
                "batter": 2,
                "extras": 0,
                "total": 2
              }
            },
            {
              "batter": "Nasir Hossain",
              "bowler": "NLTC Perera",
              "non_striker": "Mosaddek Hossain",
              "runs": {
                "batter": 1,
                "extras": 0,
                "total": 1
              }
            },
            {
              "batter": "Mosaddek Hossain",
              "bowler": "NLTC Perera",
              "non_striker": "Nasir Hossain",
              "runs": {
                "batter": 1,
                "extras": 0,
                "total": 1
              }
            },
            {
              "batter": "Nasir Hossain",
              "bowler": "NLTC Perera",
              "extras": {
                "wides": 1
              },
              "non_striker": "Mosaddek Hossain",
              "runs": {
                "batter": 0,
                "extras": 1,
                "total": 1
              }
            },
            {
              "batter": "Nasir Hossain",
              "bowler": "NLTC Perera",
              "non_striker": "Mosaddek Hossain",
              "runs": {
                "batter": 4,
                "extras": 0,
                "total": 4
              }
            },
            {
              "batter": "Nasir Hossain",
              "bowler": "NLTC Perera",
              "non_striker": "Mosaddek Hossain",
              "runs": {
                "batter": 0,
                "extras": 0,
                "total": 0
              }
            },
            {
              "batter": "Nasir Hossain",
              "bowler": "NLTC Perera",
              "non_striker": "Mosaddek Hossain",
              "runs": {
                "batter": 0,
                "extras": 0,
                "total": 0
              }
            }
          ]
        },
        {
          "over": 15,
          "deliveries": [
            {
              "batter": "Mosaddek Hossain",
              "bowler": "Rumman Raees",
              "non_striker": "Nasir Hossain",
              "runs": {
                "batter": 1,
                "extras": 0,
                "total": 1
              }
            },
            {
              "batter": "Nasir Hossain",
              "bowler": "Rumman Raees",
              "non_striker": "Mosaddek Hossain",
              "runs": {
                "batter": 1,
                "extras": 0,
                "total": 1
              }
            },
            {
              "batter": "Mosaddek Hossain",
              "bowler": "Rumman Raees",
              "non_striker": "Nasir Hossain",
              "runs": {
                "batter": 1,
                "extras": 0,
                "total": 1
              }
            },
            {
              "batter": "Nasir Hossain",
              "bowler": "Rumman Raees",
              "non_striker": "Mosaddek Hossain",
              "runs": {
                "batter": 0,
                "extras": 0,
                "total": 0
              }
            },
            {
              "batter": "Nasir Hossain",
              "bowler": "Rumman Raees",
              "non_striker": "Mosaddek Hossain",
              "runs": {
                "batter": 4,
                "extras": 0,
                "total": 4
              }
            },
            {
              "batter": "Nasir Hossain",
              "bowler": "Rumman Raees",
              "extras": {
                "legbyes": 2
              },
              "non_striker": "Mosaddek Hossain",
              "runs": {
                "batter": 0,
                "extras": 2,
                "total": 2
              }
            }
          ]
        },
        {
          "over": 16,
          "deliveries": [
            {
              "batter": "Mosaddek Hossain",
              "bowler": "Monir Hossain",
              "non_striker": "Nasir Hossain",
              "runs": {
                "batter": 4,
                "extras": 0,
                "total": 4
              }
            },
            {
              "batter": "Mosaddek Hossain",
              "bowler": "Monir Hossain",
              "non_striker": "Nasir Hossain",
              "runs": {
                "batter": 1,
                "extras": 0,
                "total": 1
              }
            },
            {
              "batter": "Nasir Hossain",
              "bowler": "Monir Hossain",
              "non_striker": "Mosaddek Hossain",
              "runs": {
                "batter": 6,
                "extras": 0,
                "total": 6
              }
            },
            {
              "batter": "Nasir Hossain",
              "bowler": "Monir Hossain",
              "non_striker": "Mosaddek Hossain",
              "runs": {
                "batter": 0,
                "extras": 0,
                "total": 0
              },
              "wickets": [
                {
                  "player_out": "Nasir Hossain",
                  "kind": "lbw"
                }
              ]
            },
            {
              "batter": "S Prasanna",
              "bowler": "Monir Hossain",
              "extras": {
                "legbyes": 1
              },
              "non_striker": "Mosaddek Hossain",
              "runs": {
                "batter": 0,
                "extras": 1,
                "total": 1
              }
            },
            {
              "batter": "Mosaddek Hossain",
              "bowler": "Monir Hossain",
              "non_striker": "S Prasanna",
              "runs": {
                "batter": 1,
                "extras": 0,
                "total": 1
              }
            }
          ]
        },
        {
          "over": 17,
          "deliveries": [
            {
              "batter": "Mosaddek Hossain",
              "bowler": "Rumman Raees",
              "non_striker": "S Prasanna",
              "runs": {
                "batter": 1,
                "extras": 0,
                "total": 1
              }
            },
            {
              "batter": "S Prasanna",
              "bowler": "Rumman Raees",
              "non_striker": "Mosaddek Hossain",
              "runs": {
                "batter": 1,
                "extras": 0,
                "total": 1
              }
            },
            {
              "batter": "Mosaddek Hossain",
              "bowler": "Rumman Raees",
              "non_striker": "S Prasanna",
              "runs": {
                "batter": 1,
                "extras": 0,
                "total": 1
              }
            },
            {
              "batter": "S Prasanna",
              "bowler": "Rumman Raees",
              "non_striker": "Mosaddek Hossain",
              "runs": {
                "batter": 2,
                "extras": 0,
                "total": 2
              }
            },
            {
              "batter": "S Prasanna",
              "bowler": "Rumman Raees",
              "non_striker": "Mosaddek Hossain",
              "runs": {
                "batter": 1,
                "extras": 0,
                "total": 1
              }
            },
            {
              "batter": "Mosaddek Hossain",
              "bowler": "Rumman Raees",
              "non_striker": "S Prasanna",
              "runs": {
                "batter": 0,
                "extras": 0,
                "total": 0
              }
            }
          ]
        },
        {
          "over": 18,
          "deliveries": [
            {
              "batter": "S Prasanna",
              "bowler": "Kamrul Islam Rabbi",
              "non_striker": "Mosaddek Hossain",
              "runs": {
                "batter": 0,
                "extras": 0,
                "total": 0
              }
            },
            {
              "batter": "S Prasanna",
              "bowler": "Kamrul Islam Rabbi",
              "non_striker": "Mosaddek Hossain",
              "runs": {
                "batter": 2,
                "extras": 0,
                "total": 2
              }
            },
            {
              "batter": "S Prasanna",
              "bowler": "Kamrul Islam Rabbi",
              "non_striker": "Mosaddek Hossain",
              "runs": {
                "batter": 4,
                "extras": 0,
                "total": 4
              }
            },
            {
              "batter": "S Prasanna",
              "bowler": "Kamrul Islam Rabbi",
              "extras": {
                "legbyes": 1
              },
              "non_striker": "Mosaddek Hossain",
              "runs": {
                "batter": 0,
                "extras": 1,
                "total": 1
              }
            },
            {
              "batter": "Mosaddek Hossain",
              "bowler": "Kamrul Islam Rabbi",
              "non_striker": "S Prasanna",
              "runs": {
                "batter": 0,
                "extras": 0,
                "total": 0
              },
              "wickets": [
                {
                  "player_out": "Mosaddek Hossain",
                  "fielders": [
                    {
                      "name": "BMAJ Mendis"
                    }
                  ],
                  "kind": "caught"
                }
              ]
            },
            {
              "batter": "RS Bopara",
              "bowler": "Kamrul Islam Rabbi",
              "non_striker": "S Prasanna",
              "runs": {
                "batter": 1,
                "extras": 0,
                "total": 1
              },
              "wickets": [
                {
                  "player_out": "S Prasanna",
                  "fielders": [
                    {
                      "name": "Nadif Chowdhury"
                    }
                  ],
                  "kind": "run out"
                }
              ]
            }
          ]
        },
        {
          "over": 19,
          "deliveries": [
            {
              "batter": "DJ Bravo",
              "bowler": "NLTC Perera",
              "non_striker": "RS Bopara",
              "runs": {
                "batter": 2,
                "extras": 0,
                "total": 2
              }
            },
            {
              "batter": "DJ Bravo",
              "bowler": "NLTC Perera",
              "non_striker": "RS Bopara",
              "runs": {
                "batter": 4,
                "extras": 0,
                "total": 4
              }
            }
          ]
        }
      ],
      "powerplays": [
        {
          "from": 0.1,
          "to": 5.6,
          "type": "mandatory"
        }
      ],
      "target": {
        "overs": 20,
        "runs": 133
      }
    }
  ]
}