{
  "meta": {
    "data_version": "1.1.0",
    "created": "2021-11-02",
    "revision": 2
  },
  "info": {
    "balls_per_over": 6,
    "city": "Dhaka",
    "dates": [
      "2016-11-30"
    ],
    "event": {
      "name": "Bangladesh Premier League",
      "match_number": 34
    },
    "gender": "male",
    "match_type": "T20",
    "officials": {
      "match_referees": [
        "Raqibul Hasan"
      ],
      "reserve_umpires": [
        "Mahfuzur Rahman"
      ],
      "tv_umpires": [
        "Masudur Rahman"
      ],
      "umpires": [
        "Khalid Mahmood",
        "Nadir Shah"
      ]
    },
    "outcome": {
      "winner": "Dhaka Dynamites",
      "by": {
        "runs": 42
      }
    },
    "overs": 20,
    "player_of_match": [
      "E Lewis"
    ],
    "players": {
      "Dhaka Dynamites": [
        "Mehedi Maruf",
        "E Lewis",
        "S Prasanna",
        "AD Russell",
        "Shakib Al Hasan",
        "DJ Bravo",
        "Mosaddek Hossain",
        "Nasir Hossain",
        "Sunzamul Islam",
        "Irfan Sukkur",
        "Abu Jayed"
      ],
      "Rangpur Riders": [
        "Nasir Jamshed",
        "Shahid Afridi",
        "Mohammad Mithun",
        "RJMGM Rupasinghe",
        "LA Dawson",
        "Ziaur Rahman",
        "Soumya Sarkar",
        "Sohag Gazi",
        "Muktar Ali",
        "Arafat Sunny",
        "Rubel Hossain"
      ]
    },
    "registry": {
      "people": {
        "AD Russell": "bbd41817",
        "Abu Jayed": "1bb0993e",
        "Arafat Sunny": "1f7adc8a",
        "DJ Bravo": "87e562a9",
        "E Lewis": "0ebfb1ad",
        "Elias Sunny": "817c1746",
        "Irfan Sukkur": "3cc7dd5f",
        "Khalid Mahmood": "0b06b921",
        "LA Dawson": "4a461c24",
        "Mahfuzur Rahman": "3275b68b",
        "Masudur Rahman": "9581ac6b",
        "Mehedi Maruf": "3361993b",
        "Mohammad Mithun": "77191792",
        "Mosaddek Hossain": "8919756f",
        "Muktar Ali": "4a491652",
        "Nadir Shah": "3515389d",
        "Nasir Hossain": "6eea0b32",
        "Nasir Jamshed": "4c4a06fb",
        "RJMGM Rupasinghe": "4c7c6f58",
        "Raqibul Hasan": "4c64cc8d",
        "Rubel Hossain": "f56cd097",
        "S Prasanna": "f78e7113",
        "Shahid Afridi": "0dc00542",
        "Shakib Al Hasan": "7dc35884",
        "Sohag Gazi": "5a4c12ab",
        "Soumya Sarkar": "4d9f9686",
        "Sunzamul Islam": "0f348f58",
        "Ziaur Rahman": "c27518d2"
      }
    },
    "season": "2016/17",
    "team_type": "club",
    "teams": [
      "Dhaka Dynamites",
      "Rangpur Riders"
    ],
    "toss": {
      "decision": "bat",
      "winner": "Dhaka Dynamites"
    },
    "venue": "Shere Bangla National Stadium, Mirpur"
  },
  "innings": [
    {
      "team": "Dhaka Dynamites",
      "overs": [
        {
          "over": 0,
          "deliveries": [
            {
              "batter": "Mehedi Maruf",
              "bowler": "Rubel Hossain",
              "non_striker": "E Lewis",
              "runs": {
                "batter": 0,
                "extras": 0,
                "total": 0
              }
            },
            {
              "batter": "Mehedi Maruf",
              "bowler": "Rubel Hossain",
              "non_striker": "E Lewis",
              "runs": {
                "batter": 0,
                "extras": 0,
                "total": 0
              }
            },
            {
              "batter": "Mehedi Maruf",
              "bowler": "Rubel Hossain",
              "non_striker": "E Lewis",
              "runs": {
                "batter": 0,
                "extras": 0,
                "total": 0
              }
            },
            {
              "batter": "Mehedi Maruf",
              "bowler": "Rubel Hossain",
              "non_striker": "E Lewis",
              "runs": {
                "batter": 0,
                "extras": 0,
                "total": 0
              }
            },
            {
              "batter": "Mehedi Maruf",
              "bowler": "Rubel Hossain",
              "non_striker": "E Lewis",
              "runs": {
                "batter": 0,
                "extras": 0,
                "total": 0
              }
            },
            {
              "batter": "Mehedi Maruf",
              "bowler": "Rubel Hossain",
              "non_striker": "E Lewis",
              "runs": {
                "batter": 1,
                "extras": 0,
                "total": 1
              }
            }
          ]
        },
        {
          "over": 1,
          "deliveries": [
            {
              "batter": "Mehedi Maruf",
              "bowler": "Muktar Ali",
              "non_striker": "E Lewis",
              "runs": {
                "batter": 0,
                "extras": 0,
                "total": 0
              }
            },
            {
              "batter": "Mehedi Maruf",
              "bowler": "Muktar Ali",
              "extras": {
                "byes": 1
              },
              "non_striker": "E Lewis",
              "runs": {
                "batter": 0,
                "extras": 1,
                "total": 1
              }
            },
            {
              "batter": "E Lewis",
              "bowler": "Muktar Ali",
              "non_striker": "Mehedi Maruf",
              "runs": {
                "batter": 1,
                "extras": 0,
                "total": 1
              }
            },
            {
              "batter": "Mehedi Maruf",
              "bowler": "Muktar Ali",
              "non_striker": "E Lewis",
              "runs": {
                "batter": 4,
                "extras": 0,
                "total": 4
              }
            },
            {
              "batter": "Mehedi Maruf",
              "bowler": "Muktar Ali",
              "non_striker": "E Lewis",
              "runs": {
                "batter": 0,
                "extras": 0,
                "total": 0
              }
            },
            {
              "batter": "Mehedi Maruf",
              "bowler": "Muktar Ali",
              "non_striker": "E Lewis",
              "runs": {
                "batter": 4,
                "extras": 0,
                "total": 4
              }
            }
          ]
        },
        {
          "over": 2,
          "deliveries": [
            {
              "batter": "E Lewis",
              "bowler": "Sohag Gazi",
              "non_striker": "Mehedi Maruf",
              "runs": {
                "batter": 4,
                "extras": 0,
                "total": 4
              }
            },
            {
              "batter": "E Lewis",
              "bowler": "Sohag Gazi",
              "non_striker": "Mehedi Maruf",
              "runs": {
                "batter": 0,
                "extras": 0,
                "total": 0
              }
            },
            {
              "batter": "E Lewis",
              "bowler": "Sohag Gazi",
              "non_striker": "Mehedi Maruf",
              "runs": {
                "batter": 0,
                "extras": 0,
                "total": 0
              }
            },
            {
              "batter": "E Lewis",
              "bowler": "Sohag Gazi",
              "non_striker": "Mehedi Maruf",
              "runs": {
                "batter": 0,
                "extras": 0,
                "total": 0
              }
            },
            {
              "batter": "E Lewis",
              "bowler": "Sohag Gazi",
              "non_striker": "Mehedi Maruf",
              "runs": {
                "batter": 6,
                "extras": 0,
                "total": 6
              }
            },
            {
              "batter": "E Lewis",
              "bowler": "Sohag Gazi",
              "non_striker": "Mehedi Maruf",
              "runs": {
                "batter": 1,
                "extras": 0,
                "total": 1
              }
            }
          ]
        },
        {
          "over": 3,
          "deliveries": [
            {
              "batter": "E Lewis",
              "bowler": "Rubel Hossain",
              "non_striker": "Mehedi Maruf",
              "runs": {
                "batter": 0,
                "extras": 0,
                "total": 0
              }
            },
            {
              "batter": "E Lewis",
              "bowler": "Rubel Hossain",
              "non_striker": "Mehedi Maruf",
              "runs": {
                "batter": 0,
                "extras": 0,
                "total": 0
              }
            },
            {
              "batter": "E Lewis",
              "bowler": "Rubel Hossain",
              "non_striker": "Mehedi Maruf",
              "runs": {
                "batter": 1,
                "extras": 0,
                "total": 1
              }
            },
            {
              "batter": "Mehedi Maruf",
              "bowler": "Rubel Hossain",
              "non_striker": "E Lewis",
              "runs": {
                "batter": 4,
                "extras": 0,
                "total": 4
              }
            },
            {
              "batter": "Mehedi Maruf",
              "bowler": "Rubel Hossain",
              "non_striker": "E Lewis",
              "runs": {
                "batter": 1,
                "extras": 0,
                "total": 1
              }
            },
            {
              "batter": "E Lewis",
              "bowler": "Rubel Hossain",
              "non_striker": "Mehedi Maruf",
              "runs": {
                "batter": 2,
                "extras": 0,
                "total": 2
              }
            }
          ]
        },
        {
          "over": 4,
          "deliveries": [
            {
              "batter": "Mehedi Maruf",
              "bowler": "Shahid Afridi",
              "non_striker": "E Lewis",
              "runs": {
                "batter": 1,
                "extras": 0,
                "total": 1
              }
            },
            {
              "batter": "E Lewis",
              "bowler": "Shahid Afridi",
              "non_striker": "Mehedi Maruf",
              "runs": {
                "batter": 4,
                "extras": 0,
                "total": 4
              }
            },
            {
              "batter": "E Lewis",
              "bowler": "Shahid Afridi",
              "non_striker": "Mehedi Maruf",
              "runs": {
                "batter": 6,
                "extras": 0,
                "total": 6
              }
            },
            {
              "batter": "E Lewis",
              "bowler": "Shahid Afridi",
              "non_striker": "Mehedi Maruf",
              "runs": {
                "batter": 1,
                "extras": 0,
                "total": 1
              }
            },
            {
              "batter": "Mehedi Maruf",
              "bowler": "Shahid Afridi",
              "non_striker": "E Lewis",
              "runs": {
                "batter": 0,
                "extras": 0,
                "total": 0
              }
            },
            {
              "batter": "Mehedi Maruf",
              "bowler": "Shahid Afridi",
              "non_striker": "E Lewis",
              "runs": {
                "batter": 0,
                "extras": 0,
                "total": 0
              }
            }
          ]
        },
        {
          "over": 5,
          "deliveries": [
            {
              "batter": "E Lewis",
              "bowler": "Sohag Gazi",
              "non_striker": "Mehedi Maruf",
              "runs": {
                "batter": 6,
                "extras": 0,
                "total": 6
              }
            },
            {
              "batter": "E Lewis",
              "bowler": "Sohag Gazi",
              "non_striker": "Mehedi Maruf",
              "runs": {
                "batter": 6,
                "extras": 0,
                "total": 6
              }
            },
            {
              "batter": "E Lewis",
              "bowler": "Sohag Gazi",
              "non_striker": "Mehedi Maruf",
              "runs": {
                "batter": 0,
                "extras": 0,
                "total": 0
              }
            },
            {
              "batter": "E Lewis",
              "bowler": "Sohag Gazi",
              "non_striker": "Mehedi Maruf",
              "runs": {
                "batter": 1,
                "extras": 0,
                "total": 1
              }
            },
            {
              "batter": "Mehedi Maruf",
              "bowler": "Sohag Gazi",
              "non_striker": "E Lewis",
              "runs": {
                "batter": 0,
                "extras": 0,
                "total": 0
              }
            },
            {
              "batter": "Mehedi Maruf",
              "bowler": "Sohag Gazi",
              "non_striker": "E Lewis",
              "runs": {
                "batter": 1,
                "extras": 0,
                "total": 1
              }
            }
          ]
        },
        {
          "over": 6,
          "deliveries": [
            {
              "batter": "Mehedi Maruf",
              "bowler": "Shahid Afridi",
              "non_striker": "E Lewis",
              "runs": {
                "batter": 1,
                "extras": 0,
                "total": 1
              }
            },
            {
              "batter": "E Lewis",
              "bowler": "Shahid Afridi",
              "non_striker": "Mehedi Maruf",
              "runs": {
                "batter": 6,
                "extras": 0,
                "total": 6
              }
            },
            {
              "batter": "E Lewis",
              "bowler": "Shahid Afridi",
              "non_striker": "Mehedi Maruf",
              "runs": {
                "batter": 1,
                "extras": 0,
                "total": 1
              }
            },
            {
              "batter": "Mehedi Maruf",
              "bowler": "Shahid Afridi",
              "non_striker": "E Lewis",
              "runs": {
                "batter": 6,
                "extras": 0,
                "total": 6
              }
            },
            {
              "batter": "Mehedi Maruf",
              "bowler": "Shahid Afridi",
              "non_striker": "E Lewis",
              "runs": {
                "batter": 1,
                "extras": 0,
                "total": 1
              }
            },
            {
              "batter": "E Lewis",
              "bowler": "Shahid Afridi",
              "non_striker": "Mehedi Maruf",
              "runs": {
                "batter": 6,
                "extras": 0,
                "total": 6
              }
            }
          ]
        },
        {
          "over": 7,
          "deliveries": [
            {
              "batter": "Mehedi Maruf",
              "bowler": "Arafat Sunny",
              "non_striker": "E Lewis",
              "runs": {
                "batter": 6,
                "extras": 0,
                "total": 6
              }
            },
            {
              "batter": "Mehedi Maruf",
              "bowler": "Arafat Sunny",
              "non_striker": "E Lewis",
              "runs": {
                "batter": 1,
                "extras": 0,
                "total": 1
              }
            },
            {
              "batter": "E Lewis",
              "bowler": "Arafat Sunny",
              "non_striker": "Mehedi Maruf",
              "runs": {
                "batter": 1,
                "extras": 0,
                "total": 1
              }
            },
            {
              "batter": "Mehedi Maruf",
              "bowler": "Arafat Sunny",
              "non_striker": "E Lewis",
              "runs": {
                "batter": 0,
                "extras": 0,
                "total": 0
              }
            },
            {
              "batter": "Mehedi Maruf",
              "bowler": "Arafat Sunny",
              "non_striker": "E Lewis",
              "runs": {
                "batter": 1,
                "extras": 0,
                "total": 1
              }
            },
            {
              "batter": "E Lewis",
              "bowler": "Arafat Sunny",
              "non_striker": "Mehedi Maruf",
              "runs": {
                "batter": 1,
                "extras": 0,
                "total": 1
              }
            }
          ]
        },
        {
          "over": 8,
          "deliveries": [
            {
              "batter": "E Lewis",
              "bowler": "LA Dawson",
              "non_striker": "Mehedi Maruf",
              "runs": {
                "batter": 0,
                "extras": 0,
                "total": 0
              }
            },
            {
              "batter": "E Lewis",
              "bowler": "LA Dawson",
              "non_striker": "Mehedi Maruf",
              "runs": {
                "batter": 1,
                "extras": 0,
                "total": 1
              }
            },
            {
              "batter": "Mehedi Maruf",
              "bowler": "LA Dawson",
              "non_striker": "E Lewis",
              "runs": {
                "batter": 0,
                "extras": 0,
                "total": 0
              }
            },
            {
              "batter": "Mehedi Maruf",
              "bowler": "LA Dawson",
              "non_striker": "E Lewis",
              "runs": {
                "batter": 6,
                "extras": 0,
                "total": 6
              }
            },
            {
              "batter": "Mehedi Maruf",
              "bowler": "LA Dawson",
              "non_striker": "E Lewis",
              "runs": {
                "batter": 1,
                "extras": 0,
                "total": 1
              }
            },
            {
              "batter": "E Lewis",
              "bowler": "LA Dawson",
              "non_striker": "Mehedi Maruf",
              "runs": {
                "batter": 6,
                "extras": 0,
                "total": 6
              }
            }
          ]
        },
        {
          "over": 9,
          "deliveries": [
            {
              "batter": "Mehedi Maruf",
              "bowler": "Soumya Sarkar",
              "non_striker": "E Lewis",
              "runs": {
                "batter": 0,
                "extras": 0,
                "total": 0
              }
            },
            {
              "batter": "Mehedi Maruf",
              "bowler": "Soumya Sarkar",
              "non_striker": "E Lewis",
              "runs": {
                "batter": 1,
                "extras": 0,
                "total": 1
              }
            },
            {
              "batter": "E Lewis",
              "bowler": "Soumya Sarkar",
              "non_striker": "Mehedi Maruf",
              "runs": {
                "batter": 0,
                "extras": 0,
                "total": 0
              }
            },
            {
              "batter": "E Lewis",
              "bowler": "Soumya Sarkar",
              "non_striker": "Mehedi Maruf",
              "runs": {
                "batter": 1,
                "extras": 0,
                "total": 1
              }
            },
            {
              "batter": "Mehedi Maruf",
              "bowler": "Soumya Sarkar",
              "non_striker": "E Lewis",
              "runs": {
                "batter": 0,
                "extras": 0,
                "total": 0
              },
              "wickets": [
                {
                  "player_out": "Mehedi Maruf",
                  "kind": "lbw"
                }
              ]
            },
            {
              "batter": "S Prasanna",
              "bowler": "Soumya Sarkar",
              "non_striker": "E Lewis",
              "runs": {
                "batter": 1,
                "extras": 0,
                "total": 1
              }
            }
          ]
        },
        {
          "over": 10,
          "deliveries": [
            {
              "batter": "S Prasanna",
              "bowler": "Ziaur Rahman",
              "non_striker": "E Lewis",
              "runs": {
                "batter": 0,
                "extras": 0,
                "total": 0
              },
              "wickets": [
                {
                  "player_out": "S Prasanna",
                  "fielders": [
                    {
                      "name": "Soumya Sarkar"
                    }
                  ],
                  "kind": "caught"
                }
              ]
            },
            {
              "batter": "E Lewis",
              "bowler": "Ziaur Rahman",
              "non_striker": "AD Russell",
              "runs": {
                "batter": 1,
                "extras": 0,
                "total": 1
              }
            },
            {
              "batter": "AD Russell",
              "bowler": "Ziaur Rahman",
              "non_striker": "E Lewis",
              "runs": {
                "batter": 0,
                "extras": 0,
                "total": 0
              }
            },
            {
              "batter": "AD Russell",
              "bowler": "Ziaur Rahman",
              "non_striker": "E Lewis",
              "runs": {
                "batter": 2,
                "extras": 0,
                "total": 2
              }
            },
            {
              "batter": "AD Russell",
              "bowler": "Ziaur Rahman",
              "non_striker": "E Lewis",
              "runs": {
                "batter": 1,
                "extras": 0,
                "total": 1
              }
            },
            {
              "batter": "E Lewis",
              "bowler": "Ziaur Rahman",
              "extras": {
                "wides": 1
              },
              "non_striker": "AD Russell",
              "runs": {
                "batter": 0,
                "extras": 1,
                "total": 1
              }
            },
            {
              "batter": "E Lewis",
              "bowler": "Ziaur Rahman",
              "non_striker": "AD Russell",
              "runs": {
                "batter": 1,
                "extras": 0,
                "total": 1
              }
            }
          ]
        },
        {
          "over": 11,
          "deliveries": [
            {
              "batter": "E Lewis",
              "bowler": "Soumya Sarkar",
              "non_striker": "AD Russell",
              "runs": {
                "batter": 6,
                "extras": 0,
                "total": 6
              }
            },
            {
              "batter": "E Lewis",
              "bowler": "Soumya Sarkar",
              "non_striker": "AD Russell",
              "runs": {
                "batter": 4,
                "extras": 0,
                "total": 4
              }
            },
            {
              "batter": "E Lewis",
              "bowler": "Soumya Sarkar",
              "non_striker": "AD Russell",
              "runs": {
                "batter": 1,
                "extras": 0,
                "total": 1
              }
            },
            {
              "batter": "AD Russell",
              "bowler": "Soumya Sarkar",
              "non_striker": "E Lewis",
              "runs": {
                "batter": 1,
                "extras": 0,
                "total": 1
              }
            },
            {
              "batter": "E Lewis",
              "bowler": "Soumya Sarkar",
              "non_striker": "AD Russell",
              "runs": {
                "batter": 0,
                "extras": 0,
                "total": 0
              },
              "wickets": [
                {
                  "player_out": "E Lewis",
                  "fielders": [
                    {
                      "name": "Elias Sunny",
                      "substitute": true
                    }
                  ],
                  "kind": "caught"
                }
              ]
            },
            {
              "batter": "AD Russell",
              "bowler": "Soumya Sarkar",
              "non_striker": "Shakib Al Hasan",
              "runs": {
                "batter": 1,
                "extras": 0,
                "total": 1
              }
            }
          ]
        },
        {
          "over": 12,
          "deliveries": [
            {
              "batter": "AD Russell",
              "bowler": "Ziaur Rahman",
              "non_striker": "Shakib Al Hasan",
              "runs": {
                "batter": 3,
                "extras": 0,
                "total": 3
              }
            },
            {
              "batter": "Shakib Al Hasan",
              "bowler": "Ziaur Rahman",
              "non_striker": "AD Russell",
              "runs": {
                "batter": 2,
                "extras": 0,
                "total": 2
              }
            },
            {
              "batter": "Shakib Al Hasan",
              "bowler": "Ziaur Rahman",
              "non_striker": "AD Russell",
              "runs": {
                "batter": 0,
                "extras": 0,
                "total": 0
              }
            },
            {
              "batter": "Shakib Al Hasan",
              "bowler": "Ziaur Rahman",
              "non_striker": "AD Russell",
              "runs": {
                "batter": 1,
                "extras": 0,
                "total": 1
              }
            },
            {
              "batter": "AD Russell",
              "bowler": "Ziaur Rahman",
              "non_striker": "Shakib Al Hasan",
              "runs": {
                "batter": 0,
                "extras": 0,
                "total": 0
              },
              "wickets": [
                {
                  "player_out": "AD Russell",
                  "fielders": [
                    {
                      "name": "LA Dawson"
                    }
                  ],
                  "kind": "caught"
                }
              ]
            },
            {
              "batter": "Shakib Al Hasan",
              "bowler": "Ziaur Rahman",
              "non_striker": "DJ Bravo",
              "runs": {
                "batter": 1,
                "extras": 0,
                "total": 1
              }
            }
          ]
        },
        {
          "over": 13,
          "deliveries": [
            {
              "batter": "Shakib Al Hasan",
              "bowler": "LA Dawson",
              "non_striker": "DJ Bravo",
              "runs": {
                "batter": 0,
                "extras": 0,
                "total": 0
              }
            },
            {
              "batter": "Shakib Al Hasan",
              "bowler": "LA Dawson",
              "non_striker": "DJ Bravo",
              "runs": {
                "batter": 1,
                "extras": 0,
                "total": 1
              }
            },
            {
              "batter": "DJ Bravo",
              "bowler": "LA Dawson",
              "non_striker": "Shakib Al Hasan",
              "runs": {
                "batter": 1,
                "extras": 0,
                "total": 1
              }
            },
            {
              "batter": "Shakib Al Hasan",
              "bowler": "LA Dawson",
              "non_striker": "DJ Bravo",
              "runs": {
                "batter": 1,
                "extras": 0,
                "total": 1
              }
            },
            {
              "batter": "DJ Bravo",
              "bowler": "LA Dawson",
              "non_striker": "Shakib Al Hasan",
              "runs": {
                "batter": 1,
                "extras": 0,
                "total": 1
              }
            },
            {
              "batter": "Shakib Al Hasan",
              "bowler": "LA Dawson",
              "non_striker": "DJ Bravo",
              "runs": {
                "batter": 0,
                "extras": 0,
                "total": 0
              }
            }
          ]
        },
        {
          "over": 14,
          "deliveries": [
            {
              "batter": "DJ Bravo",
              "bowler": "Shahid Afridi",
              "non_striker": "Shakib Al Hasan",
              "runs": {
                "batter": 2,
                "extras": 0,
                "total": 2
              }
            },
            {
              "batter": "DJ Bravo",
              "bowler": "Shahid Afridi",
              "non_striker": "Shakib Al Hasan",
              "runs": {
                "batter": 2,
                "extras": 0,
                "total": 2
              }
            },
            {
              "batter": "DJ Bravo",
              "bowler": "Shahid Afridi",
              "non_striker": "Shakib Al Hasan",
              "runs": {
                "batter": 0,
                "extras": 0,
                "total": 0
              }
            },
            {
              "batter": "DJ Bravo",
              "bowler": "Shahid Afridi",
              "non_striker": "Shakib Al Hasan",
              "runs": {
                "batter": 1,
                "extras": 0,
                "total": 1
              }
            },
            {
              "batter": "Shakib Al Hasan",
              "bowler": "Shahid Afridi",
              "non_striker": "DJ Bravo",
              "runs": {
                "batter": 2,
                "extras": 0,
                "total": 2
              }
            },
            {
              "batter": "Shakib Al Hasan",
              "bowler": "Shahid Afridi",
              "non_striker": "DJ Bravo",
              "runs": {
                "batter": 0,
                "extras": 0,
                "total": 0
              }
            }
          ]
        },
        {
          "over": 15,
          "deliveries": [
            {
              "batter": "DJ Bravo",
              "bowler": "LA Dawson",
              "non_striker": "Shakib Al Hasan",
              "runs": {
                "batter": 1,
                "extras": 0,
                "total": 1
              }
            },
            {
              "batter": "Shakib Al Hasan",
              "bowler": "LA Dawson",
              "non_striker": "DJ Bravo",
              "runs": {
                "batter": 1,
                "extras": 0,
                "total": 1
              }
            },
            {
              "batter": "DJ Bravo",
              "bowler": "LA Dawson",
              "non_striker": "Shakib Al Hasan",
              "runs": {
                "batter": 1,
                "extras": 0,
                "total": 1
              }
            },
            {
              "batter": "Shakib Al Hasan",
              "bowler": "LA Dawson",
              "non_striker": "DJ Bravo",
              "runs": {
                "batter": 6,
                "extras": 0,
                "total": 6
              }
            },
            {
              "batter": "Shakib Al Hasan",
              "bowler": "LA Dawson",
              "non_striker": "DJ Bravo",
              "runs": {
                "batter": 1,
                "extras": 0,
                "total": 1
              }
            },
            {
              "batter": "DJ Bravo",
              "bowler": "LA Dawson",
              "non_striker": "Shakib Al Hasan",
              "runs": {
                "batter": 1,
                "extras": 0,
                "total": 1
              }
            }
          ]
        },
        {
          "over": 16,
          "deliveries": [
            {
              "batter": "DJ Bravo",
              "bowler": "Soumya Sarkar",
              "non_striker": "Shakib Al Hasan",
              "runs": {
                "batter": 1,
                "extras": 0,
                "total": 1
              }
            },
            {
              "batter": "Shakib Al Hasan",
              "bowler": "Soumya Sarkar",
              "non_striker": "DJ Bravo",
              "runs": {
                "batter": 0,
                "extras": 0,
                "total": 0
              }
            },
            {
              "batter": "Shakib Al Hasan",
              "bowler": "Soumya Sarkar",
              "non_striker": "DJ Bravo",
              "runs": {
                "batter": 1,
                "extras": 0,
                "total": 1
              }
            },
            {
              "batter": "DJ Bravo",
              "bowler": "Soumya Sarkar",
              "non_striker": "Shakib Al Hasan",
              "runs": {
                "batter": 4,
                "extras": 0,
                "total": 4
              }
            },
            {
              "batter": "DJ Bravo",
              "bowler": "Soumya Sarkar",
              "non_striker": "Shakib Al Hasan",
              "runs": {
                "batter": 1,
                "extras": 0,
                "total": 1
              }
            },
            {
              "batter": "Shakib Al Hasan",
              "bowler": "Soumya Sarkar",
              "non_striker": "DJ Bravo",
              "runs": {
                "batter": 4,
                "extras": 0,
                "total": 4
              }
            }
          ]
        },
        {
          "over": 17,
          "deliveries": [
            {
              "batter": "DJ Bravo",
              "bowler": "Rubel Hossain",
              "non_striker": "Shakib Al Hasan",
              "runs": {
                "batter": 0,
                "extras": 0,
                "total": 0
              },
              "wickets": [
                {
                  "player_out": "DJ Bravo",
                  "kind": "bowled"
                }
              ]
            },
            {
              "batter": "Mosaddek Hossain",
              "bowler": "Rubel Hossain",
              "non_striker": "Shakib Al Hasan",
              "runs": {
                "batter": 1,
                "extras": 0,
                "total": 1
              }
            },
            {
              "batter": "Shakib Al Hasan",
              "bowler": "Rubel Hossain",
              "non_striker": "Mosaddek Hossain",
              "runs": {
                "batter": 4,
                "extras": 0,
                "total": 4
              }
            },
            {
              "batter": "Shakib Al Hasan",
              "bowler": "Rubel Hossain",
              "non_striker": "Mosaddek Hossain",
              "runs": {
                "batter": 0,
                "extras": 0,
                "total": 0
              }
            },
            {
              "batter": "Shakib Al Hasan",
              "bowler": "Rubel Hossain",
              "non_striker": "Mosaddek Hossain",
              "runs": {
                "batter": 4,
                "extras": 0,
                "total": 4
              }
            },
            {
              "batter": "Shakib Al Hasan",
              "bowler": "Rubel Hossain",
              "non_striker": "Mosaddek Hossain",
              "runs": {
                "batter": 0,
                "extras": 0,
                "total": 0
              },
              "wickets": [
                {
                  "player_out": "Shakib Al Hasan",
                  "kind": "bowled"
                }
              ]
            }
          ]
        },
        {
          "over": 18,
          "deliveries": [
            {
              "batter": "Mosaddek Hossain",
              "bowler": "Ziaur Rahman",
              "non_striker": "Nasir Hossain",
              "runs": {
                "batter": 4,
                "extras": 0,
                "total": 4
              }
            },
            {
              "batter": "Mosaddek Hossain",
              "bowler": "Ziaur Rahman",
              "non_striker": "Nasir Hossain",
              "runs": {
                "batter": 1,
                "extras": 0,
                "total": 1
              }
            },
            {
              "batter": "Nasir Hossain",
              "bowler": "Ziaur Rahman",
              "non_striker": "Mosaddek Hossain",
              "runs": {
                "batter": 2,
                "extras": 0,
                "total": 2
              }
            },
            {
              "batter": "Nasir Hossain",
              "bowler": "Ziaur Rahman",
              "non_striker": "Mosaddek Hossain",
              "runs": {
                "batter": 0,
                "extras": 0,
                "total": 0
              }
            },
            {
              "batter": "Nasir Hossain",
              "bowler": "Ziaur Rahman",
              "non_striker": "Mosaddek Hossain",
              "runs": {
                "batter": 1,
                "extras": 0,
                "total": 1
              }
            },
            {
              "batter": "Mosaddek Hossain",
              "bowler": "Ziaur Rahman",
              "non_striker": "Nasir Hossain",
              "runs": {
                "batter": 1,
                "extras": 0,
                "total": 1
              }
            }
          ]
        },
        {
          "over": 19,
          "deliveries": [
            {
              "batter": "Mosaddek Hossain",
              "bowler": "Rubel Hossain",
              "non_striker": "Nasir Hossain",
              "runs": {
                "batter": 0,
                "extras": 0,
                "total": 0
              }
            },
            {
              "batter": "Mosaddek Hossain",
              "bowler": "Rubel Hossain",
              "non_striker": "Nasir Hossain",
              "runs": {
                "batter": 2,
                "extras": 0,
                "total": 2
              }
            },
            {
              "batter": "Mosaddek Hossain",
              "bowler": "Rubel Hossain",
              "non_striker": "Nasir Hossain",
              "runs": {
                "batter": 0,
                "extras": 0,
                "total": 0
              }
            },
            {
              "batter": "Mosaddek Hossain",
              "bowler": "Rubel Hossain",
              "non_striker": "Nasir Hossain",
              "runs": {
                "batter": 1,
                "extras": 0,
                "total": 1
              }
            },
            {
              "batter": "Nasir Hossain",
              "bowler": "Rubel Hossain",
              "non_striker": "Mosaddek Hossain",
              "runs": {
                "batter": 0,
                "extras": 0,
                "total": 0
              },
              "wickets": [
                {
                  "player_out": "Nasir Hossain",
                  "fielders": [
                    {
                      "name": "Elias Sunny",
                      "substitute": true
                    }
                  ],
                  "kind": "caught"
                }
              ]
            },
            {
              "batter": "Mosaddek Hossain",
              "bowler": "Rubel Hossain",
              "non_striker": "Sunzamul Islam",
              "runs": {
                "batter": 4,
                "extras": 0,
                "total": 4
              }
            }
          ]
        }
      ],
      "powerplays": [
        {
          "from": 0.1,
          "to": 5.6,
          "type": "mandatory"
        }
      ]
    },
    {
      "team": "Rangpur Riders",
      "overs": [
        {
          "over": 0,
          "deliveries": [
            {
              "batter": "Nasir Jamshed",
              "bowler": "Abu Jayed",
              "non_striker": "Shahid Afridi",
              "runs": {
                "batter": 1,
                "extras": 0,
                "total": 1
              }
            },
            {
              "batter": "Shahid Afridi",
              "bowler": "Abu Jayed",
              "non_striker": "Nasir Jamshed",
              "runs": {
                "batter": 0,
                "extras": 0,
                "total": 0
              }
            },
            {
              "batter": "Shahid Afridi",
              "bowler": "Abu Jayed",
              "non_striker": "Nasir Jamshed",
              "runs": {
                "batter": 0,
                "extras": 0,
                "total": 0
              },
              "wickets": [
                {
                  "player_out": "Shahid Afridi",
                  "fielders": [
                    {
                      "name": "AD Russell"
                    }
                  ],
                  "kind": "caught"
                }
              ]
            },
            {
              "batter": "Nasir Jamshed",
              "bowler": "Abu Jayed",
              "non_striker": "Mohammad Mithun",
              "runs": {
                "batter": 1,
                "extras": 0,
                "total": 1
              }
            },
            {
              "batter": "Mohammad Mithun",
              "bowler": "Abu Jayed",
              "non_striker": "Nasir Jamshed",
              "runs": {
                "batter": 0,
                "extras": 0,
                "total": 0
              }
            },
            {
              "batter": "Mohammad Mithun",
              "bowler": "Abu Jayed",
              "extras": {
                "wides": 1
              },
              "non_striker": "Nasir Jamshed",
              "runs": {
                "batter": 0,
                "extras": 1,
                "total": 1
              }
            },
            {
              "batter": "Mohammad Mithun",
              "bowler": "Abu Jayed",
              "non_striker": "Nasir Jamshed",
              "runs": {
                "batter": 0,
                "extras": 0,
                "total": 0
              }
            }
          ]
        },
        {
          "over": 1,
          "deliveries": [
            {
              "batter": "Nasir Jamshed",
              "bowler": "AD Russell",
              "non_striker": "Mohammad Mithun",
              "runs": {
                "batter": 0,
                "extras": 0,
                "total": 0
              }
            },
            {
              "batter": "Nasir Jamshed",
              "bowler": "AD Russell",
              "non_striker": "Mohammad Mithun",
              "runs": {
                "batter": 4,
                "extras": 0,
                "total": 4
              }
            },
            {
              "batter": "Nasir Jamshed",
              "bowler": "AD Russell",
              "non_striker": "Mohammad Mithun",
              "runs": {
                "batter": 0,
                "extras": 0,
                "total": 0
              }
            },
            {
              "batter": "Nasir Jamshed",
              "bowler": "AD Russell",
              "non_striker": "Mohammad Mithun",
              "runs": {
                "batter": 1,
                "extras": 0,
                "total": 1
              }
            },
            {
              "batter": "Mohammad Mithun",
              "bowler": "AD Russell",
              "non_striker": "Nasir Jamshed",
              "runs": {
                "batter": 0,
                "extras": 0,
                "total": 0
              }
            },
            {
              "batter": "Mohammad Mithun",
              "bowler": "AD Russell",
              "non_striker": "Nasir Jamshed",
              "runs": {
                "batter": 1,
                "extras": 0,
                "total": 1
              }
            }
          ]
        },
        {
          "over": 2,
          "deliveries": [
            {
              "batter": "Mohammad Mithun",
              "bowler": "Abu Jayed",
              "non_striker": "Nasir Jamshed",
              "runs": {
                "batter": 0,
                "extras": 0,
                "total": 0
              },
              "wickets": [
                {
                  "player_out": "Mohammad Mithun",
                  "fielders": [
                    {
                      "name": "S Prasanna"
                    }
                  ],
                  "kind": "caught"
                }
              ]
            },
            {
              "batter": "RJMGM Rupasinghe",
              "bowler": "Abu Jayed",
              "non_striker": "Nasir Jamshed",
              "runs": {
                "batter": 0,
                "extras": 0,
                "total": 0
              }
            },
            {
              "batter": "RJMGM Rupasinghe",
              "bowler": "Abu Jayed",
              "non_striker": "Nasir Jamshed",
              "runs": {
                "batter": 1,
                "extras": 0,
                "total": 1
              }
            },
            {
              "batter": "Nasir Jamshed",
              "bowler": "Abu Jayed",
              "non_striker": "RJMGM Rupasinghe",
              "runs": {
                "batter": 0,
                "extras": 0,
                "total": 0
              }
            },
            {
              "batter": "Nasir Jamshed",
              "bowler": "Abu Jayed",
              "extras": {
                "legbyes": 1
              },
              "non_striker": "RJMGM Rupasinghe",
              "runs": {
                "batter": 0,
                "extras": 1,
                "total": 1
              }
            },
            {
              "batter": "RJMGM Rupasinghe",
              "bowler": "Abu Jayed",
              "non_striker": "Nasir Jamshed",
              "runs": {
                "batter": 0,
                "extras": 0,
                "total": 0
              }
            }
          ]
        },
        {
          "over": 3,
          "deliveries": [
            {
              "batter": "Nasir Jamshed",
              "bowler": "AD Russell",
              "non_striker": "RJMGM Rupasinghe",
              "runs": {
                "batter": 2,
                "extras": 0,
                "total": 2
              }
            },
            {
              "batter": "Nasir Jamshed",
              "bowler": "AD Russell",
              "non_striker": "RJMGM Rupasinghe",
              "runs": {
                "batter": 0,
                "extras": 0,
                "total": 0
              }
            },
            {
              "batter": "Nasir Jamshed",
              "bowler": "AD Russell",
              "non_striker": "RJMGM Rupasinghe",
              "runs": {
                "batter": 4,
                "extras": 0,
                "total": 4
              }
            },
            {
              "batter": "Nasir Jamshed",
              "bowler": "AD Russell",
              "extras": {
                "legbyes": 1
              },
              "non_striker": "RJMGM Rupasinghe",
              "runs": {
                "batter": 0,
                "extras": 1,
                "total": 1
              }
            },
            {
              "batter": "RJMGM Rupasinghe",
              "bowler": "AD Russell",
              "non_striker": "Nasir Jamshed",
              "runs": {
                "batter": 0,
                "extras": 0,
                "total": 0
              }
            },
            {
              "batter": "RJMGM Rupasinghe",
              "bowler": "AD Russell",
              "non_striker": "Nasir Jamshed",
              "runs": {
                "batter": 0,
                "extras": 0,
                "total": 0
              }
            }
          ]
        },
        {
          "over": 4,
          "deliveries": [
            {
              "batter": "Nasir Jamshed",
              "bowler": "DJ Bravo",
              "non_striker": "RJMGM Rupasinghe",
              "runs": {
                "batter": 0,
                "extras": 0,
                "total": 0
              }
            },
            {
              "batter": "Nasir Jamshed",
              "bowler": "DJ Bravo",
              "non_striker": "RJMGM Rupasinghe",
              "runs": {
                "batter": 4,
                "extras": 0,
                "total": 4
              }
            },
            {
              "batter": "Nasir Jamshed",
              "bowler": "DJ Bravo",
              "non_striker": "RJMGM Rupasinghe",
              "runs": {
                "batter": 1,
                "extras": 0,
                "total": 1
              }
            },
            {
              "batter": "RJMGM Rupasinghe",
              "bowler": "DJ Bravo",
              "non_striker": "Nasir Jamshed",
              "runs": {
                "batter": 6,
                "extras": 0,
                "total": 6
              }
            },
            {
              "batter": "RJMGM Rupasinghe",
              "bowler": "DJ Bravo",
              "non_striker": "Nasir Jamshed",
              "runs": {
                "batter": 1,
                "extras": 0,
                "total": 1
              }
            },
            {
              "batter": "Nasir Jamshed",
              "bowler": "DJ Bravo",
              "non_striker": "RJMGM Rupasinghe",
              "runs": {
                "batter": 1,
                "extras": 0,
                "total": 1
              }
            }
          ]
        },
        {
          "over": 5,
          "deliveries": [
            {
              "batter": "Nasir Jamshed",
              "bowler": "Shakib Al Hasan",
              "non_striker": "RJMGM Rupasinghe",
              "runs": {
                "batter": 0,
                "extras": 0,
                "total": 0
              }
            },
            {
              "batter": "Nasir Jamshed",
              "bowler": "Shakib Al Hasan",
              "non_striker": "RJMGM Rupasinghe",
              "runs": {
                "batter": 0,
                "extras": 0,
                "total": 0
              }
            },
            {
              "batter": "Nasir Jamshed",
              "bowler": "Shakib Al Hasan",
              "non_striker": "RJMGM Rupasinghe",
              "runs": {
                "batter": 1,
                "extras": 0,
                "total": 1
              }
            },
            {
              "batter": "RJMGM Rupasinghe",
              "bowler": "Shakib Al Hasan",
              "non_striker": "Nasir Jamshed",
              "runs": {
                "batter": 0,
                "extras": 0,
                "total": 0
              },
              "wickets": [
                {
                  "player_out": "RJMGM Rupasinghe",
                  "kind": "lbw"
                }
              ]
            },
            {
              "batter": "LA Dawson",
              "bowler": "Shakib Al Hasan",
              "non_striker": "Nasir Jamshed",
              "runs": {
                "batter": 1,
                "extras": 0,
                "total": 1
              }
            },
            {
              "batter": "Nasir Jamshed",
              "bowler": "Shakib Al Hasan",
              "non_striker": "LA Dawson",
              "runs": {
                "batter": 0,
                "extras": 0,
                "total": 0
              }
            }
          ]
        },
        {
          "over": 6,
          "deliveries": [
            {
              "batter": "LA Dawson",
              "bowler": "Mosaddek Hossain",
              "non_striker": "Nasir Jamshed",
              "runs": {
                "batter": 1,
                "extras": 0,
                "total": 1
              }
            },
            {
              "batter": "Nasir Jamshed",
              "bowler": "Mosaddek Hossain",
              "non_striker": "LA Dawson",
              "runs": {
                "batter": 1,
                "extras": 0,
                "total": 1
              }
            },
            {
              "batter": "LA Dawson",
              "bowler": "Mosaddek Hossain",
              "non_striker": "Nasir Jamshed",
              "runs": {
                "batter": 6,
                "extras": 0,
                "total": 6
              }
            },
            {
              "batter": "LA Dawson",
              "bowler": "Mosaddek Hossain",
              "non_striker": "Nasir Jamshed",
              "runs": {
                "batter": 0,
                "extras": 0,
                "total": 0
              }
            },
            {
              "batter": "LA Dawson",
              "bowler": "Mosaddek Hossain",
              "non_striker": "Nasir Jamshed",
              "runs": {
                "batter": 0,
                "extras": 0,
                "total": 0
              }
            },
            {
              "batter": "LA Dawson",
              "bowler": "Mosaddek Hossain",
              "non_striker": "Nasir Jamshed",
              "runs": {
                "batter": 1,
                "extras": 0,
                "total": 1
              }
            }
          ]
        },
        {
          "over": 7,
          "deliveries": [
            {
              "batter": "LA Dawson",
              "bowler": "Shakib Al Hasan",
              "non_striker": "Nasir Jamshed",
              "runs": {
                "batter": 1,
                "extras": 0,
                "total": 1
              }
            },
            {
              "batter": "Nasir Jamshed",
              "bowler": "Shakib Al Hasan",
              "non_striker": "LA Dawson",
              "runs": {
                "batter": 0,
                "extras": 0,
                "total": 0
              },
              "wickets": [
                {
                  "player_out": "Nasir Jamshed",
                  "fielders": [
                    {
                      "name": "Mosaddek Hossain"
                    }
                  ],
                  "kind": "caught"
                }
              ]
            },
            {
              "batter": "Ziaur Rahman",
              "bowler": "Shakib Al Hasan",
              "non_striker": "LA Dawson",
              "runs": {
                "batter": 1,
                "extras": 0,
                "total": 1
              }
            },
            {
              "batter": "LA Dawson",
              "bowler": "Shakib Al Hasan",
              "non_striker": "Ziaur Rahman",
              "runs": {
                "batter": 1,
                "extras": 0,
                "total": 1
              }
            },
            {
              "batter": "Ziaur Rahman",
              "bowler": "Shakib Al Hasan",
              "non_striker": "LA Dawson",
              "runs": {
                "batter": 0,
                "extras": 0,
                "total": 0
              }
            },
            {
              "batter": "Ziaur Rahman",
              "bowler": "Shakib Al Hasan",
              "non_striker": "LA Dawson",
              "runs": {
                "batter": 0,
                "extras": 0,
                "total": 0
              }
            }
          ]
        },
        {
          "over": 8,
          "deliveries": [
            {
              "batter": "LA Dawson",
              "bowler": "S Prasanna",
              "non_striker": "Ziaur Rahman",
              "runs": {
                "batter": 0,
                "extras": 0,
                "total": 0
              }
            },
            {
              "batter": "LA Dawson",
              "bowler": "S Prasanna",
              "non_striker": "Ziaur Rahman",
              "runs": {
                "batter": 0,
                "extras": 0,
                "total": 0
              }
            },
            {
              "batter": "LA Dawson",
              "bowler": "S Prasanna",
              "non_striker": "Ziaur Rahman",
              "runs": {
                "batter": 0,
                "extras": 0,
                "total": 0
              },
              "wickets": [
                {
                  "player_out": "LA Dawson",
                  "kind": "bowled"
                }
              ]
            },
            {
              "batter": "Soumya Sarkar",
              "bowler": "S Prasanna",
              "non_striker": "Ziaur Rahman",
              "runs": {
                "batter": 1,
                "extras": 0,
                "total": 1
              }
            },
            {
              "batter": "Ziaur Rahman",
              "bowler": "S Prasanna",
              "non_striker": "Soumya Sarkar",
              "runs": {
                "batter": 0,
                "extras": 0,
                "total": 0
              }
            },
            {
              "batter": "Ziaur Rahman",
              "bowler": "S Prasanna",
              "non_striker": "Soumya Sarkar",
              "runs": {
                "batter": 0,
                "extras": 0,
                "total": 0
              },
              "wickets": [
                {
                  "player_out": "Soumya Sarkar",
                  "fielders": [
                    {
                      "name": "Abu Jayed"
                    }
                  ],
                  "kind": "run out"
                }
              ]
            }
          ]
        },
        {
          "over": 9,
          "deliveries": [
            {
              "batter": "Ziaur Rahman",
              "bowler": "Shakib Al Hasan",
              "non_striker": "Sohag Gazi",
              "runs": {
                "batter": 0,
                "extras": 0,
                "total": 0
              }
            },
            {
              "batter": "Ziaur Rahman",
              "bowler": "Shakib Al Hasan",
              "non_striker": "Sohag Gazi",
              "runs": {
                "batter": 0,
                "extras": 0,
                "total": 0
              }
            },
            {
              "batter": "Ziaur Rahman",
              "bowler": "Shakib Al Hasan",
              "non_striker": "Sohag Gazi",
              "runs": {
                "batter": 0,
                "extras": 0,
                "total": 0
              }
            },
            {
              "batter": "Ziaur Rahman",
              "bowler": "Shakib Al Hasan",
              "non_striker": "Sohag Gazi",
              "runs": {
                "batter": 0,
                "extras": 0,
                "total": 0
              }
            },
            {
              "batter": "Ziaur Rahman",
              "bowler": "Shakib Al Hasan",
              "non_striker": "Sohag Gazi",
              "runs": {
                "batter": 1,
                "extras": 0,
                "total": 1
              }
            },
            {
              "batter": "Sohag Gazi",
              "bowler": "Shakib Al Hasan",
              "non_striker": "Ziaur Rahman",
              "runs": {
                "batter": 1,
                "extras": 0,
                "total": 1
              }
            }
          ]
        },
        {
          "over": 10,
          "deliveries": [
            {
              "batter": "Sohag Gazi",
              "bowler": "S Prasanna",
              "non_striker": "Ziaur Rahman",
              "runs": {
                "batter": 0,
                "extras": 0,
                "total": 0
              }
            },
            {
              "batter": "Sohag Gazi",
              "bowler": "S Prasanna",
              "non_striker": "Ziaur Rahman",
              "runs": {
                "batter": 2,
                "extras": 0,
                "total": 2
              }
            },
            {
              "batter": "Sohag Gazi",
              "bowler": "S Prasanna",
              "non_striker": "Ziaur Rahman",
              "runs": {
                "batter": 0,
                "extras": 0,
                "total": 0
              }
            },
            {
              "batter": "Sohag Gazi",
              "bowler": "S Prasanna",
              "non_striker": "Ziaur Rahman",
              "runs": {
                "batter": 1,
                "extras": 0,
                "total": 1
              }
            },
            {
              "batter": "Ziaur Rahman",
              "bowler": "S Prasanna",
              "non_striker": "Sohag Gazi",
              "runs": {
                "batter": 1,
                "extras": 0,
                "total": 1
              }
            },
            {
              "batter": "Sohag Gazi",
              "bowler": "S Prasanna",
              "non_striker": "Ziaur Rahman",
              "runs": {
                "batter": 0,
                "extras": 0,
                "total": 0
              }
            }
          ]
        },
        {
          "over": 11,
          "deliveries": [
            {
              "batter": "Ziaur Rahman",
              "bowler": "Shakib Al Hasan",
              "non_striker": "Sohag Gazi",
              "runs": {
                "batter": 0,
                "extras": 0,
                "total": 0
              }
            },
            {
              "batter": "Ziaur Rahman",
              "bowler": "Shakib Al Hasan",
              "non_striker": "Sohag Gazi",
              "runs": {
                "batter": 1,
                "extras": 0,
                "total": 1
              }
            },
            {
              "batter": "Sohag Gazi",
              "bowler": "Shakib Al Hasan",
              "non_striker": "Ziaur Rahman",
              "runs": {
                "batter": 1,
                "extras": 0,
                "total": 1
              }
            },
            {
              "batter": "Ziaur Rahman",
              "bowler": "Shakib Al Hasan",
              "non_striker": "Sohag Gazi",
              "runs": {
                "batter": 0,
                "extras": 0,
                "total": 0
              }
            },
            {
              "batter": "Ziaur Rahman",
              "bowler": "Shakib Al Hasan",
              "non_striker": "Sohag Gazi",
              "runs": {
                "batter": 1,
                "extras": 0,
                "total": 1
              }
            },
            {
              "batter": "Sohag Gazi",
              "bowler": "Shakib Al Hasan",
              "non_striker": "Ziaur Rahman",
              "runs": {
                "batter": 1,
                "extras": 0,
                "total": 1
              }
            }
          ]
        },
        {
          "over": 12,
          "deliveries": [
            {
              "batter": "Sohag Gazi",
              "bowler": "S Prasanna",
              "non_striker": "Ziaur Rahman",
              "runs": {
                "batter": 6,
                "extras": 0,
                "total": 6
              }
            },
            {
              "batter": "Sohag Gazi",
              "bowler": "S Prasanna",
              "non_striker": "Ziaur Rahman",
              "runs": {
                "batter": 3,
                "extras": 0,
                "total": 3
              }
            },
            {
              "batter": "Ziaur Rahman",
              "bowler": "S Prasanna",
              "non_striker": "Sohag Gazi",
              "runs": {
                "batter": 6,
                "extras": 0,
                "total": 6
              }
            },
            {
              "batter": "Ziaur Rahman",
              "bowler": "S Prasanna",
              "non_striker": "Sohag Gazi",
              "runs": {
                "batter": 4,
                "extras": 0,
                "total": 4
              }
            },
            {
              "batter": "Ziaur Rahman",
              "bowler": "S Prasanna",
              "non_striker": "Sohag Gazi",
              "runs": {
                "batter": 4,
                "extras": 0,
                "total": 4
              }
            },
            {
              "batter": "Ziaur Rahman",
              "bowler": "S Prasanna",
              "non_striker": "Sohag Gazi",
              "runs": {
                "batter": 0,
                "extras": 0,
                "total": 0
              }
            }
          ]
        },
        {
          "over": 13,
          "deliveries": [
            {
              "batter": "Sohag Gazi",
              "bowler": "Abu Jayed",
              "non_striker": "Ziaur Rahman",
              "runs": {
                "batter": 0,
                "extras": 0,
                "total": 0
              }
            },
            {
              "batter": "Sohag Gazi",
              "bowler": "Abu Jayed",
              "non_striker": "Ziaur Rahman",
              "runs": {
                "batter": 0,
                "extras": 0,
                "total": 0
              }
            },
            {
              "batter": "Sohag Gazi",
              "bowler": "Abu Jayed",
              "non_striker": "Ziaur Rahman",
              "runs": {
                "batter": 4,
                "extras": 0,
                "total": 4
              }
            },
            {
              "batter": "Sohag Gazi",
              "bowler": "Abu Jayed",
              "non_striker": "Ziaur Rahman",
              "runs": {
                "batter": 2,
                "extras": 0,
                "total": 2
              }
            },
            {
              "batter": "Sohag Gazi",
              "bowler": "Abu Jayed",
              "non_striker": "Ziaur Rahman",
              "runs": {
                "batter": 4,
                "extras": 0,
                "total": 4
              }
            },
            {
              "batter": "Sohag Gazi",
              "bowler": "Abu Jayed",
              "non_striker": "Ziaur Rahman",
              "runs": {
                "batter": 0,
                "extras": 0,
                "total": 0
              }
            }
          ]
        },
        {
          "over": 14,
          "deliveries": [
            {
              "batter": "Ziaur Rahman",
              "bowler": "DJ Bravo",
              "non_striker": "Sohag Gazi",
              "runs": {
                "batter": 1,
                "extras": 0,
                "total": 1
              }
            },
            {
              "batter": "Sohag Gazi",
              "bowler": "DJ Bravo",
              "non_striker": "Ziaur Rahman",
              "runs": {
                "batter": 0,
                "extras": 0,
                "total": 0
              }
            },
            {
              "batter": "Sohag Gazi",
              "bowler": "DJ Bravo",
              "non_striker": "Ziaur Rahman",
              "runs": {
                "batter": 1,
                "extras": 0,
                "total": 1
              }
            },
            {
              "batter": "Ziaur Rahman",
              "bowler": "DJ Bravo",
              "non_striker": "Sohag Gazi",
              "runs": {
                "batter": 0,
                "extras": 0,
                "total": 0
              }
            },
            {
              "batter": "Ziaur Rahman",
              "bowler": "DJ Bravo",
              "non_striker": "Sohag Gazi",
              "runs": {
                "batter": 1,
                "extras": 0,
                "total": 1
              }
            },
            {
              "batter": "Sohag Gazi",
              "bowler": "DJ Bravo",
              "non_striker": "Ziaur Rahman",
              "runs": {
                "batter": 4,
                "extras": 0,
                "total": 4
              }
            }
          ]
        },
        {
          "over": 15,
          "deliveries": [
            {
              "batter": "Ziaur Rahman",
              "bowler": "AD Russell",
              "non_striker": "Sohag Gazi",
              "runs": {
                "batter": 0,
                "extras": 0,
                "total": 0
              }
            },
            {
              "batter": "Ziaur Rahman",
              "bowler": "AD Russell",
              "non_striker": "Sohag Gazi",
              "runs": {
                "batter": 0,
                "extras": 0,
                "total": 0
              }
            },
            {
              "batter": "Ziaur Rahman",
              "bowler": "AD Russell",
              "non_striker": "Sohag Gazi",
              "runs": {
                "batter": 4,
                "extras": 0,
                "total": 4
              }
            },
            {
              "batter": "Ziaur Rahman",
              "bowler": "AD Russell",
              "non_striker": "Sohag Gazi",
              "runs": {
                "batter": 1,
                "extras": 0,
                "total": 1
              }
            },
            {
              "batter": "Sohag Gazi",
              "bowler": "AD Russell",
              "extras": {
                "noballs": 1
              },
              "non_striker": "Ziaur Rahman",
              "runs": {
                "batter": 0,
                "extras": 1,
                "total": 1
              }
            },
            {
              "batter": "Sohag Gazi",
              "bowler": "AD Russell",
              "non_striker": "Ziaur Rahman",
              "runs": {
                "batter": 1,
                "extras": 0,
                "total": 1
              }
            },
            {
              "batter": "Ziaur Rahman",
              "bowler": "AD Russell",
              "non_striker": "Sohag Gazi",
              "runs": {
                "batter": 1,
                "extras": 0,
                "total": 1
              }
            }
          ]
        },
        {
          "over": 16,
          "deliveries": [
            {
              "batter": "Ziaur Rahman",
              "bowler": "DJ Bravo",
              "non_striker": "Sohag Gazi",
              "runs": {
                "batter": 1,
                "extras": 0,
                "total": 1
              }
            },
            {
              "batter": "Sohag Gazi",
              "bowler": "DJ Bravo",
              "non_striker": "Ziaur Rahman",
              "runs": {
                "batter": 1,
                "extras": 0,
                "total": 1
              }
            },
            {
              "batter": "Ziaur Rahman",
              "bowler": "DJ Bravo",
              "non_striker": "Sohag Gazi",
              "runs": {
                "batter": 4,
                "extras": 0,
                "total": 4
              }
            },
            {
              "batter": "Ziaur Rahman",
              "bowler": "DJ Bravo",
              "non_striker": "Sohag Gazi",
              "runs": {
                "batter": 6,
                "extras": 0,
                "total": 6
              }
            },
            {
              "batter": "Ziaur Rahman",
              "bowler": "DJ Bravo",
              "non_striker": "Sohag Gazi",
              "runs": {
                "batter": 0,
                "extras": 0,
                "total": 0
              }
            },
            {
              "batter": "Ziaur Rahman",
              "bowler": "DJ Bravo",
              "non_striker": "Sohag Gazi",
              "runs": {
                "batter": 2,
                "extras": 0,
                "total": 2
              }
            }
          ]
        },
        {
          "over": 17,
          "deliveries": [
            {
              "batter": "Sohag Gazi",
              "bowler": "AD Russell",
              "non_striker": "Ziaur Rahman",
              "runs": {
                "batter": 1,
                "extras": 0,
                "total": 1
              }
            },
            {
              "batter": "Ziaur Rahman",
              "bowler": "AD Russell",
              "non_striker": "Sohag Gazi",
              "runs": {
                "batter": 1,
                "extras": 0,
                "total": 1
              }
            },
            {
              "batter": "Sohag Gazi",
              "bowler": "AD Russell",
              "non_striker": "Ziaur Rahman",
              "runs": {
                "batter": 1,
                "extras": 0,
                "total": 1
              }
            },
            {
              "batter": "Ziaur Rahman",
              "bowler": "AD Russell",
              "non_striker": "Sohag Gazi",
              "runs": {
                "batter": 4,
                "extras": 0,
                "total": 4
              }
            },
            {
              "batter": "Ziaur Rahman",
              "bowler": "AD Russell",
              "non_striker": "Sohag Gazi",
              "runs": {
                "batter": 4,
                "extras": 0,
                "total": 4
              }
            },
            {
              "batter": "Ziaur Rahman",
              "bowler": "AD Russell",
              "non_striker": "Sohag Gazi",
              "runs": {
                "batter": 2,
                "extras": 0,
                "total": 2
              }
            }
          ]
        },
        {
          "over": 18,
          "deliveries": [
            {
              "batter": "Sohag Gazi",
              "bowler": "DJ Bravo",
              "non_striker": "Ziaur Rahman",
              "runs": {
                "batter": 2,
                "extras": 0,
                "total": 2
              }
            },
            {
              "batter": "Sohag Gazi",
              "bowler": "DJ Bravo",
              "non_striker": "Ziaur Rahman",
              "runs": {
                "batter": 0,
                "extras": 0,
                "total": 0
              },
              "wickets": [
                {
                  "player_out": "Sohag Gazi",
                  "fielders": [
                    {
                      "name": "Nasir Hossain"
                    }
                  ],
                  "kind": "caught"
                }
              ]
            },
            {
              "batter": "Ziaur Rahman",
              "bowler": "DJ Bravo",
              "non_striker": "Muktar Ali",
              "runs": {
                "batter": 6,
                "extras": 0,
                "total": 6
              }
            },
            {
              "batter": "Ziaur Rahman",
              "bowler": "DJ Bravo",
              "non_striker": "Muktar Ali",
              "runs": {
                "batter": 0,
                "extras": 0,
                "total": 0
              }
            },
            {
              "batter": "Ziaur Rahman",
              "bowler": "DJ Bravo",
              "non_striker": "Muktar Ali",
              "runs": {
                "batter": 0,
                "extras": 0,
                "total": 0
              }
            },
            {
              "batter": "Ziaur Rahman",
              "bowler": "DJ Bravo",
              "non_striker": "Muktar Ali",
              "runs": {
                "batter": 1,
                "extras": 0,
                "total": 1
              }
            }
          ]
        },
        {
          "over": 19,
          "deliveries": [
            {
              "batter": "Ziaur Rahman",
              "bowler": "Abu Jayed",
              "non_striker": "Muktar Ali",
              "runs": {
                "batter": 1,
                "extras": 0,
                "total": 1
              }
            },
            {
              "batter": "Muktar Ali",
              "bowler": "Abu Jayed",
              "non_striker": "Ziaur Rahman",
              "runs": {
                "batter": 2,
                "extras": 0,
                "total": 2
              }
            },
            {
              "batter": "Muktar Ali",
              "bowler": "Abu Jayed",
              "non_striker": "Ziaur Rahman",
              "runs": {
                "batter": 1,
                "extras": 0,
                "total": 1
              }
            },
            {
              "batter": "Ziaur Rahman",
              "bowler": "Abu Jayed",
              "non_striker": "Muktar Ali",
              "runs": {
                "batter": 1,
                "extras": 0,
                "total": 1
              }
            },
            {
              "batter": "Muktar Ali",
              "bowler": "Abu Jayed",
              "non_striker": "Ziaur Rahman",
              "runs": {
                "batter": 1,
                "extras": 0,
                "total": 1
              }
            },
            {
              "batter": "Ziaur Rahman",
              "bowler": "Abu Jayed",
              "non_striker": "Muktar Ali",
              "runs": {
                "batter": 0,
                "extras": 0,
                "total": 0
              },
              "wickets": [
                {
                  "player_out": "Ziaur Rahman",
                  "kind": "bowled"
                }
              ]
            }
          ]
        }
      ],
      "powerplays": [
        {
          "from": 0.1,
          "to": 5.6,
          "type": "mandatory"
        }
      ],
      "target": {
        "overs": 20,
        "runs": 189
      }
    }
  ]
}