{
  "meta": {
    "data_version": "1.0.0",
    "created": "2020-07-20",
    "revision": 1
  },
  "info": {
    "balls_per_over": 6,
    "city": "London",
    "dates": [
      "2017-07-13"
    ],
    "event": {
      "name": "NatWest T20 Blast",
      "group": "South"
    },
    "gender": "male",
    "match_type": "T20",
    "officials": {
      "tv_umpires": [
        "RA Kettleborough"
      ],
      "umpires": [
        "GD Lloyd",
        "SJ O'Shaughnessy"
      ]
    },
    "outcome": {
      "winner": "Middlesex",
      "by": {
        "wickets": 1
      }
    },
    "overs": 20,
    "player_of_match": [
      "TG Helm"
    ],
    "players": {
      "Surrey": [
        "DP Sibley",
        "AJ Finch",
        "KC Sangakkara",
        "BT Foakes",
        "OJ Pope",
        "SM Curran",
        "TK Curran",
        "SG Borthwick",
        "GJ Batty",
        "R Rampaul",
        "JW Dernbach"
      ],
      "Middlesex": [
        "PR Stirling",
        "DJ Malan",
        "BB McCullum",
        "EJG Morgan",
        "JEC Franklin",
        "TG Southee",
        "RF Higgins",
        "JA Simpson",
        "NA Sowter",
        "TG Helm",
        "ST Finn"
      ]
    },
    "registry": {
      "people": {
        "AJ Finch": "b8d490fd",
        "BB McCullum": "b8a55852",
        "BT Foakes": "fd770945",
        "DJ Malan": "ad9c32a2",
        "DP Sibley": "97e434a6",
        "EJG Morgan": "d2a6c0e6",
        "GD Lloyd": "36e0770d",
        "GJ Batty": "5ac8f17b",
        "JA Simpson": "f05fe9b1",
        "JEC Franklin": "cf73ad76",
        "JW Dernbach": "7be8a0ed",
        "KC Sangakkara": "6b71e6cf",
        "NA Sowter": "ee0c05c0",
        "OJ Pope": "e94bc520",
        "PR Stirling": "cf494ffe",
        "R Rampaul": "d68e7f48",
        "RA Kettleborough": "4017868f",
        "RF Higgins": "ad212f96",
        "SG Borthwick": "51e1ed69",
        "SJ O'Shaughnessy": "4d4fdf4a",
        "SM Curran": "e94915e6",
        "ST Finn": "ccdd8308",
        "TG Helm": "74a274cc",
        "TG Southee": "13c35c9e",
        "TK Curran": "e86754b2"
      }
    },
    "season": "2017",
    "team_type": "club",
    "teams": [
      "Surrey",
      "Middlesex"
    ],
    "toss": {
      "decision": "bat",
      "winner": "Surrey"
    },
    "venue": "Lord's"
  },
  "innings": [
    {
      "team": "Surrey",
      "overs": [
        {
          "over": 0,
          "deliveries": [
            {
              "batter": "DP Sibley",
              "bowler": "TG Southee",
              "extras": {
                "wides": 1
              },
              "non_striker": "AJ Finch",
              "runs": {
                "batter": 0,
                "extras": 1,
                "total": 1
              }
            },
            {
              "batter": "DP Sibley",
              "bowler": "TG Southee",
              "non_striker": "AJ Finch",
              "runs": {
                "batter": 1,
                "extras": 0,
                "total": 1
              }
            },
            {
              "batter": "AJ Finch",
              "bowler": "TG Southee",
              "non_striker": "DP Sibley",
              "runs": {
                "batter": 0,
                "extras": 0,
                "total": 0
              }
            },
            {
              "batter": "AJ Finch",
              "bowler": "TG Southee",
              "non_striker": "DP Sibley",
              "runs": {
                "batter": 5,
                "extras": 0,
                "total": 5
              }
            },
            {
              "batter": "DP Sibley",
              "bowler": "TG Southee",
              "non_striker": "AJ Finch",
              "runs": {
                "batter": 4,
                "extras": 0,
                "total": 4
              }
            },
            {
              "batter": "DP Sibley",
              "bowler": "TG Southee",
              "non_striker": "AJ Finch",
              "runs": {
                "batter": 0,
                "extras": 0,
                "total": 0
              }
            },
            {
              "batter": "DP Sibley",
              "bowler": "TG Southee",
              "non_striker": "AJ Finch",
              "runs": {
                "batter": 0,
                "extras": 0,
                "total": 0
              }
            }
          ]
        },
        {
          "over": 1,
          "deliveries": [
            {
              "batter": "AJ Finch",
              "bowler": "ST Finn",
              "extras": {
                "wides": 1
              },
              "non_striker": "DP Sibley",
              "runs": {
                "batter": 0,
                "extras": 1,
                "total": 1
              }
            },
            {
              "batter": "AJ Finch",
              "bowler": "ST Finn",
              "non_striker": "DP Sibley",
              "runs": {
                "batter": 0,
                "extras": 0,
                "total": 0
              }
            },
            {
              "batter": "AJ Finch",
              "bowler": "ST Finn",
              "non_striker": "DP Sibley",
              "runs": {
                "batter": 4,
                "extras": 0,
                "total": 4
              }
            },
            {
              "batter": "AJ Finch",
              "bowler": "ST Finn",
              "non_striker": "DP Sibley",
              "runs": {
                "batter": 4,
                "extras": 0,
                "total": 4
              }
            },
            {
              "batter": "AJ Finch",
              "bowler": "ST Finn",
              "non_striker": "DP Sibley",
              "runs": {
                "batter": 0,
                "extras": 0,
                "total": 0
              }
            },
            {
              "batter": "AJ Finch",
              "bowler": "ST Finn",
              "non_striker": "DP Sibley",
              "runs": {
                "batter": 6,
                "extras": 0,
                "total": 6
              }
            },
            {
              "batter": "AJ Finch",
              "bowler": "ST Finn",
              "non_striker": "DP Sibley",
              "runs": {
                "batter": 2,
                "extras": 0,
                "total": 2
              }
            }
          ]
        },
        {
          "over": 2,
          "deliveries": [
            {
              "batter": "DP Sibley",
              "bowler": "TG Southee",
              "non_striker": "AJ Finch",
              "runs": {
                "batter": 0,
                "extras": 0,
                "total": 0
              }
            },
            {
              "batter": "DP Sibley",
              "bowler": "TG Southee",
              "non_striker": "AJ Finch",
              "runs": {
                "batter": 0,
                "extras": 0,
                "total": 0
              }
            },
            {
              "batter": "DP Sibley",
              "bowler": "TG Southee",
              "non_striker": "AJ Finch",
              "runs": {
                "batter": 0,
                "extras": 0,
                "total": 0
              },
              "wickets": [
                {
                  "player_out": "DP Sibley",
                  "fielders": [
                    {
                      "name": "JA Simpson"
                    }
                  ],
                  "kind": "caught"
                }
              ]
            },
            {
              "batter": "KC Sangakkara",
              "bowler": "TG Southee",
              "extras": {
                "wides": 1
              },
              "non_striker": "AJ Finch",
              "runs": {
                "batter": 0,
                "extras": 1,
                "total": 1
              }
            },
            {
              "batter": "KC Sangakkara",
              "bowler": "TG Southee",
              "non_striker": "AJ Finch",
              "runs": {
                "batter": 1,
                "extras": 0,
                "total": 1
              }
            },
            {
              "batter": "AJ Finch",
              "bowler": "TG Southee",
              "non_striker": "KC Sangakkara",
              "runs": {
                "batter": 0,
                "extras": 0,
                "total": 0
              }
            },
            {
              "batter": "AJ Finch",
              "bowler": "TG Southee",
              "non_striker": "KC Sangakkara",
              "runs": {
                "batter": 0,
                "extras": 0,
                "total": 0
              }
            }
          ]
        },
        {
          "over": 3,
          "deliveries": [
            {
              "batter": "KC Sangakkara",
              "bowler": "ST Finn",
              "non_striker": "AJ Finch",
              "runs": {
                "batter": 0,
                "extras": 0,
                "total": 0
              }
            },
            {
              "batter": "KC Sangakkara",
              "bowler": "ST Finn",
              "non_striker": "AJ Finch",
              "runs": {
                "batter": 4,
                "extras": 0,
                "total": 4
              }
            },
            {
              "batter": "KC Sangakkara",
              "bowler": "ST Finn",
              "non_striker": "AJ Finch",
              "runs": {
                "batter": 1,
                "extras": 0,
                "total": 1
              }
            },
            {
              "batter": "AJ Finch",
              "bowler": "ST Finn",
              "non_striker": "KC Sangakkara",
              "runs": {
                "batter": 1,
                "extras": 0,
                "total": 1
              }
            },
            {
              "batter": "KC Sangakkara",
              "bowler": "ST Finn",
              "non_striker": "AJ Finch",
              "runs": {
                "batter": 0,
                "extras": 0,
                "total": 0
              }
            },
            {
              "batter": "KC Sangakkara",
              "bowler": "ST Finn",
              "non_striker": "AJ Finch",
              "runs": {
                "batter": 0,
                "extras": 0,
                "total": 0
              }
            }
          ]
        },
        {
          "over": 4,
          "deliveries": [
            {
              "batter": "AJ Finch",
              "bowler": "TG Helm",
              "non_striker": "KC Sangakkara",
              "runs": {
                "batter": 0,
                "extras": 0,
                "total": 0
              },
              "wickets": [
                {
                  "player_out": "AJ Finch",
                  "kind": "bowled"
                }
              ]
            },
            {
              "batter": "BT Foakes",
              "bowler": "TG Helm",
              "non_striker": "KC Sangakkara",
              "runs": {
                "batter": 0,
                "extras": 0,
                "total": 0
              }
            },
            {
              "batter": "BT Foakes",
              "bowler": "TG Helm",
              "non_striker": "KC Sangakkara",
              "runs": {
                "batter": 0,
                "extras": 0,
                "total": 0
              }
            },
            {
              "batter": "BT Foakes",
              "bowler": "TG Helm",
              "non_striker": "KC Sangakkara",
              "runs": {
                "batter": 0,
                "extras": 0,
                "total": 0
              }
            },
            {
              "batter": "BT Foakes",
              "bowler": "TG Helm",
              "non_striker": "KC Sangakkara",
              "runs": {
                "batter": 0,
                "extras": 0,
                "total": 0
              }
            },
            {
              "batter": "BT Foakes",
              "bowler": "TG Helm",
              "non_striker": "KC Sangakkara",
              "runs": {
                "batter": 1,
                "extras": 0,
                "total": 1
              }
            }
          ]
        },
        {
          "over": 5,
          "deliveries": [
            {
              "batter": "BT Foakes",
              "bowler": "ST Finn",
              "non_striker": "KC Sangakkara",
              "runs": {
                "batter": 4,
                "extras": 0,
                "total": 4
              }
            },
            {
              "batter": "BT Foakes",
              "bowler": "ST Finn",
              "non_striker": "KC Sangakkara",
              "runs": {
                "batter": 1,
                "extras": 0,
                "total": 1
              }
            },
            {
              "batter": "KC Sangakkara",
              "bowler": "ST Finn",
              "non_striker": "BT Foakes",
              "runs": {
                "batter": 4,
                "extras": 0,
                "total": 4
              }
            },
            {
              "batter": "KC Sangakkara",
              "bowler": "ST Finn",
              "non_striker": "BT Foakes",
              "runs": {
                "batter": 1,
                "extras": 0,
                "total": 1
              }
            },
            {
              "batter": "BT Foakes",
              "bowler": "ST Finn",
              "non_striker": "KC Sangakkara",
              "runs": {
                "batter": 1,
                "extras": 0,
                "total": 1
              }
            },
            {
              "batter": "KC Sangakkara",
              "bowler": "ST Finn",
              "non_striker": "BT Foakes",
              "runs": {
                "batter": 6,
                "extras": 0,
                "total": 6
              }
            }
          ]
        },
        {
          "over": 6,
          "deliveries": [
            {
              "batter": "BT Foakes",
              "bowler": "TG Helm",
              "non_striker": "KC Sangakkara",
              "runs": {
                "batter": 4,
                "extras": 0,
                "total": 4
              }
            },
            {
              "batter": "BT Foakes",
              "bowler": "TG Helm",
              "non_striker": "KC Sangakkara",
              "runs": {
                "batter": 1,
                "extras": 0,
                "total": 1
              }
            },
            {
              "batter": "KC Sangakkara",
              "bowler": "TG Helm",
              "non_striker": "BT Foakes",
              "runs": {
                "batter": 4,
                "extras": 0,
                "total": 4
              }
            },
            {
              "batter": "KC Sangakkara",
              "bowler": "TG Helm",
              "non_striker": "BT Foakes",
              "runs": {
                "batter": 1,
                "extras": 0,
                "total": 1
              }
            },
            {
              "batter": "BT Foakes",
              "bowler": "TG Helm",
              "non_striker": "KC Sangakkara",
              "runs": {
                "batter": 1,
                "extras": 0,
                "total": 1
              }
            },
            {
              "batter": "KC Sangakkara",
              "bowler": "TG Helm",
              "non_striker": "BT Foakes",
              "runs": {
                "batter": 6,
                "extras": 0,
                "total": 6
              }
            }
          ]
        },
        {
          "over": 7,
          "deliveries": [
            {
              "batter": "BT Foakes",
              "bowler": "NA Sowter",
              "non_striker": "KC Sangakkara",
              "runs": {
                "batter": 0,
                "extras": 0,
                "total": 0
              },
              "wickets": [
                {
                  "player_out": "BT Foakes",
                  "kind": "bowled"
                }
              ]
            },
            {
              "batter": "OJ Pope",
              "bowler": "NA Sowter",
              "non_striker": "KC Sangakkara",
              "runs": {
                "batter": 1,
                "extras": 0,
                "total": 1
              }
            },
            {
              "batter": "KC Sangakkara",
              "bowler": "NA Sowter",
              "extras": {
                "wides": 1
              },
              "non_striker": "OJ Pope",
              "runs": {
                "batter": 0,
                "extras": 1,
                "total": 1
              }
            },
            {
              "batter": "KC Sangakkara",
              "bowler": "NA Sowter",
              "non_striker": "OJ Pope",
              "runs": {
                "batter": 0,
                "extras": 0,
                "total": 0
              }
            },
            {
              "batter": "KC Sangakkara",
              "bowler": "NA Sowter",
              "extras": {
                "wides": 2
              },
              "non_striker": "OJ Pope",
              "runs": {
                "batter": 0,
                "extras": 2,
                "total": 2
              }
            },
            {
              "batter": "OJ Pope",
              "bowler": "NA Sowter",
              "non_striker": "KC Sangakkara",
              "runs": {
                "batter": 1,
                "extras": 0,
                "total": 1
              }
            },
            {
              "batter": "KC Sangakkara",
              "bowler": "NA Sowter",
              "non_striker": "OJ Pope",
              "runs": {
                "batter": 1,
                "extras": 0,
                "total": 1
              }
            },
            {
              "batter": "OJ Pope",
              "bowler": "NA Sowter",
              "non_striker": "KC Sangakkara",
              "runs": {
                "batter": 1,
                "extras": 0,
                "total": 1
              }
            }
          ]
        },
        {
          "over": 8,
          "deliveries": [
            {
              "batter": "OJ Pope",
              "bowler": "PR Stirling",
              "non_striker": "KC Sangakkara",
              "runs": {
                "batter": 2,
                "extras": 0,
                "total": 2
              }
            },
            {
              "batter": "OJ Pope",
              "bowler": "PR Stirling",
              "non_striker": "KC Sangakkara",
              "runs": {
                "batter": 1,
                "extras": 0,
                "total": 1
              }
            },
            {
              "batter": "KC Sangakkara",
              "bowler": "PR Stirling",
              "non_striker": "OJ Pope",
              "runs": {
                "batter": 1,
                "extras": 0,
                "total": 1
              }
            },
            {
              "batter": "OJ Pope",
              "bowler": "PR Stirling",
              "non_striker": "KC Sangakkara",
              "runs": {
                "batter": 2,
                "extras": 0,
                "total": 2
              }
            },
            {
              "batter": "OJ Pope",
              "bowler": "PR Stirling",
              "non_striker": "KC Sangakkara",
              "runs": {
                "batter": 1,
                "extras": 0,
                "total": 1
              }
            },
            {
              "batter": "KC Sangakkara",
              "bowler": "PR Stirling",
              "non_striker": "OJ Pope",
              "runs": {
                "batter": 1,
                "extras": 0,
                "total": 1
              }
            }
          ]
        },
        {
          "over": 9,
          "deliveries": [
            {
              "batter": "KC Sangakkara",
              "bowler": "NA Sowter",
              "non_striker": "OJ Pope",
              "runs": {
                "batter": 1,
                "extras": 0,
                "total": 1
              }
            },
            {
              "batter": "OJ Pope",
              "bowler": "NA Sowter",
              "non_striker": "KC Sangakkara",
              "runs": {
                "batter": 1,
                "extras": 0,
                "total": 1
              }
            },
            {
              "batter": "KC Sangakkara",
              "bowler": "NA Sowter",
              "non_striker": "OJ Pope",
              "runs": {
                "batter": 1,
                "extras": 0,
                "total": 1
              }
            },
            {
              "batter": "OJ Pope",
              "bowler": "NA Sowter",
              "non_striker": "KC Sangakkara",
              "runs": {
                "batter": 1,
                "extras": 0,
                "total": 1
              }
            },
            {
              "batter": "KC Sangakkara",
              "bowler": "NA Sowter",
              "non_striker": "OJ Pope",
              "runs": {
                "batter": 1,
                "extras": 0,
                "total": 1
              }
            },
            {
              "batter": "OJ Pope",
              "bowler": "NA Sowter",
              "non_striker": "KC Sangakkara",
              "runs": {
                "batter": 1,
                "extras": 0,
                "total": 1
              }
            }
          ]
        },
        {
          "over": 10,
          "deliveries": [
            {
              "batter": "OJ Pope",
              "bowler": "TG Southee",
              "non_striker": "KC Sangakkara",
              "runs": {
                "batter": 1,
                "extras": 0,
                "total": 1
              }
            },
            {
              "batter": "KC Sangakkara",
              "bowler": "TG Southee",
              "non_striker": "OJ Pope",
              "runs": {
                "batter": 1,
                "extras": 0,
                "total": 1
              }
            },
            {
              "batter": "OJ Pope",
              "bowler": "TG Southee",
              "non_striker": "KC Sangakkara",
              "runs": {
                "batter": 0,
                "extras": 0,
                "total": 0
              }
            },
            {
              "batter": "OJ Pope",
              "bowler": "TG Southee",
              "non_striker": "KC Sangakkara",
              "runs": {
                "batter": 0,
                "extras": 0,
                "total": 0
              },
              "wickets": [
                {
                  "player_out": "OJ Pope",
                  "kind": "bowled"
                }
              ]
            },
            {
              "batter": "SM Curran",
              "bowler": "TG Southee",
              "non_striker": "KC Sangakkara",
              "runs": {
                "batter": 2,
                "extras": 0,
                "total": 2
              }
            },
            {
              "batter": "SM Curran",
              "bowler": "TG Southee",
              "non_striker": "KC Sangakkara",
              "runs": {
                "batter": 1,
                "extras": 0,
                "total": 1
              }
            }
          ]
        },
        {
          "over": 11,
          "deliveries": [
            {
              "batter": "SM Curran",
              "bowler": "NA Sowter",
              "non_striker": "KC Sangakkara",
              "runs": {
                "batter": 0,
                "extras": 0,
                "total": 0
              }
            },
            {
              "batter": "SM Curran",
              "bowler": "NA Sowter",
              "non_striker": "KC Sangakkara",
              "runs": {
                "batter": 1,
                "extras": 0,
                "total": 1
              }
            },
            {
              "batter": "KC Sangakkara",
              "bowler": "NA Sowter",
              "non_striker": "SM Curran",
              "runs": {
                "batter": 2,
                "extras": 0,
                "total": 2
              }
            },
            {
              "batter": "KC Sangakkara",
              "bowler": "NA Sowter",
              "non_striker": "SM Curran",
              "runs": {
                "batter": 1,
                "extras": 0,
                "total": 1
              }
            },
            {
              "batter": "SM Curran",
              "bowler": "NA Sowter",
              "non_striker": "KC Sangakkara",
              "runs": {
                "batter": 1,
                "extras": 0,
                "total": 1
              }
            },
            {
              "batter": "KC Sangakkara",
              "bowler": "NA Sowter",
              "non_striker": "SM Curran",
              "runs": {
                "batter": 4,
                "extras": 0,
                "total": 4
              }
            }
          ]
        },
        {
          "over": 12,
          "deliveries": [
            {
              "batter": "SM Curran",
              "bowler": "PR Stirling",
              "non_striker": "KC Sangakkara",
              "runs": {
                "batter": 0,
                "extras": 0,
                "total": 0
              },
              "wickets": [
                {
                  "player_out": "SM Curran",
                  "kind": "bowled"
                }
              ]
            },
            {
              "batter": "TK Curran",
              "bowler": "PR Stirling",
              "non_striker": "KC Sangakkara",
              "runs": {
                "batter": 1,
                "extras": 0,
                "total": 1
              }
            },
            {
              "batter": "KC Sangakkara",
              "bowler": "PR Stirling",
              "non_striker": "TK Curran",
              "runs": {
                "batter": 1,
                "extras": 0,
                "total": 1
              }
            },
            {
              "batter": "TK Curran",
              "bowler": "PR Stirling",
              "non_striker": "KC Sangakkara",
              "runs": {
                "batter": 0,
                "extras": 0,
                "total": 0
              }
            },
            {
              "batter": "TK Curran",
              "bowler": "PR Stirling",
              "non_striker": "KC Sangakkara",
              "runs": {
                "batter": 1,
                "extras": 0,
                "total": 1
              }
            },
            {
              "batter": "KC Sangakkara",
              "bowler": "PR Stirling",
              "non_striker": "TK Curran",
              "runs": {
                "batter": 1,
                "extras": 0,
                "total": 1
              }
            }
          ]
        },
        {
          "over": 13,
          "deliveries": [
            {
              "batter": "KC Sangakkara",
              "bowler": "JEC Franklin",
              "non_striker": "TK Curran",
              "runs": {
                "batter": 1,
                "extras": 0,
                "total": 1
              }
            },
            {
              "batter": "TK Curran",
              "bowler": "JEC Franklin",
              "non_striker": "KC Sangakkara",
              "runs": {
                "batter": 1,
                "extras": 0,
                "total": 1
              }
            },
            {
              "batter": "KC Sangakkara",
              "bowler": "JEC Franklin",
              "non_striker": "TK Curran",
              "runs": {
                "batter": 2,
                "extras": 0,
                "total": 2
              }
            },
            {
              "batter": "KC Sangakkara",
              "bowler": "JEC Franklin",
              "non_striker": "TK Curran",
              "runs": {
                "batter": 1,
                "extras": 0,
                "total": 1
              }
            },
            {
              "batter": "TK Curran",
              "bowler": "JEC Franklin",
              "non_striker": "KC Sangakkara",
              "runs": {
                "batter": 1,
                "extras": 0,
                "total": 1
              }
            },
            {
              "batter": "KC Sangakkara",
              "bowler": "JEC Franklin",
              "non_striker": "TK Curran",
              "runs": {
                "batter": 0,
                "extras": 0,
                "total": 0
              }
            }
          ]
        },
        {
          "over": 14,
          "deliveries": [
            {
              "batter": "TK Curran",
              "bowler": "PR Stirling",
              "non_striker": "KC Sangakkara",
              "runs": {
                "batter": 0,
                "extras": 0,
                "total": 0
              },
              "wickets": [
                {
                  "player_out": "TK Curran",
                  "kind": "bowled"
                }
              ]
            },
            {
              "batter": "SG Borthwick",
              "bowler": "PR Stirling",
              "extras": {
                "legbyes": 1
              },
              "non_striker": "KC Sangakkara",
              "runs": {
                "batter": 0,
                "extras": 1,
                "total": 1
              }
            },
            {
              "batter": "KC Sangakkara",
              "bowler": "PR Stirling",
              "non_striker": "SG Borthwick",
              "runs": {
                "batter": 1,
                "extras": 0,
                "total": 1
              }
            },
            {
              "batter": "SG Borthwick",
              "bowler": "PR Stirling",
              "non_striker": "KC Sangakkara",
              "runs": {
                "batter": 1,
                "extras": 0,
                "total": 1
              }
            },
            {
              "batter": "KC Sangakkara",
              "bowler": "PR Stirling",
              "non_striker": "SG Borthwick",
              "runs": {
                "batter": 1,
                "extras": 0,
                "total": 1
              }
            },
            {
              "batter": "SG Borthwick",
              "bowler": "PR Stirling",
              "non_striker": "KC Sangakkara",
              "runs": {
                "batter": 1,
                "extras": 0,
                "total": 1
              }
            }
          ]
        },
        {
          "over": 15,
          "deliveries": [
            {
              "batter": "SG Borthwick",
              "bowler": "JEC Franklin",
              "non_striker": "KC Sangakkara",
              "runs": {
                "batter": 1,
                "extras": 0,
                "total": 1
              }
            },
            {
              "batter": "KC Sangakkara",
              "bowler": "JEC Franklin",
              "non_striker": "SG Borthwick",
              "runs": {
                "batter": 1,
                "extras": 0,
                "total": 1
              }
            },
            {
              "batter": "SG Borthwick",
              "bowler": "JEC Franklin",
              "non_striker": "KC Sangakkara",
              "runs": {
                "batter": 1,
                "extras": 0,
                "total": 1
              }
            },
            {
              "batter": "KC Sangakkara",
              "bowler": "JEC Franklin",
              "extras": {
                "wides": 1
              },
              "non_striker": "SG Borthwick",
              "runs": {
                "batter": 0,
                "extras": 1,
                "total": 1
              }
            },
            {
              "batter": "KC Sangakkara",
              "bowler": "JEC Franklin",
              "non_striker": "SG Borthwick",
              "runs": {
                "batter": 6,
                "extras": 0,
                "total": 6
              }
            },
            {
              "batter": "KC Sangakkara",
              "bowler": "JEC Franklin",
              "non_striker": "SG Borthwick",
              "runs": {
                "batter": 4,
                "extras": 0,
                "total": 4
              }
            },
            {
              "batter": "KC Sangakkara",
              "bowler": "JEC Franklin",
              "non_striker": "SG Borthwick",
              "runs": {
                "batter": 4,
                "extras": 0,
                "total": 4
              }
            }
          ]
        },
        {
          "over": 16,
          "deliveries": [
            {
              "batter": "SG Borthwick",
              "bowler": "TG Southee",
              "non_striker": "KC Sangakkara",
              "runs": {
                "batter": 1,
                "extras": 0,
                "total": 1
              }
            },
            {
              "batter": "KC Sangakkara",
              "bowler": "TG Southee",
              "extras": {
                "wides": 1
              },
              "non_striker": "SG Borthwick",
              "runs": {
                "batter": 0,
                "extras": 1,
                "total": 1
              }
            },
            {
              "batter": "KC Sangakkara",
              "bowler": "TG Southee",
              "non_striker": "SG Borthwick",
              "runs": {
                "batter": 0,
                "extras": 0,
                "total": 0
              }
            },
            {
              "batter": "KC Sangakkara",
              "bowler": "TG Southee",
              "non_striker": "SG Borthwick",
              "runs": {
                "batter": 1,
                "extras": 0,
                "total": 1
              }
            },
            {
              "batter": "SG Borthwick",
              "bowler": "TG Southee",
              "non_striker": "KC Sangakkara",
              "runs": {
                "batter": 1,
                "extras": 0,
                "total": 1
              }
            },
            {
              "batter": "KC Sangakkara",
              "bowler": "TG Southee",
              "non_striker": "SG Borthwick",
              "runs": {
                "batter": 1,
                "extras": 0,
                "total": 1
              }
            },
            {
              "batter": "SG Borthwick",
              "bowler": "TG Southee",
              "non_striker": "KC Sangakkara",
              "runs": {
                "batter": 0,
                "extras": 0,
                "total": 0
              }
            }
          ]
        },
        {
          "over": 17,
          "deliveries": [
            {
              "batter": "KC Sangakkara",
              "bowler": "TG Helm",
              "non_striker": "SG Borthwick",
              "runs": {
                "batter": 1,
                "extras": 0,
                "total": 1
              }
            },
            {
              "batter": "SG Borthwick",
              "bowler": "TG Helm",
              "non_striker": "KC Sangakkara",
              "runs": {
                "batter": 1,
                "extras": 0,
                "total": 1
              }
            },
            {
              "batter": "KC Sangakkara",
              "bowler": "TG Helm",
              "non_striker": "SG Borthwick",
              "runs": {
                "batter": 1,
                "extras": 0,
                "total": 1
              }
            },
            {
              "batter": "SG Borthwick",
              "bowler": "TG Helm",
              "non_striker": "KC Sangakkara",
              "runs": {
                "batter": 1,
                "extras": 0,
                "total": 1
              }
            },
            {
              "batter": "KC Sangakkara",
              "bowler": "TG Helm",
              "non_striker": "SG Borthwick",
              "runs": {
                "batter": 1,
                "extras": 0,
                "total": 1
              }
            },
            {
              "batter": "SG Borthwick",
              "bowler": "TG Helm",
              "non_striker": "KC Sangakkara",
              "runs": {
                "batter": 1,
                "extras": 0,
                "total": 1
              }
            }
          ]
        },
        {
          "over": 18,
          "deliveries": [
            {
              "batter": "SG Borthwick",
              "bowler": "ST Finn",
              "non_striker": "KC Sangakkara",
              "runs": {
                "batter": 0,
                "extras": 0,
                "total": 0
              }
            },
            {
              "batter": "SG Borthwick",
              "bowler": "ST Finn",
              "non_striker": "KC Sangakkara",
              "runs": {
                "batter": 1,
                "extras": 0,
                "total": 1
              }
            },
            {
              "batter": "KC Sangakkara",
              "bowler": "ST Finn",
              "non_striker": "SG Borthwick",
              "runs": {
                "batter": 0,
                "extras": 0,
                "total": 0
              },
              "wickets": [
                {
                  "player_out": "KC Sangakkara",
                  "kind": "bowled"
                }
              ]
            },
            {
              "batter": "GJ Batty",
              "bowler": "ST Finn",
              "extras": {
                "legbyes": 1
              },
              "non_striker": "SG Borthwick",
              "runs": {
                "batter": 0,
                "extras": 1,
                "total": 1
              }
            },
            {
              "batter": "SG Borthwick",
              "bowler": "ST Finn",
              "non_striker": "GJ Batty",
              "runs": {
                "batter": 0,
                "extras": 0,
                "total": 0
              }
            },
            {
              "batter": "SG Borthwick",
              "bowler": "ST Finn",
              "non_striker": "GJ Batty",
              "runs": {
                "batter": 1,
                "extras": 0,
                "total": 1
              }
            }
          ]
        },
        {
          "over": 19,
          "deliveries": [
            {
              "batter": "SG Borthwick",
              "bowler": "TG Helm",
              "non_striker": "GJ Batty",
              "runs": {
                "batter": 1,
                "extras": 0,
                "total": 1
              }
            },
            {
              "batter": "GJ Batty",
              "bowler": "TG Helm",
              "non_striker": "SG Borthwick",
              "runs": {
                "batter": 0,
                "extras": 0,
                "total": 0
              }
            },
            {
              "batter": "GJ Batty",
              "bowler": "TG Helm",
              "non_striker": "SG Borthwick",
              "runs": {
                "batter": 0,
                "extras": 0,
                "total": 0
              }
            },
            {
              "batter": "GJ Batty",
              "bowler": "TG Helm",
              "non_striker": "SG Borthwick",
              "runs": {
                "batter": 0,
                "extras": 0,
                "total": 0
              },
              "wickets": [
                {
                  "player_out": "GJ Batty",
                  "fielders": [
                    {
                      "name": "BB McCullum"
                    }
                  ],
                  "kind": "caught"
                }
              ]
            },
            {
              "batter": "R Rampaul",
              "bowler": "TG Helm",
              "non_striker": "SG Borthwick",
              "runs": {
                "batter": 0,
                "extras": 0,
                "total": 0
              },
              "wickets": [
                {
                  "player_out": "R Rampaul",
                  "fielders": [
                    {
                      "name": "DJ Malan"
                    }
                  ],
                  "kind": "caught"
                }
              ]
            },
            {
              "batter": "SG Borthwick",
              "bowler": "TG Helm",
              "non_striker": "JW Dernbach",
              "runs": {
                "batter": 4,
                "extras": 0,
                "total": 4
              }
            }
          ]
        }
      ],
      "powerplays": [
        {
          "from": 0.1,
          "to": 5.6,
          "type": "mandatory"
        }
      ]
    },
    {
      "team": "Middlesex",
      "overs": [
        {
          "over": 0,
          "deliveries": [
            {
              "batter": "PR Stirling",
              "bowler": "JW Dernbach",
              "non_striker": "DJ Malan",
              "runs": {
                "batter": 1,
                "extras": 0,
                "total": 1
              }
            },
            {
              "batter": "DJ Malan",
              "bowler": "JW Dernbach",
              "non_striker": "PR Stirling",
              "runs": {
                "batter": 2,
                "extras": 0,
                "total": 2
              }
            },
            {
              "batter": "DJ Malan",
              "bowler": "JW Dernbach",
              "non_striker": "PR Stirling",
              "runs": {
                "batter": 4,
                "extras": 0,
                "total": 4
              }
            },
            {
              "batter": "DJ Malan",
              "bowler": "JW Dernbach",
              "non_striker": "PR Stirling",
              "runs": {
                "batter": 1,
                "extras": 0,
                "total": 1
              }
            },
            {
              "batter": "PR Stirling",
              "bowler": "JW Dernbach",
              "non_striker": "DJ Malan",
              "runs": {
                "batter": 4,
                "extras": 0,
                "total": 4
              }
            },
            {
              "batter": "PR Stirling",
              "bowler": "JW Dernbach",
              "non_striker": "DJ Malan",
              "runs": {
                "batter": 0,
                "extras": 0,
                "total": 0
              }
            }
          ]
        },
        {
          "over": 1,
          "deliveries": [
            {
              "batter": "DJ Malan",
              "bowler": "SM Curran",
              "non_striker": "PR Stirling",
              "runs": {
                "batter": 1,
                "extras": 0,
                "total": 1
              }
            },
            {
              "batter": "PR Stirling",
              "bowler": "SM Curran",
              "non_striker": "DJ Malan",
              "runs": {
                "batter": 4,
                "extras": 0,
                "total": 4
              }
            },
            {
              "batter": "PR Stirling",
              "bowler": "SM Curran",
              "non_striker": "DJ Malan",
              "runs": {
                "batter": 4,
                "extras": 0,
                "total": 4
              }
            },
            {
              "batter": "PR Stirling",
              "bowler": "SM Curran",
              "non_striker": "DJ Malan",
              "runs": {
                "batter": 6,
                "extras": 0,
                "total": 6
              }
            },
            {
              "batter": "PR Stirling",
              "bowler": "SM Curran",
              "non_striker": "DJ Malan",
              "runs": {
                "batter": 1,
                "extras": 0,
                "total": 1
              }
            },
            {
              "batter": "DJ Malan",
              "bowler": "SM Curran",
              "non_striker": "PR Stirling",
              "runs": {
                "batter": 0,
                "extras": 0,
                "total": 0
              }
            }
          ]
        },
        {
          "over": 2,
          "deliveries": [
            {
              "batter": "PR Stirling",
              "bowler": "TK Curran",
              "non_striker": "DJ Malan",
              "runs": {
                "batter": 0,
                "extras": 0,
                "total": 0
              }
            },
            {
              "batter": "PR Stirling",
              "bowler": "TK Curran",
              "non_striker": "DJ Malan",
              "runs": {
                "batter": 0,
                "extras": 0,
                "total": 0
              }
            },
            {
              "batter": "PR Stirling",
              "bowler": "TK Curran",
              "non_striker": "DJ Malan",
              "runs": {
                "batter": 1,
                "extras": 0,
                "total": 1
              }
            },
            {
              "batter": "DJ Malan",
              "bowler": "TK Curran",
              "non_striker": "PR Stirling",
              "runs": {
                "batter": 1,
                "extras": 0,
                "total": 1
              }
            },
            {
              "batter": "PR Stirling",
              "bowler": "TK Curran",
              "non_striker": "DJ Malan",
              "runs": {
                "batter": 2,
                "extras": 0,
                "total": 2
              }
            },
            {
              "batter": "PR Stirling",
              "bowler": "TK Curran",
              "non_striker": "DJ Malan",
              "runs": {
                "batter": 0,
                "extras": 0,
                "total": 0
              }
            }
          ]
        },
        {
          "over": 3,
          "deliveries": [
            {
              "batter": "DJ Malan",
              "bowler": "R Rampaul",
              "non_striker": "PR Stirling",
              "runs": {
                "batter": 4,
                "extras": 0,
                "total": 4
              }
            },
            {
              "batter": "DJ Malan",
              "bowler": "R Rampaul",
              "non_striker": "PR Stirling",
              "runs": {
                "batter": 1,
                "extras": 0,
                "total": 1
              }
            },
            {
              "batter": "PR Stirling",
              "bowler": "R Rampaul",
              "non_striker": "DJ Malan",
              "runs": {
                "batter": 0,
                "extras": 0,
                "total": 0
              },
              "wickets": [
                {
                  "player_out": "PR Stirling",
                  "fielders": [
                    {
                      "name": "GJ Batty"
                    }
                  ],
                  "kind": "caught"
                }
              ]
            },
            {
              "batter": "BB McCullum",
              "bowler": "R Rampaul",
              "non_striker": "DJ Malan",
              "runs": {
                "batter": 0,
                "extras": 0,
                "total": 0
              }
            },
            {
              "batter": "BB McCullum",
              "bowler": "R Rampaul",
              "non_striker": "DJ Malan",
              "runs": {
                "batter": 1,
                "extras": 0,
                "total": 1
              }
            },
            {
              "batter": "DJ Malan",
              "bowler": "R Rampaul",
              "non_striker": "BB McCullum",
              "runs": {
                "batter": 1,
                "extras": 0,
                "total": 1
              }
            }
          ]
        },
        {
          "over": 4,
          "deliveries": [
            {
              "batter": "DJ Malan",
              "bowler": "TK Curran",
              "extras": {
                "legbyes": 1
              },
              "non_striker": "BB McCullum",
              "runs": {
                "batter": 0,
                "extras": 1,
                "total": 1
              }
            },
            {
              "batter": "BB McCullum",
              "bowler": "TK Curran",
              "non_striker": "DJ Malan",
              "runs": {
                "batter": 0,
                "extras": 0,
                "total": 0
              }
            },
            {
              "batter": "BB McCullum",
              "bowler": "TK Curran",
              "non_striker": "DJ Malan",
              "runs": {
                "batter": 0,
                "extras": 0,
                "total": 0
              }
            },
            {
              "batter": "BB McCullum",
              "bowler": "TK Curran",
              "non_striker": "DJ Malan",
              "runs": {
                "batter": 1,
                "extras": 0,
                "total": 1
              }
            },
            {
              "batter": "DJ Malan",
              "bowler": "TK Curran",
              "non_striker": "BB McCullum",
              "runs": {
                "batter": 0,
                "extras": 0,
                "total": 0
              }
            },
            {
              "batter": "DJ Malan",
              "bowler": "TK Curran",
              "non_striker": "BB McCullum",
              "runs": {
                "batter": 4,
                "extras": 0,
                "total": 4
              }
            }
          ]
        },
        {
          "over": 5,
          "deliveries": [
            {
              "batter": "BB McCullum",
              "bowler": "R Rampaul",
              "extras": {
                "wides": 1
              },
              "non_striker": "DJ Malan",
              "runs": {
                "batter": 0,
                "extras": 1,
                "total": 1
              }
            },
            {
              "batter": "BB McCullum",
              "bowler": "R Rampaul",
              "non_striker": "DJ Malan",
              "runs": {
                "batter": 1,
                "extras": 0,
                "total": 1
              }
            },
            {
              "batter": "DJ Malan",
              "bowler": "R Rampaul",
              "non_striker": "BB McCullum",
              "runs": {
                "batter": 6,
                "extras": 0,
                "total": 6
              }
            },
            {
              "batter": "DJ Malan",
              "bowler": "R Rampaul",
              "non_striker": "BB McCullum",
              "runs": {
                "batter": 0,
                "extras": 0,
                "total": 0
              }
            },
            {
              "batter": "DJ Malan",
              "bowler": "R Rampaul",
              "non_striker": "BB McCullum",
              "runs": {
                "batter": 6,
                "extras": 0,
                "total": 6
              }
            },
            {
              "batter": "DJ Malan",
              "bowler": "R Rampaul",
              "non_striker": "BB McCullum",
              "runs": {
                "batter": 1,
                "extras": 0,
                "total": 1
              }
            },
            {
              "batter": "BB McCullum",
              "bowler": "R Rampaul",
              "non_striker": "DJ Malan",
              "runs": {
                "batter": 4,
                "extras": 0,
                "total": 4
              }
            }
          ]
        },
        {
          "over": 6,
          "deliveries": [
            {
              "batter": "DJ Malan",
              "bowler": "DP Sibley",
              "non_striker": "BB McCullum",
              "runs": {
                "batter": 1,
                "extras": 0,
                "total": 1
              }
            },
            {
              "batter": "BB McCullum",
              "bowler": "DP Sibley",
              "non_striker": "DJ Malan",
              "runs": {
                "batter": 0,
                "extras": 0,
                "total": 0
              }
            },
            {
              "batter": "BB McCullum",
              "bowler": "DP Sibley",
              "non_striker": "DJ Malan",
              "runs": {
                "batter": 1,
                "extras": 0,
                "total": 1
              }
            },
            {
              "batter": "DJ Malan",
              "bowler": "DP Sibley",
              "non_striker": "BB McCullum",
              "runs": {
                "batter": 0,
                "extras": 0,
                "total": 0
              }
            },
            {
              "batter": "DJ Malan",
              "bowler": "DP Sibley",
              "non_striker": "BB McCullum",
              "runs": {
                "batter": 1,
                "extras": 0,
                "total": 1
              }
            },
            {
              "batter": "BB McCullum",
              "bowler": "DP Sibley",
              "non_striker": "DJ Malan",
              "runs": {
                "batter": 1,
                "extras": 0,
                "total": 1
              }
            }
          ]
        },
        {
          "over": 7,
          "deliveries": [
            {
              "batter": "BB McCullum",
              "bowler": "GJ Batty",
              "non_striker": "DJ Malan",
              "runs": {
                "batter": 0,
                "extras": 0,
                "total": 0
              }
            },
            {
              "batter": "BB McCullum",
              "bowler": "GJ Batty",
              "non_striker": "DJ Malan",
              "runs": {
                "batter": 0,
                "extras": 0,
                "total": 0
              },
              "wickets": [
                {
                  "player_out": "BB McCullum",
                  "fielders": [
                    {
                      "name": "KC Sangakkara"
                    }
                  ],
                  "kind": "caught"
                }
              ]
            },
            {
              "batter": "EJG Morgan",
              "bowler": "GJ Batty",
              "non_striker": "DJ Malan",
              "runs": {
                "batter": 1,
                "extras": 0,
                "total": 1
              }
            },
            {
              "batter": "DJ Malan",
              "bowler": "GJ Batty",
              "non_striker": "EJG Morgan",
              "runs": {
                "batter": 0,
                "extras": 0,
                "total": 0
              }
            },
            {
              "batter": "DJ Malan",
              "bowler": "GJ Batty",
              "non_striker": "EJG Morgan",
              "runs": {
                "batter": 1,
                "extras": 0,
                "total": 1
              }
            },
            {
              "batter": "EJG Morgan",
              "bowler": "GJ Batty",
              "non_striker": "DJ Malan",
              "runs": {
                "batter": 0,
                "extras": 0,
                "total": 0
              }
            }
          ]
        },
        {
          "over": 8,
          "deliveries": [
            {
              "batter": "DJ Malan",
              "bowler": "DP Sibley",
              "non_striker": "EJG Morgan",
              "runs": {
                "batter": 1,
                "extras": 0,
                "total": 1
              }
            },
            {
              "batter": "EJG Morgan",
              "bowler": "DP Sibley",
              "extras": {
                "wides": 1
              },
              "non_striker": "DJ Malan",
              "runs": {
                "batter": 0,
                "extras": 1,
                "total": 1
              }
            },
            {
              "batter": "EJG Morgan",
              "bowler": "DP Sibley",
              "non_striker": "DJ Malan",
              "runs": {
                "batter": 1,
                "extras": 0,
                "total": 1
              }
            },
            {
              "batter": "DJ Malan",
              "bowler": "DP Sibley",
              "non_striker": "EJG Morgan",
              "runs": {
                "batter": 4,
                "extras": 0,
                "total": 4
              }
            },
            {
              "batter": "DJ Malan",
              "bowler": "DP Sibley",
              "non_striker": "EJG Morgan",
              "runs": {
                "batter": 1,
                "extras": 0,
                "total": 1
              }
            },
            {
              "batter": "EJG Morgan",
              "bowler": "DP Sibley",
              "non_striker": "DJ Malan",
              "runs": {
                "batter": 1,
                "extras": 0,
                "total": 1
              }
            },
            {
              "batter": "DJ Malan",
              "bowler": "DP Sibley",
              "non_striker": "EJG Morgan",
              "runs": {
                "batter": 0,
                "extras": 0,
                "total": 0
              }
            }
          ]
        },
        {
          "over": 9,
          "deliveries": [
            {
              "batter": "EJG Morgan",
              "bowler": "GJ Batty",
              "non_striker": "DJ Malan",
              "runs": {
                "batter": 1,
                "extras": 0,
                "total": 1
              }
            },
            {
              "batter": "DJ Malan",
              "bowler": "GJ Batty",
              "non_striker": "EJG Morgan",
              "runs": {
                "batter": 0,
                "extras": 0,
                "total": 0
              },
              "wickets": [
                {
                  "player_out": "DJ Malan",
                  "fielders": [
                    {
                      "name": "OJ Pope"
                    }
                  ],
                  "kind": "caught"
                }
              ]
            },
            {
              "batter": "JEC Franklin",
              "bowler": "GJ Batty",
              "non_striker": "EJG Morgan",
              "runs": {
                "batter": 1,
                "extras": 0,
                "total": 1
              }
            },
            {
              "batter": "EJG Morgan",
              "bowler": "GJ Batty",
              "non_striker": "JEC Franklin",
              "runs": {
                "batter": 1,
                "extras": 0,
                "total": 1
              }
            },
            {
              "batter": "JEC Franklin",
              "bowler": "GJ Batty",
              "non_striker": "EJG Morgan",
              "runs": {
                "batter": 0,
                "extras": 0,
                "total": 0
              }
            },
            {
              "batter": "JEC Franklin",
              "bowler": "GJ Batty",
              "non_striker": "EJG Morgan",
              "runs": {
                "batter": 1,
                "extras": 0,
                "total": 1
              }
            }
          ]
        },
        {
          "over": 10,
          "deliveries": [
            {
              "batter": "JEC Franklin",
              "bowler": "JW Dernbach",
              "non_striker": "EJG Morgan",
              "runs": {
                "batter": 0,
                "extras": 0,
                "total": 0
              }
            },
            {
              "batter": "JEC Franklin",
              "bowler": "JW Dernbach",
              "non_striker": "EJG Morgan",
              "runs": {
                "batter": 4,
                "extras": 0,
                "total": 4
              }
            },
            {
              "batter": "JEC Franklin",
              "bowler": "JW Dernbach",
              "non_striker": "EJG Morgan",
              "runs": {
                "batter": 1,
                "extras": 0,
                "total": 1
              }
            },
            {
              "batter": "EJG Morgan",
              "bowler": "JW Dernbach",
              "non_striker": "JEC Franklin",
              "runs": {
                "batter": 0,
                "extras": 0,
                "total": 0
              }
            },
            {
              "batter": "EJG Morgan",
              "bowler": "JW Dernbach",
              "non_striker": "JEC Franklin",
              "runs": {
                "batter": 4,
                "extras": 0,
                "total": 4
              }
            },
            {
              "batter": "EJG Morgan",
              "bowler": "JW Dernbach",
              "non_striker": "JEC Franklin",
              "runs": {
                "batter": 2,
                "extras": 0,
                "total": 2
              }
            }
          ]
        },
        {
          "over": 11,
          "deliveries": [
            {
              "batter": "JEC Franklin",
              "bowler": "GJ Batty",
              "non_striker": "EJG Morgan",
              "runs": {
                "batter": 0,
                "extras": 0,
                "total": 0
              }
            },
            {
              "batter": "JEC Franklin",
              "bowler": "GJ Batty",
              "non_striker": "EJG Morgan",
              "runs": {
                "batter": 1,
                "extras": 0,
                "total": 1
              }
            },
            {
              "batter": "EJG Morgan",
              "bowler": "GJ Batty",
              "non_striker": "JEC Franklin",
              "runs": {
                "batter": 1,
                "extras": 0,
                "total": 1
              }
            },
            {
              "batter": "JEC Franklin",
              "bowler": "GJ Batty",
              "non_striker": "EJG Morgan",
              "runs": {
                "batter": 4,
                "extras": 0,
                "total": 4
              }
            },
            {
              "batter": "JEC Franklin",
              "bowler": "GJ Batty",
              "non_striker": "EJG Morgan",
              "runs": {
                "batter": 1,
                "extras": 0,
                "total": 1
              }
            },
            {
              "batter": "EJG Morgan",
              "bowler": "GJ Batty",
              "non_striker": "JEC Franklin",
              "runs": {
                "batter": 1,
                "extras": 0,
                "total": 1
              }
            }
          ]
        },
        {
          "over": 12,
          "deliveries": [
            {
              "batter": "EJG Morgan",
              "bowler": "TK Curran",
              "non_striker": "JEC Franklin",
              "runs": {
                "batter": 2,
                "extras": 0,
                "total": 2
              }
            },
            {
              "batter": "EJG Morgan",
              "bowler": "TK Curran",
              "non_striker": "JEC Franklin",
              "runs": {
                "batter": 2,
                "extras": 0,
                "total": 2
              }
            },
            {
              "batter": "EJG Morgan",
              "bowler": "TK Curran",
              "non_striker": "JEC Franklin",
              "runs": {
                "batter": 1,
                "extras": 0,
                "total": 1
              }
            },
            {
              "batter": "JEC Franklin",
              "bowler": "TK Curran",
              "extras": {
                "legbyes": 1
              },
              "non_striker": "EJG Morgan",
              "runs": {
                "batter": 0,
                "extras": 1,
                "total": 1
              }
            },
            {
              "batter": "EJG Morgan",
              "bowler": "TK Curran",
              "non_striker": "JEC Franklin",
              "runs": {
                "batter": 1,
                "extras": 0,
                "total": 1
              }
            },
            {
              "batter": "JEC Franklin",
              "bowler": "TK Curran",
              "non_striker": "EJG Morgan",
              "runs": {
                "batter": 2,
                "extras": 0,
                "total": 2
              }
            }
          ]
        },
        {
          "over": 13,
          "deliveries": [
            {
              "batter": "EJG Morgan",
              "bowler": "SM Curran",
              "non_striker": "JEC Franklin",
              "runs": {
                "batter": 1,
                "extras": 0,
                "total": 1
              }
            },
            {
              "batter": "JEC Franklin",
              "bowler": "SM Curran",
              "non_striker": "EJG Morgan",
              "runs": {
                "batter": 1,
                "extras": 0,
                "total": 1
              }
            },
            {
              "batter": "EJG Morgan",
              "bowler": "SM Curran",
              "non_striker": "JEC Franklin",
              "runs": {
                "batter": 2,
                "extras": 0,
                "total": 2
              }
            },
            {
              "batter": "EJG Morgan",
              "bowler": "SM Curran",
              "non_striker": "JEC Franklin",
              "runs": {
                "batter": 1,
                "extras": 0,
                "total": 1
              }
            },
            {
              "batter": "JEC Franklin",
              "bowler": "SM Curran",
              "extras": {
                "noballs": 2
              },
              "non_striker": "EJG Morgan",
              "runs": {
                "batter": 0,
                "extras": 2,
                "total": 2
              }
            },
            {
              "batter": "JEC Franklin",
              "bowler": "SM Curran",
              "non_striker": "EJG Morgan",
              "runs": {
                "batter": 1,
                "extras": 0,
                "total": 1
              }
            },
            {
              "batter": "EJG Morgan",
              "bowler": "SM Curran",
              "non_striker": "JEC Franklin",
              "runs": {
                "batter": 3,
                "extras": 0,
                "total": 3
              }
            }
          ]
        },
        {
          "over": 14,
          "deliveries": [
            {
              "batter": "EJG Morgan",
              "bowler": "R Rampaul",
              "non_striker": "JEC Franklin",
              "runs": {
                "batter": 0,
                "extras": 0,
                "total": 0
              }
            },
            {
              "batter": "EJG Morgan",
              "bowler": "R Rampaul",
              "non_striker": "JEC Franklin",
              "runs": {
                "batter": 4,
                "extras": 0,
                "total": 4
              }
            },
            {
              "batter": "EJG Morgan",
              "bowler": "R Rampaul",
              "non_striker": "JEC Franklin",
              "runs": {
                "batter": 1,
                "extras": 0,
                "total": 1
              }
            },
            {
              "batter": "JEC Franklin",
              "bowler": "R Rampaul",
              "non_striker": "EJG Morgan",
              "runs": {
                "batter": 4,
                "extras": 0,
                "total": 4
              }
            },
            {
              "batter": "JEC Franklin",
              "bowler": "R Rampaul",
              "non_striker": "EJG Morgan",
              "runs": {
                "batter": 2,
                "extras": 0,
                "total": 2
              }
            },
            {
              "batter": "JEC Franklin",
              "bowler": "R Rampaul",
              "non_striker": "EJG Morgan",
              "runs": {
                "batter": 0,
                "extras": 0,
                "total": 0
              }
            }
          ]
        },
        {
          "over": 15,
          "deliveries": [
            {
              "batter": "EJG Morgan",
              "bowler": "GJ Batty",
              "non_striker": "JEC Franklin",
              "runs": {
                "batter": 0,
                "extras": 0,
                "total": 0
              }
            },
            {
              "batter": "EJG Morgan",
              "bowler": "GJ Batty",
              "non_striker": "JEC Franklin",
              "runs": {
                "batter": 0,
                "extras": 0,
                "total": 0
              },
              "wickets": [
                {
                  "player_out": "EJG Morgan",
                  "fielders": [
                    {
                      "name": "DP Sibley"
                    }
                  ],
                  "kind": "caught"
                }
              ]
            },
            {
              "batter": "TG Southee",
              "bowler": "GJ Batty",
              "non_striker": "JEC Franklin",
              "runs": {
                "batter": 0,
                "extras": 0,
                "total": 0
              },
              "wickets": [
                {
                  "player_out": "TG Southee",
                  "fielders": [
                    {
                      "name": "KC Sangakkara"
                    }
                  ],
                  "kind": "caught"
                }
              ]
            },
            {
              "batter": "JEC Franklin",
              "bowler": "GJ Batty",
              "non_striker": "RF Higgins",
              "runs": {
                "batter": 0,
                "extras": 0,
                "total": 0
              }
            },
            {
              "batter": "JEC Franklin",
              "bowler": "GJ Batty",
              "non_striker": "RF Higgins",
              "runs": {
                "batter": 0,
                "extras": 0,
                "total": 0
              }
            },
            {
              "batter": "JEC Franklin",
              "bowler": "GJ Batty",
              "non_striker": "RF Higgins",
              "runs": {
                "batter": 0,
                "extras": 0,
                "total": 0
              }
            }
          ]
        },
        {
          "over": 16,
          "deliveries": [
            {
              "batter": "RF Higgins",
              "bowler": "TK Curran",
              "non_striker": "JEC Franklin",
              "runs": {
                "batter": 4,
                "extras": 0,
                "total": 4
              }
            },
            {
              "batter": "RF Higgins",
              "bowler": "TK Curran",
              "non_striker": "JEC Franklin",
              "runs": {
                "batter": 6,
                "extras": 0,
                "total": 6
              }
            },
            {
              "batter": "RF Higgins",
              "bowler": "TK Curran",
              "non_striker": "JEC Franklin",
              "runs": {
                "batter": 0,
                "extras": 0,
                "total": 0
              },
              "wickets": [
                {
                  "player_out": "RF Higgins",
                  "fielders": [
                    {
                      "name": "BT Foakes"
                    }
                  ],
                  "kind": "caught"
                }
              ]
            },
            {
              "batter": "JA Simpson",
              "bowler": "TK Curran",
              "non_striker": "JEC Franklin",
              "runs": {
                "batter": 4,
                "extras": 0,
                "total": 4
              }
            },
            {
              "batter": "JA Simpson",
              "bowler": "TK Curran",
              "non_striker": "JEC Franklin",
              "runs": {
                "batter": 1,
                "extras": 0,
                "total": 1
              }
            },
            {
              "batter": "JEC Franklin",
              "bowler": "TK Curran",
              "extras": {
                "noballs": 2
              },
              "non_striker": "JA Simpson",
              "runs": {
                "batter": 0,
                "extras": 2,
                "total": 2
              }
            },
            {
              "batter": "JEC Franklin",
              "bowler": "TK Curran",
              "non_striker": "JA Simpson",
              "runs": {
                "batter": 0,
                "extras": 0,
                "total": 0
              },
              "wickets": [
                {
                  "player_out": "JEC Franklin",
                  "kind": "bowled"
                }
              ]
            }
          ]
        },
        {
          "over": 17,
          "deliveries": [
            {
              "batter": "JA Simpson",
              "bowler": "JW Dernbach",
              "non_striker": "NA Sowter",
              "runs": {
                "batter": 0,
                "extras": 0,
                "total": 0
              }
            },
            {
              "batter": "JA Simpson",
              "bowler": "JW Dernbach",
              "non_striker": "NA Sowter",
              "runs": {
                "batter": 1,
                "extras": 0,
                "total": 1
              }
            },
            {
              "batter": "NA Sowter",
              "bowler": "JW Dernbach",
              "non_striker": "JA Simpson",
              "runs": {
                "batter": 1,
                "extras": 0,
                "total": 1
              }
            },
            {
              "batter": "JA Simpson",
              "bowler": "JW Dernbach",
              "non_striker": "NA Sowter",
              "runs": {
                "batter": 1,
                "extras": 0,
                "total": 1
              }
            },
            {
              "batter": "NA Sowter",
              "bowler": "JW Dernbach",
              "non_striker": "JA Simpson",
              "runs": {
                "batter": 0,
                "extras": 0,
                "total": 0
              }
            },
            {
              "batter": "NA Sowter",
              "bowler": "JW Dernbach",
              "non_striker": "JA Simpson",
              "runs": {
                "batter": 0,
                "extras": 0,
                "total": 0
              },
              "wickets": [
                {
                  "player_out": "NA Sowter",
                  "fielders": [
                    {
                      "name": "SG Borthwick"
                    }
                  ],
                  "kind": "caught"
                }
              ]
            }
          ]
        },
        {
          "over": 18,
          "deliveries": [
            {
              "batter": "JA Simpson",
              "bowler": "R Rampaul",
              "non_striker": "TG Helm",
              "runs": {
                "batter": 0,
                "extras": 0,
                "total": 0
              },
              "wickets": [
                {
                  "player_out": "JA Simpson",
                  "fielders": [
                    {
                      "name": "DP Sibley"
                    }
                  ],
                  "kind": "caught"
                }
              ]
            },
            {
              "batter": "ST Finn",
              "bowler": "R Rampaul",
              "non_striker": "TG Helm",
              "runs": {
                "batter": 0,
                "extras": 0,
                "total": 0
              }
            },
            {
              "batter": "ST Finn",
              "bowler": "R Rampaul",
              "extras": {
                "legbyes": 4
              },
              "non_striker": "TG Helm",
              "runs": {
                "batter": 0,
                "extras": 4,
                "total": 4
              }
            },
            {
              "batter": "ST Finn",
              "bowler": "R Rampaul",
              "non_striker": "TG Helm",
              "runs": {
                "batter": 4,
                "extras": 0,
                "total": 4
              }
            }
          ]
        }
      ],
      "powerplays": [
        {
          "from": 0.1,
          "to": 5.7,
          "type": "mandatory"
        }
      ],
      "target": {
        "overs": 20,
        "runs": 159
      }
    }
  ]
}