{
  "meta": {
    "data_version": "1.0.0",
    "created": "2020-07-20",
    "revision": 1
  },
  "info": {
    "balls_per_over": 6,
    "city": "Derby",
    "dates": [
      "2017-08-15"
    ],
    "event": {
      "name": "NatWest T20 Blast",
      "group": "North"
    },
    "gender": "male",
    "match_type": "T20",
    "officials": {
      "tv_umpires": [
        "SJ O'Shaughnessy"
      ],
      "umpires": [
        "MJ Saggers",
        "M Burns"
      ]
    },
    "outcome": {
      "winner": "Derbyshire",
      "by": {
        "wickets": 3
      }
    },
    "overs": 20,
    "player_of_match": [
      "LM Reece"
    ],
    "players": {
      "Durham": [
        "KK Jennings",
        "TWM Latham",
        "G Clark",
        "MJ Richardson",
        "JTA Burnham",
        "P Coughlin",
        "SW Poynter",
        "RD Pringle",
        "U Arshad",
        "C Rushworth",
        "WJ Weighell"
      ],
      "Derbyshire": [
        "BA Godleman",
        "MJJ Critchley",
        "LM Reece",
        "WL Madsen",
        "AL Hughes",
        "MJ Henry",
        "D Smit",
        "CAJ Brodrick",
        "GC Viljoen",
        "BD Cotton",
        "Imran Tahir"
      ]
    },
    "registry": {
      "people": {
        "AL Hughes": "1066a976",
        "BA Godleman": "b26b1e3d",
        "BD Cotton": "a7e8ff19",
        "C Rushworth": "e737a5fe",
        "CAJ Brodrick": "c56819b2",
        "D Smit": "4bb02ef1",
        "G Clark": "4fd09cfc",
        "GC Viljoen": "a316d663",
        "Imran Tahir": "acee4cc4",
        "JTA Burnham": "a4a2a0c0",
        "KK Jennings": "8479a24a",
        "LM Reece": "9789e56e",
        "M Burns": "b3bd0666",
        "MJ Henry": "e84ac20c",
        "MJ Richardson": "22176fe7",
        "MJ Saggers": "402d5937",
        "MJJ Critchley": "c5cc48bc",
        "P Coughlin": "71440756",
        "RD Pringle": "757502b5",
        "SJ O'Shaughnessy": "4d4fdf4a",
        "SW Poynter": "cdf59953",
        "TWM Latham": "e824e6ee",
        "U Arshad": "02b93a83",
        "WJ Weighell": "10f68de1",
        "WL Madsen": "86e0f3f0"
      }
    },
    "season": "2017",
    "team_type": "club",
    "teams": [
      "Durham",
      "Derbyshire"
    ],
    "toss": {
      "decision": "bat",
      "winner": "Durham"
    },
    "venue": "County Ground"
  },
  "innings": [
    {
      "team": "Durham",
      "overs": [
        {
          "over": 0,
          "deliveries": [
            {
              "batter": "KK Jennings",
              "bowler": "WL Madsen",
              "non_striker": "TWM Latham",
              "runs": {
                "batter": 0,
                "extras": 0,
                "total": 0
              }
            },
            {
              "batter": "KK Jennings",
              "bowler": "WL Madsen",
              "non_striker": "TWM Latham",
              "runs": {
                "batter": 1,
                "extras": 0,
                "total": 1
              }
            },
            {
              "batter": "TWM Latham",
              "bowler": "WL Madsen",
              "non_striker": "KK Jennings",
              "runs": {
                "batter": 2,
                "extras": 0,
                "total": 2
              }
            },
            {
              "batter": "TWM Latham",
              "bowler": "WL Madsen",
              "non_striker": "KK Jennings",
              "runs": {
                "batter": 1,
                "extras": 0,
                "total": 1
              }
            },
            {
              "batter": "KK Jennings",
              "bowler": "WL Madsen",
              "non_striker": "TWM Latham",
              "runs": {
                "batter": 0,
                "extras": 0,
                "total": 0
              },
              "wickets": [
                {
                  "player_out": "KK Jennings",
                  "kind": "run out"
                }
              ]
            },
            {
              "batter": "TWM Latham",
              "bowler": "WL Madsen",
              "non_striker": "G Clark",
              "runs": {
                "batter": 1,
                "extras": 0,
                "total": 1
              }
            }
          ]
        },
        {
          "over": 1,
          "deliveries": [
            {
              "batter": "TWM Latham",
              "bowler": "MJ Henry",
              "non_striker": "G Clark",
              "runs": {
                "batter": 1,
                "extras": 0,
                "total": 1
              }
            },
            {
              "batter": "G Clark",
              "bowler": "MJ Henry",
              "non_striker": "TWM Latham",
              "runs": {
                "batter": 1,
                "extras": 0,
                "total": 1
              }
            },
            {
              "batter": "TWM Latham",
              "bowler": "MJ Henry",
              "non_striker": "G Clark",
              "runs": {
                "batter": 4,
                "extras": 0,
                "total": 4
              }
            },
            {
              "batter": "TWM Latham",
              "bowler": "MJ Henry",
              "non_striker": "G Clark",
              "runs": {
                "batter": 3,
                "extras": 0,
                "total": 3
              }
            },
            {
              "batter": "G Clark",
              "bowler": "MJ Henry",
              "non_striker": "TWM Latham",
              "runs": {
                "batter": 0,
                "extras": 0,
                "total": 0
              }
            },
            {
              "batter": "G Clark",
              "bowler": "MJ Henry",
              "extras": {
                "wides": 1
              },
              "non_striker": "TWM Latham",
              "runs": {
                "batter": 0,
                "extras": 1,
                "total": 1
              }
            },
            {
              "batter": "G Clark",
              "bowler": "MJ Henry",
              "non_striker": "TWM Latham",
              "runs": {
                "batter": 0,
                "extras": 0,
                "total": 0
              }
            }
          ]
        },
        {
          "over": 2,
          "deliveries": [
            {
              "batter": "TWM Latham",
              "bowler": "WL Madsen",
              "non_striker": "G Clark",
              "runs": {
                "batter": 1,
                "extras": 0,
                "total": 1
              }
            },
            {
              "batter": "G Clark",
              "bowler": "WL Madsen",
              "non_striker": "TWM Latham",
              "runs": {
                "batter": 1,
                "extras": 0,
                "total": 1
              }
            },
            {
              "batter": "TWM Latham",
              "bowler": "WL Madsen",
              "non_striker": "G Clark",
              "runs": {
                "batter": 1,
                "extras": 0,
                "total": 1
              }
            },
            {
              "batter": "G Clark",
              "bowler": "WL Madsen",
              "non_striker": "TWM Latham",
              "runs": {
                "batter": 4,
                "extras": 0,
                "total": 4
              }
            },
            {
              "batter": "G Clark",
              "bowler": "WL Madsen",
              "non_striker": "TWM Latham",
              "runs": {
                "batter": 0,
                "extras": 0,
                "total": 0
              },
              "wickets": [
                {
                  "player_out": "G Clark",
                  "kind": "lbw"
                }
              ]
            },
            {
              "batter": "MJ Richardson",
              "bowler": "WL Madsen",
              "non_striker": "TWM Latham",
              "runs": {
                "batter": 0,
                "extras": 0,
                "total": 0
              }
            }
          ]
        },
        {
          "over": 3,
          "deliveries": [
            {
              "batter": "TWM Latham",
              "bowler": "GC Viljoen",
              "non_striker": "MJ Richardson",
              "runs": {
                "batter": 0,
                "extras": 0,
                "total": 0
              },
              "wickets": [
                {
                  "player_out": "MJ Richardson",
                  "kind": "run out"
                }
              ]
            },
            {
              "batter": "JTA Burnham",
              "bowler": "GC Viljoen",
              "extras": {
                "legbyes": 1
              },
              "non_striker": "TWM Latham",
              "runs": {
                "batter": 0,
                "extras": 1,
                "total": 1
              }
            },
            {
              "batter": "TWM Latham",
              "bowler": "GC Viljoen",
              "non_striker": "JTA Burnham",
              "runs": {
                "batter": 4,
                "extras": 0,
                "total": 4
              }
            },
            {
              "batter": "TWM Latham",
              "bowler": "GC Viljoen",
              "non_striker": "JTA Burnham",
              "runs": {
                "batter": 4,
                "extras": 0,
                "total": 4
              }
            },
            {
              "batter": "TWM Latham",
              "bowler": "GC Viljoen",
              "extras": {
                "wides": 1
              },
              "non_striker": "JTA Burnham",
              "runs": {
                "batter": 0,
                "extras": 1,
                "total": 1
              }
            },
            {
              "batter": "TWM Latham",
              "bowler": "GC Viljoen",
              "non_striker": "JTA Burnham",
              "runs": {
                "batter": 0,
                "extras": 0,
                "total": 0
              }
            },
            {
              "batter": "TWM Latham",
              "bowler": "GC Viljoen",
              "non_striker": "JTA Burnham",
              "runs": {
                "batter": 0,
                "extras": 0,
                "total": 0
              }
            }
          ]
        },
        {
          "over": 4,
          "deliveries": [
            {
              "batter": "JTA Burnham",
              "bowler": "WL Madsen",
              "non_striker": "TWM Latham",
              "runs": {
                "batter": 0,
                "extras": 0,
                "total": 0
              }
            },
            {
              "batter": "JTA Burnham",
              "bowler": "WL Madsen",
              "non_striker": "TWM Latham",
              "runs": {
                "batter": 0,
                "extras": 0,
                "total": 0
              }
            },
            {
              "batter": "JTA Burnham",
              "bowler": "WL Madsen",
              "non_striker": "TWM Latham",
              "runs": {
                "batter": 0,
                "extras": 0,
                "total": 0
              }
            },
            {
              "batter": "JTA Burnham",
              "bowler": "WL Madsen",
              "non_striker": "TWM Latham",
              "runs": {
                "batter": 1,
                "extras": 0,
                "total": 1
              }
            },
            {
              "batter": "TWM Latham",
              "bowler": "WL Madsen",
              "non_striker": "JTA Burnham",
              "runs": {
                "batter": 1,
                "extras": 0,
                "total": 1
              }
            },
            {
              "batter": "JTA Burnham",
              "bowler": "WL Madsen",
              "non_striker": "TWM Latham",
              "runs": {
                "batter": 1,
                "extras": 0,
                "total": 1
              }
            }
          ]
        },
        {
          "over": 5,
          "deliveries": [
            {
              "batter": "JTA Burnham",
              "bowler": "MJ Henry",
              "non_striker": "TWM Latham",
              "runs": {
                "batter": 1,
                "extras": 0,
                "total": 1
              }
            },
            {
              "batter": "TWM Latham",
              "bowler": "MJ Henry",
              "non_striker": "JTA Burnham",
              "runs": {
                "batter": 0,
                "extras": 0,
                "total": 0
              }
            },
            {
              "batter": "TWM Latham",
              "bowler": "MJ Henry",
              "non_striker": "JTA Burnham",
              "runs": {
                "batter": 4,
                "extras": 0,
                "total": 4
              }
            },
            {
              "batter": "TWM Latham",
              "bowler": "MJ Henry",
              "non_striker": "JTA Burnham",
              "runs": {
                "batter": 1,
                "extras": 0,
                "total": 1
              }
            },
            {
              "batter": "JTA Burnham",
              "bowler": "MJ Henry",
              "non_striker": "TWM Latham",
              "runs": {
                "batter": 1,
                "extras": 0,
                "total": 1
              }
            },
            {
              "batter": "TWM Latham",
              "bowler": "MJ Henry",
              "non_striker": "JTA Burnham",
              "runs": {
                "batter": 0,
                "extras": 0,
                "total": 0
              },
              "wickets": [
                {
                  "player_out": "TWM Latham",
                  "fielders": [
                    {
                      "name": "AL Hughes"
                    }
                  ],
                  "kind": "caught"
                }
              ]
            }
          ]
        },
        {
          "over": 6,
          "deliveries": [
            {
              "batter": "P Coughlin",
              "bowler": "WL Madsen",
              "non_striker": "JTA Burnham",
              "runs": {
                "batter": 2,
                "extras": 0,
                "total": 2
              }
            },
            {
              "batter": "P Coughlin",
              "bowler": "WL Madsen",
              "non_striker": "JTA Burnham",
              "runs": {
                "batter": 0,
                "extras": 0,
                "total": 0
              }
            },
            {
              "batter": "P Coughlin",
              "bowler": "WL Madsen",
              "non_striker": "JTA Burnham",
              "runs": {
                "batter": 0,
                "extras": 0,
                "total": 0
              }
            },
            {
              "batter": "P Coughlin",
              "bowler": "WL Madsen",
              "non_striker": "JTA Burnham",
              "runs": {
                "batter": 1,
                "extras": 0,
                "total": 1
              }
            },
            {
              "batter": "JTA Burnham",
              "bowler": "WL Madsen",
              "non_striker": "P Coughlin",
              "runs": {
                "batter": 0,
                "extras": 0,
                "total": 0
              }
            },
            {
              "batter": "JTA Burnham",
              "bowler": "WL Madsen",
              "non_striker": "P Coughlin",
              "runs": {
                "batter": 4,
                "extras": 0,
                "total": 4
              }
            }
          ]
        },
        {
          "over": 7,
          "deliveries": [
            {
              "batter": "P Coughlin",
              "bowler": "Imran Tahir",
              "non_striker": "JTA Burnham",
              "runs": {
                "batter": 1,
                "extras": 0,
                "total": 1
              }
            },
            {
              "batter": "JTA Burnham",
              "bowler": "Imran Tahir",
              "non_striker": "P Coughlin",
              "runs": {
                "batter": 1,
                "extras": 0,
                "total": 1
              }
            },
            {
              "batter": "P Coughlin",
              "bowler": "Imran Tahir",
              "non_striker": "JTA Burnham",
              "runs": {
                "batter": 1,
                "extras": 0,
                "total": 1
              }
            },
            {
              "batter": "JTA Burnham",
              "bowler": "Imran Tahir",
              "non_striker": "P Coughlin",
              "runs": {
                "batter": 0,
                "extras": 0,
                "total": 0
              }
            },
            {
              "batter": "JTA Burnham",
              "bowler": "Imran Tahir",
              "non_striker": "P Coughlin",
              "runs": {
                "batter": 1,
                "extras": 0,
                "total": 1
              }
            },
            {
              "batter": "P Coughlin",
              "bowler": "Imran Tahir",
              "non_striker": "JTA Burnham",
              "runs": {
                "batter": 1,
                "extras": 0,
                "total": 1
              }
            }
          ]
        },
        {
          "over": 8,
          "deliveries": [
            {
              "batter": "P Coughlin",
              "bowler": "GC Viljoen",
              "non_striker": "JTA Burnham",
              "runs": {
                "batter": 2,
                "extras": 0,
                "total": 2
              }
            },
            {
              "batter": "P Coughlin",
              "bowler": "GC Viljoen",
              "non_striker": "JTA Burnham",
              "runs": {
                "batter": 1,
                "extras": 0,
                "total": 1
              }
            },
            {
              "batter": "JTA Burnham",
              "bowler": "GC Viljoen",
              "non_striker": "P Coughlin",
              "runs": {
                "batter": 4,
                "extras": 0,
                "total": 4
              }
            },
            {
              "batter": "JTA Burnham",
              "bowler": "GC Viljoen",
              "non_striker": "P Coughlin",
              "runs": {
                "batter": 0,
                "extras": 0,
                "total": 0
              }
            },
            {
              "batter": "JTA Burnham",
              "bowler": "GC Viljoen",
              "non_striker": "P Coughlin",
              "runs": {
                "batter": 1,
                "extras": 0,
                "total": 1
              }
            },
            {
              "batter": "P Coughlin",
              "bowler": "GC Viljoen",
              "non_striker": "JTA Burnham",
              "runs": {
                "batter": 4,
                "extras": 0,
                "total": 4
              }
            }
          ]
        },
        {
          "over": 9,
          "deliveries": [
            {
              "batter": "JTA Burnham",
              "bowler": "Imran Tahir",
              "non_striker": "P Coughlin",
              "runs": {
                "batter": 1,
                "extras": 0,
                "total": 1
              }
            },
            {
              "batter": "P Coughlin",
              "bowler": "Imran Tahir",
              "non_striker": "JTA Burnham",
              "runs": {
                "batter": 0,
                "extras": 0,
                "total": 0
              }
            },
            {
              "batter": "P Coughlin",
              "bowler": "Imran Tahir",
              "non_striker": "JTA Burnham",
              "runs": {
                "batter": 0,
                "extras": 0,
                "total": 0
              }
            },
            {
              "batter": "P Coughlin",
              "bowler": "Imran Tahir",
              "non_striker": "JTA Burnham",
              "runs": {
                "batter": 1,
                "extras": 0,
                "total": 1
              }
            },
            {
              "batter": "JTA Burnham",
              "bowler": "Imran Tahir",
              "non_striker": "P Coughlin",
              "runs": {
                "batter": 2,
                "extras": 0,
                "total": 2
              }
            },
            {
              "batter": "JTA Burnham",
              "bowler": "Imran Tahir",
              "non_striker": "P Coughlin",
              "runs": {
                "batter": 0,
                "extras": 0,
                "total": 0
              }
            }
          ]
        },
        {
          "over": 10,
          "deliveries": [
            {
              "batter": "P Coughlin",
              "bowler": "BD Cotton",
              "non_striker": "JTA Burnham",
              "runs": {
                "batter": 0,
                "extras": 0,
                "total": 0
              },
              "wickets": [
                {
                  "player_out": "P Coughlin",
                  "fielders": [
                    {
                      "name": "D Smit"
                    }
                  ],
                  "kind": "caught"
                }
              ]
            },
            {
              "batter": "SW Poynter",
              "bowler": "BD Cotton",
              "non_striker": "JTA Burnham",
              "runs": {
                "batter": 0,
                "extras": 0,
                "total": 0
              }
            },
            {
              "batter": "SW Poynter",
              "bowler": "BD Cotton",
              "non_striker": "JTA Burnham",
              "runs": {
                "batter": 0,
                "extras": 0,
                "total": 0
              }
            },
            {
              "batter": "SW Poynter",
              "bowler": "BD Cotton",
              "non_striker": "JTA Burnham",
              "runs": {
                "batter": 1,
                "extras": 0,
                "total": 1
              }
            },
            {
              "batter": "JTA Burnham",
              "bowler": "BD Cotton",
              "non_striker": "SW Poynter",
              "runs": {
                "batter": 0,
                "extras": 0,
                "total": 0
              }
            },
            {
              "batter": "JTA Burnham",
              "bowler": "BD Cotton",
              "non_striker": "SW Poynter",
              "runs": {
                "batter": 1,
                "extras": 0,
                "total": 1
              }
            }
          ]
        },
        {
          "over": 11,
          "deliveries": [
            {
              "batter": "JTA Burnham",
              "bowler": "AL Hughes",
              "non_striker": "SW Poynter",
              "runs": {
                "batter": 1,
                "extras": 0,
                "total": 1
              }
            },
            {
              "batter": "SW Poynter",
              "bowler": "AL Hughes",
              "non_striker": "JTA Burnham",
              "runs": {
                "batter": 1,
                "extras": 0,
                "total": 1
              }
            },
            {
              "batter": "JTA Burnham",
              "bowler": "AL Hughes",
              "non_striker": "SW Poynter",
              "runs": {
                "batter": 1,
                "extras": 0,
                "total": 1
              }
            },
            {
              "batter": "SW Poynter",
              "bowler": "AL Hughes",
              "non_striker": "JTA Burnham",
              "runs": {
                "batter": 1,
                "extras": 0,
                "total": 1
              }
            },
            {
              "batter": "JTA Burnham",
              "bowler": "AL Hughes",
              "non_striker": "SW Poynter",
              "runs": {
                "batter": 1,
                "extras": 0,
                "total": 1
              }
            },
            {
              "batter": "SW Poynter",
              "bowler": "AL Hughes",
              "non_striker": "JTA Burnham",
              "runs": {
                "batter": 0,
                "extras": 0,
                "total": 0
              }
            }
          ]
        },
        {
          "over": 12,
          "deliveries": [
            {
              "batter": "JTA Burnham",
              "bowler": "BD Cotton",
              "non_striker": "SW Poynter",
              "runs": {
                "batter": 1,
                "extras": 0,
                "total": 1
              }
            },
            {
              "batter": "SW Poynter",
              "bowler": "BD Cotton",
              "non_striker": "JTA Burnham",
              "runs": {
                "batter": 1,
                "extras": 0,
                "total": 1
              }
            },
            {
              "batter": "JTA Burnham",
              "bowler": "BD Cotton",
              "non_striker": "SW Poynter",
              "runs": {
                "batter": 0,
                "extras": 0,
                "total": 0
              }
            },
            {
              "batter": "JTA Burnham",
              "bowler": "BD Cotton",
              "non_striker": "SW Poynter",
              "runs": {
                "batter": 1,
                "extras": 0,
                "total": 1
              }
            },
            {
              "batter": "SW Poynter",
              "bowler": "BD Cotton",
              "non_striker": "JTA Burnham",
              "runs": {
                "batter": 0,
                "extras": 0,
                "total": 0
              }
            },
            {
              "batter": "SW Poynter",
              "bowler": "BD Cotton",
              "non_striker": "JTA Burnham",
              "runs": {
                "batter": 1,
                "extras": 0,
                "total": 1
              }
            }
          ]
        },
        {
          "over": 13,
          "deliveries": [
            {
              "batter": "SW Poynter",
              "bowler": "Imran Tahir",
              "non_striker": "JTA Burnham",
              "runs": {
                "batter": 4,
                "extras": 0,
                "total": 4
              }
            },
            {
              "batter": "SW Poynter",
              "bowler": "Imran Tahir",
              "non_striker": "JTA Burnham",
              "runs": {
                "batter": 6,
                "extras": 0,
                "total": 6
              }
            },
            {
              "batter": "SW Poynter",
              "bowler": "Imran Tahir",
              "non_striker": "JTA Burnham",
              "runs": {
                "batter": 2,
                "extras": 0,
                "total": 2
              }
            },
            {
              "batter": "SW Poynter",
              "bowler": "Imran Tahir",
              "non_striker": "JTA Burnham",
              "runs": {
                "batter": 1,
                "extras": 0,
                "total": 1
              }
            },
            {
              "batter": "JTA Burnham",
              "bowler": "Imran Tahir",
              "non_striker": "SW Poynter",
              "runs": {
                "batter": 0,
                "extras": 0,
                "total": 0
              }
            },
            {
              "batter": "JTA Burnham",
              "bowler": "Imran Tahir",
              "non_striker": "SW Poynter",
              "runs": {
                "batter": 1,
                "extras": 0,
                "total": 1
              }
            }
          ]
        },
        {
          "over": 14,
          "deliveries": [
            {
              "batter": "JTA Burnham",
              "bowler": "MJJ Critchley",
              "non_striker": "SW Poynter",
              "runs": {
                "batter": 1,
                "extras": 0,
                "total": 1
              }
            },
            {
              "batter": "SW Poynter",
              "bowler": "MJJ Critchley",
              "non_striker": "JTA Burnham",
              "runs": {
                "batter": 0,
                "extras": 0,
                "total": 0
              }
            },
            {
              "batter": "SW Poynter",
              "bowler": "MJJ Critchley",
              "non_striker": "JTA Burnham",
              "runs": {
                "batter": 1,
                "extras": 0,
                "total": 1
              }
            },
            {
              "batter": "JTA Burnham",
              "bowler": "MJJ Critchley",
              "non_striker": "SW Poynter",
              "runs": {
                "batter": 1,
                "extras": 0,
                "total": 1
              }
            },
            {
              "batter": "SW Poynter",
              "bowler": "MJJ Critchley",
              "non_striker": "JTA Burnham",
              "runs": {
                "batter": 1,
                "extras": 0,
                "total": 1
              }
            },
            {
              "batter": "JTA Burnham",
              "bowler": "MJJ Critchley",
              "non_striker": "SW Poynter",
              "runs": {
                "batter": 1,
                "extras": 0,
                "total": 1
              }
            }
          ]
        },
        {
          "over": 15,
          "deliveries": [
            {
              "batter": "JTA Burnham",
              "bowler": "Imran Tahir",
              "non_striker": "SW Poynter",
              "runs": {
                "batter": 0,
                "extras": 0,
                "total": 0
              }
            },
            {
              "batter": "JTA Burnham",
              "bowler": "Imran Tahir",
              "extras": {
                "wides": 1
              },
              "non_striker": "SW Poynter",
              "runs": {
                "batter": 0,
                "extras": 1,
                "total": 1
              }
            },
            {
              "batter": "JTA Burnham",
              "bowler": "Imran Tahir",
              "non_striker": "SW Poynter",
              "runs": {
                "batter": 0,
                "extras": 0,
                "total": 0
              }
            },
            {
              "batter": "JTA Burnham",
              "bowler": "Imran Tahir",
              "non_striker": "SW Poynter",
              "runs": {
                "batter": 1,
                "extras": 0,
                "total": 1
              }
            },
            {
              "batter": "SW Poynter",
              "bowler": "Imran Tahir",
              "non_striker": "JTA Burnham",
              "runs": {
                "batter": 1,
                "extras": 0,
                "total": 1
              }
            },
            {
              "batter": "JTA Burnham",
              "bowler": "Imran Tahir",
              "non_striker": "SW Poynter",
              "runs": {
                "batter": 4,
                "extras": 0,
                "total": 4
              }
            },
            {
              "batter": "JTA Burnham",
              "bowler": "Imran Tahir",
              "non_striker": "SW Poynter",
              "runs": {
                "batter": 1,
                "extras": 0,
                "total": 1
              }
            }
          ]
        },
        {
          "over": 16,
          "deliveries": [
            {
              "batter": "JTA Burnham",
              "bowler": "MJ Henry",
              "non_striker": "SW Poynter",
              "runs": {
                "batter": 0,
                "extras": 0,
                "total": 0
              }
            },
            {
              "batter": "JTA Burnham",
              "bowler": "MJ Henry",
              "non_striker": "SW Poynter",
              "runs": {
                "batter": 0,
                "extras": 0,
                "total": 0
              },
              "wickets": [
                {
                  "player_out": "JTA Burnham",
                  "fielders": [
                    {
                      "name": "BD Cotton"
                    }
                  ],
                  "kind": "caught"
                }
              ]
            },
            {
              "batter": "SW Poynter",
              "bowler": "MJ Henry",
              "non_striker": "RD Pringle",
              "runs": {
                "batter": 1,
                "extras": 0,
                "total": 1
              }
            },
            {
              "batter": "RD Pringle",
              "bowler": "MJ Henry",
              "non_striker": "SW Poynter",
              "runs": {
                "batter": 1,
                "extras": 0,
                "total": 1
              }
            },
            {
              "batter": "SW Poynter",
              "bowler": "MJ Henry",
              "non_striker": "RD Pringle",
              "runs": {
                "batter": 4,
                "extras": 0,
                "total": 4
              }
            },
            {
              "batter": "SW Poynter",
              "bowler": "MJ Henry",
              "non_striker": "RD Pringle",
              "runs": {
                "batter": 1,
                "extras": 0,
                "total": 1
              }
            }
          ]
        },
        {
          "over": 17,
          "deliveries": [
            {
              "batter": "SW Poynter",
              "bowler": "GC Viljoen",
              "non_striker": "RD Pringle",
              "runs": {
                "batter": 1,
                "extras": 0,
                "total": 1
              }
            },
            {
              "batter": "RD Pringle",
              "bowler": "GC Viljoen",
              "non_striker": "SW Poynter",
              "runs": {
                "batter": 3,
                "extras": 0,
                "total": 3
              }
            },
            {
              "batter": "SW Poynter",
              "bowler": "GC Viljoen",
              "non_striker": "RD Pringle",
              "runs": {
                "batter": 4,
                "extras": 0,
                "total": 4
              }
            },
            {
              "batter": "SW Poynter",
              "bowler": "GC Viljoen",
              "non_striker": "RD Pringle",
              "runs": {
                "batter": 2,
                "extras": 0,
                "total": 2
              }
            },
            {
              "batter": "SW Poynter",
              "bowler": "GC Viljoen",
              "non_striker": "RD Pringle",
              "runs": {
                "batter": 1,
                "extras": 0,
                "total": 1
              }
            },
            {
              "batter": "RD Pringle",
              "bowler": "GC Viljoen",
              "non_striker": "SW Poynter",
              "runs": {
                "batter": 0,
                "extras": 0,
                "total": 0
              }
            }
          ]
        },
        {
          "over": 18,
          "deliveries": [
            {
              "batter": "SW Poynter",
              "bowler": "BD Cotton",
              "non_striker": "RD Pringle",
              "runs": {
                "batter": 6,
                "extras": 0,
                "total": 6
              }
            },
            {
              "batter": "SW Poynter",
              "bowler": "BD Cotton",
              "non_striker": "RD Pringle",
              "runs": {
                "batter": 1,
                "extras": 0,
                "total": 1
              }
            },
            {
              "batter": "RD Pringle",
              "bowler": "BD Cotton",
              "non_striker": "SW Poynter",
              "runs": {
                "batter": 1,
                "extras": 0,
                "total": 1
              }
            },
            {
              "batter": "SW Poynter",
              "bowler": "BD Cotton",
              "extras": {
                "wides": 1
              },
              "non_striker": "RD Pringle",
              "runs": {
                "batter": 0,
                "extras": 1,
                "total": 1
              }
            },
            {
              "batter": "SW Poynter",
              "bowler": "BD Cotton",
              "non_striker": "RD Pringle",
              "runs": {
                "batter": 6,
                "extras": 0,
                "total": 6
              }
            },
            {
              "batter": "SW Poynter",
              "bowler": "BD Cotton",
              "non_striker": "RD Pringle",
              "runs": {
                "batter": 2,
                "extras": 0,
                "total": 2
              }
            },
            {
              "batter": "SW Poynter",
              "bowler": "BD Cotton",
              "non_striker": "RD Pringle",
              "runs": {
                "batter": 0,
                "extras": 0,
                "total": 0
              }
            }
          ]
        },
        {
          "over": 19,
          "deliveries": [
            {
              "batter": "RD Pringle",
              "bowler": "MJ Henry",
              "extras": {
                "wides": 1
              },
              "non_striker": "SW Poynter",
              "runs": {
                "batter": 0,
                "extras": 1,
                "total": 1
              }
            },
            {
              "batter": "RD Pringle",
              "bowler": "MJ Henry",
              "non_striker": "SW Poynter",
              "runs": {
                "batter": 4,
                "extras": 0,
                "total": 4
              }
            },
            {
              "batter": "RD Pringle",
              "bowler": "MJ Henry",
              "extras": {
                "wides": 1
              },
              "non_striker": "SW Poynter",
              "runs": {
                "batter": 0,
                "extras": 1,
                "total": 1
              }
            },
            {
              "batter": "RD Pringle",
              "bowler": "MJ Henry",
              "non_striker": "SW Poynter",
              "runs": {
                "batter": 0,
                "extras": 0,
                "total": 0
              },
              "wickets": [
                {
                  "player_out": "RD Pringle",
                  "fielders": [
                    {
                      "name": "CAJ Brodrick"
                    }
                  ],
                  "kind": "caught"
                }
              ]
            },
            {
              "batter": "SW Poynter",
              "bowler": "MJ Henry",
              "non_striker": "U Arshad",
              "runs": {
                "batter": 6,
                "extras": 0,
                "total": 6
              }
            },
            {
              "batter": "SW Poynter",
              "bowler": "MJ Henry",
              "non_striker": "U Arshad",
              "runs": {
                "batter": 1,
                "extras": 0,
                "total": 1
              }
            },
            {
              "batter": "U Arshad",
              "bowler": "MJ Henry",
              "non_striker": "SW Poynter",
              "runs": {
                "batter": 1,
                "extras": 0,
                "total": 1
              }
            },
            {
              "batter": "SW Poynter",
              "bowler": "MJ Henry",
              "non_striker": "U Arshad",
              "runs": {
                "batter": 4,
                "extras": 0,
                "total": 4
              }
            }
          ]
        }
      ],
      "powerplays": [
        {
          "from": 0.1,
          "to": 5.6,
          "type": "mandatory"
        }
      ]
    },
    {
      "team": "Derbyshire",
      "overs": [
        {
          "over": 0,
          "deliveries": [
            {
              "batter": "BA Godleman",
              "bowler": "C Rushworth",
              "non_striker": "MJJ Critchley",
              "runs": {
                "batter": 1,
                "extras": 0,
                "total": 1
              }
            },
            {
              "batter": "MJJ Critchley",
              "bowler": "C Rushworth",
              "non_striker": "BA Godleman",
              "runs": {
                "batter": 1,
                "extras": 0,
                "total": 1
              }
            },
            {
              "batter": "BA Godleman",
              "bowler": "C Rushworth",
              "non_striker": "MJJ Critchley",
              "runs": {
                "batter": 0,
                "extras": 0,
                "total": 0
              }
            },
            {
              "batter": "BA Godleman",
              "bowler": "C Rushworth",
              "non_striker": "MJJ Critchley",
              "runs": {
                "batter": 1,
                "extras": 0,
                "total": 1
              }
            },
            {
              "batter": "MJJ Critchley",
              "bowler": "C Rushworth",
              "non_striker": "BA Godleman",
              "runs": {
                "batter": 0,
                "extras": 0,
                "total": 0
              }
            },
            {
              "batter": "MJJ Critchley",
              "bowler": "C Rushworth",
              "non_striker": "BA Godleman",
              "runs": {
                "batter": 4,
                "extras": 0,
                "total": 4
              }
            }
          ]
        },
        {
          "over": 1,
          "deliveries": [
            {
              "batter": "BA Godleman",
              "bowler": "WJ Weighell",
              "non_striker": "MJJ Critchley",
              "runs": {
                "batter": 1,
                "extras": 0,
                "total": 1
              }
            },
            {
              "batter": "MJJ Critchley",
              "bowler": "WJ Weighell",
              "non_striker": "BA Godleman",
              "runs": {
                "batter": 0,
                "extras": 0,
                "total": 0
              }
            },
            {
              "batter": "MJJ Critchley",
              "bowler": "WJ Weighell",
              "non_striker": "BA Godleman",
              "runs": {
                "batter": 1,
                "extras": 0,
                "total": 1
              }
            },
            {
              "batter": "BA Godleman",
              "bowler": "WJ Weighell",
              "non_striker": "MJJ Critchley",
              "runs": {
                "batter": 4,
                "extras": 0,
                "total": 4
              }
            },
            {
              "batter": "BA Godleman",
              "bowler": "WJ Weighell",
              "non_striker": "MJJ Critchley",
              "runs": {
                "batter": 0,
                "extras": 0,
                "total": 0
              },
              "wickets": [
                {
                  "player_out": "BA Godleman",
                  "fielders": [
                    {
                      "name": "JTA Burnham"
                    }
                  ],
                  "kind": "caught"
                }
              ]
            },
            {
              "batter": "LM Reece",
              "bowler": "WJ Weighell",
              "non_striker": "MJJ Critchley",
              "runs": {
                "batter": 0,
                "extras": 0,
                "total": 0
              }
            }
          ]
        },
        {
          "over": 2,
          "deliveries": [
            {
              "batter": "MJJ Critchley",
              "bowler": "C Rushworth",
              "non_striker": "LM Reece",
              "runs": {
                "batter": 4,
                "extras": 0,
                "total": 4
              }
            },
            {
              "batter": "MJJ Critchley",
              "bowler": "C Rushworth",
              "non_striker": "LM Reece",
              "runs": {
                "batter": 1,
                "extras": 0,
                "total": 1
              }
            },
            {
              "batter": "LM Reece",
              "bowler": "C Rushworth",
              "non_striker": "MJJ Critchley",
              "runs": {
                "batter": 4,
                "extras": 0,
                "total": 4
              }
            },
            {
              "batter": "LM Reece",
              "bowler": "C Rushworth",
              "non_striker": "MJJ Critchley",
              "runs": {
                "batter": 1,
                "extras": 0,
                "total": 1
              }
            },
            {
              "batter": "MJJ Critchley",
              "bowler": "C Rushworth",
              "non_striker": "LM Reece",
              "runs": {
                "batter": 0,
                "extras": 0,
                "total": 0
              }
            },
            {
              "batter": "MJJ Critchley",
              "bowler": "C Rushworth",
              "non_striker": "LM Reece",
              "runs": {
                "batter": 6,
                "extras": 0,
                "total": 6
              }
            }
          ]
        },
        {
          "over": 3,
          "deliveries": [
            {
              "batter": "LM Reece",
              "bowler": "U Arshad",
              "non_striker": "MJJ Critchley",
              "runs": {
                "batter": 0,
                "extras": 0,
                "total": 0
              }
            },
            {
              "batter": "LM Reece",
              "bowler": "U Arshad",
              "non_striker": "MJJ Critchley",
              "runs": {
                "batter": 3,
                "extras": 0,
                "total": 3
              }
            },
            {
              "batter": "MJJ Critchley",
              "bowler": "U Arshad",
              "non_striker": "LM Reece",
              "runs": {
                "batter": 0,
                "extras": 0,
                "total": 0
              }
            },
            {
              "batter": "MJJ Critchley",
              "bowler": "U Arshad",
              "non_striker": "LM Reece",
              "runs": {
                "batter": 0,
                "extras": 0,
                "total": 0
              }
            },
            {
              "batter": "MJJ Critchley",
              "bowler": "U Arshad",
              "non_striker": "LM Reece",
              "runs": {
                "batter": 1,
                "extras": 0,
                "total": 1
              }
            },
            {
              "batter": "LM Reece",
              "bowler": "U Arshad",
              "non_striker": "MJJ Critchley",
              "runs": {
                "batter": 0,
                "extras": 0,
                "total": 0
              }
            }
          ]
        },
        {
          "over": 4,
          "deliveries": [
            {
              "batter": "MJJ Critchley",
              "bowler": "P Coughlin",
              "non_striker": "LM Reece",
              "runs": {
                "batter": 0,
                "extras": 0,
                "total": 0
              },
              "wickets": [
                {
                  "player_out": "MJJ Critchley",
                  "fielders": [
                    {
                      "name": "RD Pringle"
                    }
                  ],
                  "kind": "caught"
                }
              ]
            },
            {
              "batter": "WL Madsen",
              "bowler": "P Coughlin",
              "non_striker": "LM Reece",
              "runs": {
                "batter": 1,
                "extras": 0,
                "total": 1
              }
            },
            {
              "batter": "LM Reece",
              "bowler": "P Coughlin",
              "non_striker": "WL Madsen",
              "runs": {
                "batter": 0,
                "extras": 0,
                "total": 0
              }
            },
            {
              "batter": "LM Reece",
              "bowler": "P Coughlin",
              "non_striker": "WL Madsen",
              "runs": {
                "batter": 1,
                "extras": 0,
                "total": 1
              }
            },
            {
              "batter": "WL Madsen",
              "bowler": "P Coughlin",
              "non_striker": "LM Reece",
              "runs": {
                "batter": 0,
                "extras": 0,
                "total": 0
              }
            },
            {
              "batter": "WL Madsen",
              "bowler": "P Coughlin",
              "non_striker": "LM Reece",
              "runs": {
                "batter": 4,
                "extras": 0,
                "total": 4
              }
            }
          ]
        },
        {
          "over": 5,
          "deliveries": [
            {
              "batter": "LM Reece",
              "bowler": "U Arshad",
              "non_striker": "WL Madsen",
              "runs": {
                "batter": 0,
                "extras": 0,
                "total": 0
              }
            },
            {
              "batter": "LM Reece",
              "bowler": "U Arshad",
              "non_striker": "WL Madsen",
              "runs": {
                "batter": 1,
                "extras": 0,
                "total": 1
              }
            },
            {
              "batter": "WL Madsen",
              "bowler": "U Arshad",
              "non_striker": "LM Reece",
              "runs": {
                "batter": 2,
                "extras": 0,
                "total": 2
              }
            },
            {
              "batter": "WL Madsen",
              "bowler": "U Arshad",
              "non_striker": "LM Reece",
              "runs": {
                "batter": 0,
                "extras": 0,
                "total": 0
              }
            },
            {
              "batter": "WL Madsen",
              "bowler": "U Arshad",
              "non_striker": "LM Reece",
              "runs": {
                "batter": 0,
                "extras": 0,
                "total": 0
              }
            },
            {
              "batter": "WL Madsen",
              "bowler": "U Arshad",
              "non_striker": "LM Reece",
              "runs": {
                "batter": 2,
                "extras": 0,
                "total": 2
              }
            }
          ]
        },
        {
          "over": 6,
          "deliveries": [
            {
              "batter": "LM Reece",
              "bowler": "RD Pringle",
              "non_striker": "WL Madsen",
              "runs": {
                "batter": 1,
                "extras": 0,
                "total": 1
              }
            },
            {
              "batter": "WL Madsen",
              "bowler": "RD Pringle",
              "non_striker": "LM Reece",
              "runs": {
                "batter": 1,
                "extras": 0,
                "total": 1
              }
            },
            {
              "batter": "LM Reece",
              "bowler": "RD Pringle",
              "non_striker": "WL Madsen",
              "runs": {
                "batter": 1,
                "extras": 0,
                "total": 1
              }
            },
            {
              "batter": "WL Madsen",
              "bowler": "RD Pringle",
              "non_striker": "LM Reece",
              "runs": {
                "batter": 0,
                "extras": 0,
                "total": 0
              }
            },
            {
              "batter": "WL Madsen",
              "bowler": "RD Pringle",
              "non_striker": "LM Reece",
              "runs": {
                "batter": 1,
                "extras": 0,
                "total": 1
              }
            },
            {
              "batter": "LM Reece",
              "bowler": "RD Pringle",
              "non_striker": "WL Madsen",
              "runs": {
                "batter": 4,
                "extras": 0,
                "total": 4
              }
            }
          ]
        },
        {
          "over": 7,
          "deliveries": [
            {
              "batter": "WL Madsen",
              "bowler": "KK Jennings",
              "non_striker": "LM Reece",
              "runs": {
                "batter": 4,
                "extras": 0,
                "total": 4
              }
            },
            {
              "batter": "WL Madsen",
              "bowler": "KK Jennings",
              "non_striker": "LM Reece",
              "runs": {
                "batter": 1,
                "extras": 0,
                "total": 1
              }
            },
            {
              "batter": "LM Reece",
              "bowler": "KK Jennings",
              "non_striker": "WL Madsen",
              "runs": {
                "batter": 1,
                "extras": 0,
                "total": 1
              }
            },
            {
              "batter": "WL Madsen",
              "bowler": "KK Jennings",
              "non_striker": "LM Reece",
              "runs": {
                "batter": 1,
                "extras": 0,
                "total": 1
              }
            },
            {
              "batter": "LM Reece",
              "bowler": "KK Jennings",
              "non_striker": "WL Madsen",
              "runs": {
                "batter": 1,
                "extras": 0,
                "total": 1
              }
            },
            {
              "batter": "WL Madsen",
              "bowler": "KK Jennings",
              "non_striker": "LM Reece",
              "runs": {
                "batter": 1,
                "extras": 0,
                "total": 1
              }
            }
          ]
        },
        {
          "over": 8,
          "deliveries": [
            {
              "batter": "WL Madsen",
              "bowler": "RD Pringle",
              "non_striker": "LM Reece",
              "runs": {
                "batter": 1,
                "extras": 0,
                "total": 1
              }
            },
            {
              "batter": "LM Reece",
              "bowler": "RD Pringle",
              "non_striker": "WL Madsen",
              "runs": {
                "batter": 1,
                "extras": 0,
                "total": 1
              }
            },
            {
              "batter": "WL Madsen",
              "bowler": "RD Pringle",
              "non_striker": "LM Reece",
              "runs": {
                "batter": 1,
                "extras": 0,
                "total": 1
              }
            },
            {
              "batter": "LM Reece",
              "bowler": "RD Pringle",
              "non_striker": "WL Madsen",
              "runs": {
                "batter": 0,
                "extras": 0,
                "total": 0
              }
            },
            {
              "batter": "LM Reece",
              "bowler": "RD Pringle",
              "non_striker": "WL Madsen",
              "runs": {
                "batter": 1,
                "extras": 0,
                "total": 1
              }
            },
            {
              "batter": "WL Madsen",
              "bowler": "RD Pringle",
              "non_striker": "LM Reece",
              "runs": {
                "batter": 1,
                "extras": 0,
                "total": 1
              }
            }
          ]
        },
        {
          "over": 9,
          "deliveries": [
            {
              "batter": "WL Madsen",
              "bowler": "KK Jennings",
              "non_striker": "LM Reece",
              "runs": {
                "batter": 1,
                "extras": 0,
                "total": 1
              }
            },
            {
              "batter": "LM Reece",
              "bowler": "KK Jennings",
              "non_striker": "WL Madsen",
              "runs": {
                "batter": 1,
                "extras": 0,
                "total": 1
              }
            },
            {
              "batter": "WL Madsen",
              "bowler": "KK Jennings",
              "non_striker": "LM Reece",
              "runs": {
                "batter": 1,
                "extras": 0,
                "total": 1
              }
            },
            {
              "batter": "LM Reece",
              "bowler": "KK Jennings",
              "non_striker": "WL Madsen",
              "runs": {
                "batter": 1,
                "extras": 0,
                "total": 1
              }
            },
            {
              "batter": "WL Madsen",
              "bowler": "KK Jennings",
              "non_striker": "LM Reece",
              "runs": {
                "batter": 1,
                "extras": 0,
                "total": 1
              }
            },
            {
              "batter": "LM Reece",
              "bowler": "KK Jennings",
              "non_striker": "WL Madsen",
              "runs": {
                "batter": 1,
                "extras": 0,
                "total": 1
              }
            }
          ]
        },
        {
          "over": 10,
          "deliveries": [
            {
              "batter": "LM Reece",
              "bowler": "RD Pringle",
              "non_striker": "WL Madsen",
              "runs": {
                "batter": 1,
                "extras": 0,
                "total": 1
              }
            },
            {
              "batter": "WL Madsen",
              "bowler": "RD Pringle",
              "non_striker": "LM Reece",
              "runs": {
                "batter": 0,
                "extras": 0,
                "total": 0
              },
              "wickets": [
                {
                  "player_out": "WL Madsen",
                  "fielders": [
                    {
                      "name": "WJ Weighell"
                    }
                  ],
                  "kind": "caught"
                }
              ]
            },
            {
              "batter": "LM Reece",
              "bowler": "RD Pringle",
              "non_striker": "AL Hughes",
              "runs": {
                "batter": 1,
                "extras": 0,
                "total": 1
              }
            },
            {
              "batter": "AL Hughes",
              "bowler": "RD Pringle",
              "non_striker": "LM Reece",
              "runs": {
                "batter": 0,
                "extras": 0,
                "total": 0
              }
            },
            {
              "batter": "AL Hughes",
              "bowler": "RD Pringle",
              "non_striker": "LM Reece",
              "runs": {
                "batter": 1,
                "extras": 0,
                "total": 1
              }
            },
            {
              "batter": "LM Reece",
              "bowler": "RD Pringle",
              "non_striker": "AL Hughes",
              "runs": {
                "batter": 1,
                "extras": 0,
                "total": 1
              }
            }
          ]
        },
        {
          "over": 11,
          "deliveries": [
            {
              "batter": "LM Reece",
              "bowler": "KK Jennings",
              "non_striker": "AL Hughes",
              "runs": {
                "batter": 6,
                "extras": 0,
                "total": 6
              }
            },
            {
              "batter": "LM Reece",
              "bowler": "KK Jennings",
              "non_striker": "AL Hughes",
              "runs": {
                "batter": 0,
                "extras": 0,
                "total": 0
              }
            },
            {
              "batter": "LM Reece",
              "bowler": "KK Jennings",
              "non_striker": "AL Hughes",
              "runs": {
                "batter": 0,
                "extras": 0,
                "total": 0
              }
            },
            {
              "batter": "LM Reece",
              "bowler": "KK Jennings",
              "extras": {
                "byes": 2
              },
              "non_striker": "AL Hughes",
              "runs": {
                "batter": 0,
                "extras": 2,
                "total": 2
              }
            },
            {
              "batter": "LM Reece",
              "bowler": "KK Jennings",
              "non_striker": "AL Hughes",
              "runs": {
                "batter": 1,
                "extras": 0,
                "total": 1
              }
            },
            {
              "batter": "AL Hughes",
              "bowler": "KK Jennings",
              "non_striker": "LM Reece",
              "runs": {
                "batter": 1,
                "extras": 0,
                "total": 1
              }
            }
          ]
        },
        {
          "over": 12,
          "deliveries": [
            {
              "batter": "AL Hughes",
              "bowler": "RD Pringle",
              "non_striker": "LM Reece",
              "runs": {
                "batter": 1,
                "extras": 0,
                "total": 1
              }
            },
            {
              "batter": "LM Reece",
              "bowler": "RD Pringle",
              "non_striker": "AL Hughes",
              "runs": {
                "batter": 1,
                "extras": 0,
                "total": 1
              }
            },
            {
              "batter": "AL Hughes",
              "bowler": "RD Pringle",
              "extras": {
                "wides": 1
              },
              "non_striker": "LM Reece",
              "runs": {
                "batter": 0,
                "extras": 1,
                "total": 1
              }
            },
            {
              "batter": "AL Hughes",
              "bowler": "RD Pringle",
              "non_striker": "LM Reece",
              "runs": {
                "batter": 4,
                "extras": 0,
                "total": 4
              }
            },
            {
              "batter": "AL Hughes",
              "bowler": "RD Pringle",
              "non_striker": "LM Reece",
              "runs": {
                "batter": 1,
                "extras": 0,
                "total": 1
              }
            },
            {
              "batter": "LM Reece",
              "bowler": "RD Pringle",
              "non_striker": "AL Hughes",
              "runs": {
                "batter": 1,
                "extras": 0,
                "total": 1
              }
            },
            {
              "batter": "AL Hughes",
              "bowler": "RD Pringle",
              "non_striker": "LM Reece",
              "runs": {
                "batter": 2,
                "extras": 0,
                "total": 2
              }
            }
          ]
        },
        {
          "over": 13,
          "deliveries": [
            {
              "batter": "LM Reece",
              "bowler": "WJ Weighell",
              "non_striker": "AL Hughes",
              "runs": {
                "batter": 1,
                "extras": 0,
                "total": 1
              }
            },
            {
              "batter": "AL Hughes",
              "bowler": "WJ Weighell",
              "non_striker": "LM Reece",
              "runs": {
                "batter": 0,
                "extras": 0,
                "total": 0
              }
            },
            {
              "batter": "AL Hughes",
              "bowler": "WJ Weighell",
              "non_striker": "LM Reece",
              "runs": {
                "batter": 2,
                "extras": 0,
                "total": 2
              }
            },
            {
              "batter": "AL Hughes",
              "bowler": "WJ Weighell",
              "non_striker": "LM Reece",
              "runs": {
                "batter": 0,
                "extras": 0,
                "total": 0
              }
            },
            {
              "batter": "AL Hughes",
              "bowler": "WJ Weighell",
              "extras": {
                "noballs": 2
              },
              "non_striker": "LM Reece",
              "runs": {
                "batter": 0,
                "extras": 2,
                "total": 2
              }
            },
            {
              "batter": "AL Hughes",
              "bowler": "WJ Weighell",
              "non_striker": "LM Reece",
              "runs": {
                "batter": 1,
                "extras": 0,
                "total": 1
              }
            },
            {
              "batter": "LM Reece",
              "bowler": "WJ Weighell",
              "non_striker": "AL Hughes",
              "runs": {
                "batter": 1,
                "extras": 0,
                "total": 1
              }
            }
          ]
        },
        {
          "over": 14,
          "deliveries": [
            {
              "batter": "LM Reece",
              "bowler": "P Coughlin",
              "non_striker": "AL Hughes",
              "runs": {
                "batter": 1,
                "extras": 0,
                "total": 1
              }
            },
            {
              "batter": "AL Hughes",
              "bowler": "P Coughlin",
              "non_striker": "LM Reece",
              "runs": {
                "batter": 0,
                "extras": 0,
                "total": 0
              },
              "wickets": [
                {
                  "player_out": "AL Hughes",
                  "fielders": [
                    {
                      "name": "SW Poynter"
                    }
                  ],
                  "kind": "caught"
                }
              ]
            },
            {
              "batter": "LM Reece",
              "bowler": "P Coughlin",
              "non_striker": "MJ Henry",
              "runs": {
                "batter": 2,
                "extras": 0,
                "total": 2
              }
            },
            {
              "batter": "LM Reece",
              "bowler": "P Coughlin",
              "non_striker": "MJ Henry",
              "runs": {
                "batter": 6,
                "extras": 0,
                "total": 6
              }
            },
            {
              "batter": "LM Reece",
              "bowler": "P Coughlin",
              "non_striker": "MJ Henry",
              "runs": {
                "batter": 0,
                "extras": 0,
                "total": 0
              }
            },
            {
              "batter": "LM Reece",
              "bowler": "P Coughlin",
              "non_striker": "MJ Henry",
              "runs": {
                "batter": 1,
                "extras": 0,
                "total": 1
              }
            }
          ]
        },
        {
          "over": 15,
          "deliveries": [
            {
              "batter": "LM Reece",
              "bowler": "WJ Weighell",
              "extras": {
                "wides": 1
              },
              "non_striker": "MJ Henry",
              "runs": {
                "batter": 0,
                "extras": 1,
                "total": 1
              }
            },
            {
              "batter": "LM Reece",
              "bowler": "WJ Weighell",
              "non_striker": "MJ Henry",
              "runs": {
                "batter": 1,
                "extras": 0,
                "total": 1
              }
            },
            {
              "batter": "MJ Henry",
              "bowler": "WJ Weighell",
              "non_striker": "LM Reece",
              "runs": {
                "batter": 2,
                "extras": 0,
                "total": 2
              }
            },
            {
              "batter": "MJ Henry",
              "bowler": "WJ Weighell",
              "non_striker": "LM Reece",
              "runs": {
                "batter": 1,
                "extras": 0,
                "total": 1
              }
            },
            {
              "batter": "LM Reece",
              "bowler": "WJ Weighell",
              "extras": {
                "wides": 1
              },
              "non_striker": "MJ Henry",
              "runs": {
                "batter": 0,
                "extras": 1,
                "total": 1
              }
            },
            {
              "batter": "LM Reece",
              "bowler": "WJ Weighell",
              "non_striker": "MJ Henry",
              "runs": {
                "batter": 2,
                "extras": 0,
                "total": 2
              }
            },
            {
              "batter": "LM Reece",
              "bowler": "WJ Weighell",
              "non_striker": "MJ Henry",
              "runs": {
                "batter": 4,
                "extras": 0,
                "total": 4
              }
            },
            {
              "batter": "LM Reece",
              "bowler": "WJ Weighell",
              "non_striker": "MJ Henry",
              "runs": {
                "batter": 4,
                "extras": 0,
                "total": 4
              }
            }
          ]
        },
        {
          "over": 16,
          "deliveries": [
            {
              "batter": "MJ Henry",
              "bowler": "U Arshad",
              "extras": {
                "wides": 1
              },
              "non_striker": "LM Reece",
              "runs": {
                "batter": 0,
                "extras": 1,
                "total": 1
              }
            },
            {
              "batter": "MJ Henry",
              "bowler": "U Arshad",
              "non_striker": "LM Reece",
              "runs": {
                "batter": 4,
                "extras": 0,
                "total": 4
              }
            },
            {
              "batter": "MJ Henry",
              "bowler": "U Arshad",
              "non_striker": "LM Reece",
              "runs": {
                "batter": 2,
                "extras": 0,
                "total": 2
              }
            },
            {
              "batter": "MJ Henry",
              "bowler": "U Arshad",
              "non_striker": "LM Reece",
              "runs": {
                "batter": 6,
                "extras": 0,
                "total": 6
              }
            },
            {
              "batter": "MJ Henry",
              "bowler": "U Arshad",
              "extras": {
                "noballs": 2
              },
              "non_striker": "LM Reece",
              "runs": {
                "batter": 1,
                "extras": 2,
                "total": 3
              }
            },
            {
              "batter": "LM Reece",
              "bowler": "U Arshad",
              "non_striker": "MJ Henry",
              "runs": {
                "batter": 4,
                "extras": 0,
                "total": 4
              }
            },
            {
              "batter": "LM Reece",
              "bowler": "U Arshad",
              "non_striker": "MJ Henry",
              "runs": {
                "batter": 1,
                "extras": 0,
                "total": 1
              }
            },
            {
              "batter": "MJ Henry",
              "bowler": "U Arshad",
              "non_striker": "LM Reece",
              "runs": {
                "batter": 4,
                "extras": 0,
                "total": 4
              }
            }
          ]
        },
        {
          "over": 17,
          "deliveries": [
            {
              "batter": "LM Reece",
              "bowler": "P Coughlin",
              "non_striker": "MJ Henry",
              "runs": {
                "batter": 1,
                "extras": 0,
                "total": 1
              }
            },
            {
              "batter": "MJ Henry",
              "bowler": "P Coughlin",
              "non_striker": "LM Reece",
              "runs": {
                "batter": 0,
                "extras": 0,
                "total": 0
              }
            },
            {
              "batter": "MJ Henry",
              "bowler": "P Coughlin",
              "non_striker": "LM Reece",
              "runs": {
                "batter": 0,
                "extras": 0,
                "total": 0
              }
            },
            {
              "batter": "MJ Henry",
              "bowler": "P Coughlin",
              "non_striker": "LM Reece",
              "runs": {
                "batter": 0,
                "extras": 0,
                "total": 0
              },
              "wickets": [
                {
                  "player_out": "MJ Henry",
                  "fielders": [
                    {
                      "name": "RD Pringle"
                    }
                  ],
                  "kind": "caught"
                }
              ]
            },
            {
              "batter": "LM Reece",
              "bowler": "P Coughlin",
              "non_striker": "D Smit",
              "runs": {
                "batter": 0,
                "extras": 0,
                "total": 0
              }
            },
            {
              "batter": "LM Reece",
              "bowler": "P Coughlin",
              "non_striker": "D Smit",
              "runs": {
                "batter": 1,
                "extras": 0,
                "total": 1
              }
            }
          ]
        },
        {
          "over": 18,
          "deliveries": [
            {
              "batter": "LM Reece",
              "bowler": "U Arshad",
              "non_striker": "D Smit",
              "runs": {
                "batter": 1,
                "extras": 0,
                "total": 1
              }
            },
            {
              "batter": "D Smit",
              "bowler": "U Arshad",
              "non_striker": "LM Reece",
              "runs": {
                "batter": 1,
                "extras": 0,
                "total": 1
              }
            },
            {
              "batter": "LM Reece",
              "bowler": "U Arshad",
              "non_striker": "D Smit",
              "runs": {
                "batter": 0,
                "extras": 0,
                "total": 0
              },
              "wickets": [
                {
                  "player_out": "LM Reece",
                  "kind": "bowled"
                }
              ]
            },
            {
              "batter": "CAJ Brodrick",
              "bowler": "U Arshad",
              "non_striker": "D Smit",
              "runs": {
                "batter": 0,
                "extras": 0,
                "total": 0
              }
            },
            {
              "batter": "CAJ Brodrick",
              "bowler": "U Arshad",
              "non_striker": "D Smit",
              "runs": {
                "batter": 1,
                "extras": 0,
                "total": 1
              }
            },
            {
              "batter": "D Smit",
              "bowler": "U Arshad",
              "non_striker": "CAJ Brodrick",
              "runs": {
                "batter": 0,
                "extras": 0,
                "total": 0
              }
            }
          ]
        },
        {
          "over": 19,
          "deliveries": [
            {
              "batter": "CAJ Brodrick",
              "bowler": "P Coughlin",
              "non_striker": "D Smit",
              "runs": {
                "batter": 0,
                "extras": 0,
                "total": 0
              }
            },
            {
              "batter": "CAJ Brodrick",
              "bowler": "P Coughlin",
              "non_striker": "D Smit",
              "runs": {
                "batter": 0,
                "extras": 0,
                "total": 0
              },
              "wickets": [
                {
                  "player_out": "CAJ Brodrick",
                  "fielders": [
                    {
                      "name": "C Rushworth"
                    }
                  ],
                  "kind": "caught"
                }
              ]
            },
            {
              "batter": "D Smit",
              "bowler": "P Coughlin",
              "non_striker": "GC Viljoen",
              "runs": {
                "batter": 4,
                "extras": 0,
                "total": 4
              }
            }
          ]
        }
      ],
      "powerplays": [
        {
          "from": 0.1,
          "to": 5.6,
          "type": "mandatory"
        }
      ],
      "target": {
        "overs": 20,
        "runs": 162
      }
    }
  ]
}