{
  "meta": {
    "data_version": "1.0.0",
    "created": "2020-07-20",
    "revision": 1
  },
  "info": {
    "balls_per_over": 6,
    "city": "Chelmsford",
    "dates": [
      "2017-07-16"
    ],
    "event": {
      "name": "NatWest T20 Blast",
      "group": "South"
    },
    "gender": "male",
    "match_type": "T20",
    "officials": {
      "umpires": [
        "MA Gough",
        "RJ Warren"
      ]
    },
    "outcome": {
      "winner": "Glamorgan",
      "by": {
        "wickets": 5
      }
    },
    "overs": 20,
    "player_of_match": [
      "CA Ingram"
    ],
    "players": {
      "Essex": [
        "DW Lawrence",
        "V Chopra",
        "T Westley",
        "RS Bopara",
        "RN ten Doeschate",
        "Ashar Zaidi",
        "JS Foster",
        "PI Walter",
        "SR Harmer",
        "Mohammad Amir",
        "JA Porter"
      ],
      "Glamorgan": [
        "DL Lloyd",
        "AHT Donald",
        "CA Ingram",
        "JA Rudolph",
        "CB Cooke",
        "GG Wagg",
        "CAJ Meschede",
        "AG Salter",
        "M de Lange",
        "T van der Gugten",
        "MG Hogan"
      ]
    },
    "registry": {
      "people": {
        "AG Salter": "1a45b864",
        "AHT Donald": "72918338",
        "Ashar Zaidi": "9bab2b81",
        "CA Ingram": "c995d726",
        "CAJ Meschede": "eddf25bd",
        "CB Cooke": "6755cd5c",
        "DL Lloyd": "0c7f11be",
        "DW Lawrence": "4b685e2d",
        "GG Wagg": "450f6fa6",
        "JA Porter": "5b6d248a",
        "JA Rudolph": "42537f07",
        "JS Foster": "e68dd455",
        "M de Lange": "d4eef961",
        "MA Gough": "76752ac8",
        "MG Hogan": "5da34add",
        "Mohammad Amir": "e174dadd",
        "PI Walter": "57590dbb",
        "RJ Warren": "9d1c62d7",
        "RN ten Doeschate": "4ec07775",
        "RS Bopara": "7ca5e05d",
        "SR Harmer": "23638956",
        "T Westley": "25a42048",
        "T van der Gugten": "d99cc23a",
        "V Chopra": "54745c20"
      }
    },
    "season": "2017",
    "team_type": "club",
    "teams": [
      "Essex",
      "Glamorgan"
    ],
    "toss": {
      "decision": "bat",
      "winner": "Essex"
    },
    "venue": "County Ground"
  },
  "innings": [
    {
      "team": "Essex",
      "overs": [
        {
          "over": 0,
          "deliveries": [
            {
              "batter": "DW Lawrence",
              "bowler": "MG Hogan",
              "non_striker": "V Chopra",
              "runs": {
                "batter": 1,
                "extras": 0,
                "total": 1
              }
            },
            {
              "batter": "V Chopra",
              "bowler": "MG Hogan",
              "non_striker": "DW Lawrence",
              "runs": {
                "batter": 1,
                "extras": 0,
                "total": 1
              }
            },
            {
              "batter": "DW Lawrence",
              "bowler": "MG Hogan",
              "non_striker": "V Chopra",
              "runs": {
                "batter": 0,
                "extras": 0,
                "total": 0
              },
              "wickets": [
                {
                  "player_out": "DW Lawrence",
                  "kind": "bowled"
                }
              ]
            },
            {
              "batter": "T Westley",
              "bowler": "MG Hogan",
              "non_striker": "V Chopra",
              "runs": {
                "batter": 0,
                "extras": 0,
                "total": 0
              }
            },
            {
              "batter": "T Westley",
              "bowler": "MG Hogan",
              "non_striker": "V Chopra",
              "runs": {
                "batter": 0,
                "extras": 0,
                "total": 0
              }
            },
            {
              "batter": "T Westley",
              "bowler": "MG Hogan",
              "non_striker": "V Chopra",
              "runs": {
                "batter": 4,
                "extras": 0,
                "total": 4
              }
            }
          ]
        },
        {
          "over": 1,
          "deliveries": [
            {
              "batter": "V Chopra",
              "bowler": "T van der Gugten",
              "non_striker": "T Westley",
              "runs": {
                "batter": 0,
                "extras": 0,
                "total": 0
              }
            },
            {
              "batter": "V Chopra",
              "bowler": "T van der Gugten",
              "non_striker": "T Westley",
              "runs": {
                "batter": 4,
                "extras": 0,
                "total": 4
              }
            },
            {
              "batter": "V Chopra",
              "bowler": "T van der Gugten",
              "non_striker": "T Westley",
              "runs": {
                "batter": 6,
                "extras": 0,
                "total": 6
              }
            },
            {
              "batter": "V Chopra",
              "bowler": "T van der Gugten",
              "non_striker": "T Westley",
              "runs": {
                "batter": 6,
                "extras": 0,
                "total": 6
              }
            },
            {
              "batter": "V Chopra",
              "bowler": "T van der Gugten",
              "non_striker": "T Westley",
              "runs": {
                "batter": 0,
                "extras": 0,
                "total": 0
              }
            },
            {
              "batter": "V Chopra",
              "bowler": "T van der Gugten",
              "non_striker": "T Westley",
              "runs": {
                "batter": 0,
                "extras": 0,
                "total": 0
              }
            }
          ]
        },
        {
          "over": 2,
          "deliveries": [
            {
              "batter": "T Westley",
              "bowler": "MG Hogan",
              "non_striker": "V Chopra",
              "runs": {
                "batter": 1,
                "extras": 0,
                "total": 1
              }
            },
            {
              "batter": "V Chopra",
              "bowler": "MG Hogan",
              "non_striker": "T Westley",
              "runs": {
                "batter": 1,
                "extras": 0,
                "total": 1
              }
            },
            {
              "batter": "T Westley",
              "bowler": "MG Hogan",
              "non_striker": "V Chopra",
              "runs": {
                "batter": 6,
                "extras": 0,
                "total": 6
              }
            },
            {
              "batter": "T Westley",
              "bowler": "MG Hogan",
              "non_striker": "V Chopra",
              "runs": {
                "batter": 6,
                "extras": 0,
                "total": 6
              }
            },
            {
              "batter": "T Westley",
              "bowler": "MG Hogan",
              "non_striker": "V Chopra",
              "runs": {
                "batter": 2,
                "extras": 0,
                "total": 2
              }
            },
            {
              "batter": "T Westley",
              "bowler": "MG Hogan",
              "non_striker": "V Chopra",
              "runs": {
                "batter": 0,
                "extras": 0,
                "total": 0
              }
            }
          ]
        },
        {
          "over": 3,
          "deliveries": [
            {
              "batter": "V Chopra",
              "bowler": "GG Wagg",
              "non_striker": "T Westley",
              "runs": {
                "batter": 1,
                "extras": 0,
                "total": 1
              }
            },
            {
              "batter": "T Westley",
              "bowler": "GG Wagg",
              "non_striker": "V Chopra",
              "runs": {
                "batter": 1,
                "extras": 0,
                "total": 1
              }
            },
            {
              "batter": "V Chopra",
              "bowler": "GG Wagg",
              "non_striker": "T Westley",
              "runs": {
                "batter": 0,
                "extras": 0,
                "total": 0
              }
            },
            {
              "batter": "V Chopra",
              "bowler": "GG Wagg",
              "non_striker": "T Westley",
              "runs": {
                "batter": 0,
                "extras": 0,
                "total": 0
              }
            },
            {
              "batter": "V Chopra",
              "bowler": "GG Wagg",
              "extras": {
                "wides": 5
              },
              "non_striker": "T Westley",
              "runs": {
                "batter": 0,
                "extras": 5,
                "total": 5
              }
            },
            {
              "batter": "V Chopra",
              "bowler": "GG Wagg",
              "non_striker": "T Westley",
              "runs": {
                "batter": 0,
                "extras": 0,
                "total": 0
              }
            },
            {
              "batter": "V Chopra",
              "bowler": "GG Wagg",
              "non_striker": "T Westley",
              "runs": {
                "batter": 0,
                "extras": 0,
                "total": 0
              }
            }
          ]
        },
        {
          "over": 4,
          "deliveries": [
            {
              "batter": "T Westley",
              "bowler": "M de Lange",
              "non_striker": "V Chopra",
              "runs": {
                "batter": 1,
                "extras": 0,
                "total": 1
              }
            },
            {
              "batter": "V Chopra",
              "bowler": "M de Lange",
              "non_striker": "T Westley",
              "runs": {
                "batter": 1,
                "extras": 0,
                "total": 1
              }
            },
            {
              "batter": "T Westley",
              "bowler": "M de Lange",
              "non_striker": "V Chopra",
              "runs": {
                "batter": 1,
                "extras": 0,
                "total": 1
              }
            },
            {
              "batter": "V Chopra",
              "bowler": "M de Lange",
              "non_striker": "T Westley",
              "runs": {
                "batter": 6,
                "extras": 0,
                "total": 6
              }
            },
            {
              "batter": "V Chopra",
              "bowler": "M de Lange",
              "non_striker": "T Westley",
              "runs": {
                "batter": 4,
                "extras": 0,
                "total": 4
              }
            },
            {
              "batter": "V Chopra",
              "bowler": "M de Lange",
              "non_striker": "T Westley",
              "runs": {
                "batter": 4,
                "extras": 0,
                "total": 4
              }
            }
          ]
        },
        {
          "over": 5,
          "deliveries": [
            {
              "batter": "T Westley",
              "bowler": "GG Wagg",
              "non_striker": "V Chopra",
              "runs": {
                "batter": 2,
                "extras": 0,
                "total": 2
              }
            },
            {
              "batter": "T Westley",
              "bowler": "GG Wagg",
              "non_striker": "V Chopra",
              "runs": {
                "batter": 2,
                "extras": 0,
                "total": 2
              }
            },
            {
              "batter": "T Westley",
              "bowler": "GG Wagg",
              "non_striker": "V Chopra",
              "runs": {
                "batter": 0,
                "extras": 0,
                "total": 0
              }
            },
            {
              "batter": "T Westley",
              "bowler": "GG Wagg",
              "extras": {
                "wides": 1
              },
              "non_striker": "V Chopra",
              "runs": {
                "batter": 0,
                "extras": 1,
                "total": 1
              }
            },
            {
              "batter": "T Westley",
              "bowler": "GG Wagg",
              "non_striker": "V Chopra",
              "runs": {
                "batter": 0,
                "extras": 0,
                "total": 0
              }
            },
            {
              "batter": "T Westley",
              "bowler": "GG Wagg",
              "non_striker": "V Chopra",
              "runs": {
                "batter": 1,
                "extras": 0,
                "total": 1
              }
            },
            {
              "batter": "V Chopra",
              "bowler": "GG Wagg",
              "non_striker": "T Westley",
              "runs": {
                "batter": 1,
                "extras": 0,
                "total": 1
              }
            }
          ]
        },
        {
          "over": 6,
          "deliveries": [
            {
              "batter": "V Chopra",
              "bowler": "M de Lange",
              "non_striker": "T Westley",
              "runs": {
                "batter": 1,
                "extras": 0,
                "total": 1
              }
            },
            {
              "batter": "T Westley",
              "bowler": "M de Lange",
              "non_striker": "V Chopra",
              "runs": {
                "batter": 2,
                "extras": 0,
                "total": 2
              }
            },
            {
              "batter": "T Westley",
              "bowler": "M de Lange",
              "non_striker": "V Chopra",
              "runs": {
                "batter": 0,
                "extras": 0,
                "total": 0
              }
            },
            {
              "batter": "T Westley",
              "bowler": "M de Lange",
              "non_striker": "V Chopra",
              "runs": {
                "batter": 0,
                "extras": 0,
                "total": 0
              },
              "wickets": [
                {
                  "player_out": "T Westley",
                  "fielders": [
                    {
                      "name": "CAJ Meschede"
                    }
                  ],
                  "kind": "caught"
                }
              ]
            },
            {
              "batter": "V Chopra",
              "bowler": "M de Lange",
              "non_striker": "RS Bopara",
              "runs": {
                "batter": 1,
                "extras": 0,
                "total": 1
              }
            },
            {
              "batter": "RS Bopara",
              "bowler": "M de Lange",
              "non_striker": "V Chopra",
              "runs": {
                "batter": 1,
                "extras": 0,
                "total": 1
              }
            }
          ]
        },
        {
          "over": 7,
          "deliveries": [
            {
              "batter": "RS Bopara",
              "bowler": "AG Salter",
              "non_striker": "V Chopra",
              "runs": {
                "batter": 1,
                "extras": 0,
                "total": 1
              }
            },
            {
              "batter": "V Chopra",
              "bowler": "AG Salter",
              "non_striker": "RS Bopara",
              "runs": {
                "batter": 1,
                "extras": 0,
                "total": 1
              }
            },
            {
              "batter": "RS Bopara",
              "bowler": "AG Salter",
              "non_striker": "V Chopra",
              "runs": {
                "batter": 1,
                "extras": 0,
                "total": 1
              }
            },
            {
              "batter": "V Chopra",
              "bowler": "AG Salter",
              "non_striker": "RS Bopara",
              "runs": {
                "batter": 1,
                "extras": 0,
                "total": 1
              }
            },
            {
              "batter": "RS Bopara",
              "bowler": "AG Salter",
              "non_striker": "V Chopra",
              "runs": {
                "batter": 1,
                "extras": 0,
                "total": 1
              }
            },
            {
              "batter": "V Chopra",
              "bowler": "AG Salter",
              "non_striker": "RS Bopara",
              "runs": {
                "batter": 1,
                "extras": 0,
                "total": 1
              }
            }
          ]
        },
        {
          "over": 8,
          "deliveries": [
            {
              "batter": "V Chopra",
              "bowler": "CA Ingram",
              "non_striker": "RS Bopara",
              "runs": {
                "batter": 1,
                "extras": 0,
                "total": 1
              }
            },
            {
              "batter": "RS Bopara",
              "bowler": "CA Ingram",
              "non_striker": "V Chopra",
              "runs": {
                "batter": 0,
                "extras": 0,
                "total": 0
              }
            },
            {
              "batter": "RS Bopara",
              "bowler": "CA Ingram",
              "non_striker": "V Chopra",
              "runs": {
                "batter": 4,
                "extras": 0,
                "total": 4
              }
            },
            {
              "batter": "RS Bopara",
              "bowler": "CA Ingram",
              "non_striker": "V Chopra",
              "runs": {
                "batter": 1,
                "extras": 0,
                "total": 1
              }
            },
            {
              "batter": "V Chopra",
              "bowler": "CA Ingram",
              "non_striker": "RS Bopara",
              "runs": {
                "batter": 0,
                "extras": 0,
                "total": 0
              }
            },
            {
              "batter": "V Chopra",
              "bowler": "CA Ingram",
              "non_striker": "RS Bopara",
              "runs": {
                "batter": 1,
                "extras": 0,
                "total": 1
              }
            }
          ]
        },
        {
          "over": 9,
          "deliveries": [
            {
              "batter": "V Chopra",
              "bowler": "AG Salter",
              "non_striker": "RS Bopara",
              "runs": {
                "batter": 0,
                "extras": 0,
                "total": 0
              }
            },
            {
              "batter": "V Chopra",
              "bowler": "AG Salter",
              "non_striker": "RS Bopara",
              "runs": {
                "batter": 1,
                "extras": 0,
                "total": 1
              }
            },
            {
              "batter": "RS Bopara",
              "bowler": "AG Salter",
              "non_striker": "V Chopra",
              "runs": {
                "batter": 1,
                "extras": 0,
                "total": 1
              }
            },
            {
              "batter": "V Chopra",
              "bowler": "AG Salter",
              "non_striker": "RS Bopara",
              "runs": {
                "batter": 6,
                "extras": 0,
                "total": 6
              }
            },
            {
              "batter": "V Chopra",
              "bowler": "AG Salter",
              "non_striker": "RS Bopara",
              "runs": {
                "batter": 1,
                "extras": 0,
                "total": 1
              }
            },
            {
              "batter": "RS Bopara",
              "bowler": "AG Salter",
              "non_striker": "V Chopra",
              "runs": {
                "batter": 1,
                "extras": 0,
                "total": 1
              }
            }
          ]
        },
        {
          "over": 10,
          "deliveries": [
            {
              "batter": "RS Bopara",
              "bowler": "CAJ Meschede",
              "non_striker": "V Chopra",
              "runs": {
                "batter": 1,
                "extras": 0,
                "total": 1
              }
            },
            {
              "batter": "V Chopra",
              "bowler": "CAJ Meschede",
              "non_striker": "RS Bopara",
              "runs": {
                "batter": 2,
                "extras": 0,
                "total": 2
              }
            },
            {
              "batter": "V Chopra",
              "bowler": "CAJ Meschede",
              "non_striker": "RS Bopara",
              "runs": {
                "batter": 4,
                "extras": 0,
                "total": 4
              }
            },
            {
              "batter": "V Chopra",
              "bowler": "CAJ Meschede",
              "extras": {
                "noballs": 2
              },
              "non_striker": "RS Bopara",
              "runs": {
                "batter": 1,
                "extras": 2,
                "total": 3
              }
            },
            {
              "batter": "RS Bopara",
              "bowler": "CAJ Meschede",
              "extras": {
                "wides": 1
              },
              "non_striker": "V Chopra",
              "runs": {
                "batter": 0,
                "extras": 1,
                "total": 1
              }
            },
            {
              "batter": "RS Bopara",
              "bowler": "CAJ Meschede",
              "non_striker": "V Chopra",
              "runs": {
                "batter": 6,
                "extras": 0,
                "total": 6
              }
            },
            {
              "batter": "RS Bopara",
              "bowler": "CAJ Meschede",
              "non_striker": "V Chopra",
              "runs": {
                "batter": 1,
                "extras": 0,
                "total": 1
              }
            },
            {
              "batter": "V Chopra",
              "bowler": "CAJ Meschede",
              "non_striker": "RS Bopara",
              "runs": {
                "batter": 1,
                "extras": 0,
                "total": 1
              }
            }
          ]
        },
        {
          "over": 11,
          "deliveries": [
            {
              "batter": "V Chopra",
              "bowler": "CA Ingram",
              "non_striker": "RS Bopara",
              "runs": {
                "batter": 1,
                "extras": 0,
                "total": 1
              }
            },
            {
              "batter": "RS Bopara",
              "bowler": "CA Ingram",
              "non_striker": "V Chopra",
              "runs": {
                "batter": 1,
                "extras": 0,
                "total": 1
              }
            },
            {
              "batter": "V Chopra",
              "bowler": "CA Ingram",
              "non_striker": "RS Bopara",
              "runs": {
                "batter": 4,
                "extras": 0,
                "total": 4
              }
            },
            {
              "batter": "V Chopra",
              "bowler": "CA Ingram",
              "non_striker": "RS Bopara",
              "runs": {
                "batter": 0,
                "extras": 0,
                "total": 0
              }
            },
            {
              "batter": "V Chopra",
              "bowler": "CA Ingram",
              "non_striker": "RS Bopara",
              "runs": {
                "batter": 1,
                "extras": 0,
                "total": 1
              }
            },
            {
              "batter": "RS Bopara",
              "bowler": "CA Ingram",
              "non_striker": "V Chopra",
              "runs": {
                "batter": 0,
                "extras": 0,
                "total": 0
              }
            }
          ]
        },
        {
          "over": 12,
          "deliveries": [
            {
              "batter": "V Chopra",
              "bowler": "M de Lange",
              "non_striker": "RS Bopara",
              "runs": {
                "batter": 0,
                "extras": 0,
                "total": 0
              }
            },
            {
              "batter": "V Chopra",
              "bowler": "M de Lange",
              "non_striker": "RS Bopara",
              "runs": {
                "batter": 6,
                "extras": 0,
                "total": 6
              }
            },
            {
              "batter": "V Chopra",
              "bowler": "M de Lange",
              "non_striker": "RS Bopara",
              "runs": {
                "batter": 1,
                "extras": 0,
                "total": 1
              }
            },
            {
              "batter": "RS Bopara",
              "bowler": "M de Lange",
              "non_striker": "V Chopra",
              "runs": {
                "batter": 6,
                "extras": 0,
                "total": 6
              }
            },
            {
              "batter": "RS Bopara",
              "bowler": "M de Lange",
              "non_striker": "V Chopra",
              "runs": {
                "batter": 1,
                "extras": 0,
                "total": 1
              }
            },
            {
              "batter": "V Chopra",
              "bowler": "M de Lange",
              "non_striker": "RS Bopara",
              "runs": {
                "batter": 0,
                "extras": 0,
                "total": 0
              }
            }
          ]
        },
        {
          "over": 13,
          "deliveries": [
            {
              "batter": "RS Bopara",
              "bowler": "CA Ingram",
              "non_striker": "V Chopra",
              "runs": {
                "batter": 0,
                "extras": 0,
                "total": 0
              }
            },
            {
              "batter": "RS Bopara",
              "bowler": "CA Ingram",
              "non_striker": "V Chopra",
              "runs": {
                "batter": 1,
                "extras": 0,
                "total": 1
              }
            },
            {
              "batter": "V Chopra",
              "bowler": "CA Ingram",
              "non_striker": "RS Bopara",
              "runs": {
                "batter": 1,
                "extras": 0,
                "total": 1
              }
            },
            {
              "batter": "RS Bopara",
              "bowler": "CA Ingram",
              "non_striker": "V Chopra",
              "runs": {
                "batter": 1,
                "extras": 0,
                "total": 1
              }
            },
            {
              "batter": "V Chopra",
              "bowler": "CA Ingram",
              "non_striker": "RS Bopara",
              "runs": {
                "batter": 1,
                "extras": 0,
                "total": 1
              }
            },
            {
              "batter": "RS Bopara",
              "bowler": "CA Ingram",
              "non_striker": "V Chopra",
              "runs": {
                "batter": 2,
                "extras": 0,
                "total": 2
              }
            }
          ]
        },
        {
          "over": 14,
          "deliveries": [
            {
              "batter": "V Chopra",
              "bowler": "MG Hogan",
              "non_striker": "RS Bopara",
              "runs": {
                "batter": 0,
                "extras": 0,
                "total": 0
              }
            },
            {
              "batter": "V Chopra",
              "bowler": "MG Hogan",
              "non_striker": "RS Bopara",
              "runs": {
                "batter": 1,
                "extras": 0,
                "total": 1
              }
            },
            {
              "batter": "RS Bopara",
              "bowler": "MG Hogan",
              "non_striker": "V Chopra",
              "runs": {
                "batter": 1,
                "extras": 0,
                "total": 1
              }
            },
            {
              "batter": "V Chopra",
              "bowler": "MG Hogan",
              "non_striker": "RS Bopara",
              "runs": {
                "batter": 1,
                "extras": 0,
                "total": 1
              }
            },
            {
              "batter": "RS Bopara",
              "bowler": "MG Hogan",
              "non_striker": "V Chopra",
              "runs": {
                "batter": 6,
                "extras": 0,
                "total": 6
              }
            },
            {
              "batter": "RS Bopara",
              "bowler": "MG Hogan",
              "non_striker": "V Chopra",
              "runs": {
                "batter": 1,
                "extras": 0,
                "total": 1
              }
            }
          ]
        },
        {
          "over": 15,
          "deliveries": [
            {
              "batter": "RS Bopara",
              "bowler": "CA Ingram",
              "non_striker": "V Chopra",
              "runs": {
                "batter": 6,
                "extras": 0,
                "total": 6
              }
            },
            {
              "batter": "RS Bopara",
              "bowler": "CA Ingram",
              "extras": {
                "wides": 2
              },
              "non_striker": "V Chopra",
              "runs": {
                "batter": 0,
                "extras": 2,
                "total": 2
              }
            },
            {
              "batter": "V Chopra",
              "bowler": "CA Ingram",
              "non_striker": "RS Bopara",
              "runs": {
                "batter": 1,
                "extras": 0,
                "total": 1
              }
            },
            {
              "batter": "RS Bopara",
              "bowler": "CA Ingram",
              "non_striker": "V Chopra",
              "runs": {
                "batter": 4,
                "extras": 0,
                "total": 4
              }
            },
            {
              "batter": "RS Bopara",
              "bowler": "CA Ingram",
              "non_striker": "V Chopra",
              "runs": {
                "batter": 1,
                "extras": 0,
                "total": 1
              }
            },
            {
              "batter": "V Chopra",
              "bowler": "CA Ingram",
              "non_striker": "RS Bopara",
              "runs": {
                "batter": 6,
                "extras": 0,
                "total": 6
              }
            },
            {
              "batter": "V Chopra",
              "bowler": "CA Ingram",
              "non_striker": "RS Bopara",
              "runs": {
                "batter": 6,
                "extras": 0,
                "total": 6
              }
            }
          ]
        },
        {
          "over": 16,
          "deliveries": [
            {
              "batter": "RS Bopara",
              "bowler": "GG Wagg",
              "non_striker": "V Chopra",
              "runs": {
                "batter": 1,
                "extras": 0,
                "total": 1
              }
            },
            {
              "batter": "V Chopra",
              "bowler": "GG Wagg",
              "non_striker": "RS Bopara",
              "runs": {
                "batter": 0,
                "extras": 0,
                "total": 0
              }
            },
            {
              "batter": "V Chopra",
              "bowler": "GG Wagg",
              "non_striker": "RS Bopara",
              "runs": {
                "batter": 0,
                "extras": 0,
                "total": 0
              }
            },
            {
              "batter": "V Chopra",
              "bowler": "GG Wagg",
              "non_striker": "RS Bopara",
              "runs": {
                "batter": 1,
                "extras": 0,
                "total": 1
              }
            },
            {
              "batter": "RS Bopara",
              "bowler": "GG Wagg",
              "non_striker": "V Chopra",
              "runs": {
                "batter": 2,
                "extras": 0,
                "total": 2
              }
            },
            {
              "batter": "RS Bopara",
              "bowler": "GG Wagg",
              "non_striker": "V Chopra",
              "runs": {
                "batter": 2,
                "extras": 0,
                "total": 2
              }
            }
          ]
        },
        {
          "over": 17,
          "deliveries": [
            {
              "batter": "V Chopra",
              "bowler": "T van der Gugten",
              "non_striker": "RS Bopara",
              "runs": {
                "batter": 1,
                "extras": 0,
                "total": 1
              }
            },
            {
              "batter": "RS Bopara",
              "bowler": "T van der Gugten",
              "non_striker": "V Chopra",
              "runs": {
                "batter": 2,
                "extras": 0,
                "total": 2
              }
            },
            {
              "batter": "RS Bopara",
              "bowler": "T van der Gugten",
              "non_striker": "V Chopra",
              "runs": {
                "batter": 6,
                "extras": 0,
                "total": 6
              }
            },
            {
              "batter": "RS Bopara",
              "bowler": "T van der Gugten",
              "non_striker": "V Chopra",
              "runs": {
                "batter": 0,
                "extras": 0,
                "total": 0
              },
              "wickets": [
                {
                  "player_out": "RS Bopara",
                  "fielders": [
                    {
                      "name": "CB Cooke"
                    }
                  ],
                  "kind": "caught"
                }
              ]
            },
            {
              "batter": "RN ten Doeschate",
              "bowler": "T van der Gugten",
              "non_striker": "V Chopra",
              "runs": {
                "batter": 2,
                "extras": 0,
                "total": 2
              }
            },
            {
              "batter": "RN ten Doeschate",
              "bowler": "T van der Gugten",
              "non_striker": "V Chopra",
              "runs": {
                "batter": 1,
                "extras": 0,
                "total": 1
              }
            }
          ]
        },
        {
          "over": 18,
          "deliveries": [
            {
              "batter": "RN ten Doeschate",
              "bowler": "GG Wagg",
              "non_striker": "V Chopra",
              "runs": {
                "batter": 1,
                "extras": 0,
                "total": 1
              }
            },
            {
              "batter": "V Chopra",
              "bowler": "GG Wagg",
              "non_striker": "RN ten Doeschate",
              "runs": {
                "batter": 6,
                "extras": 0,
                "total": 6
              }
            },
            {
              "batter": "V Chopra",
              "bowler": "GG Wagg",
              "non_striker": "RN ten Doeschate",
              "runs": {
                "batter": 1,
                "extras": 0,
                "total": 1
              }
            },
            {
              "batter": "RN ten Doeschate",
              "bowler": "GG Wagg",
              "extras": {
                "wides": 1
              },
              "non_striker": "V Chopra",
              "runs": {
                "batter": 0,
                "extras": 1,
                "total": 1
              }
            },
            {
              "batter": "RN ten Doeschate",
              "bowler": "GG Wagg",
              "non_striker": "V Chopra",
              "runs": {
                "batter": 1,
                "extras": 0,
                "total": 1
              }
            },
            {
              "batter": "V Chopra",
              "bowler": "GG Wagg",
              "non_striker": "RN ten Doeschate",
              "runs": {
                "batter": 1,
                "extras": 0,
                "total": 1
              }
            },
            {
              "batter": "RN ten Doeschate",
              "bowler": "GG Wagg",
              "non_striker": "V Chopra",
              "runs": {
                "batter": 1,
                "extras": 0,
                "total": 1
              }
            }
          ]
        },
        {
          "over": 19,
          "deliveries": [
            {
              "batter": "RN ten Doeschate",
              "bowler": "MG Hogan",
              "non_striker": "V Chopra",
              "runs": {
                "batter": 0,
                "extras": 0,
                "total": 0
              },
              "wickets": [
                {
                  "player_out": "RN ten Doeschate",
                  "kind": "bowled"
                }
              ]
            },
            {
              "batter": "Ashar Zaidi",
              "bowler": "MG Hogan",
              "non_striker": "V Chopra",
              "runs": {
                "batter": 4,
                "extras": 0,
                "total": 4
              }
            },
            {
              "batter": "Ashar Zaidi",
              "bowler": "MG Hogan",
              "non_striker": "V Chopra",
              "runs": {
                "batter": 0,
                "extras": 0,
                "total": 0
              }
            },
            {
              "batter": "Ashar Zaidi",
              "bowler": "MG Hogan",
              "non_striker": "V Chopra",
              "runs": {
                "batter": 1,
                "extras": 0,
                "total": 1
              }
            },
            {
              "batter": "V Chopra",
              "bowler": "MG Hogan",
              "non_striker": "Ashar Zaidi",
              "runs": {
                "batter": 4,
                "extras": 0,
                "total": 4
              }
            },
            {
              "batter": "V Chopra",
              "bowler": "MG Hogan",
              "non_striker": "Ashar Zaidi",
              "runs": {
                "batter": 1,
                "extras": 0,
                "total": 1
              }
            }
          ]
        }
      ],
      "powerplays": [
        {
          "from": 0.1,
          "to": 5.7,
          "type": "mandatory"
        }
      ]
    },
    {
      "team": "Glamorgan",
      "overs": [
        {
          "over": 0,
          "deliveries": [
            {
              "batter": "DL Lloyd",
              "bowler": "Mohammad Amir",
              "non_striker": "AHT Donald",
              "runs": {
                "batter": 0,
                "extras": 0,
                "total": 0
              }
            },
            {
              "batter": "DL Lloyd",
              "bowler": "Mohammad Amir",
              "non_striker": "AHT Donald",
              "runs": {
                "batter": 1,
                "extras": 0,
                "total": 1
              }
            },
            {
              "batter": "AHT Donald",
              "bowler": "Mohammad Amir",
              "non_striker": "DL Lloyd",
              "runs": {
                "batter": 1,
                "extras": 0,
                "total": 1
              }
            },
            {
              "batter": "DL Lloyd",
              "bowler": "Mohammad Amir",
              "non_striker": "AHT Donald",
              "runs": {
                "batter": 4,
                "extras": 0,
                "total": 4
              }
            },
            {
              "batter": "DL Lloyd",
              "bowler": "Mohammad Amir",
              "non_striker": "AHT Donald",
              "runs": {
                "batter": 0,
                "extras": 0,
                "total": 0
              }
            },
            {
              "batter": "DL Lloyd",
              "bowler": "Mohammad Amir",
              "non_striker": "AHT Donald",
              "runs": {
                "batter": 0,
                "extras": 0,
                "total": 0
              }
            }
          ]
        },
        {
          "over": 1,
          "deliveries": [
            {
              "batter": "AHT Donald",
              "bowler": "JA Porter",
              "non_striker": "DL Lloyd",
              "runs": {
                "batter": 1,
                "extras": 0,
                "total": 1
              }
            },
            {
              "batter": "DL Lloyd",
              "bowler": "JA Porter",
              "non_striker": "AHT Donald",
              "runs": {
                "batter": 4,
                "extras": 0,
                "total": 4
              }
            },
            {
              "batter": "DL Lloyd",
              "bowler": "JA Porter",
              "non_striker": "AHT Donald",
              "runs": {
                "batter": 0,
                "extras": 0,
                "total": 0
              }
            },
            {
              "batter": "DL Lloyd",
              "bowler": "JA Porter",
              "non_striker": "AHT Donald",
              "runs": {
                "batter": 1,
                "extras": 0,
                "total": 1
              }
            },
            {
              "batter": "AHT Donald",
              "bowler": "JA Porter",
              "non_striker": "DL Lloyd",
              "runs": {
                "batter": 0,
                "extras": 0,
                "total": 0
              },
              "wickets": [
                {
                  "player_out": "AHT Donald",
                  "kind": "bowled"
                }
              ]
            },
            {
              "batter": "CA Ingram",
              "bowler": "JA Porter",
              "non_striker": "DL Lloyd",
              "runs": {
                "batter": 1,
                "extras": 0,
                "total": 1
              }
            }
          ]
        },
        {
          "over": 2,
          "deliveries": [
            {
              "batter": "CA Ingram",
              "bowler": "PI Walter",
              "non_striker": "DL Lloyd",
              "runs": {
                "batter": 4,
                "extras": 0,
                "total": 4
              }
            },
            {
              "batter": "CA Ingram",
              "bowler": "PI Walter",
              "non_striker": "DL Lloyd",
              "runs": {
                "batter": 0,
                "extras": 0,
                "total": 0
              }
            },
            {
              "batter": "CA Ingram",
              "bowler": "PI Walter",
              "non_striker": "DL Lloyd",
              "runs": {
                "batter": 0,
                "extras": 0,
                "total": 0
              }
            },
            {
              "batter": "CA Ingram",
              "bowler": "PI Walter",
              "non_striker": "DL Lloyd",
              "runs": {
                "batter": 0,
                "extras": 0,
                "total": 0
              }
            },
            {
              "batter": "CA Ingram",
              "bowler": "PI Walter",
              "non_striker": "DL Lloyd",
              "runs": {
                "batter": 2,
                "extras": 0,
                "total": 2
              }
            },
            {
              "batter": "CA Ingram",
              "bowler": "PI Walter",
              "non_striker": "DL Lloyd",
              "runs": {
                "batter": 0,
                "extras": 0,
                "total": 0
              }
            }
          ]
        },
        {
          "over": 3,
          "deliveries": [
            {
              "batter": "DL Lloyd",
              "bowler": "JA Porter",
              "non_striker": "CA Ingram",
              "runs": {
                "batter": 0,
                "extras": 0,
                "total": 0
              }
            },
            {
              "batter": "DL Lloyd",
              "bowler": "JA Porter",
              "non_striker": "CA Ingram",
              "runs": {
                "batter": 4,
                "extras": 0,
                "total": 4
              }
            },
            {
              "batter": "DL Lloyd",
              "bowler": "JA Porter",
              "non_striker": "CA Ingram",
              "runs": {
                "batter": 0,
                "extras": 0,
                "total": 0
              }
            },
            {
              "batter": "DL Lloyd",
              "bowler": "JA Porter",
              "non_striker": "CA Ingram",
              "runs": {
                "batter": 1,
                "extras": 0,
                "total": 1
              }
            },
            {
              "batter": "CA Ingram",
              "bowler": "JA Porter",
              "non_striker": "DL Lloyd",
              "runs": {
                "batter": 6,
                "extras": 0,
                "total": 6
              }
            },
            {
              "batter": "CA Ingram",
              "bowler": "JA Porter",
              "non_striker": "DL Lloyd",
              "runs": {
                "batter": 0,
                "extras": 0,
                "total": 0
              }
            }
          ]
        },
        {
          "over": 4,
          "deliveries": [
            {
              "batter": "DL Lloyd",
              "bowler": "Mohammad Amir",
              "non_striker": "CA Ingram",
              "runs": {
                "batter": 1,
                "extras": 0,
                "total": 1
              }
            },
            {
              "batter": "CA Ingram",
              "bowler": "Mohammad Amir",
              "non_striker": "DL Lloyd",
              "runs": {
                "batter": 2,
                "extras": 0,
                "total": 2
              }
            },
            {
              "batter": "CA Ingram",
              "bowler": "Mohammad Amir",
              "non_striker": "DL Lloyd",
              "runs": {
                "batter": 4,
                "extras": 0,
                "total": 4
              }
            },
            {
              "batter": "CA Ingram",
              "bowler": "Mohammad Amir",
              "non_striker": "DL Lloyd",
              "runs": {
                "batter": 4,
                "extras": 0,
                "total": 4
              }
            },
            {
              "batter": "CA Ingram",
              "bowler": "Mohammad Amir",
              "non_striker": "DL Lloyd",
              "runs": {
                "batter": 0,
                "extras": 0,
                "total": 0
              }
            },
            {
              "batter": "CA Ingram",
              "bowler": "Mohammad Amir",
              "extras": {
                "legbyes": 1
              },
              "non_striker": "DL Lloyd",
              "runs": {
                "batter": 0,
                "extras": 1,
                "total": 1
              }
            }
          ]
        },
        {
          "over": 5,
          "deliveries": [
            {
              "batter": "CA Ingram",
              "bowler": "SR Harmer",
              "non_striker": "DL Lloyd",
              "runs": {
                "batter": 0,
                "extras": 0,
                "total": 0
              }
            },
            {
              "batter": "CA Ingram",
              "bowler": "SR Harmer",
              "non_striker": "DL Lloyd",
              "runs": {
                "batter": 6,
                "extras": 0,
                "total": 6
              }
            },
            {
              "batter": "CA Ingram",
              "bowler": "SR Harmer",
              "non_striker": "DL Lloyd",
              "runs": {
                "batter": 4,
                "extras": 0,
                "total": 4
              }
            },
            {
              "batter": "CA Ingram",
              "bowler": "SR Harmer",
              "non_striker": "DL Lloyd",
              "runs": {
                "batter": 4,
                "extras": 0,
                "total": 4
              }
            },
            {
              "batter": "CA Ingram",
              "bowler": "SR Harmer",
              "non_striker": "DL Lloyd",
              "runs": {
                "batter": 6,
                "extras": 0,
                "total": 6
              }
            },
            {
              "batter": "CA Ingram",
              "bowler": "SR Harmer",
              "non_striker": "DL Lloyd",
              "runs": {
                "batter": 1,
                "extras": 0,
                "total": 1
              }
            }
          ]
        },
        {
          "over": 6,
          "deliveries": [
            {
              "batter": "CA Ingram",
              "bowler": "RS Bopara",
              "non_striker": "DL Lloyd",
              "runs": {
                "batter": 1,
                "extras": 0,
                "total": 1
              }
            },
            {
              "batter": "DL Lloyd",
              "bowler": "RS Bopara",
              "non_striker": "CA Ingram",
              "runs": {
                "batter": 4,
                "extras": 0,
                "total": 4
              }
            },
            {
              "batter": "DL Lloyd",
              "bowler": "RS Bopara",
              "non_striker": "CA Ingram",
              "runs": {
                "batter": 0,
                "extras": 0,
                "total": 0
              },
              "wickets": [
                {
                  "player_out": "DL Lloyd",
                  "fielders": [
                    {
                      "name": "Ashar Zaidi"
                    }
                  ],
                  "kind": "caught"
                }
              ]
            },
            {
              "batter": "CA Ingram",
              "bowler": "RS Bopara",
              "non_striker": "JA Rudolph",
              "runs": {
                "batter": 4,
                "extras": 0,
                "total": 4
              }
            },
            {
              "batter": "CA Ingram",
              "bowler": "RS Bopara",
              "non_striker": "JA Rudolph",
              "runs": {
                "batter": 1,
                "extras": 0,
                "total": 1
              }
            },
            {
              "batter": "JA Rudolph",
              "bowler": "RS Bopara",
              "non_striker": "CA Ingram",
              "runs": {
                "batter": 1,
                "extras": 0,
                "total": 1
              }
            }
          ]
        },
        {
          "over": 7,
          "deliveries": [
            {
              "batter": "JA Rudolph",
              "bowler": "SR Harmer",
              "non_striker": "CA Ingram",
              "runs": {
                "batter": 1,
                "extras": 0,
                "total": 1
              }
            },
            {
              "batter": "CA Ingram",
              "bowler": "SR Harmer",
              "non_striker": "JA Rudolph",
              "runs": {
                "batter": 0,
                "extras": 0,
                "total": 0
              }
            },
            {
              "batter": "CA Ingram",
              "bowler": "SR Harmer",
              "non_striker": "JA Rudolph",
              "runs": {
                "batter": 1,
                "extras": 0,
                "total": 1
              }
            },
            {
              "batter": "JA Rudolph",
              "bowler": "SR Harmer",
              "non_striker": "CA Ingram",
              "runs": {
                "batter": 1,
                "extras": 0,
                "total": 1
              }
            },
            {
              "batter": "CA Ingram",
              "bowler": "SR Harmer",
              "non_striker": "JA Rudolph",
              "runs": {
                "batter": 2,
                "extras": 0,
                "total": 2
              }
            },
            {
              "batter": "CA Ingram",
              "bowler": "SR Harmer",
              "non_striker": "JA Rudolph",
              "runs": {
                "batter": 1,
                "extras": 0,
                "total": 1
              }
            }
          ]
        },
        {
          "over": 8,
          "deliveries": [
            {
              "batter": "CA Ingram",
              "bowler": "RS Bopara",
              "non_striker": "JA Rudolph",
              "runs": {
                "batter": 1,
                "extras": 0,
                "total": 1
              }
            },
            {
              "batter": "JA Rudolph",
              "bowler": "RS Bopara",
              "non_striker": "CA Ingram",
              "runs": {
                "batter": 1,
                "extras": 0,
                "total": 1
              }
            },
            {
              "batter": "CA Ingram",
              "bowler": "RS Bopara",
              "non_striker": "JA Rudolph",
              "runs": {
                "batter": 1,
                "extras": 0,
                "total": 1
              }
            },
            {
              "batter": "JA Rudolph",
              "bowler": "RS Bopara",
              "non_striker": "CA Ingram",
              "runs": {
                "batter": 1,
                "extras": 0,
                "total": 1
              }
            },
            {
              "batter": "CA Ingram",
              "bowler": "RS Bopara",
              "non_striker": "JA Rudolph",
              "runs": {
                "batter": 1,
                "extras": 0,
                "total": 1
              }
            },
            {
              "batter": "JA Rudolph",
              "bowler": "RS Bopara",
              "non_striker": "CA Ingram",
              "runs": {
                "batter": 0,
                "extras": 0,
                "total": 0
              }
            }
          ]
        },
        {
          "over": 9,
          "deliveries": [
            {
              "batter": "CA Ingram",
              "bowler": "JA Porter",
              "non_striker": "JA Rudolph",
              "runs": {
                "batter": 0,
                "extras": 0,
                "total": 0
              }
            },
            {
              "batter": "CA Ingram",
              "bowler": "JA Porter",
              "non_striker": "JA Rudolph",
              "runs": {
                "batter": 6,
                "extras": 0,
                "total": 6
              }
            },
            {
              "batter": "CA Ingram",
              "bowler": "JA Porter",
              "non_striker": "JA Rudolph",
              "runs": {
                "batter": 4,
                "extras": 0,
                "total": 4
              }
            },
            {
              "batter": "CA Ingram",
              "bowler": "JA Porter",
              "extras": {
                "wides": 1
              },
              "non_striker": "JA Rudolph",
              "runs": {
                "batter": 0,
                "extras": 1,
                "total": 1
              }
            },
            {
              "batter": "CA Ingram",
              "bowler": "JA Porter",
              "non_striker": "JA Rudolph",
              "runs": {
                "batter": 2,
                "extras": 0,
                "total": 2
              }
            },
            {
              "batter": "CA Ingram",
              "bowler": "JA Porter",
              "non_striker": "JA Rudolph",
              "runs": {
                "batter": 6,
                "extras": 0,
                "total": 6
              }
            },
            {
              "batter": "CA Ingram",
              "bowler": "JA Porter",
              "non_striker": "JA Rudolph",
              "runs": {
                "batter": 0,
                "extras": 0,
                "total": 0
              }
            }
          ]
        },
        {
          "over": 10,
          "deliveries": [
            {
              "batter": "JA Rudolph",
              "bowler": "RS Bopara",
              "non_striker": "CA Ingram",
              "runs": {
                "batter": 2,
                "extras": 0,
                "total": 2
              }
            },
            {
              "batter": "JA Rudolph",
              "bowler": "RS Bopara",
              "non_striker": "CA Ingram",
              "runs": {
                "batter": 1,
                "extras": 0,
                "total": 1
              }
            },
            {
              "batter": "CA Ingram",
              "bowler": "RS Bopara",
              "non_striker": "JA Rudolph",
              "runs": {
                "batter": 1,
                "extras": 0,
                "total": 1
              }
            },
            {
              "batter": "JA Rudolph",
              "bowler": "RS Bopara",
              "non_striker": "CA Ingram",
              "runs": {
                "batter": 0,
                "extras": 0,
                "total": 0
              }
            },
            {
              "batter": "JA Rudolph",
              "bowler": "RS Bopara",
              "non_striker": "CA Ingram",
              "runs": {
                "batter": 1,
                "extras": 0,
                "total": 1
              }
            },
            {
              "batter": "CA Ingram",
              "bowler": "RS Bopara",
              "non_striker": "JA Rudolph",
              "runs": {
                "batter": 1,
                "extras": 0,
                "total": 1
              }
            }
          ]
        },
        {
          "over": 11,
          "deliveries": [
            {
              "batter": "CA Ingram",
              "bowler": "SR Harmer",
              "non_striker": "JA Rudolph",
              "runs": {
                "batter": 4,
                "extras": 0,
                "total": 4
              }
            },
            {
              "batter": "CA Ingram",
              "bowler": "SR Harmer",
              "non_striker": "JA Rudolph",
              "runs": {
                "batter": 2,
                "extras": 0,
                "total": 2
              }
            },
            {
              "batter": "CA Ingram",
              "bowler": "SR Harmer",
              "non_striker": "JA Rudolph",
              "runs": {
                "batter": 1,
                "extras": 0,
                "total": 1
              }
            },
            {
              "batter": "JA Rudolph",
              "bowler": "SR Harmer",
              "non_striker": "CA Ingram",
              "runs": {
                "batter": 0,
                "extras": 0,
                "total": 0
              },
              "wickets": [
                {
                  "player_out": "JA Rudolph",
                  "fielders": [
                    {
                      "name": "JA Porter"
                    }
                  ],
                  "kind": "caught"
                }
              ]
            },
            {
              "batter": "CA Ingram",
              "bowler": "SR Harmer",
              "non_striker": "CB Cooke",
              "runs": {
                "batter": 1,
                "extras": 0,
                "total": 1
              }
            },
            {
              "batter": "CB Cooke",
              "bowler": "SR Harmer",
              "non_striker": "CA Ingram",
              "runs": {
                "batter": 1,
                "extras": 0,
                "total": 1
              }
            }
          ]
        },
        {
          "over": 12,
          "deliveries": [
            {
              "batter": "CB Cooke",
              "bowler": "Ashar Zaidi",
              "non_striker": "CA Ingram",
              "runs": {
                "batter": 2,
                "extras": 0,
                "total": 2
              }
            },
            {
              "batter": "CB Cooke",
              "bowler": "Ashar Zaidi",
              "non_striker": "CA Ingram",
              "runs": {
                "batter": 0,
                "extras": 0,
                "total": 0
              }
            },
            {
              "batter": "CB Cooke",
              "bowler": "Ashar Zaidi",
              "non_striker": "CA Ingram",
              "runs": {
                "batter": 0,
                "extras": 0,
                "total": 0
              }
            },
            {
              "batter": "CB Cooke",
              "bowler": "Ashar Zaidi",
              "non_striker": "CA Ingram",
              "runs": {
                "batter": 1,
                "extras": 0,
                "total": 1
              }
            },
            {
              "batter": "CA Ingram",
              "bowler": "Ashar Zaidi",
              "non_striker": "CB Cooke",
              "runs": {
                "batter": 0,
                "extras": 0,
                "total": 0
              }
            },
            {
              "batter": "CA Ingram",
              "bowler": "Ashar Zaidi",
              "extras": {
                "wides": 1
              },
              "non_striker": "CB Cooke",
              "runs": {
                "batter": 0,
                "extras": 1,
                "total": 1
              }
            },
            {
              "batter": "CA Ingram",
              "bowler": "Ashar Zaidi",
              "non_striker": "CB Cooke",
              "runs": {
                "batter": 6,
                "extras": 0,
                "total": 6
              }
            }
          ]
        },
        {
          "over": 13,
          "deliveries": [
            {
              "batter": "CB Cooke",
              "bowler": "SR Harmer",
              "non_striker": "CA Ingram",
              "runs": {
                "batter": 0,
                "extras": 0,
                "total": 0
              }
            },
            {
              "batter": "CB Cooke",
              "bowler": "SR Harmer",
              "non_striker": "CA Ingram",
              "runs": {
                "batter": 1,
                "extras": 0,
                "total": 1
              }
            },
            {
              "batter": "CA Ingram",
              "bowler": "SR Harmer",
              "extras": {
                "byes": 4
              },
              "non_striker": "CB Cooke",
              "runs": {
                "batter": 0,
                "extras": 4,
                "total": 4
              }
            },
            {
              "batter": "CA Ingram",
              "bowler": "SR Harmer",
              "non_striker": "CB Cooke",
              "runs": {
                "batter": 6,
                "extras": 0,
                "total": 6
              }
            },
            {
              "batter": "CA Ingram",
              "bowler": "SR Harmer",
              "non_striker": "CB Cooke",
              "runs": {
                "batter": 1,
                "extras": 0,
                "total": 1
              }
            },
            {
              "batter": "CB Cooke",
              "bowler": "SR Harmer",
              "non_striker": "CA Ingram",
              "runs": {
                "batter": 6,
                "extras": 0,
                "total": 6
              }
            }
          ]
        },
        {
          "over": 14,
          "deliveries": [
            {
              "batter": "CA Ingram",
              "bowler": "PI Walter",
              "extras": {
                "legbyes": 1
              },
              "non_striker": "CB Cooke",
              "runs": {
                "batter": 0,
                "extras": 1,
                "total": 1
              }
            },
            {
              "batter": "CB Cooke",
              "bowler": "PI Walter",
              "non_striker": "CA Ingram",
              "runs": {
                "batter": 1,
                "extras": 0,
                "total": 1
              }
            },
            {
              "batter": "CA Ingram",
              "bowler": "PI Walter",
              "non_striker": "CB Cooke",
              "runs": {
                "batter": 1,
                "extras": 0,
                "total": 1
              }
            },
            {
              "batter": "CB Cooke",
              "bowler": "PI Walter",
              "extras": {
                "noballs": 2
              },
              "non_striker": "CA Ingram",
              "runs": {
                "batter": 1,
                "extras": 2,
                "total": 3
              }
            },
            {
              "batter": "CA Ingram",
              "bowler": "PI Walter",
              "non_striker": "CB Cooke",
              "runs": {
                "batter": 6,
                "extras": 0,
                "total": 6
              }
            },
            {
              "batter": "CA Ingram",
              "bowler": "PI Walter",
              "non_striker": "CB Cooke",
              "runs": {
                "batter": 1,
                "extras": 0,
                "total": 1
              }
            },
            {
              "batter": "CB Cooke",
              "bowler": "PI Walter",
              "non_striker": "CA Ingram",
              "runs": {
                "batter": 1,
                "extras": 0,
                "total": 1
              }
            }
          ]
        },
        {
          "over": 15,
          "deliveries": [
            {
              "batter": "CB Cooke",
              "bowler": "RS Bopara",
              "non_striker": "CA Ingram",
              "runs": {
                "batter": 1,
                "extras": 0,
                "total": 1
              }
            },
            {
              "batter": "CA Ingram",
              "bowler": "RS Bopara",
              "non_striker": "CB Cooke",
              "runs": {
                "batter": 1,
                "extras": 0,
                "total": 1
              }
            },
            {
              "batter": "CB Cooke",
              "bowler": "RS Bopara",
              "non_striker": "CA Ingram",
              "runs": {
                "batter": 1,
                "extras": 0,
                "total": 1
              }
            },
            {
              "batter": "CA Ingram",
              "bowler": "RS Bopara",
              "non_striker": "CB Cooke",
              "runs": {
                "batter": 6,
                "extras": 0,
                "total": 6
              }
            },
            {
              "batter": "CA Ingram",
              "bowler": "RS Bopara",
              "non_striker": "CB Cooke",
              "runs": {
                "batter": 1,
                "extras": 0,
                "total": 1
              }
            },
            {
              "batter": "CB Cooke",
              "bowler": "RS Bopara",
              "non_striker": "CA Ingram",
              "runs": {
                "batter": 1,
                "extras": 0,
                "total": 1
              }
            }
          ]
        },
        {
          "over": 16,
          "deliveries": [
            {
              "batter": "CB Cooke",
              "bowler": "Mohammad Amir",
              "non_striker": "CA Ingram",
              "runs": {
                "batter": 4,
                "extras": 0,
                "total": 4
              }
            },
            {
              "batter": "CB Cooke",
              "bowler": "Mohammad Amir",
              "extras": {
                "legbyes": 1
              },
              "non_striker": "CA Ingram",
              "runs": {
                "batter": 0,
                "extras": 1,
                "total": 1
              }
            },
            {
              "batter": "CA Ingram",
              "bowler": "Mohammad Amir",
              "extras": {
                "legbyes": 1
              },
              "non_striker": "CB Cooke",
              "runs": {
                "batter": 0,
                "extras": 1,
                "total": 1
              }
            },
            {
              "batter": "CB Cooke",
              "bowler": "Mohammad Amir",
              "non_striker": "CA Ingram",
              "runs": {
                "batter": 0,
                "extras": 0,
                "total": 0
              }
            },
            {
              "batter": "CB Cooke",
              "bowler": "Mohammad Amir",
              "non_striker": "CA Ingram",
              "runs": {
                "batter": 4,
                "extras": 0,
                "total": 4
              }
            },
            {
              "batter": "CB Cooke",
              "bowler": "Mohammad Amir",
              "non_striker": "CA Ingram",
              "runs": {
                "batter": 1,
                "extras": 0,
                "total": 1
              }
            }
          ]
        },
        {
          "over": 17,
          "deliveries": [
            {
              "batter": "CB Cooke",
              "bowler": "PI Walter",
              "non_striker": "CA Ingram",
              "runs": {
                "batter": 6,
                "extras": 0,
                "total": 6
              }
            },
            {
              "batter": "CB Cooke",
              "bowler": "PI Walter",
              "non_striker": "CA Ingram",
              "runs": {
                "batter": 0,
                "extras": 0,
                "total": 0
              }
            },
            {
              "batter": "CB Cooke",
              "bowler": "PI Walter",
              "non_striker": "CA Ingram",
              "runs": {
                "batter": 4,
                "extras": 0,
                "total": 4
              }
            },
            {
              "batter": "CB Cooke",
              "bowler": "PI Walter",
              "non_striker": "CA Ingram",
              "runs": {
                "batter": 6,
                "extras": 0,
                "total": 6
              }
            },
            {
              "batter": "CB Cooke",
              "bowler": "PI Walter",
              "non_striker": "CA Ingram",
              "runs": {
                "batter": 0,
                "extras": 0,
                "total": 0
              }
            },
            {
              "batter": "CB Cooke",
              "bowler": "PI Walter",
              "non_striker": "CA Ingram",
              "runs": {
                "batter": 1,
                "extras": 0,
                "total": 1
              }
            }
          ]
        },
        {
          "over": 18,
          "deliveries": [
            {
              "batter": "CB Cooke",
              "bowler": "Mohammad Amir",
              "non_striker": "CA Ingram",
              "runs": {
                "batter": 0,
                "extras": 0,
                "total": 0
              },
              "wickets": [
                {
                  "player_out": "CA Ingram",
                  "kind": "run out"
                }
              ]
            },
            {
              "batter": "CB Cooke",
              "bowler": "Mohammad Amir",
              "non_striker": "GG Wagg",
              "runs": {
                "batter": 6,
                "extras": 0,
                "total": 6
              }
            },
            {
              "batter": "CB Cooke",
              "bowler": "Mohammad Amir",
              "non_striker": "GG Wagg",
              "runs": {
                "batter": 0,
                "extras": 0,
                "total": 0
              },
              "wickets": [
                {
                  "player_out": "CB Cooke",
                  "fielders": [
                    {
                      "name": "PI Walter"
                    }
                  ],
                  "kind": "caught"
                }
              ]
            },
            {
              "batter": "GG Wagg",
              "bowler": "Mohammad Amir",
              "non_striker": "CAJ Meschede",
              "runs": {
                "batter": 1,
                "extras": 0,
                "total": 1
              }
            },
            {
              "batter": "CAJ Meschede",
              "bowler": "Mohammad Amir",
              "non_striker": "GG Wagg",
              "runs": {
                "batter": 1,
                "extras": 0,
                "total": 1
              }
            },
            {
              "batter": "GG Wagg",
              "bowler": "Mohammad Amir",
              "non_striker": "CAJ Meschede",
              "runs": {
                "batter": 3,
                "extras": 0,
                "total": 3
              }
            }
          ]
        },
        {
          "over": 19,
          "deliveries": [
            {
              "batter": "GG Wagg",
              "bowler": "PI Walter",
              "non_striker": "CAJ Meschede",
              "runs": {
                "batter": 1,
                "extras": 0,
                "total": 1
              }
            },
            {
              "batter": "CAJ Meschede",
              "bowler": "PI Walter",
              "non_striker": "GG Wagg",
              "runs": {
                "batter": 1,
                "extras": 0,
                "total": 1
              }
            },
            {
              "batter": "GG Wagg",
              "bowler": "PI Walter",
              "non_striker": "CAJ Meschede",
              "runs": {
                "batter": 1,
                "extras": 0,
                "total": 1
              }
            },
            {
              "batter": "CAJ Meschede",
              "bowler": "PI Walter",
              "non_striker": "GG Wagg",
              "runs": {
                "batter": 0,
                "extras": 0,
                "total": 0
              }
            },
            {
              "batter": "CAJ Meschede",
              "bowler": "PI Walter",
              "non_striker": "GG Wagg",
              "runs": {
                "batter": 4,
                "extras": 0,
                "total": 4
              }
            },
            {
              "batter": "CAJ Meschede",
              "bowler": "PI Walter",
              "non_striker": "GG Wagg",
              "runs": {
                "batter": 6,
                "extras": 0,
                "total": 6
              }
            }
          ]
        }
      ],
      "powerplays": [
        {
          "from": 0.1,
          "to": 5.6,
          "type": "mandatory"
        }
      ],
      "target": {
        "overs": 20,
        "runs": 220
      }
    }
  ]
}