{
  "meta": {
    "data_version": "1.0.0",
    "created": "2020-07-20",
    "revision": 1
  },
  "info": {
    "balls_per_over": 6,
    "city": "London",
    "dates": [
      "2017-08-17"
    ],
    "event": {
      "name": "NatWest T20 Blast",
      "group": "South"
    },
    "gender": "male",
    "match_type": "T20",
    "officials": {
      "umpires": [
        "RJ Evans",
        "JW Lloyds"
      ]
    },
    "outcome": {
      "winner": "Surrey",
      "by": {
        "wickets": 2
      }
    },
    "overs": 20,
    "player_of_match": [
      "SM Curran"
    ],
    "players": {
      "Gloucestershire": [
        "P Mustard",
        "M Klinger",
        "IA Cockbain",
        "CT Bancroft",
        "BAC Howell",
        "K Noema-Barnett",
        "JMR Taylor",
        "GL van Buuren",
        "TMJ Smith",
        "CN Miles",
        "DA Payne"
      ],
      "Surrey": [
        "AJ Finch",
        "JJ Roy",
        "MC Henriques",
        "RJ Burns",
        "OJ Pope",
        "SM Curran",
        "R Clarke",
        "SG Borthwick",
        "SC Meaker",
        "GJ Batty",
        "JW Dernbach"
      ]
    },
    "registry": {
      "people": {
        "AJ Finch": "b8d490fd",
        "BAC Howell": "0bec3a6c",
        "CN Miles": "5fed6272",
        "CT Bancroft": "399b0b94",
        "DA Payne": "6c79c098",
        "GJ Batty": "5ac8f17b",
        "GL van Buuren": "ba377b40",
        "IA Cockbain": "542fd5a6",
        "JJ Roy": "d1c36f5c",
        "JMR Taylor": "aed5be04",
        "JW Dernbach": "7be8a0ed",
        "JW Lloyds": "112b8472",
        "K Noema-Barnett": "1ad0b441",
        "M Klinger": "b970a03f",
        "MC Henriques": "32198ae0",
        "OJ Pope": "e94bc520",
        "P Mustard": "1b6fef02",
        "R Clarke": "8728a058",
        "RJ Burns": "29e8a62e",
        "RJ Evans": "951127ac",
        "SC Meaker": "eb9cb105",
        "SG Borthwick": "51e1ed69",
        "SM Curran": "e94915e6",
        "TMJ Smith": "0a12e736"
      }
    },
    "season": "2017",
    "team_type": "club",
    "teams": [
      "Gloucestershire",
      "Surrey"
    ],
    "toss": {
      "decision": "bat",
      "winner": "Gloucestershire"
    },
    "venue": "Kennington Oval"
  },
  "innings": [
    {
      "team": "Gloucestershire",
      "overs": [
        {
          "over": 0,
          "deliveries": [
            {
              "batter": "P Mustard",
              "bowler": "JW Dernbach",
              "non_striker": "M Klinger",
              "runs": {
                "batter": 4,
                "extras": 0,
                "total": 4
              }
            },
            {
              "batter": "P Mustard",
              "bowler": "JW Dernbach",
              "non_striker": "M Klinger",
              "runs": {
                "batter": 1,
                "extras": 0,
                "total": 1
              }
            },
            {
              "batter": "M Klinger",
              "bowler": "JW Dernbach",
              "non_striker": "P Mustard",
              "runs": {
                "batter": 2,
                "extras": 0,
                "total": 2
              }
            },
            {
              "batter": "M Klinger",
              "bowler": "JW Dernbach",
              "non_striker": "P Mustard",
              "runs": {
                "batter": 0,
                "extras": 0,
                "total": 0
              }
            },
            {
              "batter": "M Klinger",
              "bowler": "JW Dernbach",
              "non_striker": "P Mustard",
              "runs": {
                "batter": 0,
                "extras": 0,
                "total": 0
              }
            },
            {
              "batter": "M Klinger",
              "bowler": "JW Dernbach",
              "non_striker": "P Mustard",
              "runs": {
                "batter": 2,
                "extras": 0,
                "total": 2
              }
            }
          ]
        },
        {
          "over": 1,
          "deliveries": [
            {
              "batter": "P Mustard",
              "bowler": "SM Curran",
              "non_striker": "M Klinger",
              "runs": {
                "batter": 0,
                "extras": 0,
                "total": 0
              }
            },
            {
              "batter": "P Mustard",
              "bowler": "SM Curran",
              "non_striker": "M Klinger",
              "runs": {
                "batter": 2,
                "extras": 0,
                "total": 2
              }
            },
            {
              "batter": "P Mustard",
              "bowler": "SM Curran",
              "non_striker": "M Klinger",
              "runs": {
                "batter": 0,
                "extras": 0,
                "total": 0
              }
            },
            {
              "batter": "P Mustard",
              "bowler": "SM Curran",
              "non_striker": "M Klinger",
              "runs": {
                "batter": 0,
                "extras": 0,
                "total": 0
              }
            },
            {
              "batter": "P Mustard",
              "bowler": "SM Curran",
              "non_striker": "M Klinger",
              "runs": {
                "batter": 1,
                "extras": 0,
                "total": 1
              }
            },
            {
              "batter": "M Klinger",
              "bowler": "SM Curran",
              "non_striker": "P Mustard",
              "runs": {
                "batter": 1,
                "extras": 0,
                "total": 1
              }
            }
          ]
        },
        {
          "over": 2,
          "deliveries": [
            {
              "batter": "M Klinger",
              "bowler": "JW Dernbach",
              "non_striker": "P Mustard",
              "runs": {
                "batter": 4,
                "extras": 0,
                "total": 4
              }
            },
            {
              "batter": "M Klinger",
              "bowler": "JW Dernbach",
              "non_striker": "P Mustard",
              "runs": {
                "batter": 0,
                "extras": 0,
                "total": 0
              }
            },
            {
              "batter": "M Klinger",
              "bowler": "JW Dernbach",
              "non_striker": "P Mustard",
              "runs": {
                "batter": 1,
                "extras": 0,
                "total": 1
              }
            },
            {
              "batter": "P Mustard",
              "bowler": "JW Dernbach",
              "non_striker": "M Klinger",
              "runs": {
                "batter": 1,
                "extras": 0,
                "total": 1
              }
            },
            {
              "batter": "M Klinger",
              "bowler": "JW Dernbach",
              "non_striker": "P Mustard",
              "runs": {
                "batter": 0,
                "extras": 0,
                "total": 0
              }
            },
            {
              "batter": "M Klinger",
              "bowler": "JW Dernbach",
              "non_striker": "P Mustard",
              "runs": {
                "batter": 1,
                "extras": 0,
                "total": 1
              }
            }
          ]
        },
        {
          "over": 3,
          "deliveries": [
            {
              "batter": "M Klinger",
              "bowler": "SM Curran",
              "non_striker": "P Mustard",
              "runs": {
                "batter": 0,
                "extras": 0,
                "total": 0
              },
              "wickets": [
                {
                  "player_out": "M Klinger",
                  "fielders": [
                    {
                      "name": "GJ Batty"
                    }
                  ],
                  "kind": "caught"
                }
              ]
            },
            {
              "batter": "P Mustard",
              "bowler": "SM Curran",
              "non_striker": "IA Cockbain",
              "runs": {
                "batter": 0,
                "extras": 0,
                "total": 0
              }
            },
            {
              "batter": "P Mustard",
              "bowler": "SM Curran",
              "non_striker": "IA Cockbain",
              "runs": {
                "batter": 0,
                "extras": 0,
                "total": 0
              },
              "wickets": [
                {
                  "player_out": "P Mustard",
                  "kind": "bowled"
                }
              ]
            },
            {
              "batter": "CT Bancroft",
              "bowler": "SM Curran",
              "non_striker": "IA Cockbain",
              "runs": {
                "batter": 0,
                "extras": 0,
                "total": 0
              },
              "wickets": [
                {
                  "player_out": "CT Bancroft",
                  "kind": "bowled"
                }
              ]
            },
            {
              "batter": "BAC Howell",
              "bowler": "SM Curran",
              "non_striker": "IA Cockbain",
              "runs": {
                "batter": 0,
                "extras": 0,
                "total": 0
              }
            },
            {
              "batter": "BAC Howell",
              "bowler": "SM Curran",
              "non_striker": "IA Cockbain",
              "runs": {
                "batter": 0,
                "extras": 0,
                "total": 0
              }
            }
          ]
        },
        {
          "over": 4,
          "deliveries": [
            {
              "batter": "IA Cockbain",
              "bowler": "SC Meaker",
              "non_striker": "BAC Howell",
              "runs": {
                "batter": 3,
                "extras": 0,
                "total": 3
              }
            },
            {
              "batter": "BAC Howell",
              "bowler": "SC Meaker",
              "non_striker": "IA Cockbain",
              "runs": {
                "batter": 1,
                "extras": 0,
                "total": 1
              }
            },
            {
              "batter": "IA Cockbain",
              "bowler": "SC Meaker",
              "non_striker": "BAC Howell",
              "runs": {
                "batter": 4,
                "extras": 0,
                "total": 4
              }
            },
            {
              "batter": "IA Cockbain",
              "bowler": "SC Meaker",
              "non_striker": "BAC Howell",
              "runs": {
                "batter": 4,
                "extras": 0,
                "total": 4
              }
            },
            {
              "batter": "IA Cockbain",
              "bowler": "SC Meaker",
              "non_striker": "BAC Howell",
              "runs": {
                "batter": 4,
                "extras": 0,
                "total": 4
              }
            },
            {
              "batter": "IA Cockbain",
              "bowler": "SC Meaker",
              "non_striker": "BAC Howell",
              "runs": {
                "batter": 1,
                "extras": 0,
                "total": 1
              }
            }
          ]
        },
        {
          "over": 5,
          "deliveries": [
            {
              "batter": "IA Cockbain",
              "bowler": "SM Curran",
              "non_striker": "BAC Howell",
              "runs": {
                "batter": 0,
                "extras": 0,
                "total": 0
              }
            },
            {
              "batter": "IA Cockbain",
              "bowler": "SM Curran",
              "non_striker": "BAC Howell",
              "runs": {
                "batter": 0,
                "extras": 0,
                "total": 0
              }
            },
            {
              "batter": "IA Cockbain",
              "bowler": "SM Curran",
              "non_striker": "BAC Howell",
              "runs": {
                "batter": 0,
                "extras": 0,
                "total": 0
              },
              "wickets": [
                {
                  "player_out": "IA Cockbain",
                  "fielders": [
                    {
                      "name": "AJ Finch"
                    }
                  ],
                  "kind": "caught"
                }
              ]
            },
            {
              "batter": "BAC Howell",
              "bowler": "SM Curran",
              "non_striker": "K Noema-Barnett",
              "runs": {
                "batter": 1,
                "extras": 0,
                "total": 1
              }
            },
            {
              "batter": "K Noema-Barnett",
              "bowler": "SM Curran",
              "non_striker": "BAC Howell",
              "runs": {
                "batter": 0,
                "extras": 0,
                "total": 0
              }
            },
            {
              "batter": "K Noema-Barnett",
              "bowler": "SM Curran",
              "non_striker": "BAC Howell",
              "runs": {
                "batter": 0,
                "extras": 0,
                "total": 0
              }
            }
          ]
        },
        {
          "over": 6,
          "deliveries": [
            {
              "batter": "BAC Howell",
              "bowler": "SG Borthwick",
              "non_striker": "K Noema-Barnett",
              "runs": {
                "batter": 1,
                "extras": 0,
                "total": 1
              }
            },
            {
              "batter": "K Noema-Barnett",
              "bowler": "SG Borthwick",
              "non_striker": "BAC Howell",
              "runs": {
                "batter": 1,
                "extras": 0,
                "total": 1
              }
            },
            {
              "batter": "BAC Howell",
              "bowler": "SG Borthwick",
              "non_striker": "K Noema-Barnett",
              "runs": {
                "batter": 0,
                "extras": 0,
                "total": 0
              }
            },
            {
              "batter": "BAC Howell",
              "bowler": "SG Borthwick",
              "non_striker": "K Noema-Barnett",
              "runs": {
                "batter": 1,
                "extras": 0,
                "total": 1
              }
            },
            {
              "batter": "K Noema-Barnett",
              "bowler": "SG Borthwick",
              "extras": {
                "noballs": 2
              },
              "non_striker": "BAC Howell",
              "runs": {
                "batter": 0,
                "extras": 2,
                "total": 2
              }
            },
            {
              "batter": "K Noema-Barnett",
              "bowler": "SG Borthwick",
              "non_striker": "BAC Howell",
              "runs": {
                "batter": 1,
                "extras": 0,
                "total": 1
              }
            },
            {
              "batter": "BAC Howell",
              "bowler": "SG Borthwick",
              "non_striker": "K Noema-Barnett",
              "runs": {
                "batter": 1,
                "extras": 0,
                "total": 1
              }
            }
          ]
        },
        {
          "over": 7,
          "deliveries": [
            {
              "batter": "BAC Howell",
              "bowler": "GJ Batty",
              "non_striker": "K Noema-Barnett",
              "runs": {
                "batter": 0,
                "extras": 0,
                "total": 0
              }
            },
            {
              "batter": "BAC Howell",
              "bowler": "GJ Batty",
              "non_striker": "K Noema-Barnett",
              "runs": {
                "batter": 0,
                "extras": 0,
                "total": 0
              }
            },
            {
              "batter": "BAC Howell",
              "bowler": "GJ Batty",
              "non_striker": "K Noema-Barnett",
              "runs": {
                "batter": 1,
                "extras": 0,
                "total": 1
              }
            },
            {
              "batter": "K Noema-Barnett",
              "bowler": "GJ Batty",
              "non_striker": "BAC Howell",
              "runs": {
                "batter": 0,
                "extras": 0,
                "total": 0
              }
            },
            {
              "batter": "K Noema-Barnett",
              "bowler": "GJ Batty",
              "non_striker": "BAC Howell",
              "runs": {
                "batter": 1,
                "extras": 0,
                "total": 1
              }
            },
            {
              "batter": "BAC Howell",
              "bowler": "GJ Batty",
              "non_striker": "K Noema-Barnett",
              "runs": {
                "batter": 0,
                "extras": 0,
                "total": 0
              }
            }
          ]
        },
        {
          "over": 8,
          "deliveries": [
            {
              "batter": "K Noema-Barnett",
              "bowler": "SG Borthwick",
              "non_striker": "BAC Howell",
              "runs": {
                "batter": 0,
                "extras": 0,
                "total": 0
              }
            },
            {
              "batter": "K Noema-Barnett",
              "bowler": "SG Borthwick",
              "non_striker": "BAC Howell",
              "runs": {
                "batter": 1,
                "extras": 0,
                "total": 1
              }
            },
            {
              "batter": "BAC Howell",
              "bowler": "SG Borthwick",
              "non_striker": "K Noema-Barnett",
              "runs": {
                "batter": 6,
                "extras": 0,
                "total": 6
              }
            },
            {
              "batter": "BAC Howell",
              "bowler": "SG Borthwick",
              "non_striker": "K Noema-Barnett",
              "runs": {
                "batter": 0,
                "extras": 0,
                "total": 0
              }
            },
            {
              "batter": "BAC Howell",
              "bowler": "SG Borthwick",
              "non_striker": "K Noema-Barnett",
              "runs": {
                "batter": 1,
                "extras": 0,
                "total": 1
              }
            },
            {
              "batter": "K Noema-Barnett",
              "bowler": "SG Borthwick",
              "non_striker": "BAC Howell",
              "runs": {
                "batter": 6,
                "extras": 0,
                "total": 6
              }
            }
          ]
        },
        {
          "over": 9,
          "deliveries": [
            {
              "batter": "BAC Howell",
              "bowler": "GJ Batty",
              "non_striker": "K Noema-Barnett",
              "runs": {
                "batter": 1,
                "extras": 0,
                "total": 1
              }
            },
            {
              "batter": "K Noema-Barnett",
              "bowler": "GJ Batty",
              "non_striker": "BAC Howell",
              "runs": {
                "batter": 6,
                "extras": 0,
                "total": 6
              }
            },
            {
              "batter": "K Noema-Barnett",
              "bowler": "GJ Batty",
              "non_striker": "BAC Howell",
              "runs": {
                "batter": 6,
                "extras": 0,
                "total": 6
              }
            },
            {
              "batter": "K Noema-Barnett",
              "bowler": "GJ Batty",
              "non_striker": "BAC Howell",
              "runs": {
                "batter": 0,
                "extras": 0,
                "total": 0
              }
            },
            {
              "batter": "K Noema-Barnett",
              "bowler": "GJ Batty",
              "non_striker": "BAC Howell",
              "runs": {
                "batter": 1,
                "extras": 0,
                "total": 1
              }
            },
            {
              "batter": "BAC Howell",
              "bowler": "GJ Batty",
              "non_striker": "K Noema-Barnett",
              "runs": {
                "batter": 0,
                "extras": 0,
                "total": 0
              }
            }
          ]
        },
        {
          "over": 10,
          "deliveries": [
            {
              "batter": "K Noema-Barnett",
              "bowler": "R Clarke",
              "non_striker": "BAC Howell",
              "runs": {
                "batter": 1,
                "extras": 0,
                "total": 1
              }
            },
            {
              "batter": "BAC Howell",
              "bowler": "R Clarke",
              "non_striker": "K Noema-Barnett",
              "runs": {
                "batter": 0,
                "extras": 0,
                "total": 0
              },
              "wickets": [
                {
                  "player_out": "K Noema-Barnett",
                  "kind": "run out"
                }
              ]
            },
            {
              "batter": "JMR Taylor",
              "bowler": "R Clarke",
              "non_striker": "BAC Howell",
              "runs": {
                "batter": 0,
                "extras": 0,
                "total": 0
              }
            },
            {
              "batter": "JMR Taylor",
              "bowler": "R Clarke",
              "non_striker": "BAC Howell",
              "runs": {
                "batter": 0,
                "extras": 0,
                "total": 0
              }
            },
            {
              "batter": "JMR Taylor",
              "bowler": "R Clarke",
              "non_striker": "BAC Howell",
              "runs": {
                "batter": 1,
                "extras": 0,
                "total": 1
              }
            },
            {
              "batter": "BAC Howell",
              "bowler": "R Clarke",
              "non_striker": "JMR Taylor",
              "runs": {
                "batter": 0,
                "extras": 0,
                "total": 0
              }
            }
          ]
        },
        {
          "over": 11,
          "deliveries": [
            {
              "batter": "JMR Taylor",
              "bowler": "GJ Batty",
              "non_striker": "BAC Howell",
              "runs": {
                "batter": 1,
                "extras": 0,
                "total": 1
              }
            },
            {
              "batter": "BAC Howell",
              "bowler": "GJ Batty",
              "non_striker": "JMR Taylor",
              "runs": {
                "batter": 0,
                "extras": 0,
                "total": 0
              }
            },
            {
              "batter": "BAC Howell",
              "bowler": "GJ Batty",
              "non_striker": "JMR Taylor",
              "runs": {
                "batter": 0,
                "extras": 0,
                "total": 0
              }
            },
            {
              "batter": "BAC Howell",
              "bowler": "GJ Batty",
              "non_striker": "JMR Taylor",
              "runs": {
                "batter": 1,
                "extras": 0,
                "total": 1
              }
            },
            {
              "batter": "JMR Taylor",
              "bowler": "GJ Batty",
              "non_striker": "BAC Howell",
              "runs": {
                "batter": 1,
                "extras": 0,
                "total": 1
              }
            },
            {
              "batter": "BAC Howell",
              "bowler": "GJ Batty",
              "non_striker": "JMR Taylor",
              "runs": {
                "batter": 0,
                "extras": 0,
                "total": 0
              },
              "wickets": [
                {
                  "player_out": "BAC Howell",
                  "fielders": [
                    {
                      "name": "AJ Finch"
                    }
                  ],
                  "kind": "caught"
                }
              ]
            }
          ]
        },
        {
          "over": 12,
          "deliveries": [
            {
              "batter": "GL van Buuren",
              "bowler": "R Clarke",
              "non_striker": "JMR Taylor",
              "runs": {
                "batter": 1,
                "extras": 0,
                "total": 1
              }
            },
            {
              "batter": "JMR Taylor",
              "bowler": "R Clarke",
              "non_striker": "GL van Buuren",
              "runs": {
                "batter": 0,
                "extras": 0,
                "total": 0
              }
            },
            {
              "batter": "JMR Taylor",
              "bowler": "R Clarke",
              "non_striker": "GL van Buuren",
              "runs": {
                "batter": 0,
                "extras": 0,
                "total": 0
              }
            },
            {
              "batter": "JMR Taylor",
              "bowler": "R Clarke",
              "non_striker": "GL van Buuren",
              "runs": {
                "batter": 1,
                "extras": 0,
                "total": 1
              }
            },
            {
              "batter": "GL van Buuren",
              "bowler": "R Clarke",
              "non_striker": "JMR Taylor",
              "runs": {
                "batter": 0,
                "extras": 0,
                "total": 0
              }
            },
            {
              "batter": "GL van Buuren",
              "bowler": "R Clarke",
              "non_striker": "JMR Taylor",
              "runs": {
                "batter": 1,
                "extras": 0,
                "total": 1
              }
            }
          ]
        },
        {
          "over": 13,
          "deliveries": [
            {
              "batter": "GL van Buuren",
              "bowler": "GJ Batty",
              "non_striker": "JMR Taylor",
              "runs": {
                "batter": 0,
                "extras": 0,
                "total": 0
              }
            },
            {
              "batter": "GL van Buuren",
              "bowler": "GJ Batty",
              "non_striker": "JMR Taylor",
              "runs": {
                "batter": 0,
                "extras": 0,
                "total": 0
              }
            },
            {
              "batter": "GL van Buuren",
              "bowler": "GJ Batty",
              "non_striker": "JMR Taylor",
              "runs": {
                "batter": 1,
                "extras": 0,
                "total": 1
              }
            },
            {
              "batter": "JMR Taylor",
              "bowler": "GJ Batty",
              "non_striker": "GL van Buuren",
              "runs": {
                "batter": 1,
                "extras": 0,
                "total": 1
              }
            },
            {
              "batter": "GL van Buuren",
              "bowler": "GJ Batty",
              "non_striker": "JMR Taylor",
              "runs": {
                "batter": 0,
                "extras": 0,
                "total": 0
              }
            },
            {
              "batter": "GL van Buuren",
              "bowler": "GJ Batty",
              "non_striker": "JMR Taylor",
              "runs": {
                "batter": 1,
                "extras": 0,
                "total": 1
              }
            }
          ]
        },
        {
          "over": 14,
          "deliveries": [
            {
              "batter": "GL van Buuren",
              "bowler": "SC Meaker",
              "non_striker": "JMR Taylor",
              "runs": {
                "batter": 0,
                "extras": 0,
                "total": 0
              }
            },
            {
              "batter": "GL van Buuren",
              "bowler": "SC Meaker",
              "non_striker": "JMR Taylor",
              "runs": {
                "batter": 1,
                "extras": 0,
                "total": 1
              }
            },
            {
              "batter": "JMR Taylor",
              "bowler": "SC Meaker",
              "non_striker": "GL van Buuren",
              "runs": {
                "batter": 1,
                "extras": 0,
                "total": 1
              }
            },
            {
              "batter": "GL van Buuren",
              "bowler": "SC Meaker",
              "non_striker": "JMR Taylor",
              "runs": {
                "batter": 1,
                "extras": 0,
                "total": 1
              }
            },
            {
              "batter": "JMR Taylor",
              "bowler": "SC Meaker",
              "non_striker": "GL van Buuren",
              "runs": {
                "batter": 0,
                "extras": 0,
                "total": 0
              }
            },
            {
              "batter": "JMR Taylor",
              "bowler": "SC Meaker",
              "non_striker": "GL van Buuren",
              "runs": {
                "batter": 1,
                "extras": 0,
                "total": 1
              }
            }
          ]
        },
        {
          "over": 15,
          "deliveries": [
            {
              "batter": "JMR Taylor",
              "bowler": "SM Curran",
              "non_striker": "GL van Buuren",
              "runs": {
                "batter": 1,
                "extras": 0,
                "total": 1
              }
            },
            {
              "batter": "GL van Buuren",
              "bowler": "SM Curran",
              "non_striker": "JMR Taylor",
              "runs": {
                "batter": 1,
                "extras": 0,
                "total": 1
              }
            },
            {
              "batter": "JMR Taylor",
              "bowler": "SM Curran",
              "non_striker": "GL van Buuren",
              "runs": {
                "batter": 0,
                "extras": 0,
                "total": 0
              }
            },
            {
              "batter": "JMR Taylor",
              "bowler": "SM Curran",
              "non_striker": "GL van Buuren",
              "runs": {
                "batter": 4,
                "extras": 0,
                "total": 4
              }
            },
            {
              "batter": "JMR Taylor",
              "bowler": "SM Curran",
              "non_striker": "GL van Buuren",
              "runs": {
                "batter": 1,
                "extras": 0,
                "total": 1
              }
            },
            {
              "batter": "GL van Buuren",
              "bowler": "SM Curran",
              "non_striker": "JMR Taylor",
              "runs": {
                "batter": 1,
                "extras": 0,
                "total": 1
              }
            }
          ]
        },
        {
          "over": 16,
          "deliveries": [
            {
              "batter": "GL van Buuren",
              "bowler": "JW Dernbach",
              "non_striker": "JMR Taylor",
              "runs": {
                "batter": 0,
                "extras": 0,
                "total": 0
              }
            },
            {
              "batter": "GL van Buuren",
              "bowler": "JW Dernbach",
              "non_striker": "JMR Taylor",
              "runs": {
                "batter": 1,
                "extras": 0,
                "total": 1
              }
            },
            {
              "batter": "JMR Taylor",
              "bowler": "JW Dernbach",
              "non_striker": "GL van Buuren",
              "runs": {
                "batter": 1,
                "extras": 0,
                "total": 1
              }
            },
            {
              "batter": "GL van Buuren",
              "bowler": "JW Dernbach",
              "non_striker": "JMR Taylor",
              "runs": {
                "batter": 1,
                "extras": 0,
                "total": 1
              }
            },
            {
              "batter": "JMR Taylor",
              "bowler": "JW Dernbach",
              "non_striker": "GL van Buuren",
              "runs": {
                "batter": 1,
                "extras": 0,
                "total": 1
              }
            },
            {
              "batter": "GL van Buuren",
              "bowler": "JW Dernbach",
              "non_striker": "JMR Taylor",
              "runs": {
                "batter": 2,
                "extras": 0,
                "total": 2
              }
            }
          ]
        },
        {
          "over": 17,
          "deliveries": [
            {
              "batter": "JMR Taylor",
              "bowler": "R Clarke",
              "non_striker": "GL van Buuren",
              "runs": {
                "batter": 0,
                "extras": 0,
                "total": 0
              }
            },
            {
              "batter": "JMR Taylor",
              "bowler": "R Clarke",
              "non_striker": "GL van Buuren",
              "runs": {
                "batter": 1,
                "extras": 0,
                "total": 1
              }
            },
            {
              "batter": "GL van Buuren",
              "bowler": "R Clarke",
              "non_striker": "JMR Taylor",
              "runs": {
                "batter": 1,
                "extras": 0,
                "total": 1
              }
            },
            {
              "batter": "JMR Taylor",
              "bowler": "R Clarke",
              "non_striker": "GL van Buuren",
              "runs": {
                "batter": 4,
                "extras": 0,
                "total": 4
              }
            },
            {
              "batter": "JMR Taylor",
              "bowler": "R Clarke",
              "non_striker": "GL van Buuren",
              "runs": {
                "batter": 6,
                "extras": 0,
                "total": 6
              }
            },
            {
              "batter": "JMR Taylor",
              "bowler": "R Clarke",
              "non_striker": "GL van Buuren",
              "runs": {
                "batter": 0,
                "extras": 0,
                "total": 0
              },
              "wickets": [
                {
                  "player_out": "GL van Buuren",
                  "kind": "run out"
                }
              ]
            }
          ]
        },
        {
          "over": 18,
          "deliveries": [
            {
              "batter": "JMR Taylor",
              "bowler": "JW Dernbach",
              "extras": {
                "wides": 1
              },
              "non_striker": "TMJ Smith",
              "runs": {
                "batter": 0,
                "extras": 1,
                "total": 1
              }
            },
            {
              "batter": "JMR Taylor",
              "bowler": "JW Dernbach",
              "non_striker": "TMJ Smith",
              "runs": {
                "batter": 2,
                "extras": 0,
                "total": 2
              }
            },
            {
              "batter": "JMR Taylor",
              "bowler": "JW Dernbach",
              "non_striker": "TMJ Smith",
              "runs": {
                "batter": 0,
                "extras": 0,
                "total": 0
              },
              "wickets": [
                {
                  "player_out": "JMR Taylor",
                  "fielders": [
                    {
                      "name": "SG Borthwick"
                    }
                  ],
                  "kind": "caught"
                }
              ]
            },
            {
              "batter": "CN Miles",
              "bowler": "JW Dernbach",
              "non_striker": "TMJ Smith",
              "runs": {
                "batter": 1,
                "extras": 0,
                "total": 1
              }
            },
            {
              "batter": "TMJ Smith",
              "bowler": "JW Dernbach",
              "non_striker": "CN Miles",
              "runs": {
                "batter": 1,
                "extras": 0,
                "total": 1
              }
            },
            {
              "batter": "CN Miles",
              "bowler": "JW Dernbach",
              "non_striker": "TMJ Smith",
              "runs": {
                "batter": 0,
                "extras": 0,
                "total": 0
              }
            },
            {
              "batter": "CN Miles",
              "bowler": "JW Dernbach",
              "extras": {
                "legbyes": 1
              },
              "non_striker": "TMJ Smith",
              "runs": {
                "batter": 0,
                "extras": 1,
                "total": 1
              }
            }
          ]
        },
        {
          "over": 19,
          "deliveries": [
            {
              "batter": "CN Miles",
              "bowler": "R Clarke",
              "non_striker": "TMJ Smith",
              "runs": {
                "batter": 4,
                "extras": 0,
                "total": 4
              }
            },
            {
              "batter": "CN Miles",
              "bowler": "R Clarke",
              "non_striker": "TMJ Smith",
              "runs": {
                "batter": 0,
                "extras": 0,
                "total": 0
              }
            },
            {
              "batter": "CN Miles",
              "bowler": "R Clarke",
              "non_striker": "TMJ Smith",
              "runs": {
                "batter": 2,
                "extras": 0,
                "total": 2
              }
            },
            {
              "batter": "CN Miles",
              "bowler": "R Clarke",
              "non_striker": "TMJ Smith",
              "runs": {
                "batter": 1,
                "extras": 0,
                "total": 1
              }
            },
            {
              "batter": "TMJ Smith",
              "bowler": "R Clarke",
              "extras": {
                "byes": 1
              },
              "non_striker": "CN Miles",
              "runs": {
                "batter": 0,
                "extras": 1,
                "total": 1
              }
            },
            {
              "batter": "CN Miles",
              "bowler": "R Clarke",
              "non_striker": "TMJ Smith",
              "runs": {
                "batter": 0,
                "extras": 0,
                "total": 0
              },
              "wickets": [
                {
                  "player_out": "CN Miles",
                  "kind": "bowled"
                }
              ]
            }
          ]
        }
      ],
      "powerplays": [
        {
          "from": 0.1,
          "to": 5.6,
          "type": "mandatory"
        }
      ]
    },
    {
      "team": "Surrey",
      "overs": [
        {
          "over": 0,
          "deliveries": [
            {
              "batter": "AJ Finch",
              "bowler": "GL van Buuren",
              "non_striker": "JJ Roy",
              "runs": {
                "batter": 6,
                "extras": 0,
                "total": 6
              }
            },
            {
              "batter": "AJ Finch",
              "bowler": "GL van Buuren",
              "non_striker": "JJ Roy",
              "runs": {
                "batter": 0,
                "extras": 0,
                "total": 0
              }
            },
            {
              "batter": "AJ Finch",
              "bowler": "GL van Buuren",
              "non_striker": "JJ Roy",
              "runs": {
                "batter": 0,
                "extras": 0,
                "total": 0
              }
            },
            {
              "batter": "AJ Finch",
              "bowler": "GL van Buuren",
              "non_striker": "JJ Roy",
              "runs": {
                "batter": 1,
                "extras": 0,
                "total": 1
              }
            },
            {
              "batter": "JJ Roy",
              "bowler": "GL van Buuren",
              "non_striker": "AJ Finch",
              "runs": {
                "batter": 1,
                "extras": 0,
                "total": 1
              }
            },
            {
              "batter": "AJ Finch",
              "bowler": "GL van Buuren",
              "non_striker": "JJ Roy",
              "runs": {
                "batter": 0,
                "extras": 0,
                "total": 0
              }
            }
          ]
        },
        {
          "over": 1,
          "deliveries": [
            {
              "batter": "JJ Roy",
              "bowler": "CN Miles",
              "extras": {
                "legbyes": 1
              },
              "non_striker": "AJ Finch",
              "runs": {
                "batter": 0,
                "extras": 1,
                "total": 1
              }
            },
            {
              "batter": "AJ Finch",
              "bowler": "CN Miles",
              "non_striker": "JJ Roy",
              "runs": {
                "batter": 0,
                "extras": 0,
                "total": 0
              },
              "wickets": [
                {
                  "player_out": "AJ Finch",
                  "fielders": [
                    {
                      "name": "JMR Taylor"
                    }
                  ],
                  "kind": "caught"
                }
              ]
            },
            {
              "batter": "JJ Roy",
              "bowler": "CN Miles",
              "non_striker": "MC Henriques",
              "runs": {
                "batter": 1,
                "extras": 0,
                "total": 1
              }
            },
            {
              "batter": "MC Henriques",
              "bowler": "CN Miles",
              "non_striker": "JJ Roy",
              "runs": {
                "batter": 0,
                "extras": 0,
                "total": 0
              }
            },
            {
              "batter": "MC Henriques",
              "bowler": "CN Miles",
              "non_striker": "JJ Roy",
              "runs": {
                "batter": 0,
                "extras": 0,
                "total": 0
              }
            },
            {
              "batter": "MC Henriques",
              "bowler": "CN Miles",
              "non_striker": "JJ Roy",
              "runs": {
                "batter": 1,
                "extras": 0,
                "total": 1
              }
            }
          ]
        },
        {
          "over": 2,
          "deliveries": [
            {
              "batter": "MC Henriques",
              "bowler": "DA Payne",
              "non_striker": "JJ Roy",
              "runs": {
                "batter": 4,
                "extras": 0,
                "total": 4
              }
            },
            {
              "batter": "MC Henriques",
              "bowler": "DA Payne",
              "non_striker": "JJ Roy",
              "runs": {
                "batter": 1,
                "extras": 0,
                "total": 1
              }
            },
            {
              "batter": "JJ Roy",
              "bowler": "DA Payne",
              "non_striker": "MC Henriques",
              "runs": {
                "batter": 0,
                "extras": 0,
                "total": 0
              }
            },
            {
              "batter": "JJ Roy",
              "bowler": "DA Payne",
              "non_striker": "MC Henriques",
              "runs": {
                "batter": 1,
                "extras": 0,
                "total": 1
              }
            },
            {
              "batter": "MC Henriques",
              "bowler": "DA Payne",
              "non_striker": "JJ Roy",
              "runs": {
                "batter": 0,
                "extras": 0,
                "total": 0
              }
            },
            {
              "batter": "MC Henriques",
              "bowler": "DA Payne",
              "non_striker": "JJ Roy",
              "runs": {
                "batter": 4,
                "extras": 0,
                "total": 4
              }
            }
          ]
        },
        {
          "over": 3,
          "deliveries": [
            {
              "batter": "JJ Roy",
              "bowler": "CN Miles",
              "non_striker": "MC Henriques",
              "runs": {
                "batter": 2,
                "extras": 0,
                "total": 2
              }
            },
            {
              "batter": "JJ Roy",
              "bowler": "CN Miles",
              "non_striker": "MC Henriques",
              "runs": {
                "batter": 0,
                "extras": 0,
                "total": 0
              },
              "wickets": [
                {
                  "player_out": "JJ Roy",
                  "fielders": [
                    {
                      "name": "K Noema-Barnett"
                    }
                  ],
                  "kind": "caught"
                }
              ]
            },
            {
              "batter": "RJ Burns",
              "bowler": "CN Miles",
              "non_striker": "MC Henriques",
              "runs": {
                "batter": 1,
                "extras": 0,
                "total": 1
              }
            },
            {
              "batter": "MC Henriques",
              "bowler": "CN Miles",
              "non_striker": "RJ Burns",
              "runs": {
                "batter": 1,
                "extras": 0,
                "total": 1
              }
            },
            {
              "batter": "RJ Burns",
              "bowler": "CN Miles",
              "non_striker": "MC Henriques",
              "runs": {
                "batter": 1,
                "extras": 0,
                "total": 1
              }
            },
            {
              "batter": "MC Henriques",
              "bowler": "CN Miles",
              "non_striker": "RJ Burns",
              "runs": {
                "batter": 4,
                "extras": 0,
                "total": 4
              }
            }
          ]
        },
        {
          "over": 4,
          "deliveries": [
            {
              "batter": "RJ Burns",
              "bowler": "GL van Buuren",
              "non_striker": "MC Henriques",
              "runs": {
                "batter": 0,
                "extras": 0,
                "total": 0
              }
            },
            {
              "batter": "RJ Burns",
              "bowler": "GL van Buuren",
              "non_striker": "MC Henriques",
              "runs": {
                "batter": 0,
                "extras": 0,
                "total": 0
              }
            },
            {
              "batter": "RJ Burns",
              "bowler": "GL van Buuren",
              "non_striker": "MC Henriques",
              "runs": {
                "batter": 1,
                "extras": 0,
                "total": 1
              }
            },
            {
              "batter": "MC Henriques",
              "bowler": "GL van Buuren",
              "non_striker": "RJ Burns",
              "runs": {
                "batter": 1,
                "extras": 0,
                "total": 1
              }
            },
            {
              "batter": "RJ Burns",
              "bowler": "GL van Buuren",
              "non_striker": "MC Henriques",
              "runs": {
                "batter": 0,
                "extras": 0,
                "total": 0
              }
            },
            {
              "batter": "RJ Burns",
              "bowler": "GL van Buuren",
              "non_striker": "MC Henriques",
              "runs": {
                "batter": 0,
                "extras": 0,
                "total": 0
              }
            }
          ]
        },
        {
          "over": 5,
          "deliveries": [
            {
              "batter": "MC Henriques",
              "bowler": "BAC Howell",
              "non_striker": "RJ Burns",
              "runs": {
                "batter": 0,
                "extras": 0,
                "total": 0
              }
            },
            {
              "batter": "MC Henriques",
              "bowler": "BAC Howell",
              "non_striker": "RJ Burns",
              "runs": {
                "batter": 1,
                "extras": 0,
                "total": 1
              }
            },
            {
              "batter": "RJ Burns",
              "bowler": "BAC Howell",
              "non_striker": "MC Henriques",
              "runs": {
                "batter": 1,
                "extras": 0,
                "total": 1
              }
            },
            {
              "batter": "MC Henriques",
              "bowler": "BAC Howell",
              "non_striker": "RJ Burns",
              "runs": {
                "batter": 1,
                "extras": 0,
                "total": 1
              }
            },
            {
              "batter": "RJ Burns",
              "bowler": "BAC Howell",
              "non_striker": "MC Henriques",
              "runs": {
                "batter": 0,
                "extras": 0,
                "total": 0
              }
            },
            {
              "batter": "RJ Burns",
              "bowler": "BAC Howell",
              "non_striker": "MC Henriques",
              "runs": {
                "batter": 0,
                "extras": 0,
                "total": 0
              }
            }
          ]
        },
        {
          "over": 6,
          "deliveries": [
            {
              "batter": "MC Henriques",
              "bowler": "TMJ Smith",
              "non_striker": "RJ Burns",
              "runs": {
                "batter": 1,
                "extras": 0,
                "total": 1
              }
            },
            {
              "batter": "RJ Burns",
              "bowler": "TMJ Smith",
              "non_striker": "MC Henriques",
              "runs": {
                "batter": 1,
                "extras": 0,
                "total": 1
              }
            },
            {
              "batter": "MC Henriques",
              "bowler": "TMJ Smith",
              "non_striker": "RJ Burns",
              "runs": {
                "batter": 0,
                "extras": 0,
                "total": 0
              }
            },
            {
              "batter": "MC Henriques",
              "bowler": "TMJ Smith",
              "non_striker": "RJ Burns",
              "runs": {
                "batter": 1,
                "extras": 0,
                "total": 1
              }
            },
            {
              "batter": "RJ Burns",
              "bowler": "TMJ Smith",
              "non_striker": "MC Henriques",
              "runs": {
                "batter": 1,
                "extras": 0,
                "total": 1
              }
            },
            {
              "batter": "MC Henriques",
              "bowler": "TMJ Smith",
              "non_striker": "RJ Burns",
              "runs": {
                "batter": 1,
                "extras": 0,
                "total": 1
              }
            }
          ]
        },
        {
          "over": 7,
          "deliveries": [
            {
              "batter": "MC Henriques",
              "bowler": "BAC Howell",
              "non_striker": "RJ Burns",
              "runs": {
                "batter": 0,
                "extras": 0,
                "total": 0
              }
            },
            {
              "batter": "MC Henriques",
              "bowler": "BAC Howell",
              "non_striker": "RJ Burns",
              "runs": {
                "batter": 1,
                "extras": 0,
                "total": 1
              }
            },
            {
              "batter": "RJ Burns",
              "bowler": "BAC Howell",
              "non_striker": "MC Henriques",
              "runs": {
                "batter": 1,
                "extras": 0,
                "total": 1
              }
            },
            {
              "batter": "MC Henriques",
              "bowler": "BAC Howell",
              "non_striker": "RJ Burns",
              "runs": {
                "batter": 1,
                "extras": 0,
                "total": 1
              }
            },
            {
              "batter": "RJ Burns",
              "bowler": "BAC Howell",
              "non_striker": "MC Henriques",
              "runs": {
                "batter": 0,
                "extras": 0,
                "total": 0
              }
            },
            {
              "batter": "RJ Burns",
              "bowler": "BAC Howell",
              "non_striker": "MC Henriques",
              "runs": {
                "batter": 0,
                "extras": 0,
                "total": 0
              },
              "wickets": [
                {
                  "player_out": "RJ Burns",
                  "fielders": [
                    {
                      "name": "GL van Buuren"
                    }
                  ],
                  "kind": "caught"
                }
              ]
            }
          ]
        },
        {
          "over": 8,
          "deliveries": [
            {
              "batter": "MC Henriques",
              "bowler": "TMJ Smith",
              "non_striker": "OJ Pope",
              "runs": {
                "batter": 0,
                "extras": 0,
                "total": 0
              }
            },
            {
              "batter": "MC Henriques",
              "bowler": "TMJ Smith",
              "non_striker": "OJ Pope",
              "runs": {
                "batter": 1,
                "extras": 0,
                "total": 1
              }
            },
            {
              "batter": "OJ Pope",
              "bowler": "TMJ Smith",
              "non_striker": "MC Henriques",
              "runs": {
                "batter": 1,
                "extras": 0,
                "total": 1
              }
            },
            {
              "batter": "MC Henriques",
              "bowler": "TMJ Smith",
              "non_striker": "OJ Pope",
              "runs": {
                "batter": 1,
                "extras": 0,
                "total": 1
              }
            },
            {
              "batter": "OJ Pope",
              "bowler": "TMJ Smith",
              "non_striker": "MC Henriques",
              "runs": {
                "batter": 1,
                "extras": 0,
                "total": 1
              }
            },
            {
              "batter": "MC Henriques",
              "bowler": "TMJ Smith",
              "non_striker": "OJ Pope",
              "runs": {
                "batter": 1,
                "extras": 0,
                "total": 1
              }
            }
          ]
        },
        {
          "over": 9,
          "deliveries": [
            {
              "batter": "MC Henriques",
              "bowler": "DA Payne",
              "non_striker": "OJ Pope",
              "runs": {
                "batter": 1,
                "extras": 0,
                "total": 1
              }
            },
            {
              "batter": "OJ Pope",
              "bowler": "DA Payne",
              "non_striker": "MC Henriques",
              "runs": {
                "batter": 1,
                "extras": 0,
                "total": 1
              }
            },
            {
              "batter": "MC Henriques",
              "bowler": "DA Payne",
              "non_striker": "OJ Pope",
              "runs": {
                "batter": 0,
                "extras": 0,
                "total": 0
              }
            },
            {
              "batter": "MC Henriques",
              "bowler": "DA Payne",
              "non_striker": "OJ Pope",
              "runs": {
                "batter": 1,
                "extras": 0,
                "total": 1
              }
            },
            {
              "batter": "OJ Pope",
              "bowler": "DA Payne",
              "non_striker": "MC Henriques",
              "runs": {
                "batter": 4,
                "extras": 0,
                "total": 4
              }
            },
            {
              "batter": "OJ Pope",
              "bowler": "DA Payne",
              "non_striker": "MC Henriques",
              "runs": {
                "batter": 1,
                "extras": 0,
                "total": 1
              }
            }
          ]
        },
        {
          "over": 10,
          "deliveries": [
            {
              "batter": "OJ Pope",
              "bowler": "GL van Buuren",
              "non_striker": "MC Henriques",
              "runs": {
                "batter": 2,
                "extras": 0,
                "total": 2
              }
            },
            {
              "batter": "OJ Pope",
              "bowler": "GL van Buuren",
              "non_striker": "MC Henriques",
              "runs": {
                "batter": 0,
                "extras": 0,
                "total": 0
              }
            },
            {
              "batter": "OJ Pope",
              "bowler": "GL van Buuren",
              "non_striker": "MC Henriques",
              "runs": {
                "batter": 1,
                "extras": 0,
                "total": 1
              }
            },
            {
              "batter": "MC Henriques",
              "bowler": "GL van Buuren",
              "non_striker": "OJ Pope",
              "runs": {
                "batter": 1,
                "extras": 0,
                "total": 1
              }
            },
            {
              "batter": "OJ Pope",
              "bowler": "GL van Buuren",
              "non_striker": "MC Henriques",
              "runs": {
                "batter": 0,
                "extras": 0,
                "total": 0
              }
            },
            {
              "batter": "OJ Pope",
              "bowler": "GL van Buuren",
              "non_striker": "MC Henriques",
              "runs": {
                "batter": 4,
                "extras": 0,
                "total": 4
              }
            }
          ]
        },
        {
          "over": 11,
          "deliveries": [
            {
              "batter": "MC Henriques",
              "bowler": "BAC Howell",
              "non_striker": "OJ Pope",
              "runs": {
                "batter": 2,
                "extras": 0,
                "total": 2
              }
            },
            {
              "batter": "MC Henriques",
              "bowler": "BAC Howell",
              "non_striker": "OJ Pope",
              "runs": {
                "batter": 1,
                "extras": 0,
                "total": 1
              }
            },
            {
              "batter": "OJ Pope",
              "bowler": "BAC Howell",
              "non_striker": "MC Henriques",
              "runs": {
                "batter": 1,
                "extras": 0,
                "total": 1
              }
            },
            {
              "batter": "MC Henriques",
              "bowler": "BAC Howell",
              "non_striker": "OJ Pope",
              "runs": {
                "batter": 0,
                "extras": 0,
                "total": 0
              }
            },
            {
              "batter": "MC Henriques",
              "bowler": "BAC Howell",
              "non_striker": "OJ Pope",
              "runs": {
                "batter": 1,
                "extras": 0,
                "total": 1
              }
            },
            {
              "batter": "OJ Pope",
              "bowler": "BAC Howell",
              "non_striker": "MC Henriques",
              "runs": {
                "batter": 0,
                "extras": 0,
                "total": 0
              },
              "wickets": [
                {
                  "player_out": "OJ Pope",
                  "fielders": [
                    {
                      "name": "K Noema-Barnett"
                    }
                  ],
                  "kind": "caught"
                }
              ]
            }
          ]
        },
        {
          "over": 12,
          "deliveries": [
            {
              "batter": "MC Henriques",
              "bowler": "TMJ Smith",
              "non_striker": "SM Curran",
              "runs": {
                "batter": 1,
                "extras": 0,
                "total": 1
              }
            },
            {
              "batter": "SM Curran",
              "bowler": "TMJ Smith",
              "non_striker": "MC Henriques",
              "runs": {
                "batter": 0,
                "extras": 0,
                "total": 0
              }
            },
            {
              "batter": "SM Curran",
              "bowler": "TMJ Smith",
              "non_striker": "MC Henriques",
              "runs": {
                "batter": 1,
                "extras": 0,
                "total": 1
              }
            },
            {
              "batter": "MC Henriques",
              "bowler": "TMJ Smith",
              "non_striker": "SM Curran",
              "runs": {
                "batter": 0,
                "extras": 0,
                "total": 0
              }
            },
            {
              "batter": "MC Henriques",
              "bowler": "TMJ Smith",
              "non_striker": "SM Curran",
              "runs": {
                "batter": 4,
                "extras": 0,
                "total": 4
              }
            },
            {
              "batter": "MC Henriques",
              "bowler": "TMJ Smith",
              "non_striker": "SM Curran",
              "runs": {
                "batter": 1,
                "extras": 0,
                "total": 1
              }
            }
          ]
        },
        {
          "over": 13,
          "deliveries": [
            {
              "batter": "MC Henriques",
              "bowler": "CN Miles",
              "extras": {
                "wides": 1
              },
              "non_striker": "SM Curran",
              "runs": {
                "batter": 0,
                "extras": 1,
                "total": 1
              }
            },
            {
              "batter": "MC Henriques",
              "bowler": "CN Miles",
              "non_striker": "SM Curran",
              "runs": {
                "batter": 1,
                "extras": 0,
                "total": 1
              }
            },
            {
              "batter": "SM Curran",
              "bowler": "CN Miles",
              "non_striker": "MC Henriques",
              "runs": {
                "batter": 0,
                "extras": 0,
                "total": 0
              }
            },
            {
              "batter": "SM Curran",
              "bowler": "CN Miles",
              "non_striker": "MC Henriques",
              "runs": {
                "batter": 1,
                "extras": 0,
                "total": 1
              }
            },
            {
              "batter": "MC Henriques",
              "bowler": "CN Miles",
              "non_striker": "SM Curran",
              "runs": {
                "batter": 1,
                "extras": 0,
                "total": 1
              }
            },
            {
              "batter": "SM Curran",
              "bowler": "CN Miles",
              "non_striker": "MC Henriques",
              "runs": {
                "batter": 3,
                "extras": 0,
                "total": 3
              }
            },
            {
              "batter": "MC Henriques",
              "bowler": "CN Miles",
              "extras": {
                "wides": 1
              },
              "non_striker": "SM Curran",
              "runs": {
                "batter": 0,
                "extras": 1,
                "total": 1
              }
            },
            {
              "batter": "MC Henriques",
              "bowler": "CN Miles",
              "non_striker": "SM Curran",
              "runs": {
                "batter": 1,
                "extras": 0,
                "total": 1
              }
            }
          ]
        },
        {
          "over": 14,
          "deliveries": [
            {
              "batter": "MC Henriques",
              "bowler": "TMJ Smith",
              "non_striker": "SM Curran",
              "runs": {
                "batter": 1,
                "extras": 0,
                "total": 1
              }
            },
            {
              "batter": "SM Curran",
              "bowler": "TMJ Smith",
              "non_striker": "MC Henriques",
              "runs": {
                "batter": 1,
                "extras": 0,
                "total": 1
              }
            },
            {
              "batter": "MC Henriques",
              "bowler": "TMJ Smith",
              "extras": {
                "byes": 1
              },
              "non_striker": "SM Curran",
              "runs": {
                "batter": 0,
                "extras": 1,
                "total": 1
              }
            },
            {
              "batter": "SM Curran",
              "bowler": "TMJ Smith",
              "non_striker": "MC Henriques",
              "runs": {
                "batter": 1,
                "extras": 0,
                "total": 1
              }
            },
            {
              "batter": "MC Henriques",
              "bowler": "TMJ Smith",
              "non_striker": "SM Curran",
              "runs": {
                "batter": 1,
                "extras": 0,
                "total": 1
              }
            },
            {
              "batter": "SM Curran",
              "bowler": "TMJ Smith",
              "non_striker": "MC Henriques",
              "runs": {
                "batter": 1,
                "extras": 0,
                "total": 1
              }
            }
          ]
        },
        {
          "over": 15,
          "deliveries": [
            {
              "batter": "SM Curran",
              "bowler": "BAC Howell",
              "non_striker": "MC Henriques",
              "runs": {
                "batter": 1,
                "extras": 0,
                "total": 1
              }
            },
            {
              "batter": "MC Henriques",
              "bowler": "BAC Howell",
              "non_striker": "SM Curran",
              "runs": {
                "batter": 1,
                "extras": 0,
                "total": 1
              },
              "wickets": [
                {
                  "player_out": "MC Henriques",
                  "kind": "run out"
                }
              ]
            },
            {
              "batter": "R Clarke",
              "bowler": "BAC Howell",
              "non_striker": "SM Curran",
              "runs": {
                "batter": 1,
                "extras": 0,
                "total": 1
              }
            },
            {
              "batter": "SM Curran",
              "bowler": "BAC Howell",
              "non_striker": "R Clarke",
              "runs": {
                "batter": 2,
                "extras": 0,
                "total": 2
              }
            },
            {
              "batter": "SM Curran",
              "bowler": "BAC Howell",
              "non_striker": "R Clarke",
              "runs": {
                "batter": 1,
                "extras": 0,
                "total": 1
              }
            },
            {
              "batter": "R Clarke",
              "bowler": "BAC Howell",
              "non_striker": "SM Curran",
              "runs": {
                "batter": 1,
                "extras": 0,
                "total": 1
              }
            }
          ]
        },
        {
          "over": 16,
          "deliveries": [
            {
              "batter": "R Clarke",
              "bowler": "DA Payne",
              "non_striker": "SM Curran",
              "runs": {
                "batter": 6,
                "extras": 0,
                "total": 6
              }
            },
            {
              "batter": "R Clarke",
              "bowler": "DA Payne",
              "non_striker": "SM Curran",
              "runs": {
                "batter": 0,
                "extras": 0,
                "total": 0
              }
            },
            {
              "batter": "R Clarke",
              "bowler": "DA Payne",
              "non_striker": "SM Curran",
              "runs": {
                "batter": 2,
                "extras": 0,
                "total": 2
              }
            },
            {
              "batter": "R Clarke",
              "bowler": "DA Payne",
              "non_striker": "SM Curran",
              "runs": {
                "batter": 0,
                "extras": 0,
                "total": 0
              }
            },
            {
              "batter": "R Clarke",
              "bowler": "DA Payne",
              "non_striker": "SM Curran",
              "runs": {
                "batter": 4,
                "extras": 0,
                "total": 4
              }
            },
            {
              "batter": "R Clarke",
              "bowler": "DA Payne",
              "non_striker": "SM Curran",
              "runs": {
                "batter": 1,
                "extras": 0,
                "total": 1
              }
            }
          ]
        },
        {
          "over": 17,
          "deliveries": [
            {
              "batter": "R Clarke",
              "bowler": "CN Miles",
              "non_striker": "SM Curran",
              "runs": {
                "batter": 0,
                "extras": 0,
                "total": 0
              }
            },
            {
              "batter": "R Clarke",
              "bowler": "CN Miles",
              "non_striker": "SM Curran",
              "runs": {
                "batter": 0,
                "extras": 0,
                "total": 0
              },
              "wickets": [
                {
                  "player_out": "R Clarke",
                  "kind": "run out"
                }
              ]
            },
            {
              "batter": "SG Borthwick",
              "bowler": "CN Miles",
              "extras": {
                "noballs": 2
              },
              "non_striker": "SM Curran",
              "runs": {
                "batter": 0,
                "extras": 2,
                "total": 2
              }
            },
            {
              "batter": "SG Borthwick",
              "bowler": "CN Miles",
              "non_striker": "SM Curran",
              "runs": {
                "batter": 0,
                "extras": 0,
                "total": 0
              }
            },
            {
              "batter": "SG Borthwick",
              "bowler": "CN Miles",
              "non_striker": "SM Curran",
              "runs": {
                "batter": 2,
                "extras": 0,
                "total": 2
              }
            },
            {
              "batter": "SG Borthwick",
              "bowler": "CN Miles",
              "non_striker": "SM Curran",
              "runs": {
                "batter": 1,
                "extras": 0,
                "total": 1
              }
            },
            {
              "batter": "SM Curran",
              "bowler": "CN Miles",
              "non_striker": "SG Borthwick",
              "runs": {
                "batter": 0,
                "extras": 0,
                "total": 0
              },
              "wickets": [
                {
                  "player_out": "SM Curran",
                  "kind": "bowled"
                }
              ]
            }
          ]
        },
        {
          "over": 18,
          "deliveries": [
            {
              "batter": "SG Borthwick",
              "bowler": "DA Payne",
              "non_striker": "SC Meaker",
              "runs": {
                "batter": 1,
                "extras": 0,
                "total": 1
              }
            },
            {
              "batter": "SC Meaker",
              "bowler": "DA Payne",
              "non_striker": "SG Borthwick",
              "runs": {
                "batter": 2,
                "extras": 0,
                "total": 2
              }
            },
            {
              "batter": "SC Meaker",
              "bowler": "DA Payne",
              "non_striker": "SG Borthwick",
              "runs": {
                "batter": 4,
                "extras": 0,
                "total": 4
              }
            },
            {
              "batter": "SC Meaker",
              "bowler": "DA Payne",
              "non_striker": "SG Borthwick",
              "runs": {
                "batter": 0,
                "extras": 0,
                "total": 0
              },
              "wickets": [
                {
                  "player_out": "SC Meaker",
                  "kind": "bowled"
                }
              ]
            },
            {
              "batter": "GJ Batty",
              "bowler": "DA Payne",
              "extras": {
                "noballs": 2
              },
              "non_striker": "SG Borthwick",
              "runs": {
                "batter": 0,
                "extras": 2,
                "total": 2
              }
            },
            {
              "batter": "GJ Batty",
              "bowler": "DA Payne",
              "non_striker": "SG Borthwick",
              "runs": {
                "batter": 2,
                "extras": 0,
                "total": 2
              }
            },
            {
              "batter": "GJ Batty",
              "bowler": "DA Payne",
              "non_striker": "SG Borthwick",
              "runs": {
                "batter": 1,
                "extras": 0,
                "total": 1
              }
            }
          ]
        },
        {
          "over": 19,
          "deliveries": [
            {
              "batter": "GJ Batty",
              "bowler": "K Noema-Barnett",
              "extras": {
                "legbyes": 2
              },
              "non_striker": "SG Borthwick",
              "runs": {
                "batter": 0,
                "extras": 2,
                "total": 2
              }
            },
            {
              "batter": "GJ Batty",
              "bowler": "K Noema-Barnett",
              "non_striker": "SG Borthwick",
              "runs": {
                "batter": 4,
                "extras": 0,
                "total": 4
              }
            }
          ]
        }
      ],
      "powerplays": [
        {
          "from": 0.1,
          "to": 5.6,
          "type": "mandatory"
        }
      ],
      "target": {
        "overs": 20,
        "runs": 131
      }
    }
  ]
}