{
  "meta": {
    "data_version": "1.0.0",
    "created": "2020-07-20",
    "revision": 1
  },
  "info": {
    "balls_per_over": 6,
    "city": "Worcester",
    "dates": [
      "2017-07-19"
    ],
    "event": {
      "name": "NatWest T20 Blast",
      "group": "North"
    },
    "gender": "male",
    "match_type": "T20",
    "officials": {
      "tv_umpires": [
        "JW Lloyds"
      ],
      "umpires": [
        "RK Illingworth",
        "RJ Bailey"
      ]
    },
    "outcome": {
      "winner": "Derbyshire",
      "by": {
        "wickets": 7
      }
    },
    "overs": 20,
    "player_of_match": [
      "WL Madsen"
    ],
    "players": {
      "Worcestershire": [
        "DKH Mitchell",
        "JM Clarke",
        "BL D'Oliveira",
        "OB Cox",
        "MJ Santner",
        "RA Whiteley",
        "JW Hastings",
        "J Leach",
        "EG Barnard",
        "GH Rhodes",
        "JD Shantry"
      ],
      "Derbyshire": [
        "BA Godleman",
        "MJJ Critchley",
        "LM Reece",
        "WL Madsen",
        "GC Wilson",
        "D Smit",
        "CAJ Brodrick",
        "MJ Henry",
        "AL Hughes",
        "GC Viljoen",
        "Imran Tahir"
      ]
    },
    "registry": {
      "people": {
        "AL Hughes": "1066a976",
        "BA Godleman": "b26b1e3d",
        "BL D'Oliveira": "9679838c",
        "CAJ Brodrick": "c56819b2",
        "D Smit": "4bb02ef1",
        "DKH Mitchell": "8108e2d2",
        "EG Barnard": "a510bdd3",
        "GC Viljoen": "a316d663",
        "GC Wilson": "05de1a5a",
        "GH Rhodes": "fd8a9b23",
        "Imran Tahir": "acee4cc4",
        "J Leach": "cd143bca",
        "JD Shantry": "70fdd428",
        "JM Clarke": "2eca67f5",
        "JW Hastings": "012829ff",
        "JW Lloyds": "112b8472",
        "LM Reece": "9789e56e",
        "MJ Henry": "e84ac20c",
        "MJ Santner": "e4a0deae",
        "MJJ Critchley": "c5cc48bc",
        "OB Cox": "324a6ee1",
        "RA Whiteley": "d346d939",
        "RJ Bailey": "6bd04fa5",
        "RK Illingworth": "20672246",
        "WL Madsen": "86e0f3f0"
      }
    },
    "season": "2017",
    "team_type": "club",
    "teams": [
      "Worcestershire",
      "Derbyshire"
    ],
    "toss": {
      "decision": "field",
      "winner": "Derbyshire"
    },
    "venue": "County Ground, New Road"
  },
  "innings": [
    {
      "team": "Worcestershire",
      "overs": [
        {
          "over": 0,
          "deliveries": [
            {
              "batter": "DKH Mitchell",
              "bowler": "WL Madsen",
              "extras": {
                "wides": 1
              },
              "non_striker": "JM Clarke",
              "runs": {
                "batter": 0,
                "extras": 1,
                "total": 1
              }
            },
            {
              "batter": "DKH Mitchell",
              "bowler": "WL Madsen",
              "non_striker": "JM Clarke",
              "runs": {
                "batter": 2,
                "extras": 0,
                "total": 2
              }
            },
            {
              "batter": "DKH Mitchell",
              "bowler": "WL Madsen",
              "non_striker": "JM Clarke",
              "runs": {
                "batter": 0,
                "extras": 0,
                "total": 0
              }
            },
            {
              "batter": "DKH Mitchell",
              "bowler": "WL Madsen",
              "non_striker": "JM Clarke",
              "runs": {
                "batter": 1,
                "extras": 0,
                "total": 1
              }
            },
            {
              "batter": "JM Clarke",
              "bowler": "WL Madsen",
              "non_striker": "DKH Mitchell",
              "runs": {
                "batter": 0,
                "extras": 0,
                "total": 0
              }
            },
            {
              "batter": "JM Clarke",
              "bowler": "WL Madsen",
              "non_striker": "DKH Mitchell",
              "runs": {
                "batter": 1,
                "extras": 0,
                "total": 1
              }
            },
            {
              "batter": "DKH Mitchell",
              "bowler": "WL Madsen",
              "non_striker": "JM Clarke",
              "runs": {
                "batter": 0,
                "extras": 0,
                "total": 0
              },
              "wickets": [
                {
                  "player_out": "DKH Mitchell",
                  "fielders": [
                    {
                      "name": "GC Wilson"
                    }
                  ],
                  "kind": "caught"
                }
              ]
            }
          ]
        },
        {
          "over": 1,
          "deliveries": [
            {
              "batter": "JM Clarke",
              "bowler": "LM Reece",
              "non_striker": "BL D'Oliveira",
              "runs": {
                "batter": 0,
                "extras": 0,
                "total": 0
              }
            },
            {
              "batter": "JM Clarke",
              "bowler": "LM Reece",
              "non_striker": "BL D'Oliveira",
              "runs": {
                "batter": 6,
                "extras": 0,
                "total": 6
              }
            },
            {
              "batter": "JM Clarke",
              "bowler": "LM Reece",
              "non_striker": "BL D'Oliveira",
              "runs": {
                "batter": 4,
                "extras": 0,
                "total": 4
              }
            },
            {
              "batter": "JM Clarke",
              "bowler": "LM Reece",
              "non_striker": "BL D'Oliveira",
              "runs": {
                "batter": 2,
                "extras": 0,
                "total": 2
              }
            },
            {
              "batter": "JM Clarke",
              "bowler": "LM Reece",
              "non_striker": "BL D'Oliveira",
              "runs": {
                "batter": 1,
                "extras": 0,
                "total": 1
              }
            },
            {
              "batter": "BL D'Oliveira",
              "bowler": "LM Reece",
              "non_striker": "JM Clarke",
              "runs": {
                "batter": 0,
                "extras": 0,
                "total": 0
              }
            }
          ]
        },
        {
          "over": 2,
          "deliveries": [
            {
              "batter": "JM Clarke",
              "bowler": "AL Hughes",
              "non_striker": "BL D'Oliveira",
              "runs": {
                "batter": 4,
                "extras": 0,
                "total": 4
              }
            },
            {
              "batter": "JM Clarke",
              "bowler": "AL Hughes",
              "non_striker": "BL D'Oliveira",
              "runs": {
                "batter": 4,
                "extras": 0,
                "total": 4
              }
            },
            {
              "batter": "JM Clarke",
              "bowler": "AL Hughes",
              "non_striker": "BL D'Oliveira",
              "runs": {
                "batter": 1,
                "extras": 0,
                "total": 1
              }
            },
            {
              "batter": "BL D'Oliveira",
              "bowler": "AL Hughes",
              "non_striker": "JM Clarke",
              "runs": {
                "batter": 0,
                "extras": 0,
                "total": 0
              }
            },
            {
              "batter": "BL D'Oliveira",
              "bowler": "AL Hughes",
              "non_striker": "JM Clarke",
              "runs": {
                "batter": 0,
                "extras": 0,
                "total": 0
              }
            },
            {
              "batter": "BL D'Oliveira",
              "bowler": "AL Hughes",
              "non_striker": "JM Clarke",
              "runs": {
                "batter": 4,
                "extras": 0,
                "total": 4
              }
            }
          ]
        },
        {
          "over": 3,
          "deliveries": [
            {
              "batter": "JM Clarke",
              "bowler": "MJ Henry",
              "non_striker": "BL D'Oliveira",
              "runs": {
                "batter": 0,
                "extras": 0,
                "total": 0
              }
            },
            {
              "batter": "JM Clarke",
              "bowler": "MJ Henry",
              "non_striker": "BL D'Oliveira",
              "runs": {
                "batter": 0,
                "extras": 0,
                "total": 0
              }
            },
            {
              "batter": "JM Clarke",
              "bowler": "MJ Henry",
              "non_striker": "BL D'Oliveira",
              "runs": {
                "batter": 1,
                "extras": 0,
                "total": 1
              }
            },
            {
              "batter": "BL D'Oliveira",
              "bowler": "MJ Henry",
              "non_striker": "JM Clarke",
              "runs": {
                "batter": 3,
                "extras": 0,
                "total": 3
              }
            },
            {
              "batter": "JM Clarke",
              "bowler": "MJ Henry",
              "non_striker": "BL D'Oliveira",
              "runs": {
                "batter": 4,
                "extras": 0,
                "total": 4
              }
            },
            {
              "batter": "JM Clarke",
              "bowler": "MJ Henry",
              "non_striker": "BL D'Oliveira",
              "runs": {
                "batter": 4,
                "extras": 0,
                "total": 4
              }
            }
          ]
        },
        {
          "over": 4,
          "deliveries": [
            {
              "batter": "BL D'Oliveira",
              "bowler": "GC Viljoen",
              "non_striker": "JM Clarke",
              "runs": {
                "batter": 0,
                "extras": 0,
                "total": 0
              }
            },
            {
              "batter": "BL D'Oliveira",
              "bowler": "GC Viljoen",
              "non_striker": "JM Clarke",
              "runs": {
                "batter": 4,
                "extras": 0,
                "total": 4
              }
            },
            {
              "batter": "BL D'Oliveira",
              "bowler": "GC Viljoen",
              "non_striker": "JM Clarke",
              "runs": {
                "batter": 1,
                "extras": 0,
                "total": 1
              }
            },
            {
              "batter": "JM Clarke",
              "bowler": "GC Viljoen",
              "non_striker": "BL D'Oliveira",
              "runs": {
                "batter": 4,
                "extras": 0,
                "total": 4
              }
            },
            {
              "batter": "JM Clarke",
              "bowler": "GC Viljoen",
              "non_striker": "BL D'Oliveira",
              "runs": {
                "batter": 6,
                "extras": 0,
                "total": 6
              }
            },
            {
              "batter": "JM Clarke",
              "bowler": "GC Viljoen",
              "non_striker": "BL D'Oliveira",
              "runs": {
                "batter": 0,
                "extras": 0,
                "total": 0
              },
              "wickets": [
                {
                  "player_out": "JM Clarke",
                  "kind": "bowled"
                }
              ]
            }
          ]
        },
        {
          "over": 5,
          "deliveries": [
            {
              "batter": "BL D'Oliveira",
              "bowler": "WL Madsen",
              "non_striker": "OB Cox",
              "runs": {
                "batter": 1,
                "extras": 0,
                "total": 1
              }
            },
            {
              "batter": "OB Cox",
              "bowler": "WL Madsen",
              "non_striker": "BL D'Oliveira",
              "runs": {
                "batter": 1,
                "extras": 0,
                "total": 1
              }
            },
            {
              "batter": "BL D'Oliveira",
              "bowler": "WL Madsen",
              "non_striker": "OB Cox",
              "runs": {
                "batter": 1,
                "extras": 0,
                "total": 1
              }
            },
            {
              "batter": "OB Cox",
              "bowler": "WL Madsen",
              "non_striker": "BL D'Oliveira",
              "runs": {
                "batter": 1,
                "extras": 0,
                "total": 1
              }
            },
            {
              "batter": "BL D'Oliveira",
              "bowler": "WL Madsen",
              "non_striker": "OB Cox",
              "runs": {
                "batter": 0,
                "extras": 0,
                "total": 0
              }
            },
            {
              "batter": "BL D'Oliveira",
              "bowler": "WL Madsen",
              "non_striker": "OB Cox",
              "runs": {
                "batter": 1,
                "extras": 0,
                "total": 1
              }
            }
          ]
        },
        {
          "over": 6,
          "deliveries": [
            {
              "batter": "BL D'Oliveira",
              "bowler": "Imran Tahir",
              "non_striker": "OB Cox",
              "runs": {
                "batter": 0,
                "extras": 0,
                "total": 0
              }
            },
            {
              "batter": "BL D'Oliveira",
              "bowler": "Imran Tahir",
              "non_striker": "OB Cox",
              "runs": {
                "batter": 1,
                "extras": 0,
                "total": 1
              }
            },
            {
              "batter": "OB Cox",
              "bowler": "Imran Tahir",
              "non_striker": "BL D'Oliveira",
              "runs": {
                "batter": 1,
                "extras": 0,
                "total": 1
              }
            },
            {
              "batter": "BL D'Oliveira",
              "bowler": "Imran Tahir",
              "non_striker": "OB Cox",
              "runs": {
                "batter": 1,
                "extras": 0,
                "total": 1
              }
            },
            {
              "batter": "OB Cox",
              "bowler": "Imran Tahir",
              "non_striker": "BL D'Oliveira",
              "runs": {
                "batter": 0,
                "extras": 0,
                "total": 0
              }
            },
            {
              "batter": "OB Cox",
              "bowler": "Imran Tahir",
              "non_striker": "BL D'Oliveira",
              "runs": {
                "batter": 1,
                "extras": 0,
                "total": 1
              }
            }
          ]
        },
        {
          "over": 7,
          "deliveries": [
            {
              "batter": "OB Cox",
              "bowler": "LM Reece",
              "non_striker": "BL D'Oliveira",
              "runs": {
                "batter": 1,
                "extras": 0,
                "total": 1
              }
            },
            {
              "batter": "BL D'Oliveira",
              "bowler": "LM Reece",
              "non_striker": "OB Cox",
              "runs": {
                "batter": 1,
                "extras": 0,
                "total": 1
              }
            },
            {
              "batter": "OB Cox",
              "bowler": "LM Reece",
              "non_striker": "BL D'Oliveira",
              "runs": {
                "batter": 0,
                "extras": 0,
                "total": 0
              }
            },
            {
              "batter": "OB Cox",
              "bowler": "LM Reece",
              "non_striker": "BL D'Oliveira",
              "runs": {
                "batter": 2,
                "extras": 0,
                "total": 2
              }
            },
            {
              "batter": "OB Cox",
              "bowler": "LM Reece",
              "non_striker": "BL D'Oliveira",
              "runs": {
                "batter": 1,
                "extras": 0,
                "total": 1
              }
            },
            {
              "batter": "BL D'Oliveira",
              "bowler": "LM Reece",
              "non_striker": "OB Cox",
              "runs": {
                "batter": 1,
                "extras": 0,
                "total": 1
              }
            }
          ]
        },
        {
          "over": 8,
          "deliveries": [
            {
              "batter": "BL D'Oliveira",
              "bowler": "Imran Tahir",
              "non_striker": "OB Cox",
              "runs": {
                "batter": 1,
                "extras": 0,
                "total": 1
              }
            },
            {
              "batter": "OB Cox",
              "bowler": "Imran Tahir",
              "extras": {
                "legbyes": 1
              },
              "non_striker": "BL D'Oliveira",
              "runs": {
                "batter": 0,
                "extras": 1,
                "total": 1
              }
            },
            {
              "batter": "BL D'Oliveira",
              "bowler": "Imran Tahir",
              "non_striker": "OB Cox",
              "runs": {
                "batter": 1,
                "extras": 0,
                "total": 1
              }
            },
            {
              "batter": "OB Cox",
              "bowler": "Imran Tahir",
              "non_striker": "BL D'Oliveira",
              "runs": {
                "batter": 0,
                "extras": 0,
                "total": 0
              }
            },
            {
              "batter": "OB Cox",
              "bowler": "Imran Tahir",
              "non_striker": "BL D'Oliveira",
              "runs": {
                "batter": 1,
                "extras": 0,
                "total": 1
              }
            },
            {
              "batter": "BL D'Oliveira",
              "bowler": "Imran Tahir",
              "non_striker": "OB Cox",
              "runs": {
                "batter": 0,
                "extras": 0,
                "total": 0
              }
            }
          ]
        },
        {
          "over": 9,
          "deliveries": [
            {
              "batter": "OB Cox",
              "bowler": "WL Madsen",
              "non_striker": "BL D'Oliveira",
              "runs": {
                "batter": 1,
                "extras": 0,
                "total": 1
              }
            },
            {
              "batter": "BL D'Oliveira",
              "bowler": "WL Madsen",
              "extras": {
                "wides": 2
              },
              "non_striker": "OB Cox",
              "runs": {
                "batter": 0,
                "extras": 2,
                "total": 2
              }
            },
            {
              "batter": "OB Cox",
              "bowler": "WL Madsen",
              "non_striker": "BL D'Oliveira",
              "runs": {
                "batter": 1,
                "extras": 0,
                "total": 1
              }
            },
            {
              "batter": "BL D'Oliveira",
              "bowler": "WL Madsen",
              "non_striker": "OB Cox",
              "runs": {
                "batter": 2,
                "extras": 0,
                "total": 2
              }
            },
            {
              "batter": "BL D'Oliveira",
              "bowler": "WL Madsen",
              "non_striker": "OB Cox",
              "runs": {
                "batter": 0,
                "extras": 0,
                "total": 0
              },
              "wickets": [
                {
                  "player_out": "BL D'Oliveira",
                  "kind": "lbw"
                }
              ]
            },
            {
              "batter": "MJ Santner",
              "bowler": "WL Madsen",
              "non_striker": "OB Cox",
              "runs": {
                "batter": 1,
                "extras": 0,
                "total": 1
              }
            },
            {
              "batter": "OB Cox",
              "bowler": "WL Madsen",
              "non_striker": "MJ Santner",
              "runs": {
                "batter": 1,
                "extras": 0,
                "total": 1
              }
            }
          ]
        },
        {
          "over": 10,
          "deliveries": [
            {
              "batter": "OB Cox",
              "bowler": "LM Reece",
              "non_striker": "MJ Santner",
              "runs": {
                "batter": 4,
                "extras": 0,
                "total": 4
              }
            },
            {
              "batter": "OB Cox",
              "bowler": "LM Reece",
              "non_striker": "MJ Santner",
              "runs": {
                "batter": 1,
                "extras": 0,
                "total": 1
              }
            },
            {
              "batter": "MJ Santner",
              "bowler": "LM Reece",
              "non_striker": "OB Cox",
              "runs": {
                "batter": 1,
                "extras": 0,
                "total": 1
              }
            },
            {
              "batter": "OB Cox",
              "bowler": "LM Reece",
              "non_striker": "MJ Santner",
              "runs": {
                "batter": 0,
                "extras": 0,
                "total": 0
              }
            },
            {
              "batter": "OB Cox",
              "bowler": "LM Reece",
              "non_striker": "MJ Santner",
              "runs": {
                "batter": 0,
                "extras": 0,
                "total": 0
              }
            },
            {
              "batter": "OB Cox",
              "bowler": "LM Reece",
              "non_striker": "MJ Santner",
              "runs": {
                "batter": 6,
                "extras": 0,
                "total": 6
              }
            }
          ]
        },
        {
          "over": 11,
          "deliveries": [
            {
              "batter": "MJ Santner",
              "bowler": "GC Viljoen",
              "non_striker": "OB Cox",
              "runs": {
                "batter": 0,
                "extras": 0,
                "total": 0
              }
            },
            {
              "batter": "MJ Santner",
              "bowler": "GC Viljoen",
              "non_striker": "OB Cox",
              "runs": {
                "batter": 4,
                "extras": 0,
                "total": 4
              }
            },
            {
              "batter": "MJ Santner",
              "bowler": "GC Viljoen",
              "extras": {
                "wides": 1
              },
              "non_striker": "OB Cox",
              "runs": {
                "batter": 0,
                "extras": 1,
                "total": 1
              }
            },
            {
              "batter": "MJ Santner",
              "bowler": "GC Viljoen",
              "non_striker": "OB Cox",
              "runs": {
                "batter": 0,
                "extras": 0,
                "total": 0
              }
            },
            {
              "batter": "MJ Santner",
              "bowler": "GC Viljoen",
              "non_striker": "OB Cox",
              "runs": {
                "batter": 2,
                "extras": 0,
                "total": 2
              }
            },
            {
              "batter": "MJ Santner",
              "bowler": "GC Viljoen",
              "non_striker": "OB Cox",
              "runs": {
                "batter": 0,
                "extras": 0,
                "total": 0
              }
            },
            {
              "batter": "MJ Santner",
              "bowler": "GC Viljoen",
              "non_striker": "OB Cox",
              "runs": {
                "batter": 4,
                "extras": 0,
                "total": 4
              }
            }
          ]
        },
        {
          "over": 12,
          "deliveries": [
            {
              "batter": "OB Cox",
              "bowler": "Imran Tahir",
              "non_striker": "MJ Santner",
              "runs": {
                "batter": 1,
                "extras": 0,
                "total": 1
              }
            },
            {
              "batter": "MJ Santner",
              "bowler": "Imran Tahir",
              "non_striker": "OB Cox",
              "runs": {
                "batter": 1,
                "extras": 0,
                "total": 1
              }
            },
            {
              "batter": "OB Cox",
              "bowler": "Imran Tahir",
              "non_striker": "MJ Santner",
              "runs": {
                "batter": 1,
                "extras": 0,
                "total": 1
              }
            },
            {
              "batter": "MJ Santner",
              "bowler": "Imran Tahir",
              "extras": {
                "wides": 1
              },
              "non_striker": "OB Cox",
              "runs": {
                "batter": 0,
                "extras": 1,
                "total": 1
              }
            },
            {
              "batter": "MJ Santner",
              "bowler": "Imran Tahir",
              "non_striker": "OB Cox",
              "runs": {
                "batter": 0,
                "extras": 0,
                "total": 0
              }
            },
            {
              "batter": "MJ Santner",
              "bowler": "Imran Tahir",
              "non_striker": "OB Cox",
              "runs": {
                "batter": 0,
                "extras": 0,
                "total": 0
              },
              "wickets": [
                {
                  "player_out": "MJ Santner",
                  "fielders": [
                    {
                      "name": "D Smit"
                    }
                  ],
                  "kind": "caught"
                }
              ]
            },
            {
              "batter": "RA Whiteley",
              "bowler": "Imran Tahir",
              "non_striker": "OB Cox",
              "runs": {
                "batter": 0,
                "extras": 0,
                "total": 0
              }
            }
          ]
        },
        {
          "over": 13,
          "deliveries": [
            {
              "batter": "OB Cox",
              "bowler": "WL Madsen",
              "non_striker": "RA Whiteley",
              "runs": {
                "batter": 1,
                "extras": 0,
                "total": 1
              }
            },
            {
              "batter": "RA Whiteley",
              "bowler": "WL Madsen",
              "non_striker": "OB Cox",
              "runs": {
                "batter": 0,
                "extras": 0,
                "total": 0
              }
            },
            {
              "batter": "RA Whiteley",
              "bowler": "WL Madsen",
              "non_striker": "OB Cox",
              "runs": {
                "batter": 0,
                "extras": 0,
                "total": 0
              }
            },
            {
              "batter": "RA Whiteley",
              "bowler": "WL Madsen",
              "non_striker": "OB Cox",
              "runs": {
                "batter": 0,
                "extras": 0,
                "total": 0
              }
            },
            {
              "batter": "RA Whiteley",
              "bowler": "WL Madsen",
              "non_striker": "OB Cox",
              "runs": {
                "batter": 0,
                "extras": 0,
                "total": 0
              }
            },
            {
              "batter": "RA Whiteley",
              "bowler": "WL Madsen",
              "non_striker": "OB Cox",
              "runs": {
                "batter": 1,
                "extras": 0,
                "total": 1
              }
            }
          ]
        },
        {
          "over": 14,
          "deliveries": [
            {
              "batter": "RA Whiteley",
              "bowler": "MJ Henry",
              "non_striker": "OB Cox",
              "runs": {
                "batter": 0,
                "extras": 0,
                "total": 0
              }
            },
            {
              "batter": "RA Whiteley",
              "bowler": "MJ Henry",
              "non_striker": "OB Cox",
              "runs": {
                "batter": 0,
                "extras": 0,
                "total": 0
              }
            },
            {
              "batter": "RA Whiteley",
              "bowler": "MJ Henry",
              "non_striker": "OB Cox",
              "runs": {
                "batter": 1,
                "extras": 0,
                "total": 1
              }
            },
            {
              "batter": "OB Cox",
              "bowler": "MJ Henry",
              "extras": {
                "legbyes": 2
              },
              "non_striker": "RA Whiteley",
              "runs": {
                "batter": 0,
                "extras": 2,
                "total": 2
              }
            },
            {
              "batter": "OB Cox",
              "bowler": "MJ Henry",
              "non_striker": "RA Whiteley",
              "runs": {
                "batter": 2,
                "extras": 0,
                "total": 2
              }
            },
            {
              "batter": "OB Cox",
              "bowler": "MJ Henry",
              "non_striker": "RA Whiteley",
              "runs": {
                "batter": 0,
                "extras": 0,
                "total": 0
              }
            }
          ]
        },
        {
          "over": 15,
          "deliveries": [
            {
              "batter": "RA Whiteley",
              "bowler": "AL Hughes",
              "non_striker": "OB Cox",
              "runs": {
                "batter": 0,
                "extras": 0,
                "total": 0
              }
            },
            {
              "batter": "RA Whiteley",
              "bowler": "AL Hughes",
              "non_striker": "OB Cox",
              "runs": {
                "batter": 0,
                "extras": 0,
                "total": 0
              }
            },
            {
              "batter": "RA Whiteley",
              "bowler": "AL Hughes",
              "non_striker": "OB Cox",
              "runs": {
                "batter": 6,
                "extras": 0,
                "total": 6
              }
            },
            {
              "batter": "RA Whiteley",
              "bowler": "AL Hughes",
              "non_striker": "OB Cox",
              "runs": {
                "batter": 1,
                "extras": 0,
                "total": 1
              }
            },
            {
              "batter": "OB Cox",
              "bowler": "AL Hughes",
              "non_striker": "RA Whiteley",
              "runs": {
                "batter": 1,
                "extras": 0,
                "total": 1
              }
            },
            {
              "batter": "RA Whiteley",
              "bowler": "AL Hughes",
              "non_striker": "OB Cox",
              "runs": {
                "batter": 1,
                "extras": 0,
                "total": 1
              }
            }
          ]
        },
        {
          "over": 16,
          "deliveries": [
            {
              "batter": "RA Whiteley",
              "bowler": "Imran Tahir",
              "non_striker": "OB Cox",
              "runs": {
                "batter": 1,
                "extras": 0,
                "total": 1
              }
            },
            {
              "batter": "OB Cox",
              "bowler": "Imran Tahir",
              "non_striker": "RA Whiteley",
              "runs": {
                "batter": 4,
                "extras": 0,
                "total": 4
              }
            },
            {
              "batter": "OB Cox",
              "bowler": "Imran Tahir",
              "non_striker": "RA Whiteley",
              "runs": {
                "batter": 1,
                "extras": 0,
                "total": 1
              }
            },
            {
              "batter": "RA Whiteley",
              "bowler": "Imran Tahir",
              "non_striker": "OB Cox",
              "runs": {
                "batter": 0,
                "extras": 0,
                "total": 0
              }
            },
            {
              "batter": "RA Whiteley",
              "bowler": "Imran Tahir",
              "non_striker": "OB Cox",
              "runs": {
                "batter": 6,
                "extras": 0,
                "total": 6
              }
            },
            {
              "batter": "RA Whiteley",
              "bowler": "Imran Tahir",
              "non_striker": "OB Cox",
              "runs": {
                "batter": 4,
                "extras": 0,
                "total": 4
              }
            }
          ]
        },
        {
          "over": 17,
          "deliveries": [
            {
              "batter": "OB Cox",
              "bowler": "MJ Henry",
              "non_striker": "RA Whiteley",
              "runs": {
                "batter": 0,
                "extras": 0,
                "total": 0
              }
            },
            {
              "batter": "OB Cox",
              "bowler": "MJ Henry",
              "non_striker": "RA Whiteley",
              "runs": {
                "batter": 2,
                "extras": 0,
                "total": 2
              }
            },
            {
              "batter": "OB Cox",
              "bowler": "MJ Henry",
              "non_striker": "RA Whiteley",
              "runs": {
                "batter": 1,
                "extras": 0,
                "total": 1
              }
            },
            {
              "batter": "RA Whiteley",
              "bowler": "MJ Henry",
              "non_striker": "OB Cox",
              "runs": {
                "batter": 2,
                "extras": 0,
                "total": 2
              }
            },
            {
              "batter": "RA Whiteley",
              "bowler": "MJ Henry",
              "non_striker": "OB Cox",
              "runs": {
                "batter": 4,
                "extras": 0,
                "total": 4
              }
            },
            {
              "batter": "RA Whiteley",
              "bowler": "MJ Henry",
              "non_striker": "OB Cox",
              "runs": {
                "batter": 1,
                "extras": 0,
                "total": 1
              }
            }
          ]
        },
        {
          "over": 18,
          "deliveries": [
            {
              "batter": "RA Whiteley",
              "bowler": "GC Viljoen",
              "non_striker": "OB Cox",
              "runs": {
                "batter": 4,
                "extras": 0,
                "total": 4
              }
            },
            {
              "batter": "RA Whiteley",
              "bowler": "GC Viljoen",
              "non_striker": "OB Cox",
              "runs": {
                "batter": 1,
                "extras": 0,
                "total": 1
              }
            },
            {
              "batter": "OB Cox",
              "bowler": "GC Viljoen",
              "non_striker": "RA Whiteley",
              "runs": {
                "batter": 1,
                "extras": 0,
                "total": 1
              }
            },
            {
              "batter": "RA Whiteley",
              "bowler": "GC Viljoen",
              "non_striker": "OB Cox",
              "runs": {
                "batter": 0,
                "extras": 0,
                "total": 0
              }
            },
            {
              "batter": "RA Whiteley",
              "bowler": "GC Viljoen",
              "extras": {
                "noballs": 2
              },
              "non_striker": "OB Cox",
              "runs": {
                "batter": 1,
                "extras": 2,
                "total": 3
              }
            },
            {
              "batter": "OB Cox",
              "bowler": "GC Viljoen",
              "non_striker": "RA Whiteley",
              "runs": {
                "batter": 1,
                "extras": 0,
                "total": 1
              }
            },
            {
              "batter": "RA Whiteley",
              "bowler": "GC Viljoen",
              "non_striker": "OB Cox",
              "runs": {
                "batter": 1,
                "extras": 0,
                "total": 1
              }
            }
          ]
        },
        {
          "over": 19,
          "deliveries": [
            {
              "batter": "RA Whiteley",
              "bowler": "MJ Henry",
              "non_striker": "OB Cox",
              "runs": {
                "batter": 4,
                "extras": 0,
                "total": 4
              }
            },
            {
              "batter": "RA Whiteley",
              "bowler": "MJ Henry",
              "non_striker": "OB Cox",
              "runs": {
                "batter": 0,
                "extras": 0,
                "total": 0
              },
              "wickets": [
                {
                  "player_out": "RA Whiteley",
                  "fielders": [
                    {
                      "name": "GC Wilson"
                    }
                  ],
                  "kind": "caught"
                }
              ]
            },
            {
              "batter": "OB Cox",
              "bowler": "MJ Henry",
              "non_striker": "JW Hastings",
              "runs": {
                "batter": 1,
                "extras": 0,
                "total": 1
              }
            },
            {
              "batter": "JW Hastings",
              "bowler": "MJ Henry",
              "non_striker": "OB Cox",
              "runs": {
                "batter": 4,
                "extras": 0,
                "total": 4
              }
            },
            {
              "batter": "JW Hastings",
              "bowler": "MJ Henry",
              "non_striker": "OB Cox",
              "runs": {
                "batter": 6,
                "extras": 0,
                "total": 6
              }
            },
            {
              "batter": "JW Hastings",
              "bowler": "MJ Henry",
              "non_striker": "OB Cox",
              "runs": {
                "batter": 6,
                "extras": 0,
                "total": 6
              }
            }
          ]
        }
      ],
      "powerplays": [
        {
          "from": 0.1,
          "to": 5.6,
          "type": "mandatory"
        }
      ]
    },
    {
      "team": "Derbyshire",
      "overs": [
        {
          "over": 0,
          "deliveries": [
            {
              "batter": "BA Godleman",
              "bowler": "J Leach",
              "non_striker": "MJJ Critchley",
              "runs": {
                "batter": 4,
                "extras": 0,
                "total": 4
              }
            },
            {
              "batter": "BA Godleman",
              "bowler": "J Leach",
              "non_striker": "MJJ Critchley",
              "runs": {
                "batter": 0,
                "extras": 0,
                "total": 0
              }
            },
            {
              "batter": "BA Godleman",
              "bowler": "J Leach",
              "non_striker": "MJJ Critchley",
              "runs": {
                "batter": 4,
                "extras": 0,
                "total": 4
              }
            },
            {
              "batter": "BA Godleman",
              "bowler": "J Leach",
              "extras": {
                "wides": 1
              },
              "non_striker": "MJJ Critchley",
              "runs": {
                "batter": 0,
                "extras": 1,
                "total": 1
              }
            },
            {
              "batter": "BA Godleman",
              "bowler": "J Leach",
              "non_striker": "MJJ Critchley",
              "runs": {
                "batter": 1,
                "extras": 0,
                "total": 1
              }
            },
            {
              "batter": "MJJ Critchley",
              "bowler": "J Leach",
              "non_striker": "BA Godleman",
              "runs": {
                "batter": 0,
                "extras": 0,
                "total": 0
              }
            },
            {
              "batter": "MJJ Critchley",
              "bowler": "J Leach",
              "non_striker": "BA Godleman",
              "runs": {
                "batter": 0,
                "extras": 0,
                "total": 0
              }
            }
          ]
        },
        {
          "over": 1,
          "deliveries": [
            {
              "batter": "BA Godleman",
              "bowler": "JD Shantry",
              "non_striker": "MJJ Critchley",
              "runs": {
                "batter": 1,
                "extras": 0,
                "total": 1
              }
            },
            {
              "batter": "MJJ Critchley",
              "bowler": "JD Shantry",
              "non_striker": "BA Godleman",
              "runs": {
                "batter": 2,
                "extras": 0,
                "total": 2
              }
            },
            {
              "batter": "MJJ Critchley",
              "bowler": "JD Shantry",
              "non_striker": "BA Godleman",
              "runs": {
                "batter": 1,
                "extras": 0,
                "total": 1
              }
            },
            {
              "batter": "BA Godleman",
              "bowler": "JD Shantry",
              "non_striker": "MJJ Critchley",
              "runs": {
                "batter": 1,
                "extras": 0,
                "total": 1
              }
            },
            {
              "batter": "MJJ Critchley",
              "bowler": "JD Shantry",
              "non_striker": "BA Godleman",
              "runs": {
                "batter": 1,
                "extras": 0,
                "total": 1
              }
            },
            {
              "batter": "BA Godleman",
              "bowler": "JD Shantry",
              "non_striker": "MJJ Critchley",
              "runs": {
                "batter": 4,
                "extras": 0,
                "total": 4
              }
            }
          ]
        },
        {
          "over": 2,
          "deliveries": [
            {
              "batter": "MJJ Critchley",
              "bowler": "J Leach",
              "non_striker": "BA Godleman",
              "runs": {
                "batter": 1,
                "extras": 0,
                "total": 1
              }
            },
            {
              "batter": "BA Godleman",
              "bowler": "J Leach",
              "non_striker": "MJJ Critchley",
              "runs": {
                "batter": 4,
                "extras": 0,
                "total": 4
              }
            },
            {
              "batter": "BA Godleman",
              "bowler": "J Leach",
              "non_striker": "MJJ Critchley",
              "runs": {
                "batter": 1,
                "extras": 0,
                "total": 1
              }
            },
            {
              "batter": "MJJ Critchley",
              "bowler": "J Leach",
              "non_striker": "BA Godleman",
              "runs": {
                "batter": 4,
                "extras": 0,
                "total": 4
              }
            },
            {
              "batter": "MJJ Critchley",
              "bowler": "J Leach",
              "non_striker": "BA Godleman",
              "runs": {
                "batter": 4,
                "extras": 0,
                "total": 4
              }
            },
            {
              "batter": "MJJ Critchley",
              "bowler": "J Leach",
              "non_striker": "BA Godleman",
              "runs": {
                "batter": 4,
                "extras": 0,
                "total": 4
              }
            }
          ]
        },
        {
          "over": 3,
          "deliveries": [
            {
              "batter": "BA Godleman",
              "bowler": "GH Rhodes",
              "non_striker": "MJJ Critchley",
              "runs": {
                "batter": 6,
                "extras": 0,
                "total": 6
              }
            },
            {
              "batter": "BA Godleman",
              "bowler": "GH Rhodes",
              "non_striker": "MJJ Critchley",
              "runs": {
                "batter": 1,
                "extras": 0,
                "total": 1
              }
            },
            {
              "batter": "MJJ Critchley",
              "bowler": "GH Rhodes",
              "non_striker": "BA Godleman",
              "runs": {
                "batter": 2,
                "extras": 0,
                "total": 2
              }
            },
            {
              "batter": "MJJ Critchley",
              "bowler": "GH Rhodes",
              "non_striker": "BA Godleman",
              "runs": {
                "batter": 4,
                "extras": 0,
                "total": 4
              }
            },
            {
              "batter": "MJJ Critchley",
              "bowler": "GH Rhodes",
              "non_striker": "BA Godleman",
              "runs": {
                "batter": 0,
                "extras": 0,
                "total": 0
              }
            },
            {
              "batter": "MJJ Critchley",
              "bowler": "GH Rhodes",
              "non_striker": "BA Godleman",
              "runs": {
                "batter": 6,
                "extras": 0,
                "total": 6
              }
            }
          ]
        },
        {
          "over": 4,
          "deliveries": [
            {
              "batter": "BA Godleman",
              "bowler": "JW Hastings",
              "non_striker": "MJJ Critchley",
              "runs": {
                "batter": 2,
                "extras": 0,
                "total": 2
              }
            },
            {
              "batter": "BA Godleman",
              "bowler": "JW Hastings",
              "extras": {
                "wides": 1
              },
              "non_striker": "MJJ Critchley",
              "runs": {
                "batter": 0,
                "extras": 1,
                "total": 1
              }
            },
            {
              "batter": "BA Godleman",
              "bowler": "JW Hastings",
              "non_striker": "MJJ Critchley",
              "runs": {
                "batter": 0,
                "extras": 0,
                "total": 0
              }
            },
            {
              "batter": "BA Godleman",
              "bowler": "JW Hastings",
              "non_striker": "MJJ Critchley",
              "runs": {
                "batter": 1,
                "extras": 0,
                "total": 1
              }
            },
            {
              "batter": "MJJ Critchley",
              "bowler": "JW Hastings",
              "non_striker": "BA Godleman",
              "runs": {
                "batter": 1,
                "extras": 0,
                "total": 1
              }
            },
            {
              "batter": "BA Godleman",
              "bowler": "JW Hastings",
              "non_striker": "MJJ Critchley",
              "runs": {
                "batter": 1,
                "extras": 0,
                "total": 1
              }
            },
            {
              "batter": "MJJ Critchley",
              "bowler": "JW Hastings",
              "non_striker": "BA Godleman",
              "runs": {
                "batter": 1,
                "extras": 0,
                "total": 1
              }
            }
          ]
        },
        {
          "over": 5,
          "deliveries": [
            {
              "batter": "MJJ Critchley",
              "bowler": "JD Shantry",
              "non_striker": "BA Godleman",
              "runs": {
                "batter": 0,
                "extras": 0,
                "total": 0
              },
              "wickets": [
                {
                  "player_out": "MJJ Critchley",
                  "fielders": [
                    {
                      "name": "RA Whiteley"
                    }
                  ],
                  "kind": "caught"
                }
              ]
            },
            {
              "batter": "BA Godleman",
              "bowler": "JD Shantry",
              "non_striker": "LM Reece",
              "runs": {
                "batter": 1,
                "extras": 0,
                "total": 1
              }
            },
            {
              "batter": "LM Reece",
              "bowler": "JD Shantry",
              "non_striker": "BA Godleman",
              "runs": {
                "batter": 0,
                "extras": 0,
                "total": 0
              }
            },
            {
              "batter": "LM Reece",
              "bowler": "JD Shantry",
              "non_striker": "BA Godleman",
              "runs": {
                "batter": 4,
                "extras": 0,
                "total": 4
              }
            },
            {
              "batter": "LM Reece",
              "bowler": "JD Shantry",
              "non_striker": "BA Godleman",
              "runs": {
                "batter": 4,
                "extras": 0,
                "total": 4
              }
            },
            {
              "batter": "LM Reece",
              "bowler": "JD Shantry",
              "non_striker": "BA Godleman",
              "runs": {
                "batter": 0,
                "extras": 0,
                "total": 0
              }
            }
          ]
        },
        {
          "over": 6,
          "deliveries": [
            {
              "batter": "BA Godleman",
              "bowler": "MJ Santner",
              "non_striker": "LM Reece",
              "runs": {
                "batter": 1,
                "extras": 0,
                "total": 1
              }
            },
            {
              "batter": "LM Reece",
              "bowler": "MJ Santner",
              "non_striker": "BA Godleman",
              "runs": {
                "batter": 0,
                "extras": 0,
                "total": 0
              }
            },
            {
              "batter": "LM Reece",
              "bowler": "MJ Santner",
              "non_striker": "BA Godleman",
              "runs": {
                "batter": 1,
                "extras": 0,
                "total": 1
              }
            },
            {
              "batter": "BA Godleman",
              "bowler": "MJ Santner",
              "non_striker": "LM Reece",
              "runs": {
                "batter": 1,
                "extras": 0,
                "total": 1
              }
            },
            {
              "batter": "LM Reece",
              "bowler": "MJ Santner",
              "non_striker": "BA Godleman",
              "runs": {
                "batter": 0,
                "extras": 0,
                "total": 0
              }
            },
            {
              "batter": "LM Reece",
              "bowler": "MJ Santner",
              "non_striker": "BA Godleman",
              "runs": {
                "batter": 0,
                "extras": 0,
                "total": 0
              },
              "wickets": [
                {
                  "player_out": "LM Reece",
                  "fielders": [
                    {
                      "name": "DKH Mitchell"
                    }
                  ],
                  "kind": "caught"
                }
              ]
            }
          ]
        },
        {
          "over": 7,
          "deliveries": [
            {
              "batter": "WL Madsen",
              "bowler": "JW Hastings",
              "non_striker": "BA Godleman",
              "runs": {
                "batter": 1,
                "extras": 0,
                "total": 1
              }
            },
            {
              "batter": "BA Godleman",
              "bowler": "JW Hastings",
              "non_striker": "WL Madsen",
              "runs": {
                "batter": 1,
                "extras": 0,
                "total": 1
              }
            },
            {
              "batter": "WL Madsen",
              "bowler": "JW Hastings",
              "non_striker": "BA Godleman",
              "runs": {
                "batter": 0,
                "extras": 0,
                "total": 0
              }
            },
            {
              "batter": "WL Madsen",
              "bowler": "JW Hastings",
              "non_striker": "BA Godleman",
              "runs": {
                "batter": 1,
                "extras": 0,
                "total": 1
              }
            },
            {
              "batter": "BA Godleman",
              "bowler": "JW Hastings",
              "non_striker": "WL Madsen",
              "runs": {
                "batter": 4,
                "extras": 0,
                "total": 4
              }
            },
            {
              "batter": "BA Godleman",
              "bowler": "JW Hastings",
              "non_striker": "WL Madsen",
              "runs": {
                "batter": 1,
                "extras": 0,
                "total": 1
              }
            }
          ]
        },
        {
          "over": 8,
          "deliveries": [
            {
              "batter": "BA Godleman",
              "bowler": "MJ Santner",
              "non_striker": "WL Madsen",
              "runs": {
                "batter": 0,
                "extras": 0,
                "total": 0
              }
            },
            {
              "batter": "BA Godleman",
              "bowler": "MJ Santner",
              "non_striker": "WL Madsen",
              "runs": {
                "batter": 0,
                "extras": 0,
                "total": 0
              }
            },
            {
              "batter": "BA Godleman",
              "bowler": "MJ Santner",
              "non_striker": "WL Madsen",
              "runs": {
                "batter": 1,
                "extras": 0,
                "total": 1
              }
            },
            {
              "batter": "WL Madsen",
              "bowler": "MJ Santner",
              "non_striker": "BA Godleman",
              "runs": {
                "batter": 0,
                "extras": 0,
                "total": 0
              }
            },
            {
              "batter": "WL Madsen",
              "bowler": "MJ Santner",
              "non_striker": "BA Godleman",
              "runs": {
                "batter": 0,
                "extras": 0,
                "total": 0
              }
            },
            {
              "batter": "WL Madsen",
              "bowler": "MJ Santner",
              "non_striker": "BA Godleman",
              "runs": {
                "batter": 4,
                "extras": 0,
                "total": 4
              }
            }
          ]
        },
        {
          "over": 9,
          "deliveries": [
            {
              "batter": "BA Godleman",
              "bowler": "DKH Mitchell",
              "non_striker": "WL Madsen",
              "runs": {
                "batter": 1,
                "extras": 0,
                "total": 1
              }
            },
            {
              "batter": "WL Madsen",
              "bowler": "DKH Mitchell",
              "non_striker": "BA Godleman",
              "runs": {
                "batter": 1,
                "extras": 0,
                "total": 1
              }
            },
            {
              "batter": "BA Godleman",
              "bowler": "DKH Mitchell",
              "non_striker": "WL Madsen",
              "runs": {
                "batter": 1,
                "extras": 0,
                "total": 1
              }
            },
            {
              "batter": "WL Madsen",
              "bowler": "DKH Mitchell",
              "non_striker": "BA Godleman",
              "runs": {
                "batter": 1,
                "extras": 0,
                "total": 1
              }
            },
            {
              "batter": "BA Godleman",
              "bowler": "DKH Mitchell",
              "non_striker": "WL Madsen",
              "runs": {
                "batter": 1,
                "extras": 0,
                "total": 1
              }
            },
            {
              "batter": "WL Madsen",
              "bowler": "DKH Mitchell",
              "non_striker": "BA Godleman",
              "runs": {
                "batter": 1,
                "extras": 0,
                "total": 1
              }
            }
          ]
        },
        {
          "over": 10,
          "deliveries": [
            {
              "batter": "WL Madsen",
              "bowler": "BL D'Oliveira",
              "non_striker": "BA Godleman",
              "runs": {
                "batter": 1,
                "extras": 0,
                "total": 1
              }
            },
            {
              "batter": "BA Godleman",
              "bowler": "BL D'Oliveira",
              "non_striker": "WL Madsen",
              "runs": {
                "batter": 1,
                "extras": 0,
                "total": 1
              }
            },
            {
              "batter": "WL Madsen",
              "bowler": "BL D'Oliveira",
              "non_striker": "BA Godleman",
              "runs": {
                "batter": 4,
                "extras": 0,
                "total": 4
              }
            },
            {
              "batter": "WL Madsen",
              "bowler": "BL D'Oliveira",
              "non_striker": "BA Godleman",
              "runs": {
                "batter": 1,
                "extras": 0,
                "total": 1
              }
            },
            {
              "batter": "BA Godleman",
              "bowler": "BL D'Oliveira",
              "non_striker": "WL Madsen",
              "runs": {
                "batter": 2,
                "extras": 0,
                "total": 2
              }
            },
            {
              "batter": "BA Godleman",
              "bowler": "BL D'Oliveira",
              "non_striker": "WL Madsen",
              "runs": {
                "batter": 0,
                "extras": 0,
                "total": 0
              }
            }
          ]
        },
        {
          "over": 11,
          "deliveries": [
            {
              "batter": "WL Madsen",
              "bowler": "DKH Mitchell",
              "non_striker": "BA Godleman",
              "runs": {
                "batter": 1,
                "extras": 0,
                "total": 1
              }
            },
            {
              "batter": "BA Godleman",
              "bowler": "DKH Mitchell",
              "non_striker": "WL Madsen",
              "runs": {
                "batter": 1,
                "extras": 0,
                "total": 1
              }
            },
            {
              "batter": "WL Madsen",
              "bowler": "DKH Mitchell",
              "non_striker": "BA Godleman",
              "runs": {
                "batter": 1,
                "extras": 0,
                "total": 1
              }
            },
            {
              "batter": "BA Godleman",
              "bowler": "DKH Mitchell",
              "non_striker": "WL Madsen",
              "runs": {
                "batter": 1,
                "extras": 0,
                "total": 1
              }
            },
            {
              "batter": "WL Madsen",
              "bowler": "DKH Mitchell",
              "non_striker": "BA Godleman",
              "runs": {
                "batter": 4,
                "extras": 0,
                "total": 4
              }
            },
            {
              "batter": "WL Madsen",
              "bowler": "DKH Mitchell",
              "non_striker": "BA Godleman",
              "runs": {
                "batter": 1,
                "extras": 0,
                "total": 1
              }
            }
          ]
        },
        {
          "over": 12,
          "deliveries": [
            {
              "batter": "WL Madsen",
              "bowler": "MJ Santner",
              "non_striker": "BA Godleman",
              "runs": {
                "batter": 4,
                "extras": 0,
                "total": 4
              }
            },
            {
              "batter": "WL Madsen",
              "bowler": "MJ Santner",
              "non_striker": "BA Godleman",
              "runs": {
                "batter": 4,
                "extras": 0,
                "total": 4
              }
            },
            {
              "batter": "WL Madsen",
              "bowler": "MJ Santner",
              "non_striker": "BA Godleman",
              "runs": {
                "batter": 2,
                "extras": 0,
                "total": 2
              }
            },
            {
              "batter": "WL Madsen",
              "bowler": "MJ Santner",
              "extras": {
                "wides": 1
              },
              "non_striker": "BA Godleman",
              "runs": {
                "batter": 0,
                "extras": 1,
                "total": 1
              }
            },
            {
              "batter": "WL Madsen",
              "bowler": "MJ Santner",
              "non_striker": "BA Godleman",
              "runs": {
                "batter": 0,
                "extras": 0,
                "total": 0
              }
            },
            {
              "batter": "WL Madsen",
              "bowler": "MJ Santner",
              "non_striker": "BA Godleman",
              "runs": {
                "batter": 4,
                "extras": 0,
                "total": 4
              }
            },
            {
              "batter": "WL Madsen",
              "bowler": "MJ Santner",
              "non_striker": "BA Godleman",
              "runs": {
                "batter": 0,
                "extras": 0,
                "total": 0
              }
            }
          ]
        },
        {
          "over": 13,
          "deliveries": [
            {
              "batter": "BA Godleman",
              "bowler": "EG Barnard",
              "extras": {
                "legbyes": 1
              },
              "non_striker": "WL Madsen",
              "runs": {
                "batter": 0,
                "extras": 1,
                "total": 1
              }
            },
            {
              "batter": "WL Madsen",
              "bowler": "EG Barnard",
              "non_striker": "BA Godleman",
              "runs": {
                "batter": 1,
                "extras": 0,
                "total": 1
              }
            },
            {
              "batter": "BA Godleman",
              "bowler": "EG Barnard",
              "non_striker": "WL Madsen",
              "runs": {
                "batter": 2,
                "extras": 0,
                "total": 2
              }
            },
            {
              "batter": "BA Godleman",
              "bowler": "EG Barnard",
              "non_striker": "WL Madsen",
              "runs": {
                "batter": 4,
                "extras": 0,
                "total": 4
              }
            },
            {
              "batter": "BA Godleman",
              "bowler": "EG Barnard",
              "non_striker": "WL Madsen",
              "runs": {
                "batter": 4,
                "extras": 0,
                "total": 4
              }
            },
            {
              "batter": "BA Godleman",
              "bowler": "EG Barnard",
              "non_striker": "WL Madsen",
              "runs": {
                "batter": 6,
                "extras": 0,
                "total": 6
              }
            }
          ]
        },
        {
          "over": 14,
          "deliveries": [
            {
              "batter": "WL Madsen",
              "bowler": "JW Hastings",
              "non_striker": "BA Godleman",
              "runs": {
                "batter": 4,
                "extras": 0,
                "total": 4
              }
            },
            {
              "batter": "WL Madsen",
              "bowler": "JW Hastings",
              "non_striker": "BA Godleman",
              "runs": {
                "batter": 4,
                "extras": 0,
                "total": 4
              }
            },
            {
              "batter": "WL Madsen",
              "bowler": "JW Hastings",
              "non_striker": "BA Godleman",
              "runs": {
                "batter": 2,
                "extras": 0,
                "total": 2
              }
            },
            {
              "batter": "WL Madsen",
              "bowler": "JW Hastings",
              "non_striker": "BA Godleman",
              "runs": {
                "batter": 0,
                "extras": 0,
                "total": 0
              }
            },
            {
              "batter": "WL Madsen",
              "bowler": "JW Hastings",
              "non_striker": "BA Godleman",
              "runs": {
                "batter": 0,
                "extras": 0,
                "total": 0
              }
            },
            {
              "batter": "WL Madsen",
              "bowler": "JW Hastings",
              "non_striker": "BA Godleman",
              "runs": {
                "batter": 1,
                "extras": 0,
                "total": 1
              }
            }
          ]
        },
        {
          "over": 15,
          "deliveries": [
            {
              "batter": "WL Madsen",
              "bowler": "DKH Mitchell",
              "non_striker": "BA Godleman",
              "runs": {
                "batter": 4,
                "extras": 0,
                "total": 4
              }
            },
            {
              "batter": "WL Madsen",
              "bowler": "DKH Mitchell",
              "non_striker": "BA Godleman",
              "runs": {
                "batter": 1,
                "extras": 0,
                "total": 1
              }
            },
            {
              "batter": "BA Godleman",
              "bowler": "DKH Mitchell",
              "non_striker": "WL Madsen",
              "runs": {
                "batter": 2,
                "extras": 0,
                "total": 2
              }
            },
            {
              "batter": "BA Godleman",
              "bowler": "DKH Mitchell",
              "non_striker": "WL Madsen",
              "runs": {
                "batter": 2,
                "extras": 0,
                "total": 2
              }
            },
            {
              "batter": "BA Godleman",
              "bowler": "DKH Mitchell",
              "non_striker": "WL Madsen",
              "runs": {
                "batter": 1,
                "extras": 0,
                "total": 1
              }
            },
            {
              "batter": "WL Madsen",
              "bowler": "DKH Mitchell",
              "non_striker": "BA Godleman",
              "runs": {
                "batter": 2,
                "extras": 0,
                "total": 2
              }
            }
          ]
        },
        {
          "over": 16,
          "deliveries": [
            {
              "batter": "BA Godleman",
              "bowler": "MJ Santner",
              "non_striker": "WL Madsen",
              "runs": {
                "batter": 0,
                "extras": 0,
                "total": 0
              }
            },
            {
              "batter": "BA Godleman",
              "bowler": "MJ Santner",
              "non_striker": "WL Madsen",
              "runs": {
                "batter": 0,
                "extras": 0,
                "total": 0
              },
              "wickets": [
                {
                  "player_out": "BA Godleman",
                  "fielders": [
                    {
                      "name": "OB Cox"
                    }
                  ],
                  "kind": "stumped"
                }
              ]
            },
            {
              "batter": "GC Wilson",
              "bowler": "MJ Santner",
              "non_striker": "WL Madsen",
              "runs": {
                "batter": 1,
                "extras": 0,
                "total": 1
              }
            },
            {
              "batter": "WL Madsen",
              "bowler": "MJ Santner",
              "non_striker": "GC Wilson",
              "runs": {
                "batter": 1,
                "extras": 0,
                "total": 1
              }
            },
            {
              "batter": "GC Wilson",
              "bowler": "MJ Santner",
              "non_striker": "WL Madsen",
              "runs": {
                "batter": 1,
                "extras": 0,
                "total": 1
              }
            },
            {
              "batter": "WL Madsen",
              "bowler": "MJ Santner",
              "non_striker": "GC Wilson",
              "runs": {
                "batter": 1,
                "extras": 0,
                "total": 1
              }
            }
          ]
        },
        {
          "over": 17,
          "deliveries": [
            {
              "batter": "WL Madsen",
              "bowler": "JD Shantry",
              "non_striker": "GC Wilson",
              "runs": {
                "batter": 1,
                "extras": 0,
                "total": 1
              }
            },
            {
              "batter": "GC Wilson",
              "bowler": "JD Shantry",
              "non_striker": "WL Madsen",
              "runs": {
                "batter": 0,
                "extras": 0,
                "total": 0
              }
            },
            {
              "batter": "GC Wilson",
              "bowler": "JD Shantry",
              "non_striker": "WL Madsen",
              "runs": {
                "batter": 4,
                "extras": 0,
                "total": 4
              }
            },
            {
              "batter": "GC Wilson",
              "bowler": "JD Shantry",
              "non_striker": "WL Madsen",
              "runs": {
                "batter": 0,
                "extras": 0,
                "total": 0
              }
            },
            {
              "batter": "GC Wilson",
              "bowler": "JD Shantry",
              "non_striker": "WL Madsen",
              "runs": {
                "batter": 4,
                "extras": 0,
                "total": 4
              }
            },
            {
              "batter": "GC Wilson",
              "bowler": "JD Shantry",
              "non_striker": "WL Madsen",
              "runs": {
                "batter": 1,
                "extras": 0,
                "total": 1
              }
            }
          ]
        },
        {
          "over": 18,
          "deliveries": [
            {
              "batter": "GC Wilson",
              "bowler": "JW Hastings",
              "non_striker": "WL Madsen",
              "runs": {
                "batter": 2,
                "extras": 0,
                "total": 2
              }
            },
            {
              "batter": "GC Wilson",
              "bowler": "JW Hastings",
              "non_striker": "WL Madsen",
              "runs": {
                "batter": 4,
                "extras": 0,
                "total": 4
              }
            }
          ]
        }
      ],
      "powerplays": [
        {
          "from": 0.1,
          "to": 5.6,
          "type": "mandatory"
        }
      ],
      "target": {
        "overs": 20,
        "runs": 187
      }
    }
  ]
}