{
  "meta": {
    "data_version": "1.0.0",
    "created": "2020-07-20",
    "revision": 1
  },
  "info": {
    "balls_per_over": 6,
    "city": "Manchester",
    "dates": [
      "2017-08-16"
    ],
    "event": {
      "name": "NatWest T20 Blast",
      "group": "North"
    },
    "gender": "male",
    "match_type": "T20",
    "officials": {
      "tv_umpires": [
        "GD Lloyd"
      ],
      "umpires": [
        "RT Robinson",
        "NL Bainton"
      ]
    },
    "outcome": {
      "winner": "Lancashire",
      "by": {
        "wickets": 7
      }
    },
    "overs": 20,
    "player_of_match": [
      "AM Lilley"
    ],
    "players": {
      "Worcestershire": [
        "J Leach",
        "JM Clarke",
        "MJ Santner",
        "DKH Mitchell",
        "BL D'Oliveira",
        "OB Cox",
        "RA Whiteley",
        "EG Barnard",
        "A Hepburn",
        "JC Tongue",
        "PR Brown"
      ],
      "Lancashire": [
        "J Clark",
        "LS Livingstone",
        "AM Lilley",
        "JC Buttler",
        "DJ Vilas",
        "RP Jones",
        "SJ Croft",
        "R McLaren",
        "SD Parry",
        "MW Parkinson",
        "Junaid Khan"
      ]
    },
    "registry": {
      "people": {
        "A Hepburn": "21764a38",
        "AM Lilley": "88a004e9",
        "BL D'Oliveira": "9679838c",
        "DJ Vilas": "087210b1",
        "DKH Mitchell": "8108e2d2",
        "EG Barnard": "a510bdd3",
        "GD Lloyd": "36e0770d",
        "J Clark": "c672e80e",
        "J Leach": "cd143bca",
        "JC Buttler": "99b75528",
        "JC Tongue": "1f1b4c89",
        "JM Clarke": "2eca67f5",
        "Junaid Khan": "086f5984",
        "LS Livingstone": "50c6bc2b",
        "MJ Santner": "e4a0deae",
        "MW Parkinson": "19708692",
        "NL Bainton": "cd219cb3",
        "OB Cox": "324a6ee1",
        "PR Brown": "1efd12d1",
        "R McLaren": "c654af19",
        "RA Whiteley": "d346d939",
        "RP Jones": "ad8cb396",
        "RT Robinson": "b143c87d",
        "SD Parry": "fdb8ed0d",
        "SJ Croft": "ab474682"
      }
    },
    "season": "2017",
    "team_type": "club",
    "teams": [
      "Worcestershire",
      "Lancashire"
    ],
    "toss": {
      "decision": "field",
      "winner": "Lancashire"
    },
    "venue": "Old Trafford"
  },
  "innings": [
    {
      "team": "Worcestershire",
      "overs": [
        {
          "over": 0,
          "deliveries": [
            {
              "batter": "J Leach",
              "bowler": "SD Parry",
              "non_striker": "JM Clarke",
              "runs": {
                "batter": 0,
                "extras": 0,
                "total": 0
              }
            },
            {
              "batter": "J Leach",
              "bowler": "SD Parry",
              "non_striker": "JM Clarke",
              "runs": {
                "batter": 0,
                "extras": 0,
                "total": 0
              }
            },
            {
              "batter": "J Leach",
              "bowler": "SD Parry",
              "non_striker": "JM Clarke",
              "runs": {
                "batter": 1,
                "extras": 0,
                "total": 1
              }
            },
            {
              "batter": "JM Clarke",
              "bowler": "SD Parry",
              "non_striker": "J Leach",
              "runs": {
                "batter": 1,
                "extras": 0,
                "total": 1
              }
            },
            {
              "batter": "J Leach",
              "bowler": "SD Parry",
              "non_striker": "JM Clarke",
              "runs": {
                "batter": 1,
                "extras": 0,
                "total": 1
              }
            },
            {
              "batter": "JM Clarke",
              "bowler": "SD Parry",
              "non_striker": "J Leach",
              "runs": {
                "batter": 0,
                "extras": 0,
                "total": 0
              }
            }
          ]
        },
        {
          "over": 1,
          "deliveries": [
            {
              "batter": "J Leach",
              "bowler": "R McLaren",
              "non_striker": "JM Clarke",
              "runs": {
                "batter": 4,
                "extras": 0,
                "total": 4
              }
            },
            {
              "batter": "J Leach",
              "bowler": "R McLaren",
              "non_striker": "JM Clarke",
              "runs": {
                "batter": 0,
                "extras": 0,
                "total": 0
              }
            },
            {
              "batter": "J Leach",
              "bowler": "R McLaren",
              "non_striker": "JM Clarke",
              "runs": {
                "batter": 2,
                "extras": 0,
                "total": 2
              }
            },
            {
              "batter": "J Leach",
              "bowler": "R McLaren",
              "non_striker": "JM Clarke",
              "runs": {
                "batter": 0,
                "extras": 0,
                "total": 0
              }
            },
            {
              "batter": "J Leach",
              "bowler": "R McLaren",
              "non_striker": "JM Clarke",
              "runs": {
                "batter": 1,
                "extras": 0,
                "total": 1
              }
            },
            {
              "batter": "JM Clarke",
              "bowler": "R McLaren",
              "non_striker": "J Leach",
              "runs": {
                "batter": 0,
                "extras": 0,
                "total": 0
              }
            }
          ]
        },
        {
          "over": 2,
          "deliveries": [
            {
              "batter": "J Leach",
              "bowler": "Junaid Khan",
              "non_striker": "JM Clarke",
              "runs": {
                "batter": 0,
                "extras": 0,
                "total": 0
              }
            },
            {
              "batter": "J Leach",
              "bowler": "Junaid Khan",
              "non_striker": "JM Clarke",
              "runs": {
                "batter": 1,
                "extras": 0,
                "total": 1
              }
            },
            {
              "batter": "JM Clarke",
              "bowler": "Junaid Khan",
              "non_striker": "J Leach",
              "runs": {
                "batter": 0,
                "extras": 0,
                "total": 0
              },
              "wickets": [
                {
                  "player_out": "JM Clarke",
                  "fielders": [
                    {
                      "name": "SD Parry"
                    }
                  ],
                  "kind": "caught"
                }
              ]
            },
            {
              "batter": "MJ Santner",
              "bowler": "Junaid Khan",
              "non_striker": "J Leach",
              "runs": {
                "batter": 0,
                "extras": 0,
                "total": 0
              }
            },
            {
              "batter": "MJ Santner",
              "bowler": "Junaid Khan",
              "non_striker": "J Leach",
              "runs": {
                "batter": 0,
                "extras": 0,
                "total": 0
              }
            },
            {
              "batter": "MJ Santner",
              "bowler": "Junaid Khan",
              "non_striker": "J Leach",
              "runs": {
                "batter": 0,
                "extras": 0,
                "total": 0
              }
            }
          ]
        },
        {
          "over": 3,
          "deliveries": [
            {
              "batter": "J Leach",
              "bowler": "R McLaren",
              "non_striker": "MJ Santner",
              "runs": {
                "batter": 0,
                "extras": 0,
                "total": 0
              }
            },
            {
              "batter": "J Leach",
              "bowler": "R McLaren",
              "non_striker": "MJ Santner",
              "runs": {
                "batter": 4,
                "extras": 0,
                "total": 4
              }
            },
            {
              "batter": "J Leach",
              "bowler": "R McLaren",
              "non_striker": "MJ Santner",
              "runs": {
                "batter": 6,
                "extras": 0,
                "total": 6
              }
            },
            {
              "batter": "J Leach",
              "bowler": "R McLaren",
              "non_striker": "MJ Santner",
              "runs": {
                "batter": 4,
                "extras": 0,
                "total": 4
              }
            },
            {
              "batter": "J Leach",
              "bowler": "R McLaren",
              "non_striker": "MJ Santner",
              "runs": {
                "batter": 0,
                "extras": 0,
                "total": 0
              }
            },
            {
              "batter": "J Leach",
              "bowler": "R McLaren",
              "non_striker": "MJ Santner",
              "runs": {
                "batter": 0,
                "extras": 0,
                "total": 0
              },
              "wickets": [
                {
                  "player_out": "J Leach",
                  "fielders": [
                    {
                      "name": "JC Buttler"
                    }
                  ],
                  "kind": "caught"
                }
              ]
            }
          ]
        },
        {
          "over": 4,
          "deliveries": [
            {
              "batter": "MJ Santner",
              "bowler": "Junaid Khan",
              "non_striker": "DKH Mitchell",
              "runs": {
                "batter": 1,
                "extras": 0,
                "total": 1
              }
            },
            {
              "batter": "DKH Mitchell",
              "bowler": "Junaid Khan",
              "non_striker": "MJ Santner",
              "runs": {
                "batter": 2,
                "extras": 0,
                "total": 2
              }
            },
            {
              "batter": "DKH Mitchell",
              "bowler": "Junaid Khan",
              "non_striker": "MJ Santner",
              "runs": {
                "batter": 0,
                "extras": 0,
                "total": 0
              }
            },
            {
              "batter": "DKH Mitchell",
              "bowler": "Junaid Khan",
              "non_striker": "MJ Santner",
              "runs": {
                "batter": 1,
                "extras": 0,
                "total": 1
              }
            },
            {
              "batter": "MJ Santner",
              "bowler": "Junaid Khan",
              "non_striker": "DKH Mitchell",
              "runs": {
                "batter": 1,
                "extras": 0,
                "total": 1
              }
            },
            {
              "batter": "DKH Mitchell",
              "bowler": "Junaid Khan",
              "non_striker": "MJ Santner",
              "runs": {
                "batter": 4,
                "extras": 0,
                "total": 4
              }
            }
          ]
        },
        {
          "over": 5,
          "deliveries": [
            {
              "batter": "MJ Santner",
              "bowler": "R McLaren",
              "non_striker": "DKH Mitchell",
              "runs": {
                "batter": 0,
                "extras": 0,
                "total": 0
              }
            },
            {
              "batter": "MJ Santner",
              "bowler": "R McLaren",
              "non_striker": "DKH Mitchell",
              "runs": {
                "batter": 1,
                "extras": 0,
                "total": 1
              }
            },
            {
              "batter": "DKH Mitchell",
              "bowler": "R McLaren",
              "non_striker": "MJ Santner",
              "runs": {
                "batter": 1,
                "extras": 0,
                "total": 1
              }
            },
            {
              "batter": "MJ Santner",
              "bowler": "R McLaren",
              "non_striker": "DKH Mitchell",
              "runs": {
                "batter": 1,
                "extras": 0,
                "total": 1
              }
            },
            {
              "batter": "DKH Mitchell",
              "bowler": "R McLaren",
              "non_striker": "MJ Santner",
              "runs": {
                "batter": 3,
                "extras": 0,
                "total": 3
              }
            },
            {
              "batter": "MJ Santner",
              "bowler": "R McLaren",
              "non_striker": "DKH Mitchell",
              "runs": {
                "batter": 4,
                "extras": 0,
                "total": 4
              }
            }
          ]
        },
        {
          "over": 6,
          "deliveries": [
            {
              "batter": "DKH Mitchell",
              "bowler": "SD Parry",
              "non_striker": "MJ Santner",
              "runs": {
                "batter": 0,
                "extras": 0,
                "total": 0
              }
            },
            {
              "batter": "DKH Mitchell",
              "bowler": "SD Parry",
              "non_striker": "MJ Santner",
              "runs": {
                "batter": 0,
                "extras": 0,
                "total": 0
              }
            },
            {
              "batter": "DKH Mitchell",
              "bowler": "SD Parry",
              "non_striker": "MJ Santner",
              "runs": {
                "batter": 0,
                "extras": 0,
                "total": 0
              }
            },
            {
              "batter": "DKH Mitchell",
              "bowler": "SD Parry",
              "non_striker": "MJ Santner",
              "runs": {
                "batter": 4,
                "extras": 0,
                "total": 4
              }
            },
            {
              "batter": "DKH Mitchell",
              "bowler": "SD Parry",
              "non_striker": "MJ Santner",
              "runs": {
                "batter": 1,
                "extras": 0,
                "total": 1
              }
            },
            {
              "batter": "MJ Santner",
              "bowler": "SD Parry",
              "non_striker": "DKH Mitchell",
              "runs": {
                "batter": 0,
                "extras": 0,
                "total": 0
              },
              "wickets": [
                {
                  "player_out": "MJ Santner",
                  "fielders": [
                    {
                      "name": "LS Livingstone"
                    }
                  ],
                  "kind": "caught"
                }
              ]
            }
          ]
        },
        {
          "over": 7,
          "deliveries": [
            {
              "batter": "BL D'Oliveira",
              "bowler": "MW Parkinson",
              "non_striker": "DKH Mitchell",
              "runs": {
                "batter": 0,
                "extras": 0,
                "total": 0
              }
            },
            {
              "batter": "BL D'Oliveira",
              "bowler": "MW Parkinson",
              "non_striker": "DKH Mitchell",
              "runs": {
                "batter": 1,
                "extras": 0,
                "total": 1
              }
            },
            {
              "batter": "DKH Mitchell",
              "bowler": "MW Parkinson",
              "non_striker": "BL D'Oliveira",
              "runs": {
                "batter": 0,
                "extras": 0,
                "total": 0
              }
            },
            {
              "batter": "DKH Mitchell",
              "bowler": "MW Parkinson",
              "non_striker": "BL D'Oliveira",
              "runs": {
                "batter": 0,
                "extras": 0,
                "total": 0
              },
              "wickets": [
                {
                  "player_out": "DKH Mitchell",
                  "kind": "bowled"
                }
              ]
            },
            {
              "batter": "OB Cox",
              "bowler": "MW Parkinson",
              "non_striker": "BL D'Oliveira",
              "runs": {
                "batter": 0,
                "extras": 0,
                "total": 0
              }
            },
            {
              "batter": "OB Cox",
              "bowler": "MW Parkinson",
              "non_striker": "BL D'Oliveira",
              "runs": {
                "batter": 0,
                "extras": 0,
                "total": 0
              }
            }
          ]
        },
        {
          "over": 8,
          "deliveries": [
            {
              "batter": "BL D'Oliveira",
              "bowler": "SD Parry",
              "non_striker": "OB Cox",
              "runs": {
                "batter": 1,
                "extras": 0,
                "total": 1
              }
            },
            {
              "batter": "OB Cox",
              "bowler": "SD Parry",
              "non_striker": "BL D'Oliveira",
              "runs": {
                "batter": 1,
                "extras": 0,
                "total": 1
              }
            },
            {
              "batter": "BL D'Oliveira",
              "bowler": "SD Parry",
              "non_striker": "OB Cox",
              "runs": {
                "batter": 0,
                "extras": 0,
                "total": 0
              }
            },
            {
              "batter": "BL D'Oliveira",
              "bowler": "SD Parry",
              "non_striker": "OB Cox",
              "runs": {
                "batter": 1,
                "extras": 0,
                "total": 1
              }
            },
            {
              "batter": "OB Cox",
              "bowler": "SD Parry",
              "extras": {
                "legbyes": 1
              },
              "non_striker": "BL D'Oliveira",
              "runs": {
                "batter": 0,
                "extras": 1,
                "total": 1
              }
            },
            {
              "batter": "BL D'Oliveira",
              "bowler": "SD Parry",
              "non_striker": "OB Cox",
              "runs": {
                "batter": 1,
                "extras": 0,
                "total": 1
              }
            }
          ]
        },
        {
          "over": 9,
          "deliveries": [
            {
              "batter": "BL D'Oliveira",
              "bowler": "MW Parkinson",
              "non_striker": "OB Cox",
              "runs": {
                "batter": 4,
                "extras": 0,
                "total": 4
              }
            },
            {
              "batter": "BL D'Oliveira",
              "bowler": "MW Parkinson",
              "non_striker": "OB Cox",
              "runs": {
                "batter": 0,
                "extras": 0,
                "total": 0
              }
            },
            {
              "batter": "BL D'Oliveira",
              "bowler": "MW Parkinson",
              "non_striker": "OB Cox",
              "runs": {
                "batter": 1,
                "extras": 0,
                "total": 1
              }
            },
            {
              "batter": "OB Cox",
              "bowler": "MW Parkinson",
              "non_striker": "BL D'Oliveira",
              "runs": {
                "batter": 0,
                "extras": 0,
                "total": 0
              }
            },
            {
              "batter": "OB Cox",
              "bowler": "MW Parkinson",
              "non_striker": "BL D'Oliveira",
              "runs": {
                "batter": 0,
                "extras": 0,
                "total": 0
              }
            },
            {
              "batter": "OB Cox",
              "bowler": "MW Parkinson",
              "non_striker": "BL D'Oliveira",
              "runs": {
                "batter": 1,
                "extras": 0,
                "total": 1
              }
            }
          ]
        },
        {
          "over": 10,
          "deliveries": [
            {
              "batter": "OB Cox",
              "bowler": "SD Parry",
              "non_striker": "BL D'Oliveira",
              "runs": {
                "batter": 1,
                "extras": 0,
                "total": 1
              }
            },
            {
              "batter": "BL D'Oliveira",
              "bowler": "SD Parry",
              "extras": {
                "legbyes": 1
              },
              "non_striker": "OB Cox",
              "runs": {
                "batter": 0,
                "extras": 1,
                "total": 1
              }
            },
            {
              "batter": "OB Cox",
              "bowler": "SD Parry",
              "non_striker": "BL D'Oliveira",
              "runs": {
                "batter": 1,
                "extras": 0,
                "total": 1
              }
            },
            {
              "batter": "BL D'Oliveira",
              "bowler": "SD Parry",
              "non_striker": "OB Cox",
              "runs": {
                "batter": 1,
                "extras": 0,
                "total": 1
              }
            },
            {
              "batter": "OB Cox",
              "bowler": "SD Parry",
              "non_striker": "BL D'Oliveira",
              "runs": {
                "batter": 1,
                "extras": 0,
                "total": 1
              }
            },
            {
              "batter": "BL D'Oliveira",
              "bowler": "SD Parry",
              "non_striker": "OB Cox",
              "runs": {
                "batter": 1,
                "extras": 0,
                "total": 1
              }
            }
          ]
        },
        {
          "over": 11,
          "deliveries": [
            {
              "batter": "BL D'Oliveira",
              "bowler": "MW Parkinson",
              "non_striker": "OB Cox",
              "runs": {
                "batter": 0,
                "extras": 0,
                "total": 0
              }
            },
            {
              "batter": "BL D'Oliveira",
              "bowler": "MW Parkinson",
              "non_striker": "OB Cox",
              "runs": {
                "batter": 0,
                "extras": 0,
                "total": 0
              }
            },
            {
              "batter": "BL D'Oliveira",
              "bowler": "MW Parkinson",
              "non_striker": "OB Cox",
              "runs": {
                "batter": 0,
                "extras": 0,
                "total": 0
              }
            },
            {
              "batter": "BL D'Oliveira",
              "bowler": "MW Parkinson",
              "non_striker": "OB Cox",
              "runs": {
                "batter": 1,
                "extras": 0,
                "total": 1
              }
            },
            {
              "batter": "OB Cox",
              "bowler": "MW Parkinson",
              "non_striker": "BL D'Oliveira",
              "runs": {
                "batter": 2,
                "extras": 0,
                "total": 2
              }
            },
            {
              "batter": "OB Cox",
              "bowler": "MW Parkinson",
              "non_striker": "BL D'Oliveira",
              "runs": {
                "batter": 1,
                "extras": 0,
                "total": 1
              }
            }
          ]
        },
        {
          "over": 12,
          "deliveries": [
            {
              "batter": "OB Cox",
              "bowler": "LS Livingstone",
              "non_striker": "BL D'Oliveira",
              "runs": {
                "batter": 1,
                "extras": 0,
                "total": 1
              }
            },
            {
              "batter": "BL D'Oliveira",
              "bowler": "LS Livingstone",
              "non_striker": "OB Cox",
              "runs": {
                "batter": 2,
                "extras": 0,
                "total": 2
              }
            },
            {
              "batter": "BL D'Oliveira",
              "bowler": "LS Livingstone",
              "non_striker": "OB Cox",
              "runs": {
                "batter": 1,
                "extras": 0,
                "total": 1
              }
            },
            {
              "batter": "OB Cox",
              "bowler": "LS Livingstone",
              "non_striker": "BL D'Oliveira",
              "runs": {
                "batter": 1,
                "extras": 0,
                "total": 1
              }
            },
            {
              "batter": "BL D'Oliveira",
              "bowler": "LS Livingstone",
              "non_striker": "OB Cox",
              "runs": {
                "batter": 0,
                "extras": 0,
                "total": 0
              }
            },
            {
              "batter": "BL D'Oliveira",
              "bowler": "LS Livingstone",
              "non_striker": "OB Cox",
              "runs": {
                "batter": 1,
                "extras": 0,
                "total": 1
              }
            }
          ]
        },
        {
          "over": 13,
          "deliveries": [
            {
              "batter": "BL D'Oliveira",
              "bowler": "AM Lilley",
              "non_striker": "OB Cox",
              "runs": {
                "batter": 1,
                "extras": 0,
                "total": 1
              }
            },
            {
              "batter": "OB Cox",
              "bowler": "AM Lilley",
              "non_striker": "BL D'Oliveira",
              "runs": {
                "batter": 1,
                "extras": 0,
                "total": 1
              }
            },
            {
              "batter": "BL D'Oliveira",
              "bowler": "AM Lilley",
              "non_striker": "OB Cox",
              "runs": {
                "batter": 2,
                "extras": 0,
                "total": 2
              }
            },
            {
              "batter": "BL D'Oliveira",
              "bowler": "AM Lilley",
              "non_striker": "OB Cox",
              "runs": {
                "batter": 1,
                "extras": 0,
                "total": 1
              }
            },
            {
              "batter": "OB Cox",
              "bowler": "AM Lilley",
              "non_striker": "BL D'Oliveira",
              "runs": {
                "batter": 0,
                "extras": 0,
                "total": 0
              }
            },
            {
              "batter": "OB Cox",
              "bowler": "AM Lilley",
              "non_striker": "BL D'Oliveira",
              "runs": {
                "batter": 1,
                "extras": 0,
                "total": 1
              }
            }
          ]
        },
        {
          "over": 14,
          "deliveries": [
            {
              "batter": "OB Cox",
              "bowler": "MW Parkinson",
              "non_striker": "BL D'Oliveira",
              "runs": {
                "batter": 1,
                "extras": 0,
                "total": 1
              }
            },
            {
              "batter": "BL D'Oliveira",
              "bowler": "MW Parkinson",
              "non_striker": "OB Cox",
              "runs": {
                "batter": 0,
                "extras": 0,
                "total": 0
              }
            },
            {
              "batter": "BL D'Oliveira",
              "bowler": "MW Parkinson",
              "non_striker": "OB Cox",
              "runs": {
                "batter": 1,
                "extras": 0,
                "total": 1
              }
            },
            {
              "batter": "OB Cox",
              "bowler": "MW Parkinson",
              "non_striker": "BL D'Oliveira",
              "runs": {
                "batter": 0,
                "extras": 0,
                "total": 0
              }
            },
            {
              "batter": "OB Cox",
              "bowler": "MW Parkinson",
              "non_striker": "BL D'Oliveira",
              "runs": {
                "batter": 0,
                "extras": 0,
                "total": 0
              }
            },
            {
              "batter": "OB Cox",
              "bowler": "MW Parkinson",
              "non_striker": "BL D'Oliveira",
              "runs": {
                "batter": 1,
                "extras": 0,
                "total": 1
              }
            }
          ]
        },
        {
          "over": 15,
          "deliveries": [
            {
              "batter": "OB Cox",
              "bowler": "LS Livingstone",
              "non_striker": "BL D'Oliveira",
              "runs": {
                "batter": 4,
                "extras": 0,
                "total": 4
              }
            },
            {
              "batter": "OB Cox",
              "bowler": "LS Livingstone",
              "non_striker": "BL D'Oliveira",
              "runs": {
                "batter": 1,
                "extras": 0,
                "total": 1
              }
            },
            {
              "batter": "BL D'Oliveira",
              "bowler": "LS Livingstone",
              "non_striker": "OB Cox",
              "runs": {
                "batter": 2,
                "extras": 0,
                "total": 2
              }
            },
            {
              "batter": "BL D'Oliveira",
              "bowler": "LS Livingstone",
              "non_striker": "OB Cox",
              "runs": {
                "batter": 0,
                "extras": 0,
                "total": 0
              }
            },
            {
              "batter": "BL D'Oliveira",
              "bowler": "LS Livingstone",
              "non_striker": "OB Cox",
              "runs": {
                "batter": 4,
                "extras": 0,
                "total": 4
              }
            },
            {
              "batter": "BL D'Oliveira",
              "bowler": "LS Livingstone",
              "non_striker": "OB Cox",
              "runs": {
                "batter": 0,
                "extras": 0,
                "total": 0
              }
            }
          ]
        },
        {
          "over": 16,
          "deliveries": [
            {
              "batter": "OB Cox",
              "bowler": "Junaid Khan",
              "extras": {
                "legbyes": 1
              },
              "non_striker": "BL D'Oliveira",
              "runs": {
                "batter": 0,
                "extras": 1,
                "total": 1
              }
            },
            {
              "batter": "BL D'Oliveira",
              "bowler": "Junaid Khan",
              "non_striker": "OB Cox",
              "runs": {
                "batter": 1,
                "extras": 0,
                "total": 1
              }
            },
            {
              "batter": "OB Cox",
              "bowler": "Junaid Khan",
              "non_striker": "BL D'Oliveira",
              "runs": {
                "batter": 0,
                "extras": 0,
                "total": 0
              },
              "wickets": [
                {
                  "player_out": "OB Cox",
                  "fielders": [
                    {
                      "name": "SJ Croft"
                    }
                  ],
                  "kind": "caught"
                }
              ]
            },
            {
              "batter": "BL D'Oliveira",
              "bowler": "Junaid Khan",
              "non_striker": "RA Whiteley",
              "runs": {
                "batter": 1,
                "extras": 0,
                "total": 1
              }
            },
            {
              "batter": "RA Whiteley",
              "bowler": "Junaid Khan",
              "non_striker": "BL D'Oliveira",
              "runs": {
                "batter": 0,
                "extras": 0,
                "total": 0
              }
            },
            {
              "batter": "RA Whiteley",
              "bowler": "Junaid Khan",
              "non_striker": "BL D'Oliveira",
              "runs": {
                "batter": 2,
                "extras": 0,
                "total": 2
              }
            }
          ]
        },
        {
          "over": 17,
          "deliveries": [
            {
              "batter": "BL D'Oliveira",
              "bowler": "AM Lilley",
              "non_striker": "RA Whiteley",
              "runs": {
                "batter": 1,
                "extras": 0,
                "total": 1
              }
            },
            {
              "batter": "RA Whiteley",
              "bowler": "AM Lilley",
              "non_striker": "BL D'Oliveira",
              "runs": {
                "batter": 1,
                "extras": 0,
                "total": 1
              }
            },
            {
              "batter": "BL D'Oliveira",
              "bowler": "AM Lilley",
              "non_striker": "RA Whiteley",
              "runs": {
                "batter": 0,
                "extras": 0,
                "total": 0
              },
              "wickets": [
                {
                  "player_out": "BL D'Oliveira",
                  "fielders": [
                    {
                      "name": "SD Parry"
                    }
                  ],
                  "kind": "caught"
                }
              ]
            },
            {
              "batter": "EG Barnard",
              "bowler": "AM Lilley",
              "non_striker": "RA Whiteley",
              "runs": {
                "batter": 1,
                "extras": 0,
                "total": 1
              }
            },
            {
              "batter": "RA Whiteley",
              "bowler": "AM Lilley",
              "non_striker": "EG Barnard",
              "runs": {
                "batter": 0,
                "extras": 0,
                "total": 0
              }
            },
            {
              "batter": "RA Whiteley",
              "bowler": "AM Lilley",
              "non_striker": "EG Barnard",
              "runs": {
                "batter": 1,
                "extras": 0,
                "total": 1
              }
            }
          ]
        },
        {
          "over": 18,
          "deliveries": [
            {
              "batter": "RA Whiteley",
              "bowler": "Junaid Khan",
              "non_striker": "EG Barnard",
              "runs": {
                "batter": 1,
                "extras": 0,
                "total": 1
              }
            },
            {
              "batter": "EG Barnard",
              "bowler": "Junaid Khan",
              "non_striker": "RA Whiteley",
              "runs": {
                "batter": 4,
                "extras": 0,
                "total": 4
              }
            },
            {
              "batter": "EG Barnard",
              "bowler": "Junaid Khan",
              "non_striker": "RA Whiteley",
              "runs": {
                "batter": 4,
                "extras": 0,
                "total": 4
              }
            },
            {
              "batter": "EG Barnard",
              "bowler": "Junaid Khan",
              "non_striker": "RA Whiteley",
              "runs": {
                "batter": 1,
                "extras": 0,
                "total": 1
              },
              "wickets": [
                {
                  "player_out": "RA Whiteley",
                  "kind": "run out"
                }
              ]
            },
            {
              "batter": "EG Barnard",
              "bowler": "Junaid Khan",
              "non_striker": "A Hepburn",
              "runs": {
                "batter": 1,
                "extras": 0,
                "total": 1
              }
            },
            {
              "batter": "A Hepburn",
              "bowler": "Junaid Khan",
              "non_striker": "EG Barnard",
              "runs": {
                "batter": 2,
                "extras": 0,
                "total": 2
              }
            }
          ]
        },
        {
          "over": 19,
          "deliveries": [
            {
              "batter": "EG Barnard",
              "bowler": "AM Lilley",
              "non_striker": "A Hepburn",
              "runs": {
                "batter": 1,
                "extras": 0,
                "total": 1
              }
            },
            {
              "batter": "A Hepburn",
              "bowler": "AM Lilley",
              "non_striker": "EG Barnard",
              "runs": {
                "batter": 4,
                "extras": 0,
                "total": 4
              }
            },
            {
              "batter": "A Hepburn",
              "bowler": "AM Lilley",
              "non_striker": "EG Barnard",
              "runs": {
                "batter": 0,
                "extras": 0,
                "total": 0
              }
            },
            {
              "batter": "A Hepburn",
              "bowler": "AM Lilley",
              "non_striker": "EG Barnard",
              "runs": {
                "batter": 0,
                "extras": 0,
                "total": 0
              },
              "wickets": [
                {
                  "player_out": "A Hepburn",
                  "fielders": [
                    {
                      "name": "R McLaren"
                    }
                  ],
                  "kind": "caught"
                }
              ]
            },
            {
              "batter": "EG Barnard",
              "bowler": "AM Lilley",
              "non_striker": "JC Tongue",
              "runs": {
                "batter": 1,
                "extras": 0,
                "total": 1
              }
            },
            {
              "batter": "JC Tongue",
              "bowler": "AM Lilley",
              "non_striker": "EG Barnard",
              "runs": {
                "batter": 2,
                "extras": 0,
                "total": 2
              }
            }
          ]
        }
      ],
      "powerplays": [
        {
          "from": 0.1,
          "to": 5.6,
          "type": "mandatory"
        }
      ]
    },
    {
      "team": "Lancashire",
      "overs": [
        {
          "over": 0,
          "deliveries": [
            {
              "batter": "J Clark",
              "bowler": "JC Tongue",
              "non_striker": "LS Livingstone",
              "runs": {
                "batter": 0,
                "extras": 0,
                "total": 0
              }
            },
            {
              "batter": "J Clark",
              "bowler": "JC Tongue",
              "non_striker": "LS Livingstone",
              "runs": {
                "batter": 0,
                "extras": 0,
                "total": 0
              }
            },
            {
              "batter": "J Clark",
              "bowler": "JC Tongue",
              "non_striker": "LS Livingstone",
              "runs": {
                "batter": 4,
                "extras": 0,
                "total": 4
              }
            },
            {
              "batter": "J Clark",
              "bowler": "JC Tongue",
              "non_striker": "LS Livingstone",
              "runs": {
                "batter": 0,
                "extras": 0,
                "total": 0
              },
              "wickets": [
                {
                  "player_out": "J Clark",
                  "fielders": [
                    {
                      "name": "PR Brown"
                    }
                  ],
                  "kind": "caught"
                }
              ]
            },
            {
              "batter": "LS Livingstone",
              "bowler": "JC Tongue",
              "non_striker": "AM Lilley",
              "runs": {
                "batter": 1,
                "extras": 0,
                "total": 1
              }
            },
            {
              "batter": "AM Lilley",
              "bowler": "JC Tongue",
              "non_striker": "LS Livingstone",
              "runs": {
                "batter": 1,
                "extras": 0,
                "total": 1
              }
            }
          ]
        },
        {
          "over": 1,
          "deliveries": [
            {
              "batter": "AM Lilley",
              "bowler": "MJ Santner",
              "non_striker": "LS Livingstone",
              "runs": {
                "batter": 0,
                "extras": 0,
                "total": 0
              }
            },
            {
              "batter": "AM Lilley",
              "bowler": "MJ Santner",
              "non_striker": "LS Livingstone",
              "runs": {
                "batter": 1,
                "extras": 0,
                "total": 1
              }
            },
            {
              "batter": "LS Livingstone",
              "bowler": "MJ Santner",
              "non_striker": "AM Lilley",
              "runs": {
                "batter": 0,
                "extras": 0,
                "total": 0
              }
            },
            {
              "batter": "LS Livingstone",
              "bowler": "MJ Santner",
              "non_striker": "AM Lilley",
              "runs": {
                "batter": 1,
                "extras": 0,
                "total": 1
              }
            },
            {
              "batter": "AM Lilley",
              "bowler": "MJ Santner",
              "non_striker": "LS Livingstone",
              "runs": {
                "batter": 0,
                "extras": 0,
                "total": 0
              }
            },
            {
              "batter": "AM Lilley",
              "bowler": "MJ Santner",
              "non_striker": "LS Livingstone",
              "runs": {
                "batter": 1,
                "extras": 0,
                "total": 1
              }
            }
          ]
        },
        {
          "over": 2,
          "deliveries": [
            {
              "batter": "AM Lilley",
              "bowler": "JC Tongue",
              "non_striker": "LS Livingstone",
              "runs": {
                "batter": 1,
                "extras": 0,
                "total": 1
              }
            },
            {
              "batter": "LS Livingstone",
              "bowler": "JC Tongue",
              "non_striker": "AM Lilley",
              "runs": {
                "batter": 1,
                "extras": 0,
                "total": 1
              }
            },
            {
              "batter": "AM Lilley",
              "bowler": "JC Tongue",
              "non_striker": "LS Livingstone",
              "runs": {
                "batter": 4,
                "extras": 0,
                "total": 4
              }
            },
            {
              "batter": "AM Lilley",
              "bowler": "JC Tongue",
              "non_striker": "LS Livingstone",
              "runs": {
                "batter": 1,
                "extras": 0,
                "total": 1
              }
            },
            {
              "batter": "LS Livingstone",
              "bowler": "JC Tongue",
              "non_striker": "AM Lilley",
              "runs": {
                "batter": 1,
                "extras": 0,
                "total": 1
              }
            },
            {
              "batter": "AM Lilley",
              "bowler": "JC Tongue",
              "non_striker": "LS Livingstone",
              "runs": {
                "batter": 0,
                "extras": 0,
                "total": 0
              }
            }
          ]
        },
        {
          "over": 3,
          "deliveries": [
            {
              "batter": "LS Livingstone",
              "bowler": "MJ Santner",
              "non_striker": "AM Lilley",
              "runs": {
                "batter": 1,
                "extras": 0,
                "total": 1
              }
            },
            {
              "batter": "AM Lilley",
              "bowler": "MJ Santner",
              "non_striker": "LS Livingstone",
              "runs": {
                "batter": 1,
                "extras": 0,
                "total": 1
              }
            },
            {
              "batter": "LS Livingstone",
              "bowler": "MJ Santner",
              "non_striker": "AM Lilley",
              "runs": {
                "batter": 1,
                "extras": 0,
                "total": 1
              }
            },
            {
              "batter": "AM Lilley",
              "bowler": "MJ Santner",
              "non_striker": "LS Livingstone",
              "runs": {
                "batter": 0,
                "extras": 0,
                "total": 0
              }
            },
            {
              "batter": "AM Lilley",
              "bowler": "MJ Santner",
              "non_striker": "LS Livingstone",
              "runs": {
                "batter": 0,
                "extras": 0,
                "total": 0
              }
            },
            {
              "batter": "AM Lilley",
              "bowler": "MJ Santner",
              "extras": {
                "legbyes": 1
              },
              "non_striker": "LS Livingstone",
              "runs": {
                "batter": 0,
                "extras": 1,
                "total": 1
              }
            }
          ]
        },
        {
          "over": 4,
          "deliveries": [
            {
              "batter": "AM Lilley",
              "bowler": "JC Tongue",
              "non_striker": "LS Livingstone",
              "runs": {
                "batter": 4,
                "extras": 0,
                "total": 4
              }
            },
            {
              "batter": "AM Lilley",
              "bowler": "JC Tongue",
              "non_striker": "LS Livingstone",
              "runs": {
                "batter": 4,
                "extras": 0,
                "total": 4
              }
            },
            {
              "batter": "AM Lilley",
              "bowler": "JC Tongue",
              "non_striker": "LS Livingstone",
              "runs": {
                "batter": 4,
                "extras": 0,
                "total": 4
              }
            },
            {
              "batter": "AM Lilley",
              "bowler": "JC Tongue",
              "non_striker": "LS Livingstone",
              "runs": {
                "batter": 1,
                "extras": 0,
                "total": 1
              }
            },
            {
              "batter": "LS Livingstone",
              "bowler": "JC Tongue",
              "non_striker": "AM Lilley",
              "runs": {
                "batter": 0,
                "extras": 0,
                "total": 0
              }
            },
            {
              "batter": "LS Livingstone",
              "bowler": "JC Tongue",
              "non_striker": "AM Lilley",
              "runs": {
                "batter": 0,
                "extras": 0,
                "total": 0
              }
            }
          ]
        },
        {
          "over": 5,
          "deliveries": [
            {
              "batter": "AM Lilley",
              "bowler": "J Leach",
              "non_striker": "LS Livingstone",
              "runs": {
                "batter": 1,
                "extras": 0,
                "total": 1
              }
            },
            {
              "batter": "LS Livingstone",
              "bowler": "J Leach",
              "non_striker": "AM Lilley",
              "runs": {
                "batter": 1,
                "extras": 0,
                "total": 1
              }
            },
            {
              "batter": "AM Lilley",
              "bowler": "J Leach",
              "non_striker": "LS Livingstone",
              "runs": {
                "batter": 1,
                "extras": 0,
                "total": 1
              }
            },
            {
              "batter": "LS Livingstone",
              "bowler": "J Leach",
              "non_striker": "AM Lilley",
              "runs": {
                "batter": 1,
                "extras": 0,
                "total": 1
              }
            },
            {
              "batter": "AM Lilley",
              "bowler": "J Leach",
              "non_striker": "LS Livingstone",
              "runs": {
                "batter": 4,
                "extras": 0,
                "total": 4
              }
            },
            {
              "batter": "AM Lilley",
              "bowler": "J Leach",
              "non_striker": "LS Livingstone",
              "runs": {
                "batter": 1,
                "extras": 0,
                "total": 1
              }
            }
          ]
        },
        {
          "over": 6,
          "deliveries": [
            {
              "batter": "AM Lilley",
              "bowler": "BL D'Oliveira",
              "non_striker": "LS Livingstone",
              "runs": {
                "batter": 1,
                "extras": 0,
                "total": 1
              }
            },
            {
              "batter": "LS Livingstone",
              "bowler": "BL D'Oliveira",
              "non_striker": "AM Lilley",
              "runs": {
                "batter": 1,
                "extras": 0,
                "total": 1
              }
            },
            {
              "batter": "AM Lilley",
              "bowler": "BL D'Oliveira",
              "non_striker": "LS Livingstone",
              "runs": {
                "batter": 2,
                "extras": 0,
                "total": 2
              }
            },
            {
              "batter": "AM Lilley",
              "bowler": "BL D'Oliveira",
              "non_striker": "LS Livingstone",
              "runs": {
                "batter": 0,
                "extras": 0,
                "total": 0
              },
              "wickets": [
                {
                  "player_out": "AM Lilley",
                  "kind": "lbw"
                }
              ]
            },
            {
              "batter": "JC Buttler",
              "bowler": "BL D'Oliveira",
              "non_striker": "LS Livingstone",
              "runs": {
                "batter": 0,
                "extras": 0,
                "total": 0
              }
            },
            {
              "batter": "JC Buttler",
              "bowler": "BL D'Oliveira",
              "non_striker": "LS Livingstone",
              "runs": {
                "batter": 0,
                "extras": 0,
                "total": 0
              }
            }
          ]
        },
        {
          "over": 7,
          "deliveries": [
            {
              "batter": "LS Livingstone",
              "bowler": "DKH Mitchell",
              "non_striker": "JC Buttler",
              "runs": {
                "batter": 2,
                "extras": 0,
                "total": 2
              }
            },
            {
              "batter": "LS Livingstone",
              "bowler": "DKH Mitchell",
              "non_striker": "JC Buttler",
              "runs": {
                "batter": 2,
                "extras": 0,
                "total": 2
              }
            },
            {
              "batter": "LS Livingstone",
              "bowler": "DKH Mitchell",
              "non_striker": "JC Buttler",
              "runs": {
                "batter": 1,
                "extras": 0,
                "total": 1
              }
            },
            {
              "batter": "JC Buttler",
              "bowler": "DKH Mitchell",
              "non_striker": "LS Livingstone",
              "runs": {
                "batter": 0,
                "extras": 0,
                "total": 0
              }
            },
            {
              "batter": "JC Buttler",
              "bowler": "DKH Mitchell",
              "non_striker": "LS Livingstone",
              "runs": {
                "batter": 2,
                "extras": 0,
                "total": 2
              }
            },
            {
              "batter": "JC Buttler",
              "bowler": "DKH Mitchell",
              "non_striker": "LS Livingstone",
              "runs": {
                "batter": 2,
                "extras": 0,
                "total": 2
              }
            }
          ]
        },
        {
          "over": 8,
          "deliveries": [
            {
              "batter": "LS Livingstone",
              "bowler": "BL D'Oliveira",
              "non_striker": "JC Buttler",
              "runs": {
                "batter": 2,
                "extras": 0,
                "total": 2
              }
            },
            {
              "batter": "LS Livingstone",
              "bowler": "BL D'Oliveira",
              "non_striker": "JC Buttler",
              "runs": {
                "batter": 1,
                "extras": 0,
                "total": 1
              }
            },
            {
              "batter": "JC Buttler",
              "bowler": "BL D'Oliveira",
              "non_striker": "LS Livingstone",
              "runs": {
                "batter": 0,
                "extras": 0,
                "total": 0
              }
            },
            {
              "batter": "JC Buttler",
              "bowler": "BL D'Oliveira",
              "non_striker": "LS Livingstone",
              "runs": {
                "batter": 1,
                "extras": 0,
                "total": 1
              }
            },
            {
              "batter": "LS Livingstone",
              "bowler": "BL D'Oliveira",
              "non_striker": "JC Buttler",
              "runs": {
                "batter": 1,
                "extras": 0,
                "total": 1
              }
            },
            {
              "batter": "JC Buttler",
              "bowler": "BL D'Oliveira",
              "non_striker": "LS Livingstone",
              "runs": {
                "batter": 1,
                "extras": 0,
                "total": 1
              }
            }
          ]
        },
        {
          "over": 9,
          "deliveries": [
            {
              "batter": "JC Buttler",
              "bowler": "DKH Mitchell",
              "non_striker": "LS Livingstone",
              "runs": {
                "batter": 1,
                "extras": 0,
                "total": 1
              }
            },
            {
              "batter": "LS Livingstone",
              "bowler": "DKH Mitchell",
              "non_striker": "JC Buttler",
              "runs": {
                "batter": 1,
                "extras": 0,
                "total": 1
              }
            },
            {
              "batter": "JC Buttler",
              "bowler": "DKH Mitchell",
              "non_striker": "LS Livingstone",
              "runs": {
                "batter": 1,
                "extras": 0,
                "total": 1
              }
            },
            {
              "batter": "LS Livingstone",
              "bowler": "DKH Mitchell",
              "non_striker": "JC Buttler",
              "runs": {
                "batter": 1,
                "extras": 0,
                "total": 1
              }
            },
            {
              "batter": "JC Buttler",
              "bowler": "DKH Mitchell",
              "non_striker": "LS Livingstone",
              "runs": {
                "batter": 1,
                "extras": 0,
                "total": 1
              }
            },
            {
              "batter": "LS Livingstone",
              "bowler": "DKH Mitchell",
              "non_striker": "JC Buttler",
              "runs": {
                "batter": 1,
                "extras": 0,
                "total": 1
              }
            }
          ]
        },
        {
          "over": 10,
          "deliveries": [
            {
              "batter": "LS Livingstone",
              "bowler": "MJ Santner",
              "non_striker": "JC Buttler",
              "runs": {
                "batter": 1,
                "extras": 0,
                "total": 1
              }
            },
            {
              "batter": "JC Buttler",
              "bowler": "MJ Santner",
              "non_striker": "LS Livingstone",
              "runs": {
                "batter": 2,
                "extras": 0,
                "total": 2
              }
            },
            {
              "batter": "JC Buttler",
              "bowler": "MJ Santner",
              "non_striker": "LS Livingstone",
              "runs": {
                "batter": 1,
                "extras": 0,
                "total": 1
              }
            },
            {
              "batter": "LS Livingstone",
              "bowler": "MJ Santner",
              "non_striker": "JC Buttler",
              "runs": {
                "batter": 2,
                "extras": 0,
                "total": 2
              }
            },
            {
              "batter": "LS Livingstone",
              "bowler": "MJ Santner",
              "non_striker": "JC Buttler",
              "runs": {
                "batter": 0,
                "extras": 0,
                "total": 0
              }
            },
            {
              "batter": "LS Livingstone",
              "bowler": "MJ Santner",
              "non_striker": "JC Buttler",
              "runs": {
                "batter": 0,
                "extras": 0,
                "total": 0
              }
            }
          ]
        },
        {
          "over": 11,
          "deliveries": [
            {
              "batter": "JC Buttler",
              "bowler": "A Hepburn",
              "non_striker": "LS Livingstone",
              "runs": {
                "batter": 2,
                "extras": 0,
                "total": 2
              }
            },
            {
              "batter": "JC Buttler",
              "bowler": "A Hepburn",
              "non_striker": "LS Livingstone",
              "runs": {
                "batter": 1,
                "extras": 0,
                "total": 1
              }
            },
            {
              "batter": "LS Livingstone",
              "bowler": "A Hepburn",
              "non_striker": "JC Buttler",
              "runs": {
                "batter": 1,
                "extras": 0,
                "total": 1
              }
            },
            {
              "batter": "JC Buttler",
              "bowler": "A Hepburn",
              "non_striker": "LS Livingstone",
              "runs": {
                "batter": 0,
                "extras": 0,
                "total": 0
              }
            },
            {
              "batter": "JC Buttler",
              "bowler": "A Hepburn",
              "non_striker": "LS Livingstone",
              "runs": {
                "batter": 0,
                "extras": 0,
                "total": 0
              }
            },
            {
              "batter": "JC Buttler",
              "bowler": "A Hepburn",
              "non_striker": "LS Livingstone",
              "runs": {
                "batter": 0,
                "extras": 0,
                "total": 0
              }
            }
          ]
        },
        {
          "over": 12,
          "deliveries": [
            {
              "batter": "LS Livingstone",
              "bowler": "BL D'Oliveira",
              "non_striker": "JC Buttler",
              "runs": {
                "batter": 2,
                "extras": 0,
                "total": 2
              }
            },
            {
              "batter": "LS Livingstone",
              "bowler": "BL D'Oliveira",
              "non_striker": "JC Buttler",
              "runs": {
                "batter": 1,
                "extras": 0,
                "total": 1
              }
            },
            {
              "batter": "JC Buttler",
              "bowler": "BL D'Oliveira",
              "non_striker": "LS Livingstone",
              "runs": {
                "batter": 0,
                "extras": 0,
                "total": 0
              }
            },
            {
              "batter": "JC Buttler",
              "bowler": "BL D'Oliveira",
              "non_striker": "LS Livingstone",
              "runs": {
                "batter": 0,
                "extras": 0,
                "total": 0
              }
            },
            {
              "batter": "JC Buttler",
              "bowler": "BL D'Oliveira",
              "extras": {
                "byes": 1
              },
              "non_striker": "LS Livingstone",
              "runs": {
                "batter": 0,
                "extras": 1,
                "total": 1
              }
            },
            {
              "batter": "LS Livingstone",
              "bowler": "BL D'Oliveira",
              "non_striker": "JC Buttler",
              "runs": {
                "batter": 1,
                "extras": 0,
                "total": 1
              }
            }
          ]
        },
        {
          "over": 13,
          "deliveries": [
            {
              "batter": "LS Livingstone",
              "bowler": "A Hepburn",
              "non_striker": "JC Buttler",
              "runs": {
                "batter": 1,
                "extras": 0,
                "total": 1
              }
            },
            {
              "batter": "JC Buttler",
              "bowler": "A Hepburn",
              "non_striker": "LS Livingstone",
              "runs": {
                "batter": 0,
                "extras": 0,
                "total": 0
              }
            },
            {
              "batter": "JC Buttler",
              "bowler": "A Hepburn",
              "non_striker": "LS Livingstone",
              "runs": {
                "batter": 6,
                "extras": 0,
                "total": 6
              }
            },
            {
              "batter": "JC Buttler",
              "bowler": "A Hepburn",
              "non_striker": "LS Livingstone",
              "runs": {
                "batter": 0,
                "extras": 0,
                "total": 0
              }
            },
            {
              "batter": "JC Buttler",
              "bowler": "A Hepburn",
              "non_striker": "LS Livingstone",
              "runs": {
                "batter": 4,
                "extras": 0,
                "total": 4
              }
            },
            {
              "batter": "JC Buttler",
              "bowler": "A Hepburn",
              "non_striker": "LS Livingstone",
              "runs": {
                "batter": 1,
                "extras": 0,
                "total": 1
              }
            }
          ]
        },
        {
          "over": 14,
          "deliveries": [
            {
              "batter": "JC Buttler",
              "bowler": "JC Tongue",
              "non_striker": "LS Livingstone",
              "runs": {
                "batter": 4,
                "extras": 0,
                "total": 4
              }
            },
            {
              "batter": "JC Buttler",
              "bowler": "JC Tongue",
              "non_striker": "LS Livingstone",
              "runs": {
                "batter": 1,
                "extras": 0,
                "total": 1
              }
            },
            {
              "batter": "LS Livingstone",
              "bowler": "JC Tongue",
              "non_striker": "JC Buttler",
              "runs": {
                "batter": 1,
                "extras": 0,
                "total": 1
              }
            },
            {
              "batter": "JC Buttler",
              "bowler": "JC Tongue",
              "non_striker": "LS Livingstone",
              "runs": {
                "batter": 4,
                "extras": 0,
                "total": 4
              }
            },
            {
              "batter": "JC Buttler",
              "bowler": "JC Tongue",
              "non_striker": "LS Livingstone",
              "runs": {
                "batter": 1,
                "extras": 0,
                "total": 1
              }
            },
            {
              "batter": "LS Livingstone",
              "bowler": "JC Tongue",
              "non_striker": "JC Buttler",
              "runs": {
                "batter": 0,
                "extras": 0,
                "total": 0
              }
            }
          ]
        },
        {
          "over": 15,
          "deliveries": [
            {
              "batter": "JC Buttler",
              "bowler": "MJ Santner",
              "non_striker": "LS Livingstone",
              "runs": {
                "batter": 0,
                "extras": 0,
                "total": 0
              }
            },
            {
              "batter": "JC Buttler",
              "bowler": "MJ Santner",
              "non_striker": "LS Livingstone",
              "runs": {
                "batter": 0,
                "extras": 0,
                "total": 0
              }
            },
            {
              "batter": "JC Buttler",
              "bowler": "MJ Santner",
              "non_striker": "LS Livingstone",
              "runs": {
                "batter": 0,
                "extras": 0,
                "total": 0
              }
            },
            {
              "batter": "JC Buttler",
              "bowler": "MJ Santner",
              "non_striker": "LS Livingstone",
              "runs": {
                "batter": 1,
                "extras": 0,
                "total": 1
              }
            },
            {
              "batter": "LS Livingstone",
              "bowler": "MJ Santner",
              "non_striker": "JC Buttler",
              "runs": {
                "batter": 2,
                "extras": 0,
                "total": 2
              }
            },
            {
              "batter": "LS Livingstone",
              "bowler": "MJ Santner",
              "non_striker": "JC Buttler",
              "runs": {
                "batter": 1,
                "extras": 0,
                "total": 1
              }
            }
          ]
        },
        {
          "over": 16,
          "deliveries": [
            {
              "batter": "LS Livingstone",
              "bowler": "BL D'Oliveira",
              "non_striker": "JC Buttler",
              "runs": {
                "batter": 1,
                "extras": 0,
                "total": 1
              }
            },
            {
              "batter": "JC Buttler",
              "bowler": "BL D'Oliveira",
              "non_striker": "LS Livingstone",
              "runs": {
                "batter": 6,
                "extras": 0,
                "total": 6
              }
            },
            {
              "batter": "JC Buttler",
              "bowler": "BL D'Oliveira",
              "non_striker": "LS Livingstone",
              "runs": {
                "batter": 2,
                "extras": 0,
                "total": 2
              }
            },
            {
              "batter": "JC Buttler",
              "bowler": "BL D'Oliveira",
              "non_striker": "LS Livingstone",
              "runs": {
                "batter": 1,
                "extras": 0,
                "total": 1
              }
            },
            {
              "batter": "LS Livingstone",
              "bowler": "BL D'Oliveira",
              "non_striker": "JC Buttler",
              "runs": {
                "batter": 1,
                "extras": 0,
                "total": 1
              }
            },
            {
              "batter": "JC Buttler",
              "bowler": "BL D'Oliveira",
              "non_striker": "LS Livingstone",
              "runs": {
                "batter": 1,
                "extras": 0,
                "total": 1
              }
            }
          ]
        },
        {
          "over": 17,
          "deliveries": [
            {
              "batter": "JC Buttler",
              "bowler": "J Leach",
              "non_striker": "LS Livingstone",
              "runs": {
                "batter": 1,
                "extras": 0,
                "total": 1
              }
            },
            {
              "batter": "LS Livingstone",
              "bowler": "J Leach",
              "non_striker": "JC Buttler",
              "runs": {
                "batter": 0,
                "extras": 0,
                "total": 0
              },
              "wickets": [
                {
                  "player_out": "LS Livingstone",
                  "fielders": [
                    {
                      "name": "MJ Santner"
                    }
                  ],
                  "kind": "caught"
                }
              ]
            },
            {
              "batter": "JC Buttler",
              "bowler": "J Leach",
              "non_striker": "DJ Vilas",
              "runs": {
                "batter": 4,
                "extras": 0,
                "total": 4
              }
            },
            {
              "batter": "JC Buttler",
              "bowler": "J Leach",
              "extras": {
                "wides": 1
              },
              "non_striker": "DJ Vilas",
              "runs": {
                "batter": 0,
                "extras": 1,
                "total": 1
              }
            }
          ]
        }
      ],
      "powerplays": [
        {
          "from": 0.1,
          "to": 5.6,
          "type": "mandatory"
        }
      ],
      "target": {
        "overs": 20,
        "runs": 128
      }
    }
  ]
}