{
  "meta": {
    "data_version": "1.0.0",
    "created": "2020-07-20",
    "revision": 1
  },
  "info": {
    "balls_per_over": 6,
    "city": "Cardiff",
    "dates": [
      "2017-08-18"
    ],
    "event": {
      "name": "NatWest T20 Blast",
      "group": "South"
    },
    "gender": "male",
    "match_type": "T20",
    "officials": {
      "umpires": [
        "NGC Cowley",
        "AG Wharf"
      ]
    },
    "outcome": {
      "winner": "Glamorgan",
      "by": {
        "wickets": 7
      }
    },
    "overs": 20,
    "player_of_match": [
      "M de Lange"
    ],
    "players": {
      "Middlesex": [
        "PR Stirling",
        "JA Simpson",
        "SS Eskinazi",
        "EJG Morgan",
        "AC Voges",
        "JEC Franklin",
        "RF Higgins",
        "TG Southee",
        "TG Helm",
        "NA Sowter",
        "ST Finn"
      ],
      "Glamorgan": [
        "NJ Selman",
        "AHT Donald",
        "CA Ingram",
        "JA Rudolph",
        "CB Cooke",
        "KS Carlson",
        "AG Salter",
        "CAJ Meschede",
        "GG Wagg",
        "M de Lange",
        "MG Hogan"
      ]
    },
    "registry": {
      "people": {
        "AC Voges": "864c199e",
        "AG Salter": "1a45b864",
        "AG Wharf": "2e0fcc58",
        "AHT Donald": "72918338",
        "CA Ingram": "c995d726",
        "CAJ Meschede": "eddf25bd",
        "CB Cooke": "6755cd5c",
        "EJG Morgan": "d2a6c0e6",
        "GG Wagg": "450f6fa6",
        "JA Rudolph": "42537f07",
        "JA Simpson": "f05fe9b1",
        "JEC Franklin": "cf73ad76",
        "KS Carlson": "9e707e02",
        "M de Lange": "d4eef961",
        "MG Hogan": "5da34add",
        "NA Sowter": "ee0c05c0",
        "NGC Cowley": "4dea0f15",
        "NJ Selman": "bab08c8b",
        "PR Stirling": "cf494ffe",
        "RF Higgins": "ad212f96",
        "SS Eskinazi": "75cbed9b",
        "ST Finn": "ccdd8308",
        "TG Helm": "74a274cc",
        "TG Southee": "13c35c9e"
      }
    },
    "season": "2017",
    "team_type": "club",
    "teams": [
      "Middlesex",
      "Glamorgan"
    ],
    "toss": {
      "decision": "field",
      "winner": "Glamorgan"
    },
    "venue": "Sophia Gardens"
  },
  "innings": [
    {
      "team": "Middlesex",
      "overs": [
        {
          "over": 0,
          "deliveries": [
            {
              "batter": "PR Stirling",
              "bowler": "M de Lange",
              "non_striker": "JA Simpson",
              "runs": {
                "batter": 1,
                "extras": 0,
                "total": 1
              }
            },
            {
              "batter": "JA Simpson",
              "bowler": "M de Lange",
              "non_striker": "PR Stirling",
              "runs": {
                "batter": 1,
                "extras": 0,
                "total": 1
              }
            },
            {
              "batter": "PR Stirling",
              "bowler": "M de Lange",
              "non_striker": "JA Simpson",
              "runs": {
                "batter": 0,
                "extras": 0,
                "total": 0
              }
            },
            {
              "batter": "PR Stirling",
              "bowler": "M de Lange",
              "non_striker": "JA Simpson",
              "runs": {
                "batter": 0,
                "extras": 0,
                "total": 0
              },
              "wickets": [
                {
                  "player_out": "PR Stirling",
                  "fielders": [
                    {
                      "name": "MG Hogan"
                    }
                  ],
                  "kind": "caught"
                }
              ]
            },
            {
              "batter": "JA Simpson",
              "bowler": "M de Lange",
              "non_striker": "SS Eskinazi",
              "runs": {
                "batter": 1,
                "extras": 0,
                "total": 1
              }
            },
            {
              "batter": "SS Eskinazi",
              "bowler": "M de Lange",
              "non_striker": "JA Simpson",
              "runs": {
                "batter": 1,
                "extras": 0,
                "total": 1
              }
            }
          ]
        },
        {
          "over": 1,
          "deliveries": [
            {
              "batter": "SS Eskinazi",
              "bowler": "MG Hogan",
              "non_striker": "JA Simpson",
              "runs": {
                "batter": 0,
                "extras": 0,
                "total": 0
              }
            },
            {
              "batter": "SS Eskinazi",
              "bowler": "MG Hogan",
              "non_striker": "JA Simpson",
              "runs": {
                "batter": 1,
                "extras": 0,
                "total": 1
              }
            },
            {
              "batter": "JA Simpson",
              "bowler": "MG Hogan",
              "non_striker": "SS Eskinazi",
              "runs": {
                "batter": 0,
                "extras": 0,
                "total": 0
              },
              "wickets": [
                {
                  "player_out": "JA Simpson",
                  "fielders": [
                    {
                      "name": "JA Rudolph"
                    }
                  ],
                  "kind": "caught"
                }
              ]
            },
            {
              "batter": "SS Eskinazi",
              "bowler": "MG Hogan",
              "non_striker": "EJG Morgan",
              "runs": {
                "batter": 0,
                "extras": 0,
                "total": 0
              }
            },
            {
              "batter": "SS Eskinazi",
              "bowler": "MG Hogan",
              "non_striker": "EJG Morgan",
              "runs": {
                "batter": 1,
                "extras": 0,
                "total": 1
              }
            },
            {
              "batter": "EJG Morgan",
              "bowler": "MG Hogan",
              "non_striker": "SS Eskinazi",
              "runs": {
                "batter": 1,
                "extras": 0,
                "total": 1
              }
            }
          ]
        },
        {
          "over": 2,
          "deliveries": [
            {
              "batter": "EJG Morgan",
              "bowler": "M de Lange",
              "non_striker": "SS Eskinazi",
              "runs": {
                "batter": 0,
                "extras": 0,
                "total": 0
              },
              "wickets": [
                {
                  "player_out": "EJG Morgan",
                  "fielders": [
                    {
                      "name": "CA Ingram"
                    }
                  ],
                  "kind": "caught"
                }
              ]
            },
            {
              "batter": "AC Voges",
              "bowler": "M de Lange",
              "non_striker": "SS Eskinazi",
              "runs": {
                "batter": 0,
                "extras": 0,
                "total": 0
              }
            },
            {
              "batter": "AC Voges",
              "bowler": "M de Lange",
              "non_striker": "SS Eskinazi",
              "runs": {
                "batter": 1,
                "extras": 0,
                "total": 1
              }
            },
            {
              "batter": "SS Eskinazi",
              "bowler": "M de Lange",
              "non_striker": "AC Voges",
              "runs": {
                "batter": 1,
                "extras": 0,
                "total": 1
              }
            },
            {
              "batter": "AC Voges",
              "bowler": "M de Lange",
              "non_striker": "SS Eskinazi",
              "runs": {
                "batter": 4,
                "extras": 0,
                "total": 4
              }
            },
            {
              "batter": "AC Voges",
              "bowler": "M de Lange",
              "non_striker": "SS Eskinazi",
              "runs": {
                "batter": 4,
                "extras": 0,
                "total": 4
              }
            }
          ]
        },
        {
          "over": 3,
          "deliveries": [
            {
              "batter": "SS Eskinazi",
              "bowler": "MG Hogan",
              "non_striker": "AC Voges",
              "runs": {
                "batter": 0,
                "extras": 0,
                "total": 0
              },
              "wickets": [
                {
                  "player_out": "SS Eskinazi",
                  "kind": "bowled"
                }
              ]
            },
            {
              "batter": "JEC Franklin",
              "bowler": "MG Hogan",
              "non_striker": "AC Voges",
              "runs": {
                "batter": 0,
                "extras": 0,
                "total": 0
              }
            },
            {
              "batter": "JEC Franklin",
              "bowler": "MG Hogan",
              "non_striker": "AC Voges",
              "runs": {
                "batter": 0,
                "extras": 0,
                "total": 0
              }
            },
            {
              "batter": "JEC Franklin",
              "bowler": "MG Hogan",
              "non_striker": "AC Voges",
              "runs": {
                "batter": 0,
                "extras": 0,
                "total": 0
              }
            },
            {
              "batter": "JEC Franklin",
              "bowler": "MG Hogan",
              "non_striker": "AC Voges",
              "runs": {
                "batter": 1,
                "extras": 0,
                "total": 1
              }
            },
            {
              "batter": "AC Voges",
              "bowler": "MG Hogan",
              "non_striker": "JEC Franklin",
              "runs": {
                "batter": 4,
                "extras": 0,
                "total": 4
              }
            }
          ]
        },
        {
          "over": 4,
          "deliveries": [
            {
              "batter": "JEC Franklin",
              "bowler": "M de Lange",
              "non_striker": "AC Voges",
              "runs": {
                "batter": 0,
                "extras": 0,
                "total": 0
              }
            },
            {
              "batter": "JEC Franklin",
              "bowler": "M de Lange",
              "non_striker": "AC Voges",
              "runs": {
                "batter": 2,
                "extras": 0,
                "total": 2
              }
            },
            {
              "batter": "JEC Franklin",
              "bowler": "M de Lange",
              "non_striker": "AC Voges",
              "runs": {
                "batter": 0,
                "extras": 0,
                "total": 0
              },
              "wickets": [
                {
                  "player_out": "JEC Franklin",
                  "kind": "bowled"
                }
              ]
            },
            {
              "batter": "RF Higgins",
              "bowler": "M de Lange",
              "non_striker": "AC Voges",
              "runs": {
                "batter": 1,
                "extras": 0,
                "total": 1
              }
            },
            {
              "batter": "AC Voges",
              "bowler": "M de Lange",
              "non_striker": "RF Higgins",
              "runs": {
                "batter": 1,
                "extras": 0,
                "total": 1
              }
            },
            {
              "batter": "RF Higgins",
              "bowler": "M de Lange",
              "non_striker": "AC Voges",
              "runs": {
                "batter": 1,
                "extras": 0,
                "total": 1
              }
            }
          ]
        },
        {
          "over": 5,
          "deliveries": [
            {
              "batter": "RF Higgins",
              "bowler": "CA Ingram",
              "non_striker": "AC Voges",
              "runs": {
                "batter": 1,
                "extras": 0,
                "total": 1
              }
            },
            {
              "batter": "AC Voges",
              "bowler": "CA Ingram",
              "non_striker": "RF Higgins",
              "runs": {
                "batter": 1,
                "extras": 0,
                "total": 1
              }
            },
            {
              "batter": "RF Higgins",
              "bowler": "CA Ingram",
              "non_striker": "AC Voges",
              "runs": {
                "batter": 1,
                "extras": 0,
                "total": 1
              }
            },
            {
              "batter": "AC Voges",
              "bowler": "CA Ingram",
              "non_striker": "RF Higgins",
              "runs": {
                "batter": 4,
                "extras": 0,
                "total": 4
              }
            },
            {
              "batter": "AC Voges",
              "bowler": "CA Ingram",
              "non_striker": "RF Higgins",
              "runs": {
                "batter": 1,
                "extras": 0,
                "total": 1
              }
            },
            {
              "batter": "RF Higgins",
              "bowler": "CA Ingram",
              "non_striker": "AC Voges",
              "runs": {
                "batter": 0,
                "extras": 0,
                "total": 0
              }
            }
          ]
        },
        {
          "over": 6,
          "deliveries": [
            {
              "batter": "AC Voges",
              "bowler": "CAJ Meschede",
              "non_striker": "RF Higgins",
              "runs": {
                "batter": 1,
                "extras": 0,
                "total": 1
              }
            },
            {
              "batter": "RF Higgins",
              "bowler": "CAJ Meschede",
              "non_striker": "AC Voges",
              "runs": {
                "batter": 1,
                "extras": 0,
                "total": 1
              }
            },
            {
              "batter": "AC Voges",
              "bowler": "CAJ Meschede",
              "non_striker": "RF Higgins",
              "runs": {
                "batter": 1,
                "extras": 0,
                "total": 1
              }
            },
            {
              "batter": "RF Higgins",
              "bowler": "CAJ Meschede",
              "non_striker": "AC Voges",
              "runs": {
                "batter": 1,
                "extras": 0,
                "total": 1
              }
            },
            {
              "batter": "AC Voges",
              "bowler": "CAJ Meschede",
              "non_striker": "RF Higgins",
              "runs": {
                "batter": 1,
                "extras": 0,
                "total": 1
              }
            },
            {
              "batter": "RF Higgins",
              "bowler": "CAJ Meschede",
              "non_striker": "AC Voges",
              "runs": {
                "batter": 1,
                "extras": 0,
                "total": 1
              }
            }
          ]
        },
        {
          "over": 7,
          "deliveries": [
            {
              "batter": "RF Higgins",
              "bowler": "CA Ingram",
              "non_striker": "AC Voges",
              "runs": {
                "batter": 0,
                "extras": 0,
                "total": 0
              }
            },
            {
              "batter": "RF Higgins",
              "bowler": "CA Ingram",
              "non_striker": "AC Voges",
              "runs": {
                "batter": 0,
                "extras": 0,
                "total": 0
              }
            },
            {
              "batter": "RF Higgins",
              "bowler": "CA Ingram",
              "non_striker": "AC Voges",
              "runs": {
                "batter": 0,
                "extras": 0,
                "total": 0
              }
            },
            {
              "batter": "RF Higgins",
              "bowler": "CA Ingram",
              "non_striker": "AC Voges",
              "runs": {
                "batter": 0,
                "extras": 0,
                "total": 0
              }
            },
            {
              "batter": "RF Higgins",
              "bowler": "CA Ingram",
              "non_striker": "AC Voges",
              "runs": {
                "batter": 0,
                "extras": 0,
                "total": 0
              }
            },
            {
              "batter": "RF Higgins",
              "bowler": "CA Ingram",
              "non_striker": "AC Voges",
              "runs": {
                "batter": 1,
                "extras": 0,
                "total": 1
              }
            }
          ]
        },
        {
          "over": 8,
          "deliveries": [
            {
              "batter": "RF Higgins",
              "bowler": "CAJ Meschede",
              "non_striker": "AC Voges",
              "runs": {
                "batter": 0,
                "extras": 0,
                "total": 0
              }
            },
            {
              "batter": "RF Higgins",
              "bowler": "CAJ Meschede",
              "non_striker": "AC Voges",
              "runs": {
                "batter": 1,
                "extras": 0,
                "total": 1
              }
            },
            {
              "batter": "AC Voges",
              "bowler": "CAJ Meschede",
              "non_striker": "RF Higgins",
              "runs": {
                "batter": 1,
                "extras": 0,
                "total": 1
              }
            },
            {
              "batter": "RF Higgins",
              "bowler": "CAJ Meschede",
              "non_striker": "AC Voges",
              "runs": {
                "batter": 1,
                "extras": 0,
                "total": 1
              }
            },
            {
              "batter": "AC Voges",
              "bowler": "CAJ Meschede",
              "non_striker": "RF Higgins",
              "runs": {
                "batter": 1,
                "extras": 0,
                "total": 1
              }
            },
            {
              "batter": "RF Higgins",
              "bowler": "CAJ Meschede",
              "non_striker": "AC Voges",
              "runs": {
                "batter": 2,
                "extras": 0,
                "total": 2
              }
            }
          ]
        },
        {
          "over": 9,
          "deliveries": [
            {
              "batter": "AC Voges",
              "bowler": "CA Ingram",
              "non_striker": "RF Higgins",
              "runs": {
                "batter": 4,
                "extras": 0,
                "total": 4
              }
            },
            {
              "batter": "AC Voges",
              "bowler": "CA Ingram",
              "non_striker": "RF Higgins",
              "runs": {
                "batter": 1,
                "extras": 0,
                "total": 1
              }
            },
            {
              "batter": "RF Higgins",
              "bowler": "CA Ingram",
              "non_striker": "AC Voges",
              "runs": {
                "batter": 1,
                "extras": 0,
                "total": 1
              }
            },
            {
              "batter": "AC Voges",
              "bowler": "CA Ingram",
              "non_striker": "RF Higgins",
              "runs": {
                "batter": 2,
                "extras": 0,
                "total": 2
              }
            },
            {
              "batter": "AC Voges",
              "bowler": "CA Ingram",
              "non_striker": "RF Higgins",
              "runs": {
                "batter": 3,
                "extras": 0,
                "total": 3
              }
            },
            {
              "batter": "RF Higgins",
              "bowler": "CA Ingram",
              "non_striker": "AC Voges",
              "runs": {
                "batter": 1,
                "extras": 0,
                "total": 1
              }
            }
          ]
        },
        {
          "over": 10,
          "deliveries": [
            {
              "batter": "RF Higgins",
              "bowler": "GG Wagg",
              "non_striker": "AC Voges",
              "runs": {
                "batter": 1,
                "extras": 0,
                "total": 1
              }
            },
            {
              "batter": "AC Voges",
              "bowler": "GG Wagg",
              "non_striker": "RF Higgins",
              "runs": {
                "batter": 1,
                "extras": 0,
                "total": 1
              }
            },
            {
              "batter": "RF Higgins",
              "bowler": "GG Wagg",
              "non_striker": "AC Voges",
              "runs": {
                "batter": 1,
                "extras": 0,
                "total": 1
              }
            },
            {
              "batter": "AC Voges",
              "bowler": "GG Wagg",
              "non_striker": "RF Higgins",
              "runs": {
                "batter": 4,
                "extras": 0,
                "total": 4
              }
            },
            {
              "batter": "AC Voges",
              "bowler": "GG Wagg",
              "non_striker": "RF Higgins",
              "runs": {
                "batter": 1,
                "extras": 0,
                "total": 1
              }
            },
            {
              "batter": "RF Higgins",
              "bowler": "GG Wagg",
              "non_striker": "AC Voges",
              "runs": {
                "batter": 0,
                "extras": 0,
                "total": 0
              },
              "wickets": [
                {
                  "player_out": "RF Higgins",
                  "fielders": [
                    {
                      "name": "AHT Donald"
                    }
                  ],
                  "kind": "caught"
                }
              ]
            }
          ]
        },
        {
          "over": 11,
          "deliveries": [
            {
              "batter": "TG Southee",
              "bowler": "CAJ Meschede",
              "non_striker": "AC Voges",
              "runs": {
                "batter": 1,
                "extras": 0,
                "total": 1
              }
            },
            {
              "batter": "AC Voges",
              "bowler": "CAJ Meschede",
              "non_striker": "TG Southee",
              "runs": {
                "batter": 1,
                "extras": 0,
                "total": 1
              }
            },
            {
              "batter": "TG Southee",
              "bowler": "CAJ Meschede",
              "non_striker": "AC Voges",
              "runs": {
                "batter": 1,
                "extras": 0,
                "total": 1
              }
            },
            {
              "batter": "AC Voges",
              "bowler": "CAJ Meschede",
              "non_striker": "TG Southee",
              "runs": {
                "batter": 4,
                "extras": 0,
                "total": 4
              }
            },
            {
              "batter": "AC Voges",
              "bowler": "CAJ Meschede",
              "non_striker": "TG Southee",
              "runs": {
                "batter": 2,
                "extras": 0,
                "total": 2
              }
            },
            {
              "batter": "AC Voges",
              "bowler": "CAJ Meschede",
              "non_striker": "TG Southee",
              "runs": {
                "batter": 2,
                "extras": 0,
                "total": 2
              }
            }
          ]
        },
        {
          "over": 12,
          "deliveries": [
            {
              "batter": "TG Southee",
              "bowler": "GG Wagg",
              "non_striker": "AC Voges",
              "runs": {
                "batter": 1,
                "extras": 0,
                "total": 1
              }
            },
            {
              "batter": "AC Voges",
              "bowler": "GG Wagg",
              "non_striker": "TG Southee",
              "runs": {
                "batter": 4,
                "extras": 0,
                "total": 4
              }
            },
            {
              "batter": "AC Voges",
              "bowler": "GG Wagg",
              "non_striker": "TG Southee",
              "runs": {
                "batter": 1,
                "extras": 0,
                "total": 1
              }
            },
            {
              "batter": "TG Southee",
              "bowler": "GG Wagg",
              "non_striker": "AC Voges",
              "runs": {
                "batter": 1,
                "extras": 0,
                "total": 1
              }
            },
            {
              "batter": "AC Voges",
              "bowler": "GG Wagg",
              "non_striker": "TG Southee",
              "runs": {
                "batter": 1,
                "extras": 0,
                "total": 1
              }
            },
            {
              "batter": "TG Southee",
              "bowler": "GG Wagg",
              "non_striker": "AC Voges",
              "runs": {
                "batter": 6,
                "extras": 0,
                "total": 6
              }
            }
          ]
        },
        {
          "over": 13,
          "deliveries": [
            {
              "batter": "AC Voges",
              "bowler": "MG Hogan",
              "non_striker": "TG Southee",
              "runs": {
                "batter": 1,
                "extras": 0,
                "total": 1
              }
            },
            {
              "batter": "TG Southee",
              "bowler": "MG Hogan",
              "non_striker": "AC Voges",
              "runs": {
                "batter": 0,
                "extras": 0,
                "total": 0
              },
              "wickets": [
                {
                  "player_out": "TG Southee",
                  "fielders": [
                    {
                      "name": "NJ Selman"
                    }
                  ],
                  "kind": "caught"
                }
              ]
            },
            {
              "batter": "AC Voges",
              "bowler": "MG Hogan",
              "non_striker": "TG Helm",
              "runs": {
                "batter": 1,
                "extras": 0,
                "total": 1
              }
            },
            {
              "batter": "TG Helm",
              "bowler": "MG Hogan",
              "non_striker": "AC Voges",
              "runs": {
                "batter": 2,
                "extras": 0,
                "total": 2
              }
            },
            {
              "batter": "TG Helm",
              "bowler": "MG Hogan",
              "non_striker": "AC Voges",
              "runs": {
                "batter": 2,
                "extras": 0,
                "total": 2
              }
            },
            {
              "batter": "TG Helm",
              "bowler": "MG Hogan",
              "non_striker": "AC Voges",
              "runs": {
                "batter": 0,
                "extras": 0,
                "total": 0
              },
              "wickets": [
                {
                  "player_out": "TG Helm",
                  "kind": "run out"
                }
              ]
            }
          ]
        }
      ],
      "powerplays": [
        {
          "from": 0.1,
          "to": 3.6,
          "type": "mandatory"
        }
      ]
    },
    {
      "team": "Glamorgan",
      "overs": [
        {
          "over": 0,
          "deliveries": [
            {
              "batter": "NJ Selman",
              "bowler": "TG Southee",
              "non_striker": "AHT Donald",
              "runs": {
                "batter": 2,
                "extras": 0,
                "total": 2
              }
            },
            {
              "batter": "NJ Selman",
              "bowler": "TG Southee",
              "non_striker": "AHT Donald",
              "runs": {
                "batter": 1,
                "extras": 0,
                "total": 1
              }
            },
            {
              "batter": "AHT Donald",
              "bowler": "TG Southee",
              "non_striker": "NJ Selman",
              "runs": {
                "batter": 3,
                "extras": 0,
                "total": 3
              }
            },
            {
              "batter": "NJ Selman",
              "bowler": "TG Southee",
              "non_striker": "AHT Donald",
              "runs": {
                "batter": 0,
                "extras": 0,
                "total": 0
              }
            },
            {
              "batter": "NJ Selman",
              "bowler": "TG Southee",
              "non_striker": "AHT Donald",
              "runs": {
                "batter": 0,
                "extras": 0,
                "total": 0
              }
            },
            {
              "batter": "NJ Selman",
              "bowler": "TG Southee",
              "non_striker": "AHT Donald",
              "runs": {
                "batter": 1,
                "extras": 0,
                "total": 1
              }
            }
          ]
        },
        {
          "over": 1,
          "deliveries": [
            {
              "batter": "NJ Selman",
              "bowler": "ST Finn",
              "non_striker": "AHT Donald",
              "runs": {
                "batter": 4,
                "extras": 0,
                "total": 4
              }
            },
            {
              "batter": "NJ Selman",
              "bowler": "ST Finn",
              "non_striker": "AHT Donald",
              "runs": {
                "batter": 1,
                "extras": 0,
                "total": 1
              }
            },
            {
              "batter": "AHT Donald",
              "bowler": "ST Finn",
              "non_striker": "NJ Selman",
              "runs": {
                "batter": 2,
                "extras": 0,
                "total": 2
              }
            },
            {
              "batter": "AHT Donald",
              "bowler": "ST Finn",
              "non_striker": "NJ Selman",
              "runs": {
                "batter": 2,
                "extras": 0,
                "total": 2
              }
            },
            {
              "batter": "AHT Donald",
              "bowler": "ST Finn",
              "non_striker": "NJ Selman",
              "runs": {
                "batter": 1,
                "extras": 0,
                "total": 1
              }
            },
            {
              "batter": "NJ Selman",
              "bowler": "ST Finn",
              "non_striker": "AHT Donald",
              "runs": {
                "batter": 0,
                "extras": 0,
                "total": 0
              }
            }
          ]
        },
        {
          "over": 2,
          "deliveries": [
            {
              "batter": "AHT Donald",
              "bowler": "TG Helm",
              "non_striker": "NJ Selman",
              "runs": {
                "batter": 4,
                "extras": 0,
                "total": 4
              }
            },
            {
              "batter": "AHT Donald",
              "bowler": "TG Helm",
              "non_striker": "NJ Selman",
              "runs": {
                "batter": 4,
                "extras": 0,
                "total": 4
              }
            },
            {
              "batter": "AHT Donald",
              "bowler": "TG Helm",
              "non_striker": "NJ Selman",
              "runs": {
                "batter": 0,
                "extras": 0,
                "total": 0
              }
            },
            {
              "batter": "AHT Donald",
              "bowler": "TG Helm",
              "non_striker": "NJ Selman",
              "runs": {
                "batter": 0,
                "extras": 0,
                "total": 0
              }
            },
            {
              "batter": "AHT Donald",
              "bowler": "TG Helm",
              "non_striker": "NJ Selman",
              "runs": {
                "batter": 1,
                "extras": 0,
                "total": 1
              }
            },
            {
              "batter": "NJ Selman",
              "bowler": "TG Helm",
              "non_striker": "AHT Donald",
              "runs": {
                "batter": 1,
                "extras": 0,
                "total": 1
              }
            }
          ]
        },
        {
          "over": 3,
          "deliveries": [
            {
              "batter": "NJ Selman",
              "bowler": "ST Finn",
              "non_striker": "AHT Donald",
              "runs": {
                "batter": 0,
                "extras": 0,
                "total": 0
              }
            },
            {
              "batter": "NJ Selman",
              "bowler": "ST Finn",
              "non_striker": "AHT Donald",
              "runs": {
                "batter": 1,
                "extras": 0,
                "total": 1
              }
            },
            {
              "batter": "AHT Donald",
              "bowler": "ST Finn",
              "non_striker": "NJ Selman",
              "runs": {
                "batter": 0,
                "extras": 0,
                "total": 0
              }
            },
            {
              "batter": "AHT Donald",
              "bowler": "ST Finn",
              "non_striker": "NJ Selman",
              "runs": {
                "batter": 0,
                "extras": 0,
                "total": 0
              }
            },
            {
              "batter": "AHT Donald",
              "bowler": "ST Finn",
              "non_striker": "NJ Selman",
              "runs": {
                "batter": 0,
                "extras": 0,
                "total": 0
              }
            },
            {
              "batter": "AHT Donald",
              "bowler": "ST Finn",
              "non_striker": "NJ Selman",
              "runs": {
                "batter": 1,
                "extras": 0,
                "total": 1
              }
            }
          ]
        },
        {
          "over": 4,
          "deliveries": [
            {
              "batter": "AHT Donald",
              "bowler": "RF Higgins",
              "non_striker": "NJ Selman",
              "runs": {
                "batter": 4,
                "extras": 0,
                "total": 4
              }
            },
            {
              "batter": "AHT Donald",
              "bowler": "RF Higgins",
              "non_striker": "NJ Selman",
              "runs": {
                "batter": 2,
                "extras": 0,
                "total": 2
              }
            },
            {
              "batter": "AHT Donald",
              "bowler": "RF Higgins",
              "non_striker": "NJ Selman",
              "runs": {
                "batter": 1,
                "extras": 0,
                "total": 1
              }
            },
            {
              "batter": "NJ Selman",
              "bowler": "RF Higgins",
              "non_striker": "AHT Donald",
              "runs": {
                "batter": 1,
                "extras": 0,
                "total": 1
              }
            },
            {
              "batter": "AHT Donald",
              "bowler": "RF Higgins",
              "non_striker": "NJ Selman",
              "runs": {
                "batter": 1,
                "extras": 0,
                "total": 1
              }
            },
            {
              "batter": "NJ Selman",
              "bowler": "RF Higgins",
              "non_striker": "AHT Donald",
              "runs": {
                "batter": 1,
                "extras": 0,
                "total": 1
              }
            }
          ]
        },
        {
          "over": 5,
          "deliveries": [
            {
              "batter": "NJ Selman",
              "bowler": "NA Sowter",
              "non_striker": "AHT Donald",
              "runs": {
                "batter": 1,
                "extras": 0,
                "total": 1
              }
            },
            {
              "batter": "AHT Donald",
              "bowler": "NA Sowter",
              "non_striker": "NJ Selman",
              "runs": {
                "batter": 0,
                "extras": 0,
                "total": 0
              }
            },
            {
              "batter": "AHT Donald",
              "bowler": "NA Sowter",
              "non_striker": "NJ Selman",
              "runs": {
                "batter": 2,
                "extras": 0,
                "total": 2
              }
            },
            {
              "batter": "AHT Donald",
              "bowler": "NA Sowter",
              "non_striker": "NJ Selman",
              "runs": {
                "batter": 4,
                "extras": 0,
                "total": 4
              }
            },
            {
              "batter": "AHT Donald",
              "bowler": "NA Sowter",
              "non_striker": "NJ Selman",
              "runs": {
                "batter": 1,
                "extras": 0,
                "total": 1
              }
            },
            {
              "batter": "NJ Selman",
              "bowler": "NA Sowter",
              "non_striker": "AHT Donald",
              "runs": {
                "batter": 2,
                "extras": 0,
                "total": 2
              }
            }
          ]
        },
        {
          "over": 6,
          "deliveries": [
            {
              "batter": "AHT Donald",
              "bowler": "RF Higgins",
              "non_striker": "NJ Selman",
              "runs": {
                "batter": 0,
                "extras": 0,
                "total": 0
              },
              "wickets": [
                {
                  "player_out": "AHT Donald",
                  "fielders": [
                    {
                      "name": "EJG Morgan"
                    }
                  ],
                  "kind": "caught"
                }
              ]
            },
            {
              "batter": "CA Ingram",
              "bowler": "RF Higgins",
              "non_striker": "NJ Selman",
              "runs": {
                "batter": 0,
                "extras": 0,
                "total": 0
              }
            },
            {
              "batter": "CA Ingram",
              "bowler": "RF Higgins",
              "non_striker": "NJ Selman",
              "runs": {
                "batter": 1,
                "extras": 0,
                "total": 1
              }
            },
            {
              "batter": "NJ Selman",
              "bowler": "RF Higgins",
              "non_striker": "CA Ingram",
              "runs": {
                "batter": 0,
                "extras": 0,
                "total": 0
              },
              "wickets": [
                {
                  "player_out": "NJ Selman",
                  "fielders": [
                    {
                      "name": "NA Sowter"
                    }
                  ],
                  "kind": "caught"
                }
              ]
            },
            {
              "batter": "JA Rudolph",
              "bowler": "RF Higgins",
              "non_striker": "CA Ingram",
              "runs": {
                "batter": 0,
                "extras": 0,
                "total": 0
              }
            },
            {
              "batter": "JA Rudolph",
              "bowler": "RF Higgins",
              "non_striker": "CA Ingram",
              "runs": {
                "batter": 2,
                "extras": 0,
                "total": 2
              }
            }
          ]
        },
        {
          "over": 7,
          "deliveries": [
            {
              "batter": "CA Ingram",
              "bowler": "PR Stirling",
              "non_striker": "JA Rudolph",
              "runs": {
                "batter": 0,
                "extras": 0,
                "total": 0
              }
            },
            {
              "batter": "CA Ingram",
              "bowler": "PR Stirling",
              "non_striker": "JA Rudolph",
              "runs": {
                "batter": 2,
                "extras": 0,
                "total": 2
              }
            },
            {
              "batter": "CA Ingram",
              "bowler": "PR Stirling",
              "non_striker": "JA Rudolph",
              "runs": {
                "batter": 0,
                "extras": 0,
                "total": 0
              }
            },
            {
              "batter": "CA Ingram",
              "bowler": "PR Stirling",
              "non_striker": "JA Rudolph",
              "runs": {
                "batter": 0,
                "extras": 0,
                "total": 0
              },
              "wickets": [
                {
                  "player_out": "CA Ingram",
                  "fielders": [
                    {
                      "name": "NA Sowter"
                    }
                  ],
                  "kind": "caught"
                }
              ]
            },
            {
              "batter": "JA Rudolph",
              "bowler": "PR Stirling",
              "non_striker": "CB Cooke",
              "runs": {
                "batter": 0,
                "extras": 0,
                "total": 0
              }
            },
            {
              "batter": "JA Rudolph",
              "bowler": "PR Stirling",
              "non_striker": "CB Cooke",
              "runs": {
                "batter": 0,
                "extras": 0,
                "total": 0
              }
            }
          ]
        },
        {
          "over": 8,
          "deliveries": [
            {
              "batter": "CB Cooke",
              "bowler": "TG Southee",
              "non_striker": "JA Rudolph",
              "runs": {
                "batter": 1,
                "extras": 0,
                "total": 1
              }
            },
            {
              "batter": "JA Rudolph",
              "bowler": "TG Southee",
              "extras": {
                "legbyes": 1
              },
              "non_striker": "CB Cooke",
              "runs": {
                "batter": 0,
                "extras": 1,
                "total": 1
              }
            },
            {
              "batter": "CB Cooke",
              "bowler": "TG Southee",
              "non_striker": "JA Rudolph",
              "runs": {
                "batter": 1,
                "extras": 0,
                "total": 1
              }
            },
            {
              "batter": "JA Rudolph",
              "bowler": "TG Southee",
              "non_striker": "CB Cooke",
              "runs": {
                "batter": 1,
                "extras": 0,
                "total": 1
              }
            },
            {
              "batter": "CB Cooke",
              "bowler": "TG Southee",
              "non_striker": "JA Rudolph",
              "runs": {
                "batter": 1,
                "extras": 0,
                "total": 1
              }
            },
            {
              "batter": "JA Rudolph",
              "bowler": "TG Southee",
              "non_striker": "CB Cooke",
              "runs": {
                "batter": 0,
                "extras": 0,
                "total": 0
              }
            }
          ]
        },
        {
          "over": 9,
          "deliveries": [
            {
              "batter": "CB Cooke",
              "bowler": "PR Stirling",
              "non_striker": "JA Rudolph",
              "runs": {
                "batter": 1,
                "extras": 0,
                "total": 1
              }
            },
            {
              "batter": "JA Rudolph",
              "bowler": "PR Stirling",
              "non_striker": "CB Cooke",
              "runs": {
                "batter": 1,
                "extras": 0,
                "total": 1
              }
            },
            {
              "batter": "CB Cooke",
              "bowler": "PR Stirling",
              "non_striker": "JA Rudolph",
              "runs": {
                "batter": 2,
                "extras": 0,
                "total": 2
              }
            },
            {
              "batter": "CB Cooke",
              "bowler": "PR Stirling",
              "non_striker": "JA Rudolph",
              "runs": {
                "batter": 1,
                "extras": 0,
                "total": 1
              }
            },
            {
              "batter": "JA Rudolph",
              "bowler": "PR Stirling",
              "non_striker": "CB Cooke",
              "runs": {
                "batter": 1,
                "extras": 0,
                "total": 1
              }
            },
            {
              "batter": "CB Cooke",
              "bowler": "PR Stirling",
              "non_striker": "JA Rudolph",
              "runs": {
                "batter": 4,
                "extras": 0,
                "total": 4
              }
            }
          ]
        },
        {
          "over": 10,
          "deliveries": [
            {
              "batter": "JA Rudolph",
              "bowler": "TG Helm",
              "non_striker": "CB Cooke",
              "runs": {
                "batter": 0,
                "extras": 0,
                "total": 0
              }
            },
            {
              "batter": "JA Rudolph",
              "bowler": "TG Helm",
              "non_striker": "CB Cooke",
              "runs": {
                "batter": 1,
                "extras": 0,
                "total": 1
              }
            },
            {
              "batter": "CB Cooke",
              "bowler": "TG Helm",
              "non_striker": "JA Rudolph",
              "runs": {
                "batter": 1,
                "extras": 0,
                "total": 1
              }
            },
            {
              "batter": "JA Rudolph",
              "bowler": "TG Helm",
              "non_striker": "CB Cooke",
              "runs": {
                "batter": 4,
                "extras": 0,
                "total": 4
              }
            },
            {
              "batter": "JA Rudolph",
              "bowler": "TG Helm",
              "non_striker": "CB Cooke",
              "runs": {
                "batter": 1,
                "extras": 0,
                "total": 1
              }
            },
            {
              "batter": "CB Cooke",
              "bowler": "TG Helm",
              "non_striker": "JA Rudolph",
              "runs": {
                "batter": 2,
                "extras": 0,
                "total": 2
              }
            }
          ]
        },
        {
          "over": 11,
          "deliveries": [
            {
              "batter": "JA Rudolph",
              "bowler": "ST Finn",
              "non_striker": "CB Cooke",
              "runs": {
                "batter": 1,
                "extras": 0,
                "total": 1
              }
            },
            {
              "batter": "CB Cooke",
              "bowler": "ST Finn",
              "non_striker": "JA Rudolph",
              "runs": {
                "batter": 1,
                "extras": 0,
                "total": 1
              }
            },
            {
              "batter": "JA Rudolph",
              "bowler": "ST Finn",
              "non_striker": "CB Cooke",
              "runs": {
                "batter": 4,
                "extras": 0,
                "total": 4
              }
            },
            {
              "batter": "JA Rudolph",
              "bowler": "ST Finn",
              "non_striker": "CB Cooke",
              "runs": {
                "batter": 4,
                "extras": 0,
                "total": 4
              }
            },
            {
              "batter": "JA Rudolph",
              "bowler": "ST Finn",
              "non_striker": "CB Cooke",
              "runs": {
                "batter": 1,
                "extras": 0,
                "total": 1
              }
            },
            {
              "batter": "CB Cooke",
              "bowler": "ST Finn",
              "non_striker": "JA Rudolph",
              "runs": {
                "batter": 1,
                "extras": 0,
                "total": 1
              }
            }
          ]
        },
        {
          "over": 12,
          "deliveries": [
            {
              "batter": "CB Cooke",
              "bowler": "TG Southee",
              "non_striker": "JA Rudolph",
              "runs": {
                "batter": 2,
                "extras": 0,
                "total": 2
              }
            },
            {
              "batter": "CB Cooke",
              "bowler": "TG Southee",
              "non_striker": "JA Rudolph",
              "runs": {
                "batter": 2,
                "extras": 0,
                "total": 2
              }
            },
            {
              "batter": "CB Cooke",
              "bowler": "TG Southee",
              "non_striker": "JA Rudolph",
              "runs": {
                "batter": 4,
                "extras": 0,
                "total": 4
              }
            },
            {
              "batter": "CB Cooke",
              "bowler": "TG Southee",
              "non_striker": "JA Rudolph",
              "runs": {
                "batter": 1,
                "extras": 0,
                "total": 1
              }
            },
            {
              "batter": "JA Rudolph",
              "bowler": "TG Southee",
              "non_striker": "CB Cooke",
              "runs": {
                "batter": 0,
                "extras": 0,
                "total": 0
              }
            },
            {
              "batter": "JA Rudolph",
              "bowler": "TG Southee",
              "non_striker": "CB Cooke",
              "runs": {
                "batter": 1,
                "extras": 0,
                "total": 1
              }
            }
          ]
        }
      ],
      "powerplays": [
        {
          "from": 0.1,
          "to": 3.6,
          "type": "mandatory"
        }
      ],
      "target": {
        "overs": 14,
        "runs": 100
      }
    }
  ]
}