{
  "meta": {
    "data_version": "1.0.0",
    "created": "2020-07-20",
    "revision": 2
  },
  "info": {
    "balls_per_over": 6,
    "city": "Chelmsford",
    "dates": [
      "2017-08-11"
    ],
    "event": {
      "name": "NatWest T20 Blast",
      "group": "South"
    },
    "gender": "male",
    "match_type": "T20",
    "officials": {
      "umpires": [
        "BV Taylor",
        "SJ O'Shaughnessy"
      ]
    },
    "outcome": {
      "winner": "Essex",
      "by": {
        "runs": 9
      }
    },
    "overs": 20,
    "player_of_match": [
      "NA Sowter"
    ],
    "players": {
      "Essex": [
        "AJA Wheater",
        "V Chopra",
        "DW Lawrence",
        "RS Bopara",
        "Ashar Zaidi",
        "RN ten Doeschate",
        "JS Foster",
        "PI Walter",
        "SR Harmer",
        "Mohammad Amir",
        "MW Dixon"
      ],
      "Middlesex": [
        "PR Stirling",
        "JA Simpson",
        "SS Eskinazi",
        "EJG Morgan",
        "GFB Scott",
        "JEC Franklin",
        "RF Higgins",
        "TG Southee",
        "NA Sowter",
        "TG Helm",
        "TE Barber"
      ]
    },
    "registry": {
      "people": {
        "AJA Wheater": "71647ced",
        "Ashar Zaidi": "9bab2b81",
        "BV Taylor": "99760152",
        "CJ Taylor": "6dd03875",
        "DW Lawrence": "4b685e2d",
        "EJG Morgan": "d2a6c0e6",
        "GFB Scott": "c2b6764d",
        "JA Simpson": "f05fe9b1",
        "JEC Franklin": "cf73ad76",
        "JS Foster": "e68dd455",
        "MW Dixon": "314ed7e6",
        "Mohammad Amir": "e174dadd",
        "NA Sowter": "ee0c05c0",
        "PI Walter": "57590dbb",
        "PR Stirling": "cf494ffe",
        "RF Higgins": "ad212f96",
        "RN ten Doeschate": "4ec07775",
        "RS Bopara": "7ca5e05d",
        "SJ O'Shaughnessy": "4d4fdf4a",
        "SR Harmer": "23638956",
        "SS Eskinazi": "75cbed9b",
        "TE Barber": "7cdecc31",
        "TG Helm": "74a274cc",
        "TG Southee": "13c35c9e",
        "V Chopra": "54745c20"
      }
    },
    "season": "2017",
    "team_type": "club",
    "teams": [
      "Essex",
      "Middlesex"
    ],
    "toss": {
      "decision": "field",
      "winner": "Middlesex"
    },
    "venue": "County Ground"
  },
  "innings": [
    {
      "team": "Essex",
      "overs": [
        {
          "over": 0,
          "deliveries": [
            {
              "batter": "AJA Wheater",
              "bowler": "RF Higgins",
              "non_striker": "V Chopra",
              "runs": {
                "batter": 1,
                "extras": 0,
                "total": 1
              }
            },
            {
              "batter": "V Chopra",
              "bowler": "RF Higgins",
              "non_striker": "AJA Wheater",
              "runs": {
                "batter": 1,
                "extras": 0,
                "total": 1
              }
            },
            {
              "batter": "AJA Wheater",
              "bowler": "RF Higgins",
              "non_striker": "V Chopra",
              "runs": {
                "batter": 1,
                "extras": 0,
                "total": 1
              }
            },
            {
              "batter": "V Chopra",
              "bowler": "RF Higgins",
              "non_striker": "AJA Wheater",
              "runs": {
                "batter": 0,
                "extras": 0,
                "total": 0
              }
            },
            {
              "batter": "V Chopra",
              "bowler": "RF Higgins",
              "non_striker": "AJA Wheater",
              "runs": {
                "batter": 1,
                "extras": 0,
                "total": 1
              }
            },
            {
              "batter": "AJA Wheater",
              "bowler": "RF Higgins",
              "non_striker": "V Chopra",
              "runs": {
                "batter": 4,
                "extras": 0,
                "total": 4
              }
            }
          ]
        },
        {
          "over": 1,
          "deliveries": [
            {
              "batter": "V Chopra",
              "bowler": "TG Southee",
              "non_striker": "AJA Wheater",
              "runs": {
                "batter": 2,
                "extras": 0,
                "total": 2
              }
            },
            {
              "batter": "V Chopra",
              "bowler": "TG Southee",
              "non_striker": "AJA Wheater",
              "runs": {
                "batter": 1,
                "extras": 0,
                "total": 1
              }
            },
            {
              "batter": "AJA Wheater",
              "bowler": "TG Southee",
              "non_striker": "V Chopra",
              "runs": {
                "batter": 0,
                "extras": 0,
                "total": 0
              }
            },
            {
              "batter": "AJA Wheater",
              "bowler": "TG Southee",
              "non_striker": "V Chopra",
              "runs": {
                "batter": 3,
                "extras": 0,
                "total": 3
              }
            },
            {
              "batter": "V Chopra",
              "bowler": "TG Southee",
              "non_striker": "AJA Wheater",
              "runs": {
                "batter": 1,
                "extras": 0,
                "total": 1
              }
            },
            {
              "batter": "AJA Wheater",
              "bowler": "TG Southee",
              "non_striker": "V Chopra",
              "runs": {
                "batter": 0,
                "extras": 0,
                "total": 0
              }
            }
          ]
        },
        {
          "over": 2,
          "deliveries": [
            {
              "batter": "V Chopra",
              "bowler": "TE Barber",
              "non_striker": "AJA Wheater",
              "runs": {
                "batter": 6,
                "extras": 0,
                "total": 6
              }
            },
            {
              "batter": "V Chopra",
              "bowler": "TE Barber",
              "non_striker": "AJA Wheater",
              "runs": {
                "batter": 4,
                "extras": 0,
                "total": 4
              }
            },
            {
              "batter": "V Chopra",
              "bowler": "TE Barber",
              "non_striker": "AJA Wheater",
              "runs": {
                "batter": 0,
                "extras": 0,
                "total": 0
              }
            },
            {
              "batter": "V Chopra",
              "bowler": "TE Barber",
              "non_striker": "AJA Wheater",
              "runs": {
                "batter": 1,
                "extras": 0,
                "total": 1
              }
            },
            {
              "batter": "AJA Wheater",
              "bowler": "TE Barber",
              "non_striker": "V Chopra",
              "runs": {
                "batter": 1,
                "extras": 0,
                "total": 1
              }
            },
            {
              "batter": "V Chopra",
              "bowler": "TE Barber",
              "non_striker": "AJA Wheater",
              "runs": {
                "batter": 1,
                "extras": 0,
                "total": 1
              }
            }
          ]
        },
        {
          "over": 3,
          "deliveries": [
            {
              "batter": "V Chopra",
              "bowler": "TG Helm",
              "non_striker": "AJA Wheater",
              "runs": {
                "batter": 0,
                "extras": 0,
                "total": 0
              }
            },
            {
              "batter": "V Chopra",
              "bowler": "TG Helm",
              "non_striker": "AJA Wheater",
              "runs": {
                "batter": 1,
                "extras": 0,
                "total": 1
              }
            },
            {
              "batter": "AJA Wheater",
              "bowler": "TG Helm",
              "non_striker": "V Chopra",
              "runs": {
                "batter": 4,
                "extras": 0,
                "total": 4
              }
            },
            {
              "batter": "AJA Wheater",
              "bowler": "TG Helm",
              "non_striker": "V Chopra",
              "runs": {
                "batter": 2,
                "extras": 0,
                "total": 2
              }
            },
            {
              "batter": "AJA Wheater",
              "bowler": "TG Helm",
              "non_striker": "V Chopra",
              "runs": {
                "batter": 4,
                "extras": 0,
                "total": 4
              }
            },
            {
              "batter": "AJA Wheater",
              "bowler": "TG Helm",
              "non_striker": "V Chopra",
              "runs": {
                "batter": 2,
                "extras": 0,
                "total": 2
              }
            }
          ]
        },
        {
          "over": 4,
          "deliveries": [
            {
              "batter": "V Chopra",
              "bowler": "TG Southee",
              "non_striker": "AJA Wheater",
              "runs": {
                "batter": 4,
                "extras": 0,
                "total": 4
              }
            },
            {
              "batter": "V Chopra",
              "bowler": "TG Southee",
              "non_striker": "AJA Wheater",
              "runs": {
                "batter": 0,
                "extras": 0,
                "total": 0
              }
            },
            {
              "batter": "V Chopra",
              "bowler": "TG Southee",
              "non_striker": "AJA Wheater",
              "runs": {
                "batter": 1,
                "extras": 0,
                "total": 1
              }
            },
            {
              "batter": "AJA Wheater",
              "bowler": "TG Southee",
              "non_striker": "V Chopra",
              "runs": {
                "batter": 4,
                "extras": 0,
                "total": 4
              }
            },
            {
              "batter": "AJA Wheater",
              "bowler": "TG Southee",
              "non_striker": "V Chopra",
              "runs": {
                "batter": 1,
                "extras": 0,
                "total": 1
              }
            },
            {
              "batter": "V Chopra",
              "bowler": "TG Southee",
              "non_striker": "AJA Wheater",
              "runs": {
                "batter": 1,
                "extras": 0,
                "total": 1
              }
            }
          ]
        },
        {
          "over": 5,
          "deliveries": [
            {
              "batter": "V Chopra",
              "bowler": "TG Helm",
              "non_striker": "AJA Wheater",
              "runs": {
                "batter": 1,
                "extras": 0,
                "total": 1
              }
            },
            {
              "batter": "AJA Wheater",
              "bowler": "TG Helm",
              "non_striker": "V Chopra",
              "runs": {
                "batter": 1,
                "extras": 0,
                "total": 1
              }
            },
            {
              "batter": "V Chopra",
              "bowler": "TG Helm",
              "non_striker": "AJA Wheater",
              "runs": {
                "batter": 0,
                "extras": 0,
                "total": 0
              },
              "wickets": [
                {
                  "player_out": "V Chopra",
                  "fielders": [
                    {
                      "name": "JEC Franklin"
                    }
                  ],
                  "kind": "caught"
                }
              ]
            },
            {
              "batter": "DW Lawrence",
              "bowler": "TG Helm",
              "non_striker": "AJA Wheater",
              "runs": {
                "batter": 0,
                "extras": 0,
                "total": 0
              }
            },
            {
              "batter": "DW Lawrence",
              "bowler": "TG Helm",
              "non_striker": "AJA Wheater",
              "runs": {
                "batter": 1,
                "extras": 0,
                "total": 1
              }
            },
            {
              "batter": "AJA Wheater",
              "bowler": "TG Helm",
              "non_striker": "DW Lawrence",
              "runs": {
                "batter": 1,
                "extras": 0,
                "total": 1
              }
            }
          ]
        },
        {
          "over": 6,
          "deliveries": [
            {
              "batter": "AJA Wheater",
              "bowler": "RF Higgins",
              "non_striker": "DW Lawrence",
              "runs": {
                "batter": 1,
                "extras": 0,
                "total": 1
              }
            },
            {
              "batter": "DW Lawrence",
              "bowler": "RF Higgins",
              "non_striker": "AJA Wheater",
              "runs": {
                "batter": 1,
                "extras": 0,
                "total": 1
              }
            },
            {
              "batter": "AJA Wheater",
              "bowler": "RF Higgins",
              "non_striker": "DW Lawrence",
              "runs": {
                "batter": 6,
                "extras": 0,
                "total": 6
              }
            },
            {
              "batter": "AJA Wheater",
              "bowler": "RF Higgins",
              "non_striker": "DW Lawrence",
              "runs": {
                "batter": 0,
                "extras": 0,
                "total": 0
              }
            },
            {
              "batter": "AJA Wheater",
              "bowler": "RF Higgins",
              "non_striker": "DW Lawrence",
              "runs": {
                "batter": 6,
                "extras": 0,
                "total": 6
              }
            },
            {
              "batter": "AJA Wheater",
              "bowler": "RF Higgins",
              "non_striker": "DW Lawrence",
              "runs": {
                "batter": 1,
                "extras": 0,
                "total": 1
              }
            }
          ]
        },
        {
          "over": 7,
          "deliveries": [
            {
              "batter": "AJA Wheater",
              "bowler": "NA Sowter",
              "non_striker": "DW Lawrence",
              "runs": {
                "batter": 0,
                "extras": 0,
                "total": 0
              },
              "wickets": [
                {
                  "player_out": "AJA Wheater",
                  "kind": "bowled"
                }
              ]
            },
            {
              "batter": "RS Bopara",
              "bowler": "NA Sowter",
              "non_striker": "DW Lawrence",
              "runs": {
                "batter": 1,
                "extras": 0,
                "total": 1
              }
            },
            {
              "batter": "DW Lawrence",
              "bowler": "NA Sowter",
              "non_striker": "RS Bopara",
              "runs": {
                "batter": 1,
                "extras": 0,
                "total": 1
              }
            },
            {
              "batter": "RS Bopara",
              "bowler": "NA Sowter",
              "non_striker": "DW Lawrence",
              "runs": {
                "batter": 1,
                "extras": 0,
                "total": 1
              }
            },
            {
              "batter": "DW Lawrence",
              "bowler": "NA Sowter",
              "non_striker": "RS Bopara",
              "runs": {
                "batter": 2,
                "extras": 0,
                "total": 2
              }
            },
            {
              "batter": "DW Lawrence",
              "bowler": "NA Sowter",
              "non_striker": "RS Bopara",
              "runs": {
                "batter": 1,
                "extras": 0,
                "total": 1
              }
            }
          ]
        },
        {
          "over": 8,
          "deliveries": [
            {
              "batter": "DW Lawrence",
              "bowler": "TE Barber",
              "non_striker": "RS Bopara",
              "runs": {
                "batter": 2,
                "extras": 0,
                "total": 2
              }
            },
            {
              "batter": "DW Lawrence",
              "bowler": "TE Barber",
              "non_striker": "RS Bopara",
              "runs": {
                "batter": 4,
                "extras": 0,
                "total": 4
              }
            },
            {
              "batter": "DW Lawrence",
              "bowler": "TE Barber",
              "non_striker": "RS Bopara",
              "runs": {
                "batter": 4,
                "extras": 0,
                "total": 4
              }
            },
            {
              "batter": "DW Lawrence",
              "bowler": "TE Barber",
              "non_striker": "RS Bopara",
              "runs": {
                "batter": 1,
                "extras": 0,
                "total": 1
              }
            },
            {
              "batter": "RS Bopara",
              "bowler": "TE Barber",
              "non_striker": "DW Lawrence",
              "runs": {
                "batter": 0,
                "extras": 0,
                "total": 0
              }
            },
            {
              "batter": "RS Bopara",
              "bowler": "TE Barber",
              "non_striker": "DW Lawrence",
              "runs": {
                "batter": 1,
                "extras": 0,
                "total": 1
              }
            }
          ]
        },
        {
          "over": 9,
          "deliveries": [
            {
              "batter": "RS Bopara",
              "bowler": "NA Sowter",
              "non_striker": "DW Lawrence",
              "runs": {
                "batter": 1,
                "extras": 0,
                "total": 1
              }
            },
            {
              "batter": "DW Lawrence",
              "bowler": "NA Sowter",
              "non_striker": "RS Bopara",
              "runs": {
                "batter": 0,
                "extras": 0,
                "total": 0
              },
              "wickets": [
                {
                  "player_out": "DW Lawrence",
                  "fielders": [
                    {
                      "name": "TG Southee"
                    }
                  ],
                  "kind": "caught"
                }
              ]
            },
            {
              "batter": "RS Bopara",
              "bowler": "NA Sowter",
              "non_striker": "Ashar Zaidi",
              "runs": {
                "batter": 0,
                "extras": 0,
                "total": 0
              }
            },
            {
              "batter": "RS Bopara",
              "bowler": "NA Sowter",
              "non_striker": "Ashar Zaidi",
              "runs": {
                "batter": 1,
                "extras": 0,
                "total": 1
              }
            },
            {
              "batter": "Ashar Zaidi",
              "bowler": "NA Sowter",
              "non_striker": "RS Bopara",
              "runs": {
                "batter": 1,
                "extras": 0,
                "total": 1
              }
            },
            {
              "batter": "RS Bopara",
              "bowler": "NA Sowter",
              "non_striker": "Ashar Zaidi",
              "runs": {
                "batter": 1,
                "extras": 0,
                "total": 1
              }
            }
          ]
        },
        {
          "over": 10,
          "deliveries": [
            {
              "batter": "RS Bopara",
              "bowler": "TE Barber",
              "non_striker": "Ashar Zaidi",
              "runs": {
                "batter": 0,
                "extras": 0,
                "total": 0
              }
            },
            {
              "batter": "RS Bopara",
              "bowler": "TE Barber",
              "non_striker": "Ashar Zaidi",
              "runs": {
                "batter": 1,
                "extras": 0,
                "total": 1
              }
            },
            {
              "batter": "Ashar Zaidi",
              "bowler": "TE Barber",
              "non_striker": "RS Bopara",
              "runs": {
                "batter": 1,
                "extras": 0,
                "total": 1
              }
            },
            {
              "batter": "RS Bopara",
              "bowler": "TE Barber",
              "extras": {
                "wides": 1
              },
              "non_striker": "Ashar Zaidi",
              "runs": {
                "batter": 0,
                "extras": 1,
                "total": 1
              }
            },
            {
              "batter": "RS Bopara",
              "bowler": "TE Barber",
              "non_striker": "Ashar Zaidi",
              "runs": {
                "batter": 2,
                "extras": 0,
                "total": 2
              }
            },
            {
              "batter": "RS Bopara",
              "bowler": "TE Barber",
              "extras": {
                "wides": 1
              },
              "non_striker": "Ashar Zaidi",
              "runs": {
                "batter": 0,
                "extras": 1,
                "total": 1
              }
            },
            {
              "batter": "RS Bopara",
              "bowler": "TE Barber",
              "extras": {
                "wides": 1
              },
              "non_striker": "Ashar Zaidi",
              "runs": {
                "batter": 0,
                "extras": 1,
                "total": 1
              }
            },
            {
              "batter": "RS Bopara",
              "bowler": "TE Barber",
              "extras": {
                "wides": 1
              },
              "non_striker": "Ashar Zaidi",
              "runs": {
                "batter": 0,
                "extras": 1,
                "total": 1
              }
            },
            {
              "batter": "RS Bopara",
              "bowler": "TE Barber",
              "non_striker": "Ashar Zaidi",
              "runs": {
                "batter": 4,
                "extras": 0,
                "total": 4
              }
            },
            {
              "batter": "RS Bopara",
              "bowler": "TE Barber",
              "non_striker": "Ashar Zaidi",
              "runs": {
                "batter": 0,
                "extras": 0,
                "total": 0
              }
            }
          ]
        },
        {
          "over": 11,
          "deliveries": [
            {
              "batter": "Ashar Zaidi",
              "bowler": "PR Stirling",
              "non_striker": "RS Bopara",
              "runs": {
                "batter": 0,
                "extras": 0,
                "total": 0
              }
            },
            {
              "batter": "Ashar Zaidi",
              "bowler": "PR Stirling",
              "non_striker": "RS Bopara",
              "runs": {
                "batter": 1,
                "extras": 0,
                "total": 1
              }
            },
            {
              "batter": "RS Bopara",
              "bowler": "PR Stirling",
              "non_striker": "Ashar Zaidi",
              "runs": {
                "batter": 1,
                "extras": 0,
                "total": 1
              }
            },
            {
              "batter": "Ashar Zaidi",
              "bowler": "PR Stirling",
              "non_striker": "RS Bopara",
              "runs": {
                "batter": 1,
                "extras": 0,
                "total": 1
              }
            },
            {
              "batter": "RS Bopara",
              "bowler": "PR Stirling",
              "non_striker": "Ashar Zaidi",
              "runs": {
                "batter": 0,
                "extras": 0,
                "total": 0
              }
            },
            {
              "batter": "RS Bopara",
              "bowler": "PR Stirling",
              "non_striker": "Ashar Zaidi",
              "runs": {
                "batter": 6,
                "extras": 0,
                "total": 6
              }
            }
          ]
        },
        {
          "over": 12,
          "deliveries": [
            {
              "batter": "Ashar Zaidi",
              "bowler": "RF Higgins",
              "non_striker": "RS Bopara",
              "runs": {
                "batter": 1,
                "extras": 0,
                "total": 1
              }
            },
            {
              "batter": "RS Bopara",
              "bowler": "RF Higgins",
              "non_striker": "Ashar Zaidi",
              "runs": {
                "batter": 0,
                "extras": 0,
                "total": 0
              }
            },
            {
              "batter": "RS Bopara",
              "bowler": "RF Higgins",
              "non_striker": "Ashar Zaidi",
              "runs": {
                "batter": 0,
                "extras": 0,
                "total": 0
              }
            },
            {
              "batter": "RS Bopara",
              "bowler": "RF Higgins",
              "non_striker": "Ashar Zaidi",
              "runs": {
                "batter": 1,
                "extras": 0,
                "total": 1
              }
            },
            {
              "batter": "Ashar Zaidi",
              "bowler": "RF Higgins",
              "non_striker": "RS Bopara",
              "runs": {
                "batter": 0,
                "extras": 0,
                "total": 0
              },
              "wickets": [
                {
                  "player_out": "Ashar Zaidi",
                  "fielders": [
                    {
                      "name": "SS Eskinazi"
                    }
                  ],
                  "kind": "caught"
                }
              ]
            },
            {
              "batter": "RS Bopara",
              "bowler": "RF Higgins",
              "non_striker": "RN ten Doeschate",
              "runs": {
                "batter": 2,
                "extras": 0,
                "total": 2
              }
            }
          ]
        },
        {
          "over": 13,
          "deliveries": [
            {
              "batter": "RN ten Doeschate",
              "bowler": "NA Sowter",
              "non_striker": "RS Bopara",
              "runs": {
                "batter": 1,
                "extras": 0,
                "total": 1
              }
            },
            {
              "batter": "RS Bopara",
              "bowler": "NA Sowter",
              "non_striker": "RN ten Doeschate",
              "runs": {
                "batter": 1,
                "extras": 0,
                "total": 1
              }
            },
            {
              "batter": "RN ten Doeschate",
              "bowler": "NA Sowter",
              "non_striker": "RS Bopara",
              "runs": {
                "batter": 1,
                "extras": 0,
                "total": 1
              }
            },
            {
              "batter": "RS Bopara",
              "bowler": "NA Sowter",
              "non_striker": "RN ten Doeschate",
              "runs": {
                "batter": 1,
                "extras": 0,
                "total": 1
              }
            },
            {
              "batter": "RN ten Doeschate",
              "bowler": "NA Sowter",
              "non_striker": "RS Bopara",
              "runs": {
                "batter": 0,
                "extras": 0,
                "total": 0
              }
            },
            {
              "batter": "RN ten Doeschate",
              "bowler": "NA Sowter",
              "non_striker": "RS Bopara",
              "runs": {
                "batter": 1,
                "extras": 0,
                "total": 1
              }
            }
          ]
        },
        {
          "over": 14,
          "deliveries": [
            {
              "batter": "RN ten Doeschate",
              "bowler": "RF Higgins",
              "non_striker": "RS Bopara",
              "runs": {
                "batter": 0,
                "extras": 0,
                "total": 0
              }
            },
            {
              "batter": "RN ten Doeschate",
              "bowler": "RF Higgins",
              "non_striker": "RS Bopara",
              "runs": {
                "batter": 2,
                "extras": 0,
                "total": 2
              }
            },
            {
              "batter": "RN ten Doeschate",
              "bowler": "RF Higgins",
              "non_striker": "RS Bopara",
              "runs": {
                "batter": 4,
                "extras": 0,
                "total": 4
              }
            },
            {
              "batter": "RN ten Doeschate",
              "bowler": "RF Higgins",
              "extras": {
                "wides": 2
              },
              "non_striker": "RS Bopara",
              "runs": {
                "batter": 0,
                "extras": 2,
                "total": 2
              }
            },
            {
              "batter": "RS Bopara",
              "bowler": "RF Higgins",
              "non_striker": "RN ten Doeschate",
              "runs": {
                "batter": 1,
                "extras": 0,
                "total": 1
              }
            },
            {
              "batter": "RN ten Doeschate",
              "bowler": "RF Higgins",
              "non_striker": "RS Bopara",
              "runs": {
                "batter": 1,
                "extras": 0,
                "total": 1
              }
            },
            {
              "batter": "RS Bopara",
              "bowler": "RF Higgins",
              "non_striker": "RN ten Doeschate",
              "runs": {
                "batter": 1,
                "extras": 0,
                "total": 1
              }
            }
          ]
        },
        {
          "over": 15,
          "deliveries": [
            {
              "batter": "RS Bopara",
              "bowler": "NA Sowter",
              "non_striker": "RN ten Doeschate",
              "runs": {
                "batter": 0,
                "extras": 0,
                "total": 0
              },
              "wickets": [
                {
                  "player_out": "RS Bopara",
                  "fielders": [
                    {
                      "name": "JEC Franklin"
                    }
                  ],
                  "kind": "caught"
                }
              ]
            },
            {
              "batter": "RN ten Doeschate",
              "bowler": "NA Sowter",
              "non_striker": "JS Foster",
              "runs": {
                "batter": 4,
                "extras": 0,
                "total": 4
              }
            },
            {
              "batter": "RN ten Doeschate",
              "bowler": "NA Sowter",
              "non_striker": "JS Foster",
              "runs": {
                "batter": 1,
                "extras": 0,
                "total": 1
              }
            },
            {
              "batter": "JS Foster",
              "bowler": "NA Sowter",
              "non_striker": "RN ten Doeschate",
              "runs": {
                "batter": 0,
                "extras": 0,
                "total": 0
              },
              "wickets": [
                {
                  "player_out": "JS Foster",
                  "kind": "lbw"
                }
              ]
            },
            {
              "batter": "PI Walter",
              "bowler": "NA Sowter",
              "non_striker": "RN ten Doeschate",
              "runs": {
                "batter": 2,
                "extras": 0,
                "total": 2
              }
            },
            {
              "batter": "PI Walter",
              "bowler": "NA Sowter",
              "non_striker": "RN ten Doeschate",
              "runs": {
                "batter": 1,
                "extras": 0,
                "total": 1
              }
            }
          ]
        },
        {
          "over": 16,
          "deliveries": [
            {
              "batter": "PI Walter",
              "bowler": "TG Southee",
              "non_striker": "RN ten Doeschate",
              "runs": {
                "batter": 1,
                "extras": 0,
                "total": 1
              }
            },
            {
              "batter": "RN ten Doeschate",
              "bowler": "TG Southee",
              "non_striker": "PI Walter",
              "runs": {
                "batter": 0,
                "extras": 0,
                "total": 0
              }
            },
            {
              "batter": "RN ten Doeschate",
              "bowler": "TG Southee",
              "non_striker": "PI Walter",
              "runs": {
                "batter": 1,
                "extras": 0,
                "total": 1
              }
            },
            {
              "batter": "PI Walter",
              "bowler": "TG Southee",
              "non_striker": "RN ten Doeschate",
              "runs": {
                "batter": 4,
                "extras": 0,
                "total": 4
              }
            },
            {
              "batter": "PI Walter",
              "bowler": "TG Southee",
              "non_striker": "RN ten Doeschate",
              "runs": {
                "batter": 1,
                "extras": 0,
                "total": 1
              }
            },
            {
              "batter": "RN ten Doeschate",
              "bowler": "TG Southee",
              "non_striker": "PI Walter",
              "runs": {
                "batter": 1,
                "extras": 0,
                "total": 1
              }
            }
          ]
        },
        {
          "over": 17,
          "deliveries": [
            {
              "batter": "RN ten Doeschate",
              "bowler": "TG Helm",
              "non_striker": "PI Walter",
              "runs": {
                "batter": 4,
                "extras": 0,
                "total": 4
              }
            },
            {
              "batter": "RN ten Doeschate",
              "bowler": "TG Helm",
              "non_striker": "PI Walter",
              "runs": {
                "batter": 2,
                "extras": 0,
                "total": 2
              }
            },
            {
              "batter": "RN ten Doeschate",
              "bowler": "TG Helm",
              "non_striker": "PI Walter",
              "runs": {
                "batter": 0,
                "extras": 0,
                "total": 0
              }
            },
            {
              "batter": "RN ten Doeschate",
              "bowler": "TG Helm",
              "non_striker": "PI Walter",
              "runs": {
                "batter": 1,
                "extras": 0,
                "total": 1
              }
            },
            {
              "batter": "PI Walter",
              "bowler": "TG Helm",
              "non_striker": "RN ten Doeschate",
              "runs": {
                "batter": 1,
                "extras": 0,
                "total": 1
              }
            },
            {
              "batter": "RN ten Doeschate",
              "bowler": "TG Helm",
              "non_striker": "PI Walter",
              "runs": {
                "batter": 0,
                "extras": 0,
                "total": 0
              }
            }
          ]
        },
        {
          "over": 18,
          "deliveries": [
            {
              "batter": "PI Walter",
              "bowler": "TG Southee",
              "non_striker": "RN ten Doeschate",
              "runs": {
                "batter": 1,
                "extras": 0,
                "total": 1
              }
            },
            {
              "batter": "RN ten Doeschate",
              "bowler": "TG Southee",
              "non_striker": "PI Walter",
              "runs": {
                "batter": 1,
                "extras": 0,
                "total": 1
              }
            },
            {
              "batter": "PI Walter",
              "bowler": "TG Southee",
              "extras": {
                "legbyes": 1
              },
              "non_striker": "RN ten Doeschate",
              "runs": {
                "batter": 0,
                "extras": 1,
                "total": 1
              }
            },
            {
              "batter": "RN ten Doeschate",
              "bowler": "TG Southee",
              "non_striker": "PI Walter",
              "runs": {
                "batter": 0,
                "extras": 0,
                "total": 0
              },
              "wickets": [
                {
                  "player_out": "RN ten Doeschate",
                  "fielders": [
                    {
                      "name": "GFB Scott"
                    }
                  ],
                  "kind": "caught"
                }
              ]
            },
            {
              "batter": "PI Walter",
              "bowler": "TG Southee",
              "non_striker": "SR Harmer",
              "runs": {
                "batter": 4,
                "extras": 0,
                "total": 4
              }
            },
            {
              "batter": "PI Walter",
              "bowler": "TG Southee",
              "non_striker": "SR Harmer",
              "runs": {
                "batter": 2,
                "extras": 0,
                "total": 2
              }
            }
          ]
        },
        {
          "over": 19,
          "deliveries": [
            {
              "batter": "SR Harmer",
              "bowler": "TG Helm",
              "non_striker": "PI Walter",
              "runs": {
                "batter": 1,
                "extras": 0,
                "total": 1
              }
            },
            {
              "batter": "PI Walter",
              "bowler": "TG Helm",
              "non_striker": "SR Harmer",
              "runs": {
                "batter": 1,
                "extras": 0,
                "total": 1
              }
            },
            {
              "batter": "SR Harmer",
              "bowler": "TG Helm",
              "non_striker": "PI Walter",
              "runs": {
                "batter": 0,
                "extras": 0,
                "total": 0
              },
              "wickets": [
                {
                  "player_out": "SR Harmer",
                  "fielders": [
                    {
                      "name": "TG Southee"
                    }
                  ],
                  "kind": "caught"
                }
              ]
            },
            {
              "batter": "PI Walter",
              "bowler": "TG Helm",
              "non_striker": "Mohammad Amir",
              "runs": {
                "batter": 1,
                "extras": 0,
                "total": 1
              }
            },
            {
              "batter": "Mohammad Amir",
              "bowler": "TG Helm",
              "non_striker": "PI Walter",
              "runs": {
                "batter": 1,
                "extras": 0,
                "total": 1
              }
            },
            {
              "batter": "PI Walter",
              "bowler": "TG Helm",
              "non_striker": "Mohammad Amir",
              "runs": {
                "batter": 1,
                "extras": 0,
                "total": 1
              },
              "wickets": [
                {
                  "player_out": "Mohammad Amir",
                  "kind": "run out"
                }
              ]
            }
          ]
        }
      ],
      "powerplays": [
        {
          "from": 0.1,
          "to": 5.6,
          "type": "mandatory"
        }
      ]
    },
    {
      "team": "Middlesex",
      "overs": [
        {
          "over": 0,
          "deliveries": [
            {
              "batter": "PR Stirling",
              "bowler": "Mohammad Amir",
              "non_striker": "JA Simpson",
              "runs": {
                "batter": 1,
                "extras": 0,
                "total": 1
              }
            },
            {
              "batter": "JA Simpson",
              "bowler": "Mohammad Amir",
              "non_striker": "PR Stirling",
              "runs": {
                "batter": 0,
                "extras": 0,
                "total": 0
              }
            },
            {
              "batter": "JA Simpson",
              "bowler": "Mohammad Amir",
              "non_striker": "PR Stirling",
              "runs": {
                "batter": 0,
                "extras": 0,
                "total": 0
              }
            },
            {
              "batter": "JA Simpson",
              "bowler": "Mohammad Amir",
              "non_striker": "PR Stirling",
              "runs": {
                "batter": 1,
                "extras": 0,
                "total": 1
              }
            },
            {
              "batter": "PR Stirling",
              "bowler": "Mohammad Amir",
              "extras": {
                "legbyes": 1
              },
              "non_striker": "JA Simpson",
              "runs": {
                "batter": 0,
                "extras": 1,
                "total": 1
              }
            },
            {
              "batter": "JA Simpson",
              "bowler": "Mohammad Amir",
              "non_striker": "PR Stirling",
              "runs": {
                "batter": 2,
                "extras": 0,
                "total": 2
              }
            }
          ]
        },
        {
          "over": 1,
          "deliveries": [
            {
              "batter": "PR Stirling",
              "bowler": "PI Walter",
              "non_striker": "JA Simpson",
              "runs": {
                "batter": 0,
                "extras": 0,
                "total": 0
              },
              "wickets": [
                {
                  "player_out": "PR Stirling",
                  "fielders": [
                    {
                      "name": "CJ Taylor",
                      "substitute": true
                    }
                  ],
                  "kind": "caught"
                }
              ]
            },
            {
              "batter": "JA Simpson",
              "bowler": "PI Walter",
              "non_striker": "SS Eskinazi",
              "runs": {
                "batter": 0,
                "extras": 0,
                "total": 0
              }
            },
            {
              "batter": "JA Simpson",
              "bowler": "PI Walter",
              "non_striker": "SS Eskinazi",
              "runs": {
                "batter": 4,
                "extras": 0,
                "total": 4
              }
            },
            {
              "batter": "JA Simpson",
              "bowler": "PI Walter",
              "non_striker": "SS Eskinazi",
              "runs": {
                "batter": 4,
                "extras": 0,
                "total": 4
              }
            },
            {
              "batter": "JA Simpson",
              "bowler": "PI Walter",
              "non_striker": "SS Eskinazi",
              "runs": {
                "batter": 0,
                "extras": 0,
                "total": 0
              }
            },
            {
              "batter": "JA Simpson",
              "bowler": "PI Walter",
              "non_striker": "SS Eskinazi",
              "runs": {
                "batter": 0,
                "extras": 0,
                "total": 0
              }
            }
          ]
        },
        {
          "over": 2,
          "deliveries": [
            {
              "batter": "SS Eskinazi",
              "bowler": "MW Dixon",
              "non_striker": "JA Simpson",
              "runs": {
                "batter": 0,
                "extras": 0,
                "total": 0
              }
            },
            {
              "batter": "SS Eskinazi",
              "bowler": "MW Dixon",
              "non_striker": "JA Simpson",
              "runs": {
                "batter": 4,
                "extras": 0,
                "total": 4
              }
            },
            {
              "batter": "SS Eskinazi",
              "bowler": "MW Dixon",
              "non_striker": "JA Simpson",
              "runs": {
                "batter": 6,
                "extras": 0,
                "total": 6
              }
            },
            {
              "batter": "SS Eskinazi",
              "bowler": "MW Dixon",
              "non_striker": "JA Simpson",
              "runs": {
                "batter": 0,
                "extras": 0,
                "total": 0
              }
            },
            {
              "batter": "SS Eskinazi",
              "bowler": "MW Dixon",
              "non_striker": "JA Simpson",
              "runs": {
                "batter": 0,
                "extras": 0,
                "total": 0
              }
            },
            {
              "batter": "SS Eskinazi",
              "bowler": "MW Dixon",
              "non_striker": "JA Simpson",
              "runs": {
                "batter": 4,
                "extras": 0,
                "total": 4
              }
            }
          ]
        },
        {
          "over": 3,
          "deliveries": [
            {
              "batter": "JA Simpson",
              "bowler": "PI Walter",
              "non_striker": "SS Eskinazi",
              "runs": {
                "batter": 4,
                "extras": 0,
                "total": 4
              }
            },
            {
              "batter": "JA Simpson",
              "bowler": "PI Walter",
              "non_striker": "SS Eskinazi",
              "runs": {
                "batter": 6,
                "extras": 0,
                "total": 6
              }
            },
            {
              "batter": "JA Simpson",
              "bowler": "PI Walter",
              "non_striker": "SS Eskinazi",
              "runs": {
                "batter": 0,
                "extras": 0,
                "total": 0
              }
            },
            {
              "batter": "JA Simpson",
              "bowler": "PI Walter",
              "non_striker": "SS Eskinazi",
              "runs": {
                "batter": 0,
                "extras": 0,
                "total": 0
              }
            },
            {
              "batter": "JA Simpson",
              "bowler": "PI Walter",
              "non_striker": "SS Eskinazi",
              "runs": {
                "batter": 4,
                "extras": 0,
                "total": 4
              }
            },
            {
              "batter": "JA Simpson",
              "bowler": "PI Walter",
              "non_striker": "SS Eskinazi",
              "runs": {
                "batter": 0,
                "extras": 0,
                "total": 0
              }
            }
          ]
        },
        {
          "over": 4,
          "deliveries": [
            {
              "batter": "SS Eskinazi",
              "bowler": "Mohammad Amir",
              "non_striker": "JA Simpson",
              "runs": {
                "batter": 0,
                "extras": 0,
                "total": 0
              },
              "wickets": [
                {
                  "player_out": "SS Eskinazi",
                  "fielders": [
                    {
                      "name": "CJ Taylor",
                      "substitute": true
                    }
                  ],
                  "kind": "caught"
                }
              ]
            },
            {
              "batter": "EJG Morgan",
              "bowler": "Mohammad Amir",
              "extras": {
                "wides": 1
              },
              "non_striker": "JA Simpson",
              "runs": {
                "batter": 0,
                "extras": 1,
                "total": 1
              }
            },
            {
              "batter": "EJG Morgan",
              "bowler": "Mohammad Amir",
              "non_striker": "JA Simpson",
              "runs": {
                "batter": 1,
                "extras": 0,
                "total": 1
              }
            },
            {
              "batter": "JA Simpson",
              "bowler": "Mohammad Amir",
              "non_striker": "EJG Morgan",
              "runs": {
                "batter": 0,
                "extras": 0,
                "total": 0
              }
            },
            {
              "batter": "JA Simpson",
              "bowler": "Mohammad Amir",
              "non_striker": "EJG Morgan",
              "runs": {
                "batter": 4,
                "extras": 0,
                "total": 4
              }
            },
            {
              "batter": "JA Simpson",
              "bowler": "Mohammad Amir",
              "non_striker": "EJG Morgan",
              "runs": {
                "batter": 1,
                "extras": 0,
                "total": 1
              }
            },
            {
              "batter": "EJG Morgan",
              "bowler": "Mohammad Amir",
              "non_striker": "JA Simpson",
              "runs": {
                "batter": 0,
                "extras": 0,
                "total": 0
              }
            }
          ]
        },
        {
          "over": 5,
          "deliveries": [
            {
              "batter": "JA Simpson",
              "bowler": "DW Lawrence",
              "non_striker": "EJG Morgan",
              "runs": {
                "batter": 0,
                "extras": 0,
                "total": 0
              },
              "wickets": [
                {
                  "player_out": "JA Simpson",
                  "kind": "lbw"
                }
              ]
            },
            {
              "batter": "GFB Scott",
              "bowler": "DW Lawrence",
              "non_striker": "EJG Morgan",
              "runs": {
                "batter": 0,
                "extras": 0,
                "total": 0
              }
            },
            {
              "batter": "GFB Scott",
              "bowler": "DW Lawrence",
              "non_striker": "EJG Morgan",
              "runs": {
                "batter": 1,
                "extras": 0,
                "total": 1
              }
            },
            {
              "batter": "EJG Morgan",
              "bowler": "DW Lawrence",
              "non_striker": "GFB Scott",
              "runs": {
                "batter": 1,
                "extras": 0,
                "total": 1
              }
            },
            {
              "batter": "GFB Scott",
              "bowler": "DW Lawrence",
              "non_striker": "EJG Morgan",
              "runs": {
                "batter": 0,
                "extras": 0,
                "total": 0
              }
            },
            {
              "batter": "GFB Scott",
              "bowler": "DW Lawrence",
              "non_striker": "EJG Morgan",
              "runs": {
                "batter": 0,
                "extras": 0,
                "total": 0
              }
            }
          ]
        },
        {
          "over": 6,
          "deliveries": [
            {
              "batter": "EJG Morgan",
              "bowler": "RS Bopara",
              "extras": {
                "legbyes": 1
              },
              "non_striker": "GFB Scott",
              "runs": {
                "batter": 0,
                "extras": 1,
                "total": 1
              }
            },
            {
              "batter": "GFB Scott",
              "bowler": "RS Bopara",
              "non_striker": "EJG Morgan",
              "runs": {
                "batter": 1,
                "extras": 0,
                "total": 1
              }
            },
            {
              "batter": "EJG Morgan",
              "bowler": "RS Bopara",
              "non_striker": "GFB Scott",
              "runs": {
                "batter": 1,
                "extras": 0,
                "total": 1
              }
            },
            {
              "batter": "GFB Scott",
              "bowler": "RS Bopara",
              "extras": {
                "legbyes": 1
              },
              "non_striker": "EJG Morgan",
              "runs": {
                "batter": 0,
                "extras": 1,
                "total": 1
              }
            },
            {
              "batter": "EJG Morgan",
              "bowler": "RS Bopara",
              "non_striker": "GFB Scott",
              "runs": {
                "batter": 1,
                "extras": 0,
                "total": 1
              }
            },
            {
              "batter": "GFB Scott",
              "bowler": "RS Bopara",
              "non_striker": "EJG Morgan",
              "runs": {
                "batter": 1,
                "extras": 0,
                "total": 1
              }
            }
          ]
        },
        {
          "over": 7,
          "deliveries": [
            {
              "batter": "GFB Scott",
              "bowler": "SR Harmer",
              "non_striker": "EJG Morgan",
              "runs": {
                "batter": 1,
                "extras": 0,
                "total": 1
              }
            },
            {
              "batter": "EJG Morgan",
              "bowler": "SR Harmer",
              "non_striker": "GFB Scott",
              "runs": {
                "batter": 4,
                "extras": 0,
                "total": 4
              }
            },
            {
              "batter": "EJG Morgan",
              "bowler": "SR Harmer",
              "non_striker": "GFB Scott",
              "runs": {
                "batter": 1,
                "extras": 0,
                "total": 1
              }
            },
            {
              "batter": "GFB Scott",
              "bowler": "SR Harmer",
              "non_striker": "EJG Morgan",
              "runs": {
                "batter": 0,
                "extras": 0,
                "total": 0
              }
            },
            {
              "batter": "GFB Scott",
              "bowler": "SR Harmer",
              "non_striker": "EJG Morgan",
              "runs": {
                "batter": 1,
                "extras": 0,
                "total": 1
              }
            },
            {
              "batter": "EJG Morgan",
              "bowler": "SR Harmer",
              "non_striker": "GFB Scott",
              "runs": {
                "batter": 4,
                "extras": 0,
                "total": 4
              }
            }
          ]
        },
        {
          "over": 8,
          "deliveries": [
            {
              "batter": "GFB Scott",
              "bowler": "RS Bopara",
              "non_striker": "EJG Morgan",
              "runs": {
                "batter": 1,
                "extras": 0,
                "total": 1
              }
            },
            {
              "batter": "EJG Morgan",
              "bowler": "RS Bopara",
              "non_striker": "GFB Scott",
              "runs": {
                "batter": 0,
                "extras": 0,
                "total": 0
              }
            },
            {
              "batter": "EJG Morgan",
              "bowler": "RS Bopara",
              "non_striker": "GFB Scott",
              "runs": {
                "batter": 0,
                "extras": 0,
                "total": 0
              }
            },
            {
              "batter": "EJG Morgan",
              "bowler": "RS Bopara",
              "non_striker": "GFB Scott",
              "runs": {
                "batter": 1,
                "extras": 0,
                "total": 1
              }
            },
            {
              "batter": "GFB Scott",
              "bowler": "RS Bopara",
              "non_striker": "EJG Morgan",
              "runs": {
                "batter": 1,
                "extras": 0,
                "total": 1
              }
            },
            {
              "batter": "EJG Morgan",
              "bowler": "RS Bopara",
              "non_striker": "GFB Scott",
              "runs": {
                "batter": 1,
                "extras": 0,
                "total": 1
              }
            }
          ]
        },
        {
          "over": 9,
          "deliveries": [
            {
              "batter": "EJG Morgan",
              "bowler": "DW Lawrence",
              "non_striker": "GFB Scott",
              "runs": {
                "batter": 0,
                "extras": 0,
                "total": 0
              }
            },
            {
              "batter": "EJG Morgan",
              "bowler": "DW Lawrence",
              "non_striker": "GFB Scott",
              "runs": {
                "batter": 1,
                "extras": 0,
                "total": 1
              }
            },
            {
              "batter": "GFB Scott",
              "bowler": "DW Lawrence",
              "non_striker": "EJG Morgan",
              "runs": {
                "batter": 4,
                "extras": 0,
                "total": 4
              }
            },
            {
              "batter": "GFB Scott",
              "bowler": "DW Lawrence",
              "non_striker": "EJG Morgan",
              "runs": {
                "batter": 1,
                "extras": 0,
                "total": 1
              }
            },
            {
              "batter": "EJG Morgan",
              "bowler": "DW Lawrence",
              "non_striker": "GFB Scott",
              "runs": {
                "batter": 1,
                "extras": 0,
                "total": 1
              }
            },
            {
              "batter": "GFB Scott",
              "bowler": "DW Lawrence",
              "non_striker": "EJG Morgan",
              "runs": {
                "batter": 1,
                "extras": 0,
                "total": 1
              }
            }
          ]
        },
        {
          "over": 10,
          "deliveries": [
            {
              "batter": "GFB Scott",
              "bowler": "PI Walter",
              "non_striker": "EJG Morgan",
              "runs": {
                "batter": 1,
                "extras": 0,
                "total": 1
              }
            },
            {
              "batter": "EJG Morgan",
              "bowler": "PI Walter",
              "non_striker": "GFB Scott",
              "runs": {
                "batter": 4,
                "extras": 0,
                "total": 4
              }
            },
            {
              "batter": "EJG Morgan",
              "bowler": "PI Walter",
              "non_striker": "GFB Scott",
              "runs": {
                "batter": 1,
                "extras": 0,
                "total": 1
              }
            },
            {
              "batter": "GFB Scott",
              "bowler": "PI Walter",
              "non_striker": "EJG Morgan",
              "runs": {
                "batter": 1,
                "extras": 0,
                "total": 1
              }
            },
            {
              "batter": "EJG Morgan",
              "bowler": "PI Walter",
              "non_striker": "GFB Scott",
              "runs": {
                "batter": 2,
                "extras": 0,
                "total": 2
              }
            },
            {
              "batter": "EJG Morgan",
              "bowler": "PI Walter",
              "non_striker": "GFB Scott",
              "runs": {
                "batter": 1,
                "extras": 0,
                "total": 1
              }
            }
          ]
        },
        {
          "over": 11,
          "deliveries": [
            {
              "batter": "EJG Morgan",
              "bowler": "DW Lawrence",
              "non_striker": "GFB Scott",
              "runs": {
                "batter": 2,
                "extras": 0,
                "total": 2
              }
            },
            {
              "batter": "EJG Morgan",
              "bowler": "DW Lawrence",
              "non_striker": "GFB Scott",
              "runs": {
                "batter": 1,
                "extras": 0,
                "total": 1
              }
            },
            {
              "batter": "GFB Scott",
              "bowler": "DW Lawrence",
              "non_striker": "EJG Morgan",
              "runs": {
                "batter": 0,
                "extras": 0,
                "total": 0
              }
            },
            {
              "batter": "GFB Scott",
              "bowler": "DW Lawrence",
              "non_striker": "EJG Morgan",
              "runs": {
                "batter": 1,
                "extras": 0,
                "total": 1
              }
            },
            {
              "batter": "EJG Morgan",
              "bowler": "DW Lawrence",
              "non_striker": "GFB Scott",
              "runs": {
                "batter": 1,
                "extras": 0,
                "total": 1
              }
            },
            {
              "batter": "GFB Scott",
              "bowler": "DW Lawrence",
              "non_striker": "EJG Morgan",
              "runs": {
                "batter": 1,
                "extras": 0,
                "total": 1
              }
            }
          ]
        },
        {
          "over": 12,
          "deliveries": [
            {
              "batter": "GFB Scott",
              "bowler": "RS Bopara",
              "non_striker": "EJG Morgan",
              "runs": {
                "batter": 1,
                "extras": 0,
                "total": 1
              }
            },
            {
              "batter": "EJG Morgan",
              "bowler": "RS Bopara",
              "non_striker": "GFB Scott",
              "runs": {
                "batter": 4,
                "extras": 0,
                "total": 4
              }
            },
            {
              "batter": "EJG Morgan",
              "bowler": "RS Bopara",
              "non_striker": "GFB Scott",
              "runs": {
                "batter": 4,
                "extras": 0,
                "total": 4
              }
            },
            {
              "batter": "EJG Morgan",
              "bowler": "RS Bopara",
              "non_striker": "GFB Scott",
              "runs": {
                "batter": 0,
                "extras": 0,
                "total": 0
              },
              "wickets": [
                {
                  "player_out": "EJG Morgan",
                  "kind": "caught and bowled"
                }
              ]
            },
            {
              "batter": "GFB Scott",
              "bowler": "RS Bopara",
              "non_striker": "JEC Franklin",
              "runs": {
                "batter": 1,
                "extras": 0,
                "total": 1
              }
            },
            {
              "batter": "JEC Franklin",
              "bowler": "RS Bopara",
              "non_striker": "GFB Scott",
              "runs": {
                "batter": 2,
                "extras": 0,
                "total": 2
              }
            }
          ]
        },
        {
          "over": 13,
          "deliveries": [
            {
              "batter": "GFB Scott",
              "bowler": "DW Lawrence",
              "non_striker": "JEC Franklin",
              "runs": {
                "batter": 1,
                "extras": 0,
                "total": 1
              }
            },
            {
              "batter": "JEC Franklin",
              "bowler": "DW Lawrence",
              "non_striker": "GFB Scott",
              "runs": {
                "batter": 1,
                "extras": 0,
                "total": 1
              }
            },
            {
              "batter": "GFB Scott",
              "bowler": "DW Lawrence",
              "non_striker": "JEC Franklin",
              "runs": {
                "batter": 1,
                "extras": 0,
                "total": 1
              }
            },
            {
              "batter": "JEC Franklin",
              "bowler": "DW Lawrence",
              "extras": {
                "wides": 1
              },
              "non_striker": "GFB Scott",
              "runs": {
                "batter": 0,
                "extras": 1,
                "total": 1
              }
            },
            {
              "batter": "JEC Franklin",
              "bowler": "DW Lawrence",
              "non_striker": "GFB Scott",
              "runs": {
                "batter": 1,
                "extras": 0,
                "total": 1
              }
            },
            {
              "batter": "GFB Scott",
              "bowler": "DW Lawrence",
              "non_striker": "JEC Franklin",
              "runs": {
                "batter": 2,
                "extras": 0,
                "total": 2
              }
            },
            {
              "batter": "GFB Scott",
              "bowler": "DW Lawrence",
              "non_striker": "JEC Franklin",
              "runs": {
                "batter": 6,
                "extras": 0,
                "total": 6
              }
            }
          ]
        },
        {
          "over": 14,
          "deliveries": [
            {
              "batter": "JEC Franklin",
              "bowler": "Mohammad Amir",
              "non_striker": "GFB Scott",
              "runs": {
                "batter": 1,
                "extras": 0,
                "total": 1
              }
            },
            {
              "batter": "GFB Scott",
              "bowler": "Mohammad Amir",
              "non_striker": "JEC Franklin",
              "runs": {
                "batter": 0,
                "extras": 0,
                "total": 0
              }
            },
            {
              "batter": "GFB Scott",
              "bowler": "Mohammad Amir",
              "non_striker": "JEC Franklin",
              "runs": {
                "batter": 0,
                "extras": 0,
                "total": 0
              }
            },
            {
              "batter": "GFB Scott",
              "bowler": "Mohammad Amir",
              "non_striker": "JEC Franklin",
              "runs": {
                "batter": 1,
                "extras": 0,
                "total": 1
              }
            },
            {
              "batter": "JEC Franklin",
              "bowler": "Mohammad Amir",
              "non_striker": "GFB Scott",
              "runs": {
                "batter": 0,
                "extras": 0,
                "total": 0
              }
            },
            {
              "batter": "JEC Franklin",
              "bowler": "Mohammad Amir",
              "non_striker": "GFB Scott",
              "runs": {
                "batter": 0,
                "extras": 0,
                "total": 0
              }
            }
          ]
        },
        {
          "over": 15,
          "deliveries": [
            {
              "batter": "GFB Scott",
              "bowler": "SR Harmer",
              "non_striker": "JEC Franklin",
              "runs": {
                "batter": 0,
                "extras": 0,
                "total": 0
              }
            },
            {
              "batter": "GFB Scott",
              "bowler": "SR Harmer",
              "non_striker": "JEC Franklin",
              "runs": {
                "batter": 1,
                "extras": 0,
                "total": 1
              }
            },
            {
              "batter": "JEC Franklin",
              "bowler": "SR Harmer",
              "non_striker": "GFB Scott",
              "runs": {
                "batter": 0,
                "extras": 0,
                "total": 0
              }
            },
            {
              "batter": "JEC Franklin",
              "bowler": "SR Harmer",
              "non_striker": "GFB Scott",
              "runs": {
                "batter": 1,
                "extras": 0,
                "total": 1
              }
            },
            {
              "batter": "GFB Scott",
              "bowler": "SR Harmer",
              "non_striker": "JEC Franklin",
              "runs": {
                "batter": 1,
                "extras": 0,
                "total": 1
              }
            },
            {
              "batter": "JEC Franklin",
              "bowler": "SR Harmer",
              "non_striker": "GFB Scott",
              "runs": {
                "batter": 1,
                "extras": 0,
                "total": 1
              }
            }
          ]
        },
        {
          "over": 16,
          "deliveries": [
            {
              "batter": "JEC Franklin",
              "bowler": "RS Bopara",
              "non_striker": "GFB Scott",
              "runs": {
                "batter": 0,
                "extras": 0,
                "total": 0
              }
            },
            {
              "batter": "JEC Franklin",
              "bowler": "RS Bopara",
              "extras": {
                "wides": 1
              },
              "non_striker": "GFB Scott",
              "runs": {
                "batter": 0,
                "extras": 1,
                "total": 1
              }
            },
            {
              "batter": "JEC Franklin",
              "bowler": "RS Bopara",
              "non_striker": "GFB Scott",
              "runs": {
                "batter": 0,
                "extras": 0,
                "total": 0
              },
              "wickets": [
                {
                  "player_out": "JEC Franklin",
                  "fielders": [
                    {
                      "name": "SR Harmer"
                    }
                  ],
                  "kind": "caught"
                }
              ]
            },
            {
              "batter": "GFB Scott",
              "bowler": "RS Bopara",
              "non_striker": "RF Higgins",
              "runs": {
                "batter": 0,
                "extras": 0,
                "total": 0
              }
            },
            {
              "batter": "GFB Scott",
              "bowler": "RS Bopara",
              "non_striker": "RF Higgins",
              "runs": {
                "batter": 1,
                "extras": 0,
                "total": 1
              }
            },
            {
              "batter": "RF Higgins",
              "bowler": "RS Bopara",
              "non_striker": "GFB Scott",
              "runs": {
                "batter": 1,
                "extras": 0,
                "total": 1
              }
            },
            {
              "batter": "GFB Scott",
              "bowler": "RS Bopara",
              "non_striker": "RF Higgins",
              "runs": {
                "batter": 1,
                "extras": 0,
                "total": 1
              }
            }
          ]
        },
        {
          "over": 17,
          "deliveries": [
            {
              "batter": "GFB Scott",
              "bowler": "Ashar Zaidi",
              "non_striker": "RF Higgins",
              "runs": {
                "batter": 0,
                "extras": 0,
                "total": 0
              },
              "wickets": [
                {
                  "player_out": "GFB Scott",
                  "kind": "bowled"
                }
              ]
            },
            {
              "batter": "TG Southee",
              "bowler": "Ashar Zaidi",
              "non_striker": "RF Higgins",
              "runs": {
                "batter": 1,
                "extras": 0,
                "total": 1
              }
            },
            {
              "batter": "RF Higgins",
              "bowler": "Ashar Zaidi",
              "non_striker": "TG Southee",
              "runs": {
                "batter": 2,
                "extras": 0,
                "total": 2
              }
            },
            {
              "batter": "RF Higgins",
              "bowler": "Ashar Zaidi",
              "non_striker": "TG Southee",
              "runs": {
                "batter": 1,
                "extras": 0,
                "total": 1
              }
            },
            {
              "batter": "TG Southee",
              "bowler": "Ashar Zaidi",
              "non_striker": "RF Higgins",
              "runs": {
                "batter": 0,
                "extras": 0,
                "total": 0
              }
            },
            {
              "batter": "TG Southee",
              "bowler": "Ashar Zaidi",
              "non_striker": "RF Higgins",
              "runs": {
                "batter": 1,
                "extras": 0,
                "total": 1
              }
            }
          ]
        },
        {
          "over": 18,
          "deliveries": [
            {
              "batter": "TG Southee",
              "bowler": "Mohammad Amir",
              "non_striker": "RF Higgins",
              "runs": {
                "batter": 1,
                "extras": 0,
                "total": 1
              }
            },
            {
              "batter": "RF Higgins",
              "bowler": "Mohammad Amir",
              "non_striker": "TG Southee",
              "runs": {
                "batter": 3,
                "extras": 0,
                "total": 3
              }
            },
            {
              "batter": "TG Southee",
              "bowler": "Mohammad Amir",
              "non_striker": "RF Higgins",
              "runs": {
                "batter": 0,
                "extras": 0,
                "total": 0
              },
              "wickets": [
                {
                  "player_out": "TG Southee",
                  "kind": "bowled"
                }
              ]
            },
            {
              "batter": "NA Sowter",
              "bowler": "Mohammad Amir",
              "non_striker": "RF Higgins",
              "runs": {
                "batter": 0,
                "extras": 0,
                "total": 0
              }
            },
            {
              "batter": "NA Sowter",
              "bowler": "Mohammad Amir",
              "non_striker": "RF Higgins",
              "runs": {
                "batter": 4,
                "extras": 0,
                "total": 4
              }
            },
            {
              "batter": "NA Sowter",
              "bowler": "Mohammad Amir",
              "non_striker": "RF Higgins",
              "runs": {
                "batter": 4,
                "extras": 0,
                "total": 4
              }
            }
          ]
        },
        {
          "over": 19,
          "deliveries": [
            {
              "batter": "RF Higgins",
              "bowler": "PI Walter",
              "non_striker": "NA Sowter",
              "runs": {
                "batter": 4,
                "extras": 0,
                "total": 4
              }
            },
            {
              "batter": "RF Higgins",
              "bowler": "PI Walter",
              "non_striker": "NA Sowter",
              "runs": {
                "batter": 0,
                "extras": 0,
                "total": 0
              }
            },
            {
              "batter": "RF Higgins",
              "bowler": "PI Walter",
              "non_striker": "NA Sowter",
              "runs": {
                "batter": 0,
                "extras": 0,
                "total": 0
              }
            },
            {
              "batter": "RF Higgins",
              "bowler": "PI Walter",
              "non_striker": "NA Sowter",
              "runs": {
                "batter": 4,
                "extras": 0,
                "total": 4
              }
            },
            {
              "batter": "RF Higgins",
              "bowler": "PI Walter",
              "non_striker": "NA Sowter",
              "runs": {
                "batter": 6,
                "extras": 0,
                "total": 6
              }
            },
            {
              "batter": "RF Higgins",
              "bowler": "PI Walter",
              "non_striker": "NA Sowter",
              "runs": {
                "batter": 2,
                "extras": 0,
                "total": 2
              }
            }
          ]
        }
      ],
      "powerplays": [
        {
          "from": 0.1,
          "to": 5.6,
          "type": "mandatory"
        }
      ],
      "target": {
        "overs": 20,
        "runs": 173
      }
    }
  ]
}