{
  "meta": {
    "data_version": "1.0.0",
    "created": "2020-07-20",
    "revision": 2
  },
  "info": {
    "balls_per_over": 6,
    "city": "London",
    "dates": [
      "2017-08-13"
    ],
    "event": {
      "name": "NatWest T20 Blast",
      "group": "South"
    },
    "gender": "male",
    "match_type": "T20",
    "officials": {
      "tv_umpires": [
        "RT Robinson"
      ],
      "umpires": [
        "NA Mallender",
        "SJ O'Shaughnessy"
      ]
    },
    "outcome": {
      "winner": "Surrey",
      "by": {
        "runs": 17
      }
    },
    "overs": 20,
    "player_of_match": [
      "AJ Finch"
    ],
    "players": {
      "Surrey": [
        "JJ Roy",
        "AJ Finch",
        "MC Henriques",
        "OJ Pope",
        "MD Stoneman",
        "R Clarke",
        "SM Curran",
        "TK Curran",
        "SG Borthwick",
        "GJ Batty",
        "JW Dernbach"
      ],
      "Sussex": [
        "CD Nash",
        "LJ Wright",
        "S van Zyl",
        "LRPL Taylor",
        "LJ Evans",
        "D Wiese",
        "BC Brown",
        "CJ Jordan",
        "JC Archer",
        "WAT Beer",
        "DR Briggs"
      ]
    },
    "registry": {
      "people": {
        "AJ Finch": "b8d490fd",
        "BC Brown": "8af86756",
        "CD Nash": "6f049d41",
        "CJ Jordan": "ffe699c0",
        "D Wiese": "aa8d28ae",
        "DR Briggs": "f3abd0c9",
        "GHS Garton": "be869ccf",
        "GJ Batty": "5ac8f17b",
        "JC Archer": "5574750c",
        "JJ Roy": "d1c36f5c",
        "JW Dernbach": "7be8a0ed",
        "LJ Evans": "1c513d54",
        "LJ Wright": "cca50cd6",
        "LRPL Taylor": "b61a3e1a",
        "MC Henriques": "32198ae0",
        "MD Stoneman": "1b77f62b",
        "NA Mallender": "3b5dfcd4",
        "OJ Pope": "e94bc520",
        "R Clarke": "8728a058",
        "RT Robinson": "b143c87d",
        "S van Zyl": "f4dfcbb4",
        "SG Borthwick": "51e1ed69",
        "SJ O'Shaughnessy": "4d4fdf4a",
        "SM Curran": "e94915e6",
        "TK Curran": "e86754b2",
        "WAT Beer": "98eacfe5"
      }
    },
    "season": "2017",
    "team_type": "club",
    "teams": [
      "Surrey",
      "Sussex"
    ],
    "toss": {
      "decision": "bat",
      "winner": "Surrey"
    },
    "venue": "Kennington Oval"
  },
  "innings": [
    {
      "team": "Surrey",
      "overs": [
        {
          "over": 0,
          "deliveries": [
            {
              "batter": "JJ Roy",
              "bowler": "D Wiese",
              "non_striker": "AJ Finch",
              "runs": {
                "batter": 0,
                "extras": 0,
                "total": 0
              }
            },
            {
              "batter": "JJ Roy",
              "bowler": "D Wiese",
              "non_striker": "AJ Finch",
              "runs": {
                "batter": 1,
                "extras": 0,
                "total": 1
              }
            },
            {
              "batter": "AJ Finch",
              "bowler": "D Wiese",
              "non_striker": "JJ Roy",
              "runs": {
                "batter": 1,
                "extras": 0,
                "total": 1
              }
            },
            {
              "batter": "JJ Roy",
              "bowler": "D Wiese",
              "non_striker": "AJ Finch",
              "runs": {
                "batter": 0,
                "extras": 0,
                "total": 0
              }
            },
            {
              "batter": "JJ Roy",
              "bowler": "D Wiese",
              "extras": {
                "wides": 1
              },
              "non_striker": "AJ Finch",
              "runs": {
                "batter": 0,
                "extras": 1,
                "total": 1
              }
            },
            {
              "batter": "JJ Roy",
              "bowler": "D Wiese",
              "non_striker": "AJ Finch",
              "runs": {
                "batter": 1,
                "extras": 0,
                "total": 1
              }
            },
            {
              "batter": "AJ Finch",
              "bowler": "D Wiese",
              "non_striker": "JJ Roy",
              "runs": {
                "batter": 0,
                "extras": 0,
                "total": 0
              }
            }
          ]
        },
        {
          "over": 1,
          "deliveries": [
            {
              "batter": "JJ Roy",
              "bowler": "JC Archer",
              "non_striker": "AJ Finch",
              "runs": {
                "batter": 0,
                "extras": 0,
                "total": 0
              }
            },
            {
              "batter": "JJ Roy",
              "bowler": "JC Archer",
              "extras": {
                "legbyes": 1
              },
              "non_striker": "AJ Finch",
              "runs": {
                "batter": 0,
                "extras": 1,
                "total": 1
              }
            },
            {
              "batter": "AJ Finch",
              "bowler": "JC Archer",
              "non_striker": "JJ Roy",
              "runs": {
                "batter": 0,
                "extras": 0,
                "total": 0
              }
            },
            {
              "batter": "AJ Finch",
              "bowler": "JC Archer",
              "non_striker": "JJ Roy",
              "runs": {
                "batter": 6,
                "extras": 0,
                "total": 6
              }
            },
            {
              "batter": "AJ Finch",
              "bowler": "JC Archer",
              "non_striker": "JJ Roy",
              "runs": {
                "batter": 4,
                "extras": 0,
                "total": 4
              }
            },
            {
              "batter": "AJ Finch",
              "bowler": "JC Archer",
              "non_striker": "JJ Roy",
              "runs": {
                "batter": 1,
                "extras": 0,
                "total": 1
              }
            }
          ]
        },
        {
          "over": 2,
          "deliveries": [
            {
              "batter": "AJ Finch",
              "bowler": "D Wiese",
              "extras": {
                "legbyes": 1
              },
              "non_striker": "JJ Roy",
              "runs": {
                "batter": 0,
                "extras": 1,
                "total": 1
              }
            },
            {
              "batter": "JJ Roy",
              "bowler": "D Wiese",
              "non_striker": "AJ Finch",
              "runs": {
                "batter": 4,
                "extras": 0,
                "total": 4
              }
            },
            {
              "batter": "JJ Roy",
              "bowler": "D Wiese",
              "non_striker": "AJ Finch",
              "runs": {
                "batter": 6,
                "extras": 0,
                "total": 6
              }
            },
            {
              "batter": "JJ Roy",
              "bowler": "D Wiese",
              "non_striker": "AJ Finch",
              "runs": {
                "batter": 1,
                "extras": 0,
                "total": 1
              }
            },
            {
              "batter": "AJ Finch",
              "bowler": "D Wiese",
              "non_striker": "JJ Roy",
              "runs": {
                "batter": 1,
                "extras": 0,
                "total": 1
              }
            },
            {
              "batter": "JJ Roy",
              "bowler": "D Wiese",
              "non_striker": "AJ Finch",
              "runs": {
                "batter": 1,
                "extras": 0,
                "total": 1
              }
            }
          ]
        },
        {
          "over": 3,
          "deliveries": [
            {
              "batter": "JJ Roy",
              "bowler": "DR Briggs",
              "non_striker": "AJ Finch",
              "runs": {
                "batter": 1,
                "extras": 0,
                "total": 1
              }
            },
            {
              "batter": "AJ Finch",
              "bowler": "DR Briggs",
              "non_striker": "JJ Roy",
              "runs": {
                "batter": 4,
                "extras": 0,
                "total": 4
              }
            },
            {
              "batter": "AJ Finch",
              "bowler": "DR Briggs",
              "non_striker": "JJ Roy",
              "runs": {
                "batter": 0,
                "extras": 0,
                "total": 0
              }
            },
            {
              "batter": "AJ Finch",
              "bowler": "DR Briggs",
              "non_striker": "JJ Roy",
              "runs": {
                "batter": 0,
                "extras": 0,
                "total": 0
              }
            },
            {
              "batter": "AJ Finch",
              "bowler": "DR Briggs",
              "non_striker": "JJ Roy",
              "runs": {
                "batter": 4,
                "extras": 0,
                "total": 4
              }
            },
            {
              "batter": "AJ Finch",
              "bowler": "DR Briggs",
              "non_striker": "JJ Roy",
              "runs": {
                "batter": 4,
                "extras": 0,
                "total": 4
              }
            }
          ]
        },
        {
          "over": 4,
          "deliveries": [
            {
              "batter": "JJ Roy",
              "bowler": "JC Archer",
              "non_striker": "AJ Finch",
              "runs": {
                "batter": 0,
                "extras": 0,
                "total": 0
              }
            },
            {
              "batter": "JJ Roy",
              "bowler": "JC Archer",
              "non_striker": "AJ Finch",
              "runs": {
                "batter": 6,
                "extras": 0,
                "total": 6
              }
            },
            {
              "batter": "JJ Roy",
              "bowler": "JC Archer",
              "non_striker": "AJ Finch",
              "runs": {
                "batter": 1,
                "extras": 0,
                "total": 1
              }
            },
            {
              "batter": "AJ Finch",
              "bowler": "JC Archer",
              "non_striker": "JJ Roy",
              "runs": {
                "batter": 1,
                "extras": 0,
                "total": 1
              }
            },
            {
              "batter": "JJ Roy",
              "bowler": "JC Archer",
              "non_striker": "AJ Finch",
              "runs": {
                "batter": 6,
                "extras": 0,
                "total": 6
              }
            },
            {
              "batter": "JJ Roy",
              "bowler": "JC Archer",
              "non_striker": "AJ Finch",
              "runs": {
                "batter": 1,
                "extras": 0,
                "total": 1
              }
            }
          ]
        },
        {
          "over": 5,
          "deliveries": [
            {
              "batter": "JJ Roy",
              "bowler": "CJ Jordan",
              "non_striker": "AJ Finch",
              "runs": {
                "batter": 1,
                "extras": 0,
                "total": 1
              }
            },
            {
              "batter": "AJ Finch",
              "bowler": "CJ Jordan",
              "non_striker": "JJ Roy",
              "runs": {
                "batter": 0,
                "extras": 0,
                "total": 0
              }
            },
            {
              "batter": "AJ Finch",
              "bowler": "CJ Jordan",
              "non_striker": "JJ Roy",
              "runs": {
                "batter": 2,
                "extras": 0,
                "total": 2
              }
            },
            {
              "batter": "AJ Finch",
              "bowler": "CJ Jordan",
              "non_striker": "JJ Roy",
              "runs": {
                "batter": 1,
                "extras": 0,
                "total": 1
              }
            },
            {
              "batter": "JJ Roy",
              "bowler": "CJ Jordan",
              "non_striker": "AJ Finch",
              "runs": {
                "batter": 1,
                "extras": 0,
                "total": 1
              }
            },
            {
              "batter": "AJ Finch",
              "bowler": "CJ Jordan",
              "non_striker": "JJ Roy",
              "runs": {
                "batter": 1,
                "extras": 0,
                "total": 1
              }
            }
          ]
        },
        {
          "over": 6,
          "deliveries": [
            {
              "batter": "AJ Finch",
              "bowler": "DR Briggs",
              "non_striker": "JJ Roy",
              "runs": {
                "batter": 1,
                "extras": 0,
                "total": 1
              }
            },
            {
              "batter": "JJ Roy",
              "bowler": "DR Briggs",
              "non_striker": "AJ Finch",
              "runs": {
                "batter": 1,
                "extras": 0,
                "total": 1
              }
            },
            {
              "batter": "AJ Finch",
              "bowler": "DR Briggs",
              "non_striker": "JJ Roy",
              "runs": {
                "batter": 1,
                "extras": 0,
                "total": 1
              }
            },
            {
              "batter": "JJ Roy",
              "bowler": "DR Briggs",
              "non_striker": "AJ Finch",
              "runs": {
                "batter": 0,
                "extras": 0,
                "total": 0
              }
            },
            {
              "batter": "JJ Roy",
              "bowler": "DR Briggs",
              "non_striker": "AJ Finch",
              "runs": {
                "batter": 1,
                "extras": 0,
                "total": 1
              }
            },
            {
              "batter": "AJ Finch",
              "bowler": "DR Briggs",
              "non_striker": "JJ Roy",
              "runs": {
                "batter": 2,
                "extras": 0,
                "total": 2
              }
            }
          ]
        },
        {
          "over": 7,
          "deliveries": [
            {
              "batter": "JJ Roy",
              "bowler": "WAT Beer",
              "non_striker": "AJ Finch",
              "runs": {
                "batter": 2,
                "extras": 0,
                "total": 2
              }
            },
            {
              "batter": "JJ Roy",
              "bowler": "WAT Beer",
              "non_striker": "AJ Finch",
              "runs": {
                "batter": 1,
                "extras": 0,
                "total": 1
              }
            },
            {
              "batter": "AJ Finch",
              "bowler": "WAT Beer",
              "non_striker": "JJ Roy",
              "runs": {
                "batter": 0,
                "extras": 0,
                "total": 0
              }
            },
            {
              "batter": "AJ Finch",
              "bowler": "WAT Beer",
              "non_striker": "JJ Roy",
              "runs": {
                "batter": 1,
                "extras": 0,
                "total": 1
              }
            },
            {
              "batter": "JJ Roy",
              "bowler": "WAT Beer",
              "non_striker": "AJ Finch",
              "runs": {
                "batter": 6,
                "extras": 0,
                "total": 6
              }
            },
            {
              "batter": "JJ Roy",
              "bowler": "WAT Beer",
              "non_striker": "AJ Finch",
              "runs": {
                "batter": 2,
                "extras": 0,
                "total": 2
              }
            }
          ]
        },
        {
          "over": 8,
          "deliveries": [
            {
              "batter": "AJ Finch",
              "bowler": "DR Briggs",
              "non_striker": "JJ Roy",
              "runs": {
                "batter": 1,
                "extras": 0,
                "total": 1
              }
            },
            {
              "batter": "JJ Roy",
              "bowler": "DR Briggs",
              "non_striker": "AJ Finch",
              "runs": {
                "batter": 1,
                "extras": 0,
                "total": 1
              }
            },
            {
              "batter": "AJ Finch",
              "bowler": "DR Briggs",
              "non_striker": "JJ Roy",
              "runs": {
                "batter": 0,
                "extras": 0,
                "total": 0
              }
            },
            {
              "batter": "AJ Finch",
              "bowler": "DR Briggs",
              "non_striker": "JJ Roy",
              "runs": {
                "batter": 1,
                "extras": 0,
                "total": 1
              }
            },
            {
              "batter": "JJ Roy",
              "bowler": "DR Briggs",
              "non_striker": "AJ Finch",
              "runs": {
                "batter": 1,
                "extras": 0,
                "total": 1
              }
            },
            {
              "batter": "AJ Finch",
              "bowler": "DR Briggs",
              "non_striker": "JJ Roy",
              "runs": {
                "batter": 1,
                "extras": 0,
                "total": 1
              }
            }
          ]
        },
        {
          "over": 9,
          "deliveries": [
            {
              "batter": "AJ Finch",
              "bowler": "WAT Beer",
              "non_striker": "JJ Roy",
              "runs": {
                "batter": 0,
                "extras": 0,
                "total": 0
              }
            },
            {
              "batter": "AJ Finch",
              "bowler": "WAT Beer",
              "non_striker": "JJ Roy",
              "runs": {
                "batter": 1,
                "extras": 0,
                "total": 1
              }
            },
            {
              "batter": "JJ Roy",
              "bowler": "WAT Beer",
              "non_striker": "AJ Finch",
              "runs": {
                "batter": 1,
                "extras": 0,
                "total": 1
              }
            },
            {
              "batter": "AJ Finch",
              "bowler": "WAT Beer",
              "non_striker": "JJ Roy",
              "runs": {
                "batter": 0,
                "extras": 0,
                "total": 0
              }
            },
            {
              "batter": "AJ Finch",
              "bowler": "WAT Beer",
              "non_striker": "JJ Roy",
              "runs": {
                "batter": 1,
                "extras": 0,
                "total": 1
              }
            },
            {
              "batter": "JJ Roy",
              "bowler": "WAT Beer",
              "non_striker": "AJ Finch",
              "runs": {
                "batter": 1,
                "extras": 0,
                "total": 1
              }
            }
          ]
        },
        {
          "over": 10,
          "deliveries": [
            {
              "batter": "JJ Roy",
              "bowler": "DR Briggs",
              "non_striker": "AJ Finch",
              "runs": {
                "batter": 1,
                "extras": 0,
                "total": 1
              }
            },
            {
              "batter": "AJ Finch",
              "bowler": "DR Briggs",
              "non_striker": "JJ Roy",
              "runs": {
                "batter": 2,
                "extras": 0,
                "total": 2
              }
            },
            {
              "batter": "AJ Finch",
              "bowler": "DR Briggs",
              "non_striker": "JJ Roy",
              "runs": {
                "batter": 1,
                "extras": 0,
                "total": 1
              }
            },
            {
              "batter": "JJ Roy",
              "bowler": "DR Briggs",
              "non_striker": "AJ Finch",
              "runs": {
                "batter": 0,
                "extras": 0,
                "total": 0
              }
            },
            {
              "batter": "JJ Roy",
              "bowler": "DR Briggs",
              "non_striker": "AJ Finch",
              "runs": {
                "batter": 1,
                "extras": 0,
                "total": 1
              }
            },
            {
              "batter": "AJ Finch",
              "bowler": "DR Briggs",
              "non_striker": "JJ Roy",
              "runs": {
                "batter": 6,
                "extras": 0,
                "total": 6
              }
            }
          ]
        },
        {
          "over": 11,
          "deliveries": [
            {
              "batter": "JJ Roy",
              "bowler": "WAT Beer",
              "non_striker": "AJ Finch",
              "runs": {
                "batter": 0,
                "extras": 0,
                "total": 0
              },
              "wickets": [
                {
                  "player_out": "JJ Roy",
                  "fielders": [
                    {
                      "name": "CJ Jordan"
                    }
                  ],
                  "kind": "caught"
                }
              ]
            },
            {
              "batter": "MC Henriques",
              "bowler": "WAT Beer",
              "non_striker": "AJ Finch",
              "runs": {
                "batter": 1,
                "extras": 0,
                "total": 1
              }
            },
            {
              "batter": "AJ Finch",
              "bowler": "WAT Beer",
              "non_striker": "MC Henriques",
              "runs": {
                "batter": 1,
                "extras": 0,
                "total": 1
              }
            },
            {
              "batter": "MC Henriques",
              "bowler": "WAT Beer",
              "non_striker": "AJ Finch",
              "runs": {
                "batter": 0,
                "extras": 0,
                "total": 0
              }
            },
            {
              "batter": "MC Henriques",
              "bowler": "WAT Beer",
              "non_striker": "AJ Finch",
              "runs": {
                "batter": 0,
                "extras": 0,
                "total": 0
              }
            },
            {
              "batter": "MC Henriques",
              "bowler": "WAT Beer",
              "non_striker": "AJ Finch",
              "runs": {
                "batter": 0,
                "extras": 0,
                "total": 0
              }
            }
          ]
        },
        {
          "over": 12,
          "deliveries": [
            {
              "batter": "AJ Finch",
              "bowler": "CJ Jordan",
              "non_striker": "MC Henriques",
              "runs": {
                "batter": 1,
                "extras": 0,
                "total": 1
              }
            },
            {
              "batter": "MC Henriques",
              "bowler": "CJ Jordan",
              "non_striker": "AJ Finch",
              "runs": {
                "batter": 0,
                "extras": 0,
                "total": 0
              }
            },
            {
              "batter": "MC Henriques",
              "bowler": "CJ Jordan",
              "non_striker": "AJ Finch",
              "runs": {
                "batter": 0,
                "extras": 0,
                "total": 0
              }
            },
            {
              "batter": "MC Henriques",
              "bowler": "CJ Jordan",
              "non_striker": "AJ Finch",
              "runs": {
                "batter": 0,
                "extras": 0,
                "total": 0
              }
            },
            {
              "batter": "MC Henriques",
              "bowler": "CJ Jordan",
              "non_striker": "AJ Finch",
              "runs": {
                "batter": 1,
                "extras": 0,
                "total": 1
              }
            },
            {
              "batter": "AJ Finch",
              "bowler": "CJ Jordan",
              "non_striker": "MC Henriques",
              "runs": {
                "batter": 1,
                "extras": 0,
                "total": 1
              }
            }
          ]
        },
        {
          "over": 13,
          "deliveries": [
            {
              "batter": "AJ Finch",
              "bowler": "WAT Beer",
              "non_striker": "MC Henriques",
              "runs": {
                "batter": 0,
                "extras": 0,
                "total": 0
              }
            },
            {
              "batter": "AJ Finch",
              "bowler": "WAT Beer",
              "non_striker": "MC Henriques",
              "runs": {
                "batter": 1,
                "extras": 0,
                "total": 1
              }
            },
            {
              "batter": "MC Henriques",
              "bowler": "WAT Beer",
              "non_striker": "AJ Finch",
              "runs": {
                "batter": 1,
                "extras": 0,
                "total": 1
              }
            },
            {
              "batter": "AJ Finch",
              "bowler": "WAT Beer",
              "extras": {
                "byes": 1
              },
              "non_striker": "MC Henriques",
              "runs": {
                "batter": 0,
                "extras": 1,
                "total": 1
              }
            },
            {
              "batter": "MC Henriques",
              "bowler": "WAT Beer",
              "non_striker": "AJ Finch",
              "runs": {
                "batter": 1,
                "extras": 0,
                "total": 1
              }
            },
            {
              "batter": "AJ Finch",
              "bowler": "WAT Beer",
              "non_striker": "MC Henriques",
              "runs": {
                "batter": 2,
                "extras": 0,
                "total": 2
              }
            }
          ]
        },
        {
          "over": 14,
          "deliveries": [
            {
              "batter": "MC Henriques",
              "bowler": "JC Archer",
              "non_striker": "AJ Finch",
              "runs": {
                "batter": 0,
                "extras": 0,
                "total": 0
              }
            },
            {
              "batter": "MC Henriques",
              "bowler": "JC Archer",
              "non_striker": "AJ Finch",
              "runs": {
                "batter": 2,
                "extras": 0,
                "total": 2
              }
            },
            {
              "batter": "MC Henriques",
              "bowler": "JC Archer",
              "non_striker": "AJ Finch",
              "runs": {
                "batter": 4,
                "extras": 0,
                "total": 4
              }
            },
            {
              "batter": "MC Henriques",
              "bowler": "JC Archer",
              "non_striker": "AJ Finch",
              "runs": {
                "batter": 1,
                "extras": 0,
                "total": 1
              }
            },
            {
              "batter": "AJ Finch",
              "bowler": "JC Archer",
              "non_striker": "MC Henriques",
              "runs": {
                "batter": 1,
                "extras": 0,
                "total": 1
              }
            },
            {
              "batter": "MC Henriques",
              "bowler": "JC Archer",
              "non_striker": "AJ Finch",
              "runs": {
                "batter": 1,
                "extras": 0,
                "total": 1
              }
            }
          ]
        },
        {
          "over": 15,
          "deliveries": [
            {
              "batter": "MC Henriques",
              "bowler": "D Wiese",
              "non_striker": "AJ Finch",
              "runs": {
                "batter": 1,
                "extras": 0,
                "total": 1
              }
            },
            {
              "batter": "AJ Finch",
              "bowler": "D Wiese",
              "extras": {
                "noballs": 2
              },
              "non_striker": "MC Henriques",
              "runs": {
                "batter": 4,
                "extras": 2,
                "total": 6
              }
            },
            {
              "batter": "AJ Finch",
              "bowler": "D Wiese",
              "non_striker": "MC Henriques",
              "runs": {
                "batter": 2,
                "extras": 0,
                "total": 2
              }
            },
            {
              "batter": "AJ Finch",
              "bowler": "D Wiese",
              "non_striker": "MC Henriques",
              "runs": {
                "batter": 1,
                "extras": 0,
                "total": 1
              }
            },
            {
              "batter": "MC Henriques",
              "bowler": "D Wiese",
              "non_striker": "AJ Finch",
              "runs": {
                "batter": 2,
                "extras": 0,
                "total": 2
              }
            },
            {
              "batter": "MC Henriques",
              "bowler": "D Wiese",
              "non_striker": "AJ Finch",
              "runs": {
                "batter": 0,
                "extras": 0,
                "total": 0
              },
              "wickets": [
                {
                  "player_out": "MC Henriques",
                  "fielders": [
                    {
                      "name": "GHS Garton",
                      "substitute": true
                    }
                  ],
                  "kind": "caught"
                }
              ]
            },
            {
              "batter": "AJ Finch",
              "bowler": "D Wiese",
              "non_striker": "OJ Pope",
              "runs": {
                "batter": 1,
                "extras": 0,
                "total": 1
              }
            }
          ]
        },
        {
          "over": 16,
          "deliveries": [
            {
              "batter": "AJ Finch",
              "bowler": "CJ Jordan",
              "non_striker": "OJ Pope",
              "runs": {
                "batter": 1,
                "extras": 0,
                "total": 1
              }
            },
            {
              "batter": "OJ Pope",
              "bowler": "CJ Jordan",
              "extras": {
                "legbyes": 1
              },
              "non_striker": "AJ Finch",
              "runs": {
                "batter": 0,
                "extras": 1,
                "total": 1
              }
            },
            {
              "batter": "AJ Finch",
              "bowler": "CJ Jordan",
              "non_striker": "OJ Pope",
              "runs": {
                "batter": 1,
                "extras": 0,
                "total": 1
              }
            },
            {
              "batter": "OJ Pope",
              "bowler": "CJ Jordan",
              "non_striker": "AJ Finch",
              "runs": {
                "batter": 1,
                "extras": 0,
                "total": 1
              }
            },
            {
              "batter": "AJ Finch",
              "bowler": "CJ Jordan",
              "non_striker": "OJ Pope",
              "runs": {
                "batter": 0,
                "extras": 0,
                "total": 0
              }
            },
            {
              "batter": "AJ Finch",
              "bowler": "CJ Jordan",
              "non_striker": "OJ Pope",
              "runs": {
                "batter": 1,
                "extras": 0,
                "total": 1
              }
            }
          ]
        },
        {
          "over": 17,
          "deliveries": [
            {
              "batter": "AJ Finch",
              "bowler": "D Wiese",
              "non_striker": "OJ Pope",
              "runs": {
                "batter": 2,
                "extras": 0,
                "total": 2
              }
            },
            {
              "batter": "AJ Finch",
              "bowler": "D Wiese",
              "non_striker": "OJ Pope",
              "runs": {
                "batter": 6,
                "extras": 0,
                "total": 6
              }
            },
            {
              "batter": "AJ Finch",
              "bowler": "D Wiese",
              "non_striker": "OJ Pope",
              "runs": {
                "batter": 6,
                "extras": 0,
                "total": 6
              }
            },
            {
              "batter": "AJ Finch",
              "bowler": "D Wiese",
              "non_striker": "OJ Pope",
              "runs": {
                "batter": 6,
                "extras": 0,
                "total": 6
              }
            },
            {
              "batter": "AJ Finch",
              "bowler": "D Wiese",
              "non_striker": "OJ Pope",
              "runs": {
                "batter": 6,
                "extras": 0,
                "total": 6
              }
            },
            {
              "batter": "AJ Finch",
              "bowler": "D Wiese",
              "non_striker": "OJ Pope",
              "runs": {
                "batter": 4,
                "extras": 0,
                "total": 4
              }
            }
          ]
        },
        {
          "over": 18,
          "deliveries": [
            {
              "batter": "OJ Pope",
              "bowler": "CJ Jordan",
              "non_striker": "AJ Finch",
              "runs": {
                "batter": 0,
                "extras": 0,
                "total": 0
              }
            },
            {
              "batter": "OJ Pope",
              "bowler": "CJ Jordan",
              "non_striker": "AJ Finch",
              "runs": {
                "batter": 1,
                "extras": 0,
                "total": 1
              }
            },
            {
              "batter": "AJ Finch",
              "bowler": "CJ Jordan",
              "non_striker": "OJ Pope",
              "runs": {
                "batter": 1,
                "extras": 0,
                "total": 1
              }
            },
            {
              "batter": "OJ Pope",
              "bowler": "CJ Jordan",
              "non_striker": "AJ Finch",
              "runs": {
                "batter": 1,
                "extras": 0,
                "total": 1
              }
            },
            {
              "batter": "AJ Finch",
              "bowler": "CJ Jordan",
              "non_striker": "OJ Pope",
              "runs": {
                "batter": 2,
                "extras": 0,
                "total": 2
              }
            },
            {
              "batter": "AJ Finch",
              "bowler": "CJ Jordan",
              "non_striker": "OJ Pope",
              "runs": {
                "batter": 1,
                "extras": 0,
                "total": 1
              }
            }
          ]
        },
        {
          "over": 19,
          "deliveries": [
            {
              "batter": "AJ Finch",
              "bowler": "JC Archer",
              "non_striker": "OJ Pope",
              "runs": {
                "batter": 4,
                "extras": 0,
                "total": 4
              }
            },
            {
              "batter": "AJ Finch",
              "bowler": "JC Archer",
              "non_striker": "OJ Pope",
              "runs": {
                "batter": 0,
                "extras": 0,
                "total": 0
              }
            },
            {
              "batter": "AJ Finch",
              "bowler": "JC Archer",
              "non_striker": "OJ Pope",
              "runs": {
                "batter": 2,
                "extras": 0,
                "total": 2
              }
            },
            {
              "batter": "AJ Finch",
              "bowler": "JC Archer",
              "non_striker": "OJ Pope",
              "runs": {
                "batter": 6,
                "extras": 0,
                "total": 6
              }
            },
            {
              "batter": "AJ Finch",
              "bowler": "JC Archer",
              "non_striker": "OJ Pope",
              "runs": {
                "batter": 1,
                "extras": 0,
                "total": 1
              }
            },
            {
              "batter": "OJ Pope",
              "bowler": "JC Archer",
              "non_striker": "AJ Finch",
              "runs": {
                "batter": 4,
                "extras": 0,
                "total": 4
              }
            }
          ]
        }
      ],
      "powerplays": [
        {
          "from": 0.1,
          "to": 5.6,
          "type": "mandatory"
        }
      ]
    },
    {
      "team": "Sussex",
      "overs": [
        {
          "over": 0,
          "deliveries": [
            {
              "batter": "CD Nash",
              "bowler": "JW Dernbach",
              "non_striker": "LJ Wright",
              "runs": {
                "batter": 1,
                "extras": 0,
                "total": 1
              }
            },
            {
              "batter": "LJ Wright",
              "bowler": "JW Dernbach",
              "non_striker": "CD Nash",
              "runs": {
                "batter": 0,
                "extras": 0,
                "total": 0
              }
            },
            {
              "batter": "LJ Wright",
              "bowler": "JW Dernbach",
              "non_striker": "CD Nash",
              "runs": {
                "batter": 0,
                "extras": 0,
                "total": 0
              }
            },
            {
              "batter": "LJ Wright",
              "bowler": "JW Dernbach",
              "non_striker": "CD Nash",
              "runs": {
                "batter": 6,
                "extras": 0,
                "total": 6
              }
            },
            {
              "batter": "LJ Wright",
              "bowler": "JW Dernbach",
              "extras": {
                "legbyes": 1
              },
              "non_striker": "CD Nash",
              "runs": {
                "batter": 0,
                "extras": 1,
                "total": 1
              }
            },
            {
              "batter": "CD Nash",
              "bowler": "JW Dernbach",
              "extras": {
                "legbyes": 1
              },
              "non_striker": "LJ Wright",
              "runs": {
                "batter": 0,
                "extras": 1,
                "total": 1
              }
            }
          ]
        },
        {
          "over": 1,
          "deliveries": [
            {
              "batter": "CD Nash",
              "bowler": "SM Curran",
              "extras": {
                "wides": 4
              },
              "non_striker": "LJ Wright",
              "runs": {
                "batter": 0,
                "extras": 4,
                "total": 4
              }
            },
            {
              "batter": "LJ Wright",
              "bowler": "SM Curran",
              "non_striker": "CD Nash",
              "runs": {
                "batter": 0,
                "extras": 0,
                "total": 0
              }
            },
            {
              "batter": "LJ Wright",
              "bowler": "SM Curran",
              "non_striker": "CD Nash",
              "runs": {
                "batter": 0,
                "extras": 0,
                "total": 0
              },
              "wickets": [
                {
                  "player_out": "LJ Wright",
                  "kind": "bowled"
                }
              ]
            },
            {
              "batter": "S van Zyl",
              "bowler": "SM Curran",
              "non_striker": "CD Nash",
              "runs": {
                "batter": 2,
                "extras": 0,
                "total": 2
              }
            },
            {
              "batter": "S van Zyl",
              "bowler": "SM Curran",
              "extras": {
                "wides": 1
              },
              "non_striker": "CD Nash",
              "runs": {
                "batter": 0,
                "extras": 1,
                "total": 1
              }
            },
            {
              "batter": "S van Zyl",
              "bowler": "SM Curran",
              "non_striker": "CD Nash",
              "runs": {
                "batter": 1,
                "extras": 0,
                "total": 1
              }
            },
            {
              "batter": "CD Nash",
              "bowler": "SM Curran",
              "non_striker": "S van Zyl",
              "runs": {
                "batter": 0,
                "extras": 0,
                "total": 0
              }
            },
            {
              "batter": "CD Nash",
              "bowler": "SM Curran",
              "non_striker": "S van Zyl",
              "runs": {
                "batter": 0,
                "extras": 0,
                "total": 0
              }
            }
          ]
        },
        {
          "over": 2,
          "deliveries": [
            {
              "batter": "S van Zyl",
              "bowler": "JW Dernbach",
              "non_striker": "CD Nash",
              "runs": {
                "batter": 0,
                "extras": 0,
                "total": 0
              }
            },
            {
              "batter": "S van Zyl",
              "bowler": "JW Dernbach",
              "non_striker": "CD Nash",
              "runs": {
                "batter": 1,
                "extras": 0,
                "total": 1
              }
            },
            {
              "batter": "CD Nash",
              "bowler": "JW Dernbach",
              "non_striker": "S van Zyl",
              "runs": {
                "batter": 1,
                "extras": 0,
                "total": 1
              }
            },
            {
              "batter": "S van Zyl",
              "bowler": "JW Dernbach",
              "non_striker": "CD Nash",
              "runs": {
                "batter": 4,
                "extras": 0,
                "total": 4
              }
            },
            {
              "batter": "S van Zyl",
              "bowler": "JW Dernbach",
              "non_striker": "CD Nash",
              "runs": {
                "batter": 4,
                "extras": 0,
                "total": 4
              }
            },
            {
              "batter": "S van Zyl",
              "bowler": "JW Dernbach",
              "non_striker": "CD Nash",
              "runs": {
                "batter": 0,
                "extras": 0,
                "total": 0
              }
            }
          ]
        },
        {
          "over": 3,
          "deliveries": [
            {
              "batter": "CD Nash",
              "bowler": "SM Curran",
              "non_striker": "S van Zyl",
              "runs": {
                "batter": 0,
                "extras": 0,
                "total": 0
              }
            },
            {
              "batter": "CD Nash",
              "bowler": "SM Curran",
              "non_striker": "S van Zyl",
              "runs": {
                "batter": 0,
                "extras": 0,
                "total": 0
              }
            },
            {
              "batter": "CD Nash",
              "bowler": "SM Curran",
              "non_striker": "S van Zyl",
              "runs": {
                "batter": 4,
                "extras": 0,
                "total": 4
              }
            },
            {
              "batter": "CD Nash",
              "bowler": "SM Curran",
              "non_striker": "S van Zyl",
              "runs": {
                "batter": 0,
                "extras": 0,
                "total": 0
              }
            },
            {
              "batter": "CD Nash",
              "bowler": "SM Curran",
              "non_striker": "S van Zyl",
              "runs": {
                "batter": 1,
                "extras": 0,
                "total": 1
              }
            },
            {
              "batter": "S van Zyl",
              "bowler": "SM Curran",
              "extras": {
                "wides": 1
              },
              "non_striker": "CD Nash",
              "runs": {
                "batter": 0,
                "extras": 1,
                "total": 1
              }
            },
            {
              "batter": "S van Zyl",
              "bowler": "SM Curran",
              "non_striker": "CD Nash",
              "runs": {
                "batter": 1,
                "extras": 0,
                "total": 1
              }
            }
          ]
        },
        {
          "over": 4,
          "deliveries": [
            {
              "batter": "S van Zyl",
              "bowler": "R Clarke",
              "non_striker": "CD Nash",
              "runs": {
                "batter": 4,
                "extras": 0,
                "total": 4
              }
            },
            {
              "batter": "S van Zyl",
              "bowler": "R Clarke",
              "non_striker": "CD Nash",
              "runs": {
                "batter": 0,
                "extras": 0,
                "total": 0
              }
            },
            {
              "batter": "S van Zyl",
              "bowler": "R Clarke",
              "non_striker": "CD Nash",
              "runs": {
                "batter": 0,
                "extras": 0,
                "total": 0
              }
            },
            {
              "batter": "S van Zyl",
              "bowler": "R Clarke",
              "non_striker": "CD Nash",
              "runs": {
                "batter": 0,
                "extras": 0,
                "total": 0
              }
            },
            {
              "batter": "S van Zyl",
              "bowler": "R Clarke",
              "non_striker": "CD Nash",
              "runs": {
                "batter": 4,
                "extras": 0,
                "total": 4
              }
            },
            {
              "batter": "S van Zyl",
              "bowler": "R Clarke",
              "non_striker": "CD Nash",
              "runs": {
                "batter": 0,
                "extras": 0,
                "total": 0
              }
            }
          ]
        },
        {
          "over": 5,
          "deliveries": [
            {
              "batter": "CD Nash",
              "bowler": "TK Curran",
              "non_striker": "S van Zyl",
              "runs": {
                "batter": 0,
                "extras": 0,
                "total": 0
              }
            },
            {
              "batter": "CD Nash",
              "bowler": "TK Curran",
              "non_striker": "S van Zyl",
              "runs": {
                "batter": 0,
                "extras": 0,
                "total": 0
              }
            },
            {
              "batter": "CD Nash",
              "bowler": "TK Curran",
              "non_striker": "S van Zyl",
              "runs": {
                "batter": 1,
                "extras": 0,
                "total": 1
              }
            },
            {
              "batter": "S van Zyl",
              "bowler": "TK Curran",
              "non_striker": "CD Nash",
              "runs": {
                "batter": 1,
                "extras": 0,
                "total": 1
              }
            },
            {
              "batter": "CD Nash",
              "bowler": "TK Curran",
              "non_striker": "S van Zyl",
              "runs": {
                "batter": 4,
                "extras": 0,
                "total": 4
              }
            },
            {
              "batter": "CD Nash",
              "bowler": "TK Curran",
              "non_striker": "S van Zyl",
              "runs": {
                "batter": 4,
                "extras": 0,
                "total": 4
              }
            }
          ]
        },
        {
          "over": 6,
          "deliveries": [
            {
              "batter": "S van Zyl",
              "bowler": "SG Borthwick",
              "non_striker": "CD Nash",
              "runs": {
                "batter": 2,
                "extras": 0,
                "total": 2
              }
            },
            {
              "batter": "S van Zyl",
              "bowler": "SG Borthwick",
              "non_striker": "CD Nash",
              "runs": {
                "batter": 0,
                "extras": 0,
                "total": 0
              }
            },
            {
              "batter": "S van Zyl",
              "bowler": "SG Borthwick",
              "non_striker": "CD Nash",
              "runs": {
                "batter": 4,
                "extras": 0,
                "total": 4
              }
            },
            {
              "batter": "S van Zyl",
              "bowler": "SG Borthwick",
              "extras": {
                "legbyes": 1
              },
              "non_striker": "CD Nash",
              "runs": {
                "batter": 0,
                "extras": 1,
                "total": 1
              }
            },
            {
              "batter": "CD Nash",
              "bowler": "SG Borthwick",
              "non_striker": "S van Zyl",
              "runs": {
                "batter": 1,
                "extras": 0,
                "total": 1
              }
            },
            {
              "batter": "S van Zyl",
              "bowler": "SG Borthwick",
              "non_striker": "CD Nash",
              "runs": {
                "batter": 1,
                "extras": 0,
                "total": 1
              }
            }
          ]
        },
        {
          "over": 7,
          "deliveries": [
            {
              "batter": "S van Zyl",
              "bowler": "GJ Batty",
              "non_striker": "CD Nash",
              "runs": {
                "batter": 0,
                "extras": 0,
                "total": 0
              },
              "wickets": [
                {
                  "player_out": "S van Zyl",
                  "fielders": [
                    {
                      "name": "MD Stoneman"
                    }
                  ],
                  "kind": "caught"
                }
              ]
            },
            {
              "batter": "CD Nash",
              "bowler": "GJ Batty",
              "non_striker": "LRPL Taylor",
              "runs": {
                "batter": 1,
                "extras": 0,
                "total": 1
              }
            },
            {
              "batter": "LRPL Taylor",
              "bowler": "GJ Batty",
              "non_striker": "CD Nash",
              "runs": {
                "batter": 1,
                "extras": 0,
                "total": 1
              }
            },
            {
              "batter": "CD Nash",
              "bowler": "GJ Batty",
              "non_striker": "LRPL Taylor",
              "runs": {
                "batter": 2,
                "extras": 0,
                "total": 2
              }
            },
            {
              "batter": "CD Nash",
              "bowler": "GJ Batty",
              "non_striker": "LRPL Taylor",
              "runs": {
                "batter": 4,
                "extras": 0,
                "total": 4
              }
            },
            {
              "batter": "CD Nash",
              "bowler": "GJ Batty",
              "non_striker": "LRPL Taylor",
              "runs": {
                "batter": 1,
                "extras": 0,
                "total": 1
              }
            }
          ]
        },
        {
          "over": 8,
          "deliveries": [
            {
              "batter": "CD Nash",
              "bowler": "SG Borthwick",
              "non_striker": "LRPL Taylor",
              "runs": {
                "batter": 1,
                "extras": 0,
                "total": 1
              }
            },
            {
              "batter": "LRPL Taylor",
              "bowler": "SG Borthwick",
              "non_striker": "CD Nash",
              "runs": {
                "batter": 1,
                "extras": 0,
                "total": 1
              }
            },
            {
              "batter": "CD Nash",
              "bowler": "SG Borthwick",
              "non_striker": "LRPL Taylor",
              "runs": {
                "batter": 2,
                "extras": 0,
                "total": 2
              }
            },
            {
              "batter": "CD Nash",
              "bowler": "SG Borthwick",
              "non_striker": "LRPL Taylor",
              "runs": {
                "batter": 6,
                "extras": 0,
                "total": 6
              }
            },
            {
              "batter": "CD Nash",
              "bowler": "SG Borthwick",
              "non_striker": "LRPL Taylor",
              "runs": {
                "batter": 4,
                "extras": 0,
                "total": 4
              }
            },
            {
              "batter": "CD Nash",
              "bowler": "SG Borthwick",
              "non_striker": "LRPL Taylor",
              "runs": {
                "batter": 0,
                "extras": 0,
                "total": 0
              }
            }
          ]
        },
        {
          "over": 9,
          "deliveries": [
            {
              "batter": "LRPL Taylor",
              "bowler": "GJ Batty",
              "non_striker": "CD Nash",
              "runs": {
                "batter": 2,
                "extras": 0,
                "total": 2
              }
            },
            {
              "batter": "LRPL Taylor",
              "bowler": "GJ Batty",
              "non_striker": "CD Nash",
              "runs": {
                "batter": 0,
                "extras": 0,
                "total": 0
              }
            },
            {
              "batter": "LRPL Taylor",
              "bowler": "GJ Batty",
              "non_striker": "CD Nash",
              "runs": {
                "batter": 4,
                "extras": 0,
                "total": 4
              }
            },
            {
              "batter": "LRPL Taylor",
              "bowler": "GJ Batty",
              "non_striker": "CD Nash",
              "runs": {
                "batter": 1,
                "extras": 0,
                "total": 1
              }
            },
            {
              "batter": "CD Nash",
              "bowler": "GJ Batty",
              "non_striker": "LRPL Taylor",
              "runs": {
                "batter": 1,
                "extras": 0,
                "total": 1
              }
            },
            {
              "batter": "LRPL Taylor",
              "bowler": "GJ Batty",
              "non_striker": "CD Nash",
              "runs": {
                "batter": 0,
                "extras": 0,
                "total": 0
              }
            }
          ]
        },
        {
          "over": 10,
          "deliveries": [
            {
              "batter": "CD Nash",
              "bowler": "R Clarke",
              "non_striker": "LRPL Taylor",
              "runs": {
                "batter": 6,
                "extras": 0,
                "total": 6
              }
            },
            {
              "batter": "CD Nash",
              "bowler": "R Clarke",
              "non_striker": "LRPL Taylor",
              "runs": {
                "batter": 2,
                "extras": 0,
                "total": 2
              }
            },
            {
              "batter": "CD Nash",
              "bowler": "R Clarke",
              "non_striker": "LRPL Taylor",
              "runs": {
                "batter": 1,
                "extras": 0,
                "total": 1
              }
            },
            {
              "batter": "LRPL Taylor",
              "bowler": "R Clarke",
              "non_striker": "CD Nash",
              "runs": {
                "batter": 1,
                "extras": 0,
                "total": 1
              }
            },
            {
              "batter": "CD Nash",
              "bowler": "R Clarke",
              "non_striker": "LRPL Taylor",
              "runs": {
                "batter": 1,
                "extras": 0,
                "total": 1
              }
            },
            {
              "batter": "LRPL Taylor",
              "bowler": "R Clarke",
              "non_striker": "CD Nash",
              "runs": {
                "batter": 1,
                "extras": 0,
                "total": 1
              }
            }
          ]
        },
        {
          "over": 11,
          "deliveries": [
            {
              "batter": "LRPL Taylor",
              "bowler": "GJ Batty",
              "non_striker": "CD Nash",
              "runs": {
                "batter": 0,
                "extras": 0,
                "total": 0
              },
              "wickets": [
                {
                  "player_out": "LRPL Taylor",
                  "fielders": [
                    {
                      "name": "MC Henriques"
                    }
                  ],
                  "kind": "caught"
                }
              ]
            },
            {
              "batter": "CD Nash",
              "bowler": "GJ Batty",
              "non_striker": "LJ Evans",
              "runs": {
                "batter": 1,
                "extras": 0,
                "total": 1
              }
            },
            {
              "batter": "LJ Evans",
              "bowler": "GJ Batty",
              "non_striker": "CD Nash",
              "runs": {
                "batter": 0,
                "extras": 0,
                "total": 0
              }
            },
            {
              "batter": "LJ Evans",
              "bowler": "GJ Batty",
              "non_striker": "CD Nash",
              "runs": {
                "batter": 1,
                "extras": 0,
                "total": 1
              }
            },
            {
              "batter": "CD Nash",
              "bowler": "GJ Batty",
              "non_striker": "LJ Evans",
              "runs": {
                "batter": 1,
                "extras": 0,
                "total": 1
              }
            },
            {
              "batter": "LJ Evans",
              "bowler": "GJ Batty",
              "non_striker": "CD Nash",
              "runs": {
                "batter": 1,
                "extras": 0,
                "total": 1
              }
            }
          ]
        },
        {
          "over": 12,
          "deliveries": [
            {
              "batter": "LJ Evans",
              "bowler": "TK Curran",
              "non_striker": "CD Nash",
              "runs": {
                "batter": 1,
                "extras": 0,
                "total": 1
              }
            },
            {
              "batter": "CD Nash",
              "bowler": "TK Curran",
              "non_striker": "LJ Evans",
              "runs": {
                "batter": 1,
                "extras": 0,
                "total": 1
              }
            },
            {
              "batter": "LJ Evans",
              "bowler": "TK Curran",
              "non_striker": "CD Nash",
              "runs": {
                "batter": 0,
                "extras": 0,
                "total": 0
              }
            },
            {
              "batter": "LJ Evans",
              "bowler": "TK Curran",
              "non_striker": "CD Nash",
              "runs": {
                "batter": 1,
                "extras": 0,
                "total": 1
              }
            },
            {
              "batter": "CD Nash",
              "bowler": "TK Curran",
              "non_striker": "LJ Evans",
              "runs": {
                "batter": 0,
                "extras": 0,
                "total": 0
              }
            },
            {
              "batter": "CD Nash",
              "bowler": "TK Curran",
              "extras": {
                "wides": 1
              },
              "non_striker": "LJ Evans",
              "runs": {
                "batter": 0,
                "extras": 1,
                "total": 1
              }
            },
            {
              "batter": "CD Nash",
              "bowler": "TK Curran",
              "non_striker": "LJ Evans",
              "runs": {
                "batter": 0,
                "extras": 0,
                "total": 0
              }
            }
          ]
        },
        {
          "over": 13,
          "deliveries": [
            {
              "batter": "LJ Evans",
              "bowler": "GJ Batty",
              "non_striker": "CD Nash",
              "runs": {
                "batter": 1,
                "extras": 0,
                "total": 1
              }
            },
            {
              "batter": "CD Nash",
              "bowler": "GJ Batty",
              "non_striker": "LJ Evans",
              "runs": {
                "batter": 1,
                "extras": 0,
                "total": 1
              }
            },
            {
              "batter": "LJ Evans",
              "bowler": "GJ Batty",
              "non_striker": "CD Nash",
              "runs": {
                "batter": 1,
                "extras": 0,
                "total": 1
              }
            },
            {
              "batter": "CD Nash",
              "bowler": "GJ Batty",
              "non_striker": "LJ Evans",
              "runs": {
                "batter": 0,
                "extras": 0,
                "total": 0
              }
            },
            {
              "batter": "CD Nash",
              "bowler": "GJ Batty",
              "non_striker": "LJ Evans",
              "runs": {
                "batter": 0,
                "extras": 0,
                "total": 0
              },
              "wickets": [
                {
                  "player_out": "CD Nash",
                  "fielders": [
                    {
                      "name": "SG Borthwick"
                    }
                  ],
                  "kind": "caught"
                }
              ]
            },
            {
              "batter": "LJ Evans",
              "bowler": "GJ Batty",
              "non_striker": "D Wiese",
              "runs": {
                "batter": 0,
                "extras": 0,
                "total": 0
              },
              "wickets": [
                {
                  "player_out": "LJ Evans",
                  "fielders": [
                    {
                      "name": "R Clarke"
                    }
                  ],
                  "kind": "caught"
                }
              ]
            }
          ]
        },
        {
          "over": 14,
          "deliveries": [
            {
              "batter": "D Wiese",
              "bowler": "R Clarke",
              "non_striker": "BC Brown",
              "runs": {
                "batter": 1,
                "extras": 0,
                "total": 1
              }
            },
            {
              "batter": "BC Brown",
              "bowler": "R Clarke",
              "non_striker": "D Wiese",
              "runs": {
                "batter": 1,
                "extras": 0,
                "total": 1
              }
            },
            {
              "batter": "D Wiese",
              "bowler": "R Clarke",
              "non_striker": "BC Brown",
              "runs": {
                "batter": 1,
                "extras": 0,
                "total": 1
              }
            },
            {
              "batter": "BC Brown",
              "bowler": "R Clarke",
              "non_striker": "D Wiese",
              "runs": {
                "batter": 1,
                "extras": 0,
                "total": 1
              }
            },
            {
              "batter": "D Wiese",
              "bowler": "R Clarke",
              "non_striker": "BC Brown",
              "runs": {
                "batter": 4,
                "extras": 0,
                "total": 4
              }
            },
            {
              "batter": "D Wiese",
              "bowler": "R Clarke",
              "non_striker": "BC Brown",
              "runs": {
                "batter": 1,
                "extras": 0,
                "total": 1
              }
            }
          ]
        },
        {
          "over": 15,
          "deliveries": [
            {
              "batter": "D Wiese",
              "bowler": "SM Curran",
              "non_striker": "BC Brown",
              "runs": {
                "batter": 2,
                "extras": 0,
                "total": 2
              }
            },
            {
              "batter": "D Wiese",
              "bowler": "SM Curran",
              "non_striker": "BC Brown",
              "runs": {
                "batter": 4,
                "extras": 0,
                "total": 4
              }
            },
            {
              "batter": "D Wiese",
              "bowler": "SM Curran",
              "non_striker": "BC Brown",
              "runs": {
                "batter": 0,
                "extras": 0,
                "total": 0
              }
            },
            {
              "batter": "D Wiese",
              "bowler": "SM Curran",
              "extras": {
                "legbyes": 1
              },
              "non_striker": "BC Brown",
              "runs": {
                "batter": 0,
                "extras": 1,
                "total": 1
              }
            },
            {
              "batter": "BC Brown",
              "bowler": "SM Curran",
              "extras": {
                "legbyes": 1
              },
              "non_striker": "D Wiese",
              "runs": {
                "batter": 0,
                "extras": 1,
                "total": 1
              }
            },
            {
              "batter": "D Wiese",
              "bowler": "SM Curran",
              "non_striker": "BC Brown",
              "runs": {
                "batter": 2,
                "extras": 0,
                "total": 2
              }
            }
          ]
        },
        {
          "over": 16,
          "deliveries": [
            {
              "batter": "BC Brown",
              "bowler": "JW Dernbach",
              "non_striker": "D Wiese",
              "runs": {
                "batter": 1,
                "extras": 0,
                "total": 1
              }
            },
            {
              "batter": "D Wiese",
              "bowler": "JW Dernbach",
              "non_striker": "BC Brown",
              "runs": {
                "batter": 0,
                "extras": 0,
                "total": 0
              },
              "wickets": [
                {
                  "player_out": "D Wiese",
                  "fielders": [
                    {
                      "name": "JJ Roy"
                    }
                  ],
                  "kind": "caught"
                }
              ]
            },
            {
              "batter": "BC Brown",
              "bowler": "JW Dernbach",
              "non_striker": "CJ Jordan",
              "runs": {
                "batter": 2,
                "extras": 0,
                "total": 2
              }
            },
            {
              "batter": "BC Brown",
              "bowler": "JW Dernbach",
              "non_striker": "CJ Jordan",
              "runs": {
                "batter": 0,
                "extras": 0,
                "total": 0
              }
            },
            {
              "batter": "BC Brown",
              "bowler": "JW Dernbach",
              "non_striker": "CJ Jordan",
              "runs": {
                "batter": 0,
                "extras": 0,
                "total": 0
              }
            },
            {
              "batter": "BC Brown",
              "bowler": "JW Dernbach",
              "non_striker": "CJ Jordan",
              "runs": {
                "batter": 0,
                "extras": 0,
                "total": 0
              },
              "wickets": [
                {
                  "player_out": "BC Brown",
                  "fielders": [
                    {
                      "name": "SG Borthwick"
                    }
                  ],
                  "kind": "caught"
                }
              ]
            }
          ]
        },
        {
          "over": 17,
          "deliveries": [
            {
              "batter": "JC Archer",
              "bowler": "TK Curran",
              "non_striker": "CJ Jordan",
              "runs": {
                "batter": 1,
                "extras": 0,
                "total": 1
              }
            },
            {
              "batter": "CJ Jordan",
              "bowler": "TK Curran",
              "extras": {
                "wides": 1
              },
              "non_striker": "JC Archer",
              "runs": {
                "batter": 0,
                "extras": 1,
                "total": 1
              }
            },
            {
              "batter": "CJ Jordan",
              "bowler": "TK Curran",
              "non_striker": "JC Archer",
              "runs": {
                "batter": 1,
                "extras": 0,
                "total": 1
              }
            },
            {
              "batter": "JC Archer",
              "bowler": "TK Curran",
              "non_striker": "CJ Jordan",
              "runs": {
                "batter": 2,
                "extras": 0,
                "total": 2
              }
            },
            {
              "batter": "JC Archer",
              "bowler": "TK Curran",
              "non_striker": "CJ Jordan",
              "runs": {
                "batter": 1,
                "extras": 0,
                "total": 1
              }
            },
            {
              "batter": "CJ Jordan",
              "bowler": "TK Curran",
              "non_striker": "JC Archer",
              "runs": {
                "batter": 1,
                "extras": 0,
                "total": 1
              }
            },
            {
              "batter": "JC Archer",
              "bowler": "TK Curran",
              "non_striker": "CJ Jordan",
              "runs": {
                "batter": 1,
                "extras": 0,
                "total": 1
              }
            }
          ]
        },
        {
          "over": 18,
          "deliveries": [
            {
              "batter": "JC Archer",
              "bowler": "JW Dernbach",
              "non_striker": "CJ Jordan",
              "runs": {
                "batter": 4,
                "extras": 0,
                "total": 4
              }
            },
            {
              "batter": "JC Archer",
              "bowler": "JW Dernbach",
              "extras": {
                "wides": 1
              },
              "non_striker": "CJ Jordan",
              "runs": {
                "batter": 0,
                "extras": 1,
                "total": 1
              }
            },
            {
              "batter": "JC Archer",
              "bowler": "JW Dernbach",
              "extras": {
                "wides": 1
              },
              "non_striker": "CJ Jordan",
              "runs": {
                "batter": 0,
                "extras": 1,
                "total": 1
              }
            },
            {
              "batter": "JC Archer",
              "bowler": "JW Dernbach",
              "non_striker": "CJ Jordan",
              "runs": {
                "batter": 0,
                "extras": 0,
                "total": 0
              }
            },
            {
              "batter": "JC Archer",
              "bowler": "JW Dernbach",
              "extras": {
                "wides": 1
              },
              "non_striker": "CJ Jordan",
              "runs": {
                "batter": 0,
                "extras": 1,
                "total": 1
              }
            },
            {
              "batter": "JC Archer",
              "bowler": "JW Dernbach",
              "non_striker": "CJ Jordan",
              "runs": {
                "batter": 1,
                "extras": 0,
                "total": 1
              }
            },
            {
              "batter": "CJ Jordan",
              "bowler": "JW Dernbach",
              "extras": {
                "wides": 1
              },
              "non_striker": "JC Archer",
              "runs": {
                "batter": 0,
                "extras": 1,
                "total": 1
              }
            },
            {
              "batter": "CJ Jordan",
              "bowler": "JW Dernbach",
              "non_striker": "JC Archer",
              "runs": {
                "batter": 2,
                "extras": 0,
                "total": 2
              }
            },
            {
              "batter": "CJ Jordan",
              "bowler": "JW Dernbach",
              "non_striker": "JC Archer",
              "runs": {
                "batter": 1,
                "extras": 0,
                "total": 1
              }
            },
            {
              "batter": "JC Archer",
              "bowler": "JW Dernbach",
              "non_striker": "CJ Jordan",
              "runs": {
                "batter": 0,
                "extras": 0,
                "total": 0
              }
            }
          ]
        },
        {
          "over": 19,
          "deliveries": [
            {
              "batter": "CJ Jordan",
              "bowler": "TK Curran",
              "non_striker": "JC Archer",
              "runs": {
                "batter": 4,
                "extras": 0,
                "total": 4
              }
            },
            {
              "batter": "CJ Jordan",
              "bowler": "TK Curran",
              "non_striker": "JC Archer",
              "runs": {
                "batter": 4,
                "extras": 0,
                "total": 4
              }
            },
            {
              "batter": "CJ Jordan",
              "bowler": "TK Curran",
              "non_striker": "JC Archer",
              "runs": {
                "batter": 2,
                "extras": 0,
                "total": 2
              }
            },
            {
              "batter": "CJ Jordan",
              "bowler": "TK Curran",
              "non_striker": "JC Archer",
              "runs": {
                "batter": 6,
                "extras": 0,
                "total": 6
              }
            },
            {
              "batter": "CJ Jordan",
              "bowler": "TK Curran",
              "non_striker": "JC Archer",
              "runs": {
                "batter": 2,
                "extras": 0,
                "total": 2
              }
            },
            {
              "batter": "CJ Jordan",
              "bowler": "TK Curran",
              "non_striker": "JC Archer",
              "runs": {
                "batter": 1,
                "extras": 0,
                "total": 1
              }
            }
          ]
        }
      ],
      "powerplays": [
        {
          "from": 0.1,
          "to": 5.6,
          "type": "mandatory"
        }
      ],
      "target": {
        "overs": 20,
        "runs": 194
      }
    }
  ]
}