{
  "meta": {
    "data_version": "1.0.0",
    "created": "2020-08-20",
    "revision": 2
  },
  "info": {
    "balls_per_over": 6,
    "city": "Trinidad",
    "dates": [
      "2017-09-06"
    ],
    "event": {
      "name": "Caribbean Premier League",
      "stage": "Eliminator"
    },
    "gender": "male",
    "match_type": "T20",
    "officials": {
      "match_referees": [
        "D Govindjee"
      ],
      "reserve_umpires": [
        "K Kowlessar"
      ],
      "tv_umpires": [
        "L Rusere"
      ],
      "umpires": [
        "JD Cloete",
        "GO Brathwaite"
      ]
    },
    "outcome": {
      "winner": "Guyana Amazon Warriors",
      "by": {
        "wickets": 5
      }
    },
    "overs": 20,
    "player_of_match": [
      "L Ronchi"
    ],
    "players": {
      "Jamaica Tallawahs": [
        "LMP Simmons",
        "K Lewis",
        "TA Griffith",
        "Mahmudullah",
        "KC Sangakkara",
        "AM McCarthy",
        "JA Foo",
        "R Powell",
        "K Santokie",
        "KOK Williams",
        "Mohammad Sami"
      ],
      "Guyana Amazon Warriors": [
        "CAK Walton",
        "Sohail Tanvir",
        "L Ronchi",
        "JN Mohammed",
        "G Singh",
        "AB Fudadin",
        "RS Primus",
        "RR Emrit",
        "SA Jacobs",
        "V Permaul",
        "Rashid Khan"
      ]
    },
    "registry": {
      "people": {
        "AB Fudadin": "875909c0",
        "AM McCarthy": "7f148ce7",
        "CAK Walton": "bbff906c",
        "D Govindjee": "8b4c4069",
        "G Singh": "e93b6c95",
        "GO Brathwaite": "1ace56d4",
        "JA Foo": "7cfb697c",
        "JD Cloete": "b0419f8c",
        "JN Mohammed": "773cec26",
        "K Kowlessar": "1f1345e7",
        "K Lewis": "b0081e62",
        "K Santokie": "531f0278",
        "KC Sangakkara": "6b71e6cf",
        "KOK Williams": "78cb83f3",
        "L Ronchi": "0fa5042b",
        "L Rusere": "6a4734ae",
        "LMP Simmons": "89f64c19",
        "Mahmudullah": "bf1d7d3e",
        "Mohammad Sami": "68ddabdb",
        "R Powell": "650d5e49",
        "RR Emrit": "e7de4f6b",
        "RS Primus": "6f4c73ce",
        "Rashid Khan": "5f547c8b",
        "SA Jacobs": "f8cdc4d7",
        "Sohail Tanvir": "64d43928",
        "TA Griffith": "9d6e1d80",
        "V Permaul": "78dfe704"
      }
    },
    "season": "2017",
    "team_type": "club",
    "teams": [
      "Jamaica Tallawahs",
      "Guyana Amazon Warriors"
    ],
    "toss": {
      "decision": "field",
      "winner": "Guyana Amazon Warriors"
    },
    "venue": "Brian Lara Stadium, Tarouba"
  },
  "innings": [
    {
      "team": "Jamaica Tallawahs",
      "overs": [
        {
          "over": 0,
          "deliveries": [
            {
              "batter": "LMP Simmons",
              "bowler": "Sohail Tanvir",
              "non_striker": "K Lewis",
              "runs": {
                "batter": 0,
                "extras": 0,
                "total": 0
              }
            },
            {
              "batter": "LMP Simmons",
              "bowler": "Sohail Tanvir",
              "non_striker": "K Lewis",
              "runs": {
                "batter": 4,
                "extras": 0,
                "total": 4
              }
            },
            {
              "batter": "LMP Simmons",
              "bowler": "Sohail Tanvir",
              "non_striker": "K Lewis",
              "runs": {
                "batter": 0,
                "extras": 0,
                "total": 0
              }
            },
            {
              "batter": "LMP Simmons",
              "bowler": "Sohail Tanvir",
              "non_striker": "K Lewis",
              "runs": {
                "batter": 0,
                "extras": 0,
                "total": 0
              }
            },
            {
              "batter": "LMP Simmons",
              "bowler": "Sohail Tanvir",
              "non_striker": "K Lewis",
              "runs": {
                "batter": 0,
                "extras": 0,
                "total": 0
              }
            },
            {
              "batter": "LMP Simmons",
              "bowler": "Sohail Tanvir",
              "non_striker": "K Lewis",
              "runs": {
                "batter": 1,
                "extras": 0,
                "total": 1
              }
            }
          ]
        },
        {
          "over": 1,
          "deliveries": [
            {
              "batter": "LMP Simmons",
              "bowler": "V Permaul",
              "non_striker": "K Lewis",
              "runs": {
                "batter": 4,
                "extras": 0,
                "total": 4
              }
            },
            {
              "batter": "LMP Simmons",
              "bowler": "V Permaul",
              "extras": {
                "legbyes": 1
              },
              "non_striker": "K Lewis",
              "runs": {
                "batter": 0,
                "extras": 1,
                "total": 1
              }
            },
            {
              "batter": "K Lewis",
              "bowler": "V Permaul",
              "non_striker": "LMP Simmons",
              "runs": {
                "batter": 1,
                "extras": 0,
                "total": 1
              }
            },
            {
              "batter": "LMP Simmons",
              "bowler": "V Permaul",
              "non_striker": "K Lewis",
              "runs": {
                "batter": 0,
                "extras": 0,
                "total": 0
              }
            },
            {
              "batter": "LMP Simmons",
              "bowler": "V Permaul",
              "non_striker": "K Lewis",
              "runs": {
                "batter": 0,
                "extras": 0,
                "total": 0
              }
            },
            {
              "batter": "LMP Simmons",
              "bowler": "V Permaul",
              "non_striker": "K Lewis",
              "runs": {
                "batter": 1,
                "extras": 0,
                "total": 1
              }
            }
          ]
        },
        {
          "over": 2,
          "deliveries": [
            {
              "batter": "LMP Simmons",
              "bowler": "Sohail Tanvir",
              "non_striker": "K Lewis",
              "runs": {
                "batter": 4,
                "extras": 0,
                "total": 4
              }
            },
            {
              "batter": "LMP Simmons",
              "bowler": "Sohail Tanvir",
              "non_striker": "K Lewis",
              "runs": {
                "batter": 0,
                "extras": 0,
                "total": 0
              }
            },
            {
              "batter": "LMP Simmons",
              "bowler": "Sohail Tanvir",
              "non_striker": "K Lewis",
              "runs": {
                "batter": 3,
                "extras": 0,
                "total": 3
              }
            },
            {
              "batter": "K Lewis",
              "bowler": "Sohail Tanvir",
              "non_striker": "LMP Simmons",
              "runs": {
                "batter": 0,
                "extras": 0,
                "total": 0
              }
            },
            {
              "batter": "K Lewis",
              "bowler": "Sohail Tanvir",
              "non_striker": "LMP Simmons",
              "runs": {
                "batter": 0,
                "extras": 0,
                "total": 0
              }
            },
            {
              "batter": "K Lewis",
              "bowler": "Sohail Tanvir",
              "extras": {
                "wides": 1
              },
              "non_striker": "LMP Simmons",
              "runs": {
                "batter": 0,
                "extras": 1,
                "total": 1
              }
            },
            {
              "batter": "K Lewis",
              "bowler": "Sohail Tanvir",
              "non_striker": "LMP Simmons",
              "runs": {
                "batter": 4,
                "extras": 0,
                "total": 4
              }
            }
          ]
        },
        {
          "over": 3,
          "deliveries": [
            {
              "batter": "LMP Simmons",
              "bowler": "V Permaul",
              "non_striker": "K Lewis",
              "runs": {
                "batter": 4,
                "extras": 0,
                "total": 4
              }
            },
            {
              "batter": "LMP Simmons",
              "bowler": "V Permaul",
              "non_striker": "K Lewis",
              "runs": {
                "batter": 1,
                "extras": 0,
                "total": 1
              }
            },
            {
              "batter": "K Lewis",
              "bowler": "V Permaul",
              "non_striker": "LMP Simmons",
              "runs": {
                "batter": 0,
                "extras": 0,
                "total": 0
              }
            },
            {
              "batter": "K Lewis",
              "bowler": "V Permaul",
              "non_striker": "LMP Simmons",
              "runs": {
                "batter": 4,
                "extras": 0,
                "total": 4
              }
            },
            {
              "batter": "K Lewis",
              "bowler": "V Permaul",
              "non_striker": "LMP Simmons",
              "runs": {
                "batter": 0,
                "extras": 0,
                "total": 0
              }
            },
            {
              "batter": "K Lewis",
              "bowler": "V Permaul",
              "non_striker": "LMP Simmons",
              "runs": {
                "batter": 4,
                "extras": 0,
                "total": 4
              }
            }
          ]
        },
        {
          "over": 4,
          "deliveries": [
            {
              "batter": "LMP Simmons",
              "bowler": "RR Emrit",
              "non_striker": "K Lewis",
              "runs": {
                "batter": 0,
                "extras": 0,
                "total": 0
              }
            },
            {
              "batter": "LMP Simmons",
              "bowler": "RR Emrit",
              "non_striker": "K Lewis",
              "runs": {
                "batter": 1,
                "extras": 0,
                "total": 1
              }
            },
            {
              "batter": "K Lewis",
              "bowler": "RR Emrit",
              "non_striker": "LMP Simmons",
              "runs": {
                "batter": 2,
                "extras": 0,
                "total": 2
              }
            },
            {
              "batter": "K Lewis",
              "bowler": "RR Emrit",
              "non_striker": "LMP Simmons",
              "runs": {
                "batter": 0,
                "extras": 0,
                "total": 0
              },
              "wickets": [
                {
                  "player_out": "K Lewis",
                  "fielders": [
                    {
                      "name": "V Permaul"
                    }
                  ],
                  "kind": "caught"
                }
              ]
            },
            {
              "batter": "TA Griffith",
              "bowler": "RR Emrit",
              "non_striker": "LMP Simmons",
              "runs": {
                "batter": 0,
                "extras": 0,
                "total": 0
              }
            },
            {
              "batter": "TA Griffith",
              "bowler": "RR Emrit",
              "non_striker": "LMP Simmons",
              "runs": {
                "batter": 4,
                "extras": 0,
                "total": 4
              }
            }
          ]
        },
        {
          "over": 5,
          "deliveries": [
            {
              "batter": "LMP Simmons",
              "bowler": "Rashid Khan",
              "non_striker": "TA Griffith",
              "runs": {
                "batter": 6,
                "extras": 0,
                "total": 6
              }
            },
            {
              "batter": "LMP Simmons",
              "bowler": "Rashid Khan",
              "non_striker": "TA Griffith",
              "runs": {
                "batter": 0,
                "extras": 0,
                "total": 0
              }
            },
            {
              "batter": "LMP Simmons",
              "bowler": "Rashid Khan",
              "non_striker": "TA Griffith",
              "runs": {
                "batter": 4,
                "extras": 0,
                "total": 4
              }
            },
            {
              "batter": "LMP Simmons",
              "bowler": "Rashid Khan",
              "non_striker": "TA Griffith",
              "runs": {
                "batter": 0,
                "extras": 0,
                "total": 0
              }
            },
            {
              "batter": "LMP Simmons",
              "bowler": "Rashid Khan",
              "non_striker": "TA Griffith",
              "runs": {
                "batter": 0,
                "extras": 0,
                "total": 0
              }
            },
            {
              "batter": "LMP Simmons",
              "bowler": "Rashid Khan",
              "non_striker": "TA Griffith",
              "runs": {
                "batter": 1,
                "extras": 0,
                "total": 1
              }
            }
          ]
        },
        {
          "over": 6,
          "deliveries": [
            {
              "batter": "LMP Simmons",
              "bowler": "SA Jacobs",
              "non_striker": "TA Griffith",
              "runs": {
                "batter": 0,
                "extras": 0,
                "total": 0
              },
              "wickets": [
                {
                  "player_out": "LMP Simmons",
                  "fielders": [
                    {
                      "name": "RR Emrit"
                    }
                  ],
                  "kind": "caught"
                }
              ]
            },
            {
              "batter": "Mahmudullah",
              "bowler": "SA Jacobs",
              "non_striker": "TA Griffith",
              "runs": {
                "batter": 1,
                "extras": 0,
                "total": 1
              }
            },
            {
              "batter": "TA Griffith",
              "bowler": "SA Jacobs",
              "non_striker": "Mahmudullah",
              "runs": {
                "batter": 1,
                "extras": 0,
                "total": 1
              }
            },
            {
              "batter": "Mahmudullah",
              "bowler": "SA Jacobs",
              "non_striker": "TA Griffith",
              "runs": {
                "batter": 2,
                "extras": 0,
                "total": 2
              }
            },
            {
              "batter": "Mahmudullah",
              "bowler": "SA Jacobs",
              "non_striker": "TA Griffith",
              "runs": {
                "batter": 0,
                "extras": 0,
                "total": 0
              },
              "wickets": [
                {
                  "player_out": "Mahmudullah",
                  "fielders": [
                    {
                      "name": "V Permaul"
                    }
                  ],
                  "kind": "caught"
                }
              ]
            },
            {
              "batter": "TA Griffith",
              "bowler": "SA Jacobs",
              "non_striker": "KC Sangakkara",
              "runs": {
                "batter": 1,
                "extras": 0,
                "total": 1
              }
            }
          ]
        },
        {
          "over": 7,
          "deliveries": [
            {
              "batter": "TA Griffith",
              "bowler": "RR Emrit",
              "non_striker": "KC Sangakkara",
              "runs": {
                "batter": 0,
                "extras": 0,
                "total": 0
              }
            },
            {
              "batter": "TA Griffith",
              "bowler": "RR Emrit",
              "non_striker": "KC Sangakkara",
              "runs": {
                "batter": 1,
                "extras": 0,
                "total": 1
              }
            },
            {
              "batter": "KC Sangakkara",
              "bowler": "RR Emrit",
              "non_striker": "TA Griffith",
              "runs": {
                "batter": 4,
                "extras": 0,
                "total": 4
              }
            },
            {
              "batter": "KC Sangakkara",
              "bowler": "RR Emrit",
              "non_striker": "TA Griffith",
              "runs": {
                "batter": 0,
                "extras": 0,
                "total": 0
              }
            },
            {
              "batter": "KC Sangakkara",
              "bowler": "RR Emrit",
              "non_striker": "TA Griffith",
              "runs": {
                "batter": 1,
                "extras": 0,
                "total": 1
              }
            },
            {
              "batter": "TA Griffith",
              "bowler": "RR Emrit",
              "non_striker": "KC Sangakkara",
              "runs": {
                "batter": 1,
                "extras": 0,
                "total": 1
              }
            }
          ]
        },
        {
          "over": 8,
          "deliveries": [
            {
              "batter": "TA Griffith",
              "bowler": "SA Jacobs",
              "non_striker": "KC Sangakkara",
              "runs": {
                "batter": 1,
                "extras": 0,
                "total": 1
              }
            },
            {
              "batter": "KC Sangakkara",
              "bowler": "SA Jacobs",
              "non_striker": "TA Griffith",
              "runs": {
                "batter": 2,
                "extras": 0,
                "total": 2
              }
            },
            {
              "batter": "KC Sangakkara",
              "bowler": "SA Jacobs",
              "non_striker": "TA Griffith",
              "runs": {
                "batter": 1,
                "extras": 0,
                "total": 1
              }
            },
            {
              "batter": "TA Griffith",
              "bowler": "SA Jacobs",
              "non_striker": "KC Sangakkara",
              "runs": {
                "batter": 1,
                "extras": 0,
                "total": 1
              }
            },
            {
              "batter": "KC Sangakkara",
              "bowler": "SA Jacobs",
              "non_striker": "TA Griffith",
              "runs": {
                "batter": 1,
                "extras": 0,
                "total": 1
              }
            },
            {
              "batter": "TA Griffith",
              "bowler": "SA Jacobs",
              "non_striker": "KC Sangakkara",
              "runs": {
                "batter": 2,
                "extras": 0,
                "total": 2
              }
            }
          ]
        },
        {
          "over": 9,
          "deliveries": [
            {
              "batter": "KC Sangakkara",
              "bowler": "Rashid Khan",
              "non_striker": "TA Griffith",
              "runs": {
                "batter": 4,
                "extras": 0,
                "total": 4
              }
            },
            {
              "batter": "KC Sangakkara",
              "bowler": "Rashid Khan",
              "non_striker": "TA Griffith",
              "runs": {
                "batter": 2,
                "extras": 0,
                "total": 2
              }
            },
            {
              "batter": "KC Sangakkara",
              "bowler": "Rashid Khan",
              "non_striker": "TA Griffith",
              "runs": {
                "batter": 1,
                "extras": 0,
                "total": 1
              }
            },
            {
              "batter": "TA Griffith",
              "bowler": "Rashid Khan",
              "non_striker": "KC Sangakkara",
              "runs": {
                "batter": 1,
                "extras": 0,
                "total": 1
              }
            },
            {
              "batter": "KC Sangakkara",
              "bowler": "Rashid Khan",
              "non_striker": "TA Griffith",
              "runs": {
                "batter": 1,
                "extras": 0,
                "total": 1
              }
            },
            {
              "batter": "TA Griffith",
              "bowler": "Rashid Khan",
              "non_striker": "KC Sangakkara",
              "runs": {
                "batter": 0,
                "extras": 0,
                "total": 0
              }
            }
          ]
        },
        {
          "over": 10,
          "deliveries": [
            {
              "batter": "KC Sangakkara",
              "bowler": "SA Jacobs",
              "non_striker": "TA Griffith",
              "runs": {
                "batter": 0,
                "extras": 0,
                "total": 0
              }
            },
            {
              "batter": "KC Sangakkara",
              "bowler": "SA Jacobs",
              "non_striker": "TA Griffith",
              "runs": {
                "batter": 4,
                "extras": 0,
                "total": 4
              }
            },
            {
              "batter": "KC Sangakkara",
              "bowler": "SA Jacobs",
              "non_striker": "TA Griffith",
              "runs": {
                "batter": 1,
                "extras": 0,
                "total": 1
              }
            },
            {
              "batter": "TA Griffith",
              "bowler": "SA Jacobs",
              "non_striker": "KC Sangakkara",
              "runs": {
                "batter": 1,
                "extras": 0,
                "total": 1
              }
            },
            {
              "batter": "KC Sangakkara",
              "bowler": "SA Jacobs",
              "non_striker": "TA Griffith",
              "runs": {
                "batter": 1,
                "extras": 0,
                "total": 1
              }
            },
            {
              "batter": "TA Griffith",
              "bowler": "SA Jacobs",
              "non_striker": "KC Sangakkara",
              "runs": {
                "batter": 1,
                "extras": 0,
                "total": 1
              }
            }
          ]
        },
        {
          "over": 11,
          "deliveries": [
            {
              "batter": "TA Griffith",
              "bowler": "RS Primus",
              "non_striker": "KC Sangakkara",
              "runs": {
                "batter": 2,
                "extras": 0,
                "total": 2
              }
            },
            {
              "batter": "TA Griffith",
              "bowler": "RS Primus",
              "non_striker": "KC Sangakkara",
              "runs": {
                "batter": 2,
                "extras": 0,
                "total": 2
              }
            },
            {
              "batter": "TA Griffith",
              "bowler": "RS Primus",
              "non_striker": "KC Sangakkara",
              "runs": {
                "batter": 1,
                "extras": 0,
                "total": 1
              }
            },
            {
              "batter": "KC Sangakkara",
              "bowler": "RS Primus",
              "non_striker": "TA Griffith",
              "runs": {
                "batter": 1,
                "extras": 0,
                "total": 1
              }
            },
            {
              "batter": "TA Griffith",
              "bowler": "RS Primus",
              "non_striker": "KC Sangakkara",
              "runs": {
                "batter": 0,
                "extras": 0,
                "total": 0
              }
            },
            {
              "batter": "TA Griffith",
              "bowler": "RS Primus",
              "non_striker": "KC Sangakkara",
              "runs": {
                "batter": 0,
                "extras": 0,
                "total": 0
              },
              "wickets": [
                {
                  "player_out": "TA Griffith",
                  "fielders": [
                    {
                      "name": "L Ronchi"
                    }
                  ],
                  "kind": "caught"
                }
              ]
            }
          ]
        },
        {
          "over": 12,
          "deliveries": [
            {
              "batter": "AM McCarthy",
              "bowler": "SA Jacobs",
              "non_striker": "KC Sangakkara",
              "runs": {
                "batter": 4,
                "extras": 0,
                "total": 4
              }
            },
            {
              "batter": "AM McCarthy",
              "bowler": "SA Jacobs",
              "non_striker": "KC Sangakkara",
              "runs": {
                "batter": 2,
                "extras": 0,
                "total": 2
              }
            },
            {
              "batter": "AM McCarthy",
              "bowler": "SA Jacobs",
              "non_striker": "KC Sangakkara",
              "runs": {
                "batter": 1,
                "extras": 0,
                "total": 1
              }
            },
            {
              "batter": "KC Sangakkara",
              "bowler": "SA Jacobs",
              "non_striker": "AM McCarthy",
              "runs": {
                "batter": 0,
                "extras": 0,
                "total": 0
              }
            },
            {
              "batter": "KC Sangakkara",
              "bowler": "SA Jacobs",
              "non_striker": "AM McCarthy",
              "runs": {
                "batter": 1,
                "extras": 0,
                "total": 1
              }
            },
            {
              "batter": "AM McCarthy",
              "bowler": "SA Jacobs",
              "non_striker": "KC Sangakkara",
              "runs": {
                "batter": 4,
                "extras": 0,
                "total": 4
              }
            }
          ]
        },
        {
          "over": 13,
          "deliveries": [
            {
              "batter": "KC Sangakkara",
              "bowler": "RS Primus",
              "non_striker": "AM McCarthy",
              "runs": {
                "batter": 1,
                "extras": 0,
                "total": 1
              }
            },
            {
              "batter": "AM McCarthy",
              "bowler": "RS Primus",
              "non_striker": "KC Sangakkara",
              "runs": {
                "batter": 1,
                "extras": 0,
                "total": 1
              }
            },
            {
              "batter": "KC Sangakkara",
              "bowler": "RS Primus",
              "non_striker": "AM McCarthy",
              "runs": {
                "batter": 1,
                "extras": 0,
                "total": 1
              }
            },
            {
              "batter": "AM McCarthy",
              "bowler": "RS Primus",
              "non_striker": "KC Sangakkara",
              "runs": {
                "batter": 1,
                "extras": 0,
                "total": 1
              }
            },
            {
              "batter": "KC Sangakkara",
              "bowler": "RS Primus",
              "non_striker": "AM McCarthy",
              "runs": {
                "batter": 1,
                "extras": 0,
                "total": 1
              }
            },
            {
              "batter": "AM McCarthy",
              "bowler": "RS Primus",
              "non_striker": "KC Sangakkara",
              "runs": {
                "batter": 1,
                "extras": 0,
                "total": 1
              }
            }
          ]
        },
        {
          "over": 14,
          "deliveries": [
            {
              "batter": "AM McCarthy",
              "bowler": "Rashid Khan",
              "non_striker": "KC Sangakkara",
              "runs": {
                "batter": 0,
                "extras": 0,
                "total": 0
              },
              "wickets": [
                {
                  "player_out": "AM McCarthy",
                  "kind": "bowled"
                }
              ]
            },
            {
              "batter": "JA Foo",
              "bowler": "Rashid Khan",
              "non_striker": "KC Sangakkara",
              "runs": {
                "batter": 0,
                "extras": 0,
                "total": 0
              },
              "wickets": [
                {
                  "player_out": "JA Foo",
                  "kind": "bowled"
                }
              ]
            },
            {
              "batter": "R Powell",
              "bowler": "Rashid Khan",
              "non_striker": "KC Sangakkara",
              "runs": {
                "batter": 0,
                "extras": 0,
                "total": 0
              },
              "wickets": [
                {
                  "player_out": "R Powell",
                  "kind": "bowled"
                }
              ]
            },
            {
              "batter": "K Santokie",
              "bowler": "Rashid Khan",
              "extras": {
                "legbyes": 1
              },
              "non_striker": "KC Sangakkara",
              "runs": {
                "batter": 0,
                "extras": 1,
                "total": 1
              }
            },
            {
              "batter": "KC Sangakkara",
              "bowler": "Rashid Khan",
              "non_striker": "K Santokie",
              "runs": {
                "batter": 1,
                "extras": 0,
                "total": 1
              }
            },
            {
              "batter": "K Santokie",
              "bowler": "Rashid Khan",
              "non_striker": "KC Sangakkara",
              "runs": {
                "batter": 0,
                "extras": 0,
                "total": 0
              }
            }
          ]
        },
        {
          "over": 15,
          "deliveries": [
            {
              "batter": "KC Sangakkara",
              "bowler": "RR Emrit",
              "non_striker": "K Santokie",
              "runs": {
                "batter": 4,
                "extras": 0,
                "total": 4
              }
            },
            {
              "batter": "KC Sangakkara",
              "bowler": "RR Emrit",
              "non_striker": "K Santokie",
              "runs": {
                "batter": 1,
                "extras": 0,
                "total": 1
              }
            },
            {
              "batter": "K Santokie",
              "bowler": "RR Emrit",
              "non_striker": "KC Sangakkara",
              "runs": {
                "batter": 1,
                "extras": 0,
                "total": 1
              }
            },
            {
              "batter": "KC Sangakkara",
              "bowler": "RR Emrit",
              "non_striker": "K Santokie",
              "runs": {
                "batter": 1,
                "extras": 0,
                "total": 1
              }
            },
            {
              "batter": "K Santokie",
              "bowler": "RR Emrit",
              "non_striker": "KC Sangakkara",
              "runs": {
                "batter": 0,
                "extras": 0,
                "total": 0
              }
            },
            {
              "batter": "K Santokie",
              "bowler": "RR Emrit",
              "non_striker": "KC Sangakkara",
              "runs": {
                "batter": 1,
                "extras": 0,
                "total": 1
              }
            }
          ]
        },
        {
          "over": 16,
          "deliveries": [
            {
              "batter": "K Santokie",
              "bowler": "Rashid Khan",
              "non_striker": "KC Sangakkara",
              "runs": {
                "batter": 6,
                "extras": 0,
                "total": 6
              }
            },
            {
              "batter": "K Santokie",
              "bowler": "Rashid Khan",
              "non_striker": "KC Sangakkara",
              "runs": {
                "batter": 0,
                "extras": 0,
                "total": 0
              }
            },
            {
              "batter": "K Santokie",
              "bowler": "Rashid Khan",
              "non_striker": "KC Sangakkara",
              "runs": {
                "batter": 2,
                "extras": 0,
                "total": 2
              }
            },
            {
              "batter": "K Santokie",
              "bowler": "Rashid Khan",
              "non_striker": "KC Sangakkara",
              "runs": {
                "batter": 1,
                "extras": 0,
                "total": 1
              }
            },
            {
              "batter": "KC Sangakkara",
              "bowler": "Rashid Khan",
              "non_striker": "K Santokie",
              "runs": {
                "batter": 2,
                "extras": 0,
                "total": 2
              }
            },
            {
              "batter": "KC Sangakkara",
              "bowler": "Rashid Khan",
              "non_striker": "K Santokie",
              "runs": {
                "batter": 0,
                "extras": 0,
                "total": 0
              }
            }
          ]
        },
        {
          "over": 17,
          "deliveries": [
            {
              "batter": "K Santokie",
              "bowler": "Sohail Tanvir",
              "extras": {
                "legbyes": 1
              },
              "non_striker": "KC Sangakkara",
              "runs": {
                "batter": 0,
                "extras": 1,
                "total": 1
              }
            },
            {
              "batter": "KC Sangakkara",
              "bowler": "Sohail Tanvir",
              "non_striker": "K Santokie",
              "runs": {
                "batter": 2,
                "extras": 0,
                "total": 2
              }
            },
            {
              "batter": "KC Sangakkara",
              "bowler": "Sohail Tanvir",
              "extras": {
                "noballs": 1
              },
              "non_striker": "K Santokie",
              "runs": {
                "batter": 4,
                "extras": 1,
                "total": 5
              }
            },
            {
              "batter": "KC Sangakkara",
              "bowler": "Sohail Tanvir",
              "extras": {
                "wides": 1
              },
              "non_striker": "K Santokie",
              "runs": {
                "batter": 0,
                "extras": 1,
                "total": 1
              }
            },
            {
              "batter": "KC Sangakkara",
              "bowler": "Sohail Tanvir",
              "extras": {
                "legbyes": 1
              },
              "non_striker": "K Santokie",
              "runs": {
                "batter": 0,
                "extras": 1,
                "total": 1
              }
            },
            {
              "batter": "K Santokie",
              "bowler": "Sohail Tanvir",
              "extras": {
                "wides": 1
              },
              "non_striker": "KC Sangakkara",
              "runs": {
                "batter": 0,
                "extras": 1,
                "total": 1
              }
            },
            {
              "batter": "K Santokie",
              "bowler": "Sohail Tanvir",
              "non_striker": "KC Sangakkara",
              "runs": {
                "batter": 1,
                "extras": 0,
                "total": 1
              }
            },
            {
              "batter": "KC Sangakkara",
              "bowler": "Sohail Tanvir",
              "non_striker": "K Santokie",
              "runs": {
                "batter": 1,
                "extras": 0,
                "total": 1
              }
            },
            {
              "batter": "K Santokie",
              "bowler": "Sohail Tanvir",
              "extras": {
                "wides": 1
              },
              "non_striker": "KC Sangakkara",
              "runs": {
                "batter": 0,
                "extras": 1,
                "total": 1
              }
            },
            {
              "batter": "K Santokie",
              "bowler": "Sohail Tanvir",
              "non_striker": "KC Sangakkara",
              "runs": {
                "batter": 0,
                "extras": 0,
                "total": 0
              },
              "wickets": [
                {
                  "player_out": "K Santokie",
                  "kind": "bowled"
                }
              ]
            }
          ]
        },
        {
          "over": 18,
          "deliveries": [
            {
              "batter": "KC Sangakkara",
              "bowler": "RR Emrit",
              "non_striker": "KOK Williams",
              "runs": {
                "batter": 1,
                "extras": 0,
                "total": 1
              }
            },
            {
              "batter": "KOK Williams",
              "bowler": "RR Emrit",
              "extras": {
                "legbyes": 1
              },
              "non_striker": "KC Sangakkara",
              "runs": {
                "batter": 0,
                "extras": 1,
                "total": 1
              }
            },
            {
              "batter": "KC Sangakkara",
              "bowler": "RR Emrit",
              "non_striker": "KOK Williams",
              "runs": {
                "batter": 0,
                "extras": 0,
                "total": 0
              }
            },
            {
              "batter": "KC Sangakkara",
              "bowler": "RR Emrit",
              "non_striker": "KOK Williams",
              "runs": {
                "batter": 1,
                "extras": 0,
                "total": 1
              }
            },
            {
              "batter": "KOK Williams",
              "bowler": "RR Emrit",
              "extras": {
                "wides": 1
              },
              "non_striker": "KC Sangakkara",
              "runs": {
                "batter": 0,
                "extras": 1,
                "total": 1
              }
            },
            {
              "batter": "KOK Williams",
              "bowler": "RR Emrit",
              "non_striker": "KC Sangakkara",
              "runs": {
                "batter": 0,
                "extras": 0,
                "total": 0
              }
            },
            {
              "batter": "KOK Williams",
              "bowler": "RR Emrit",
              "non_striker": "KC Sangakkara",
              "runs": {
                "batter": 0,
                "extras": 0,
                "total": 0
              }
            }
          ]
        },
        {
          "over": 19,
          "deliveries": [
            {
              "batter": "KC Sangakkara",
              "bowler": "Sohail Tanvir",
              "non_striker": "KOK Williams",
              "runs": {
                "batter": 1,
                "extras": 0,
                "total": 1
              }
            },
            {
              "batter": "KOK Williams",
              "bowler": "Sohail Tanvir",
              "non_striker": "KC Sangakkara",
              "runs": {
                "batter": 1,
                "extras": 0,
                "total": 1
              }
            },
            {
              "batter": "KC Sangakkara",
              "bowler": "Sohail Tanvir",
              "non_striker": "KOK Williams",
              "runs": {
                "batter": 4,
                "extras": 0,
                "total": 4
              }
            },
            {
              "batter": "KC Sangakkara",
              "bowler": "Sohail Tanvir",
              "non_striker": "KOK Williams",
              "runs": {
                "batter": 2,
                "extras": 0,
                "total": 2
              }
            },
            {
              "batter": "KC Sangakkara",
              "bowler": "Sohail Tanvir",
              "non_striker": "KOK Williams",
              "runs": {
                "batter": 4,
                "extras": 0,
                "total": 4
              }
            },
            {
              "batter": "KC Sangakkara",
              "bowler": "Sohail Tanvir",
              "extras": {
                "byes": 1
              },
              "non_striker": "KOK Williams",
              "runs": {
                "batter": 0,
                "extras": 1,
                "total": 1
              }
            }
          ]
        }
      ],
      "powerplays": [
        {
          "from": 0.1,
          "to": 5.6,
          "type": "mandatory"
        }
      ]
    },
    {
      "team": "Guyana Amazon Warriors",
      "overs": [
        {
          "over": 0,
          "deliveries": [
            {
              "batter": "CAK Walton",
              "bowler": "K Santokie",
              "non_striker": "Sohail Tanvir",
              "runs": {
                "batter": 6,
                "extras": 0,
                "total": 6
              }
            },
            {
              "batter": "CAK Walton",
              "bowler": "K Santokie",
              "non_striker": "Sohail Tanvir",
              "runs": {
                "batter": 0,
                "extras": 0,
                "total": 0
              }
            },
            {
              "batter": "CAK Walton",
              "bowler": "K Santokie",
              "non_striker": "Sohail Tanvir",
              "runs": {
                "batter": 0,
                "extras": 0,
                "total": 0
              }
            },
            {
              "batter": "CAK Walton",
              "bowler": "K Santokie",
              "non_striker": "Sohail Tanvir",
              "runs": {
                "batter": 4,
                "extras": 0,
                "total": 4
              }
            },
            {
              "batter": "CAK Walton",
              "bowler": "K Santokie",
              "non_striker": "Sohail Tanvir",
              "runs": {
                "batter": 0,
                "extras": 0,
                "total": 0
              }
            },
            {
              "batter": "CAK Walton",
              "bowler": "K Santokie",
              "extras": {
                "legbyes": 1
              },
              "non_striker": "Sohail Tanvir",
              "runs": {
                "batter": 0,
                "extras": 1,
                "total": 1
              }
            }
          ]
        },
        {
          "over": 1,
          "deliveries": [
            {
              "batter": "CAK Walton",
              "bowler": "Mohammad Sami",
              "non_striker": "Sohail Tanvir",
              "runs": {
                "batter": 1,
                "extras": 0,
                "total": 1
              }
            },
            {
              "batter": "Sohail Tanvir",
              "bowler": "Mohammad Sami",
              "non_striker": "CAK Walton",
              "runs": {
                "batter": 0,
                "extras": 0,
                "total": 0
              }
            },
            {
              "batter": "Sohail Tanvir",
              "bowler": "Mohammad Sami",
              "non_striker": "CAK Walton",
              "runs": {
                "batter": 2,
                "extras": 0,
                "total": 2
              }
            },
            {
              "batter": "Sohail Tanvir",
              "bowler": "Mohammad Sami",
              "non_striker": "CAK Walton",
              "runs": {
                "batter": 0,
                "extras": 0,
                "total": 0
              }
            },
            {
              "batter": "Sohail Tanvir",
              "bowler": "Mohammad Sami",
              "non_striker": "CAK Walton",
              "runs": {
                "batter": 0,
                "extras": 0,
                "total": 0
              }
            },
            {
              "batter": "Sohail Tanvir",
              "bowler": "Mohammad Sami",
              "non_striker": "CAK Walton",
              "runs": {
                "batter": 1,
                "extras": 0,
                "total": 1
              }
            }
          ]
        },
        {
          "over": 2,
          "deliveries": [
            {
              "batter": "Sohail Tanvir",
              "bowler": "K Santokie",
              "non_striker": "CAK Walton",
              "runs": {
                "batter": 0,
                "extras": 0,
                "total": 0
              }
            },
            {
              "batter": "Sohail Tanvir",
              "bowler": "K Santokie",
              "extras": {
                "byes": 4
              },
              "non_striker": "CAK Walton",
              "runs": {
                "batter": 0,
                "extras": 4,
                "total": 4
              }
            },
            {
              "batter": "Sohail Tanvir",
              "bowler": "K Santokie",
              "non_striker": "CAK Walton",
              "runs": {
                "batter": 0,
                "extras": 0,
                "total": 0
              }
            },
            {
              "batter": "Sohail Tanvir",
              "bowler": "K Santokie",
              "non_striker": "CAK Walton",
              "runs": {
                "batter": 4,
                "extras": 0,
                "total": 4
              }
            },
            {
              "batter": "Sohail Tanvir",
              "bowler": "K Santokie",
              "non_striker": "CAK Walton",
              "runs": {
                "batter": 0,
                "extras": 0,
                "total": 0
              }
            },
            {
              "batter": "Sohail Tanvir",
              "bowler": "K Santokie",
              "non_striker": "CAK Walton",
              "runs": {
                "batter": 0,
                "extras": 0,
                "total": 0
              },
              "wickets": [
                {
                  "player_out": "Sohail Tanvir",
                  "fielders": [
                    {
                      "name": "R Powell"
                    }
                  ],
                  "kind": "caught"
                }
              ]
            }
          ]
        },
        {
          "over": 3,
          "deliveries": [
            {
              "batter": "L Ronchi",
              "bowler": "Mahmudullah",
              "non_striker": "CAK Walton",
              "runs": {
                "batter": 0,
                "extras": 0,
                "total": 0
              }
            },
            {
              "batter": "L Ronchi",
              "bowler": "Mahmudullah",
              "non_striker": "CAK Walton",
              "runs": {
                "batter": 1,
                "extras": 0,
                "total": 1
              }
            },
            {
              "batter": "CAK Walton",
              "bowler": "Mahmudullah",
              "non_striker": "L Ronchi",
              "runs": {
                "batter": 1,
                "extras": 0,
                "total": 1
              }
            },
            {
              "batter": "L Ronchi",
              "bowler": "Mahmudullah",
              "non_striker": "CAK Walton",
              "runs": {
                "batter": 0,
                "extras": 0,
                "total": 0
              }
            },
            {
              "batter": "L Ronchi",
              "bowler": "Mahmudullah",
              "non_striker": "CAK Walton",
              "runs": {
                "batter": 6,
                "extras": 0,
                "total": 6
              }
            },
            {
              "batter": "L Ronchi",
              "bowler": "Mahmudullah",
              "non_striker": "CAK Walton",
              "runs": {
                "batter": 2,
                "extras": 0,
                "total": 2
              }
            }
          ]
        },
        {
          "over": 4,
          "deliveries": [
            {
              "batter": "CAK Walton",
              "bowler": "K Santokie",
              "non_striker": "L Ronchi",
              "runs": {
                "batter": 4,
                "extras": 0,
                "total": 4
              }
            },
            {
              "batter": "CAK Walton",
              "bowler": "K Santokie",
              "non_striker": "L Ronchi",
              "runs": {
                "batter": 4,
                "extras": 0,
                "total": 4
              }
            },
            {
              "batter": "CAK Walton",
              "bowler": "K Santokie",
              "non_striker": "L Ronchi",
              "runs": {
                "batter": 0,
                "extras": 0,
                "total": 0
              }
            },
            {
              "batter": "CAK Walton",
              "bowler": "K Santokie",
              "non_striker": "L Ronchi",
              "runs": {
                "batter": 1,
                "extras": 0,
                "total": 1
              }
            },
            {
              "batter": "L Ronchi",
              "bowler": "K Santokie",
              "non_striker": "CAK Walton",
              "runs": {
                "batter": 4,
                "extras": 0,
                "total": 4
              }
            },
            {
              "batter": "L Ronchi",
              "bowler": "K Santokie",
              "non_striker": "CAK Walton",
              "runs": {
                "batter": 0,
                "extras": 0,
                "total": 0
              }
            }
          ]
        },
        {
          "over": 5,
          "deliveries": [
            {
              "batter": "CAK Walton",
              "bowler": "Mohammad Sami",
              "non_striker": "L Ronchi",
              "runs": {
                "batter": 0,
                "extras": 0,
                "total": 0
              }
            },
            {
              "batter": "CAK Walton",
              "bowler": "Mohammad Sami",
              "extras": {
                "wides": 1
              },
              "non_striker": "L Ronchi",
              "runs": {
                "batter": 0,
                "extras": 1,
                "total": 1
              }
            },
            {
              "batter": "CAK Walton",
              "bowler": "Mohammad Sami",
              "non_striker": "L Ronchi",
              "runs": {
                "batter": 0,
                "extras": 0,
                "total": 0
              }
            },
            {
              "batter": "CAK Walton",
              "bowler": "Mohammad Sami",
              "non_striker": "L Ronchi",
              "runs": {
                "batter": 1,
                "extras": 0,
                "total": 1
              }
            },
            {
              "batter": "L Ronchi",
              "bowler": "Mohammad Sami",
              "non_striker": "CAK Walton",
              "runs": {
                "batter": 4,
                "extras": 0,
                "total": 4
              }
            },
            {
              "batter": "L Ronchi",
              "bowler": "Mohammad Sami",
              "non_striker": "CAK Walton",
              "runs": {
                "batter": 1,
                "extras": 0,
                "total": 1
              }
            },
            {
              "batter": "CAK Walton",
              "bowler": "Mohammad Sami",
              "non_striker": "L Ronchi",
              "runs": {
                "batter": 0,
                "extras": 0,
                "total": 0
              }
            }
          ]
        },
        {
          "over": 6,
          "deliveries": [
            {
              "batter": "L Ronchi",
              "bowler": "R Powell",
              "non_striker": "CAK Walton",
              "runs": {
                "batter": 6,
                "extras": 0,
                "total": 6
              }
            },
            {
              "batter": "L Ronchi",
              "bowler": "R Powell",
              "non_striker": "CAK Walton",
              "runs": {
                "batter": 6,
                "extras": 0,
                "total": 6
              }
            },
            {
              "batter": "L Ronchi",
              "bowler": "R Powell",
              "non_striker": "CAK Walton",
              "runs": {
                "batter": 1,
                "extras": 0,
                "total": 1
              }
            },
            {
              "batter": "CAK Walton",
              "bowler": "R Powell",
              "non_striker": "L Ronchi",
              "runs": {
                "batter": 2,
                "extras": 0,
                "total": 2
              }
            },
            {
              "batter": "CAK Walton",
              "bowler": "R Powell",
              "non_striker": "L Ronchi",
              "runs": {
                "batter": 0,
                "extras": 0,
                "total": 0
              }
            },
            {
              "batter": "CAK Walton",
              "bowler": "R Powell",
              "non_striker": "L Ronchi",
              "runs": {
                "batter": 4,
                "extras": 0,
                "total": 4
              }
            }
          ]
        },
        {
          "over": 7,
          "deliveries": [
            {
              "batter": "L Ronchi",
              "bowler": "KOK Williams",
              "non_striker": "CAK Walton",
              "runs": {
                "batter": 2,
                "extras": 0,
                "total": 2
              }
            },
            {
              "batter": "L Ronchi",
              "bowler": "KOK Williams",
              "non_striker": "CAK Walton",
              "runs": {
                "batter": 1,
                "extras": 0,
                "total": 1
              }
            },
            {
              "batter": "CAK Walton",
              "bowler": "KOK Williams",
              "non_striker": "L Ronchi",
              "runs": {
                "batter": 4,
                "extras": 0,
                "total": 4
              }
            },
            {
              "batter": "CAK Walton",
              "bowler": "KOK Williams",
              "non_striker": "L Ronchi",
              "runs": {
                "batter": 6,
                "extras": 0,
                "total": 6
              }
            },
            {
              "batter": "CAK Walton",
              "bowler": "KOK Williams",
              "non_striker": "L Ronchi",
              "runs": {
                "batter": 1,
                "extras": 0,
                "total": 1
              }
            },
            {
              "batter": "L Ronchi",
              "bowler": "KOK Williams",
              "non_striker": "CAK Walton",
              "runs": {
                "batter": 4,
                "extras": 0,
                "total": 4
              }
            }
          ]
        },
        {
          "over": 8,
          "deliveries": [
            {
              "batter": "CAK Walton",
              "bowler": "Mahmudullah",
              "non_striker": "L Ronchi",
              "runs": {
                "batter": 0,
                "extras": 0,
                "total": 0
              },
              "wickets": [
                {
                  "player_out": "CAK Walton",
                  "fielders": [
                    {
                      "name": "LMP Simmons"
                    }
                  ],
                  "kind": "caught"
                }
              ]
            },
            {
              "batter": "JN Mohammed",
              "bowler": "Mahmudullah",
              "non_striker": "L Ronchi",
              "runs": {
                "batter": 0,
                "extras": 0,
                "total": 0
              }
            },
            {
              "batter": "JN Mohammed",
              "bowler": "Mahmudullah",
              "non_striker": "L Ronchi",
              "runs": {
                "batter": 1,
                "extras": 0,
                "total": 1
              }
            },
            {
              "batter": "L Ronchi",
              "bowler": "Mahmudullah",
              "non_striker": "JN Mohammed",
              "runs": {
                "batter": 1,
                "extras": 0,
                "total": 1
              }
            },
            {
              "batter": "JN Mohammed",
              "bowler": "Mahmudullah",
              "non_striker": "L Ronchi",
              "runs": {
                "batter": 0,
                "extras": 0,
                "total": 0
              }
            },
            {
              "batter": "JN Mohammed",
              "bowler": "Mahmudullah",
              "non_striker": "L Ronchi",
              "runs": {
                "batter": 0,
                "extras": 0,
                "total": 0
              }
            }
          ]
        },
        {
          "over": 9,
          "deliveries": [
            {
              "batter": "L Ronchi",
              "bowler": "KOK Williams",
              "non_striker": "JN Mohammed",
              "runs": {
                "batter": 6,
                "extras": 0,
                "total": 6
              }
            },
            {
              "batter": "L Ronchi",
              "bowler": "KOK Williams",
              "non_striker": "JN Mohammed",
              "runs": {
                "batter": 0,
                "extras": 0,
                "total": 0
              }
            },
            {
              "batter": "L Ronchi",
              "bowler": "KOK Williams",
              "extras": {
                "wides": 1
              },
              "non_striker": "JN Mohammed",
              "runs": {
                "batter": 0,
                "extras": 1,
                "total": 1
              }
            },
            {
              "batter": "L Ronchi",
              "bowler": "KOK Williams",
              "non_striker": "JN Mohammed",
              "runs": {
                "batter": 4,
                "extras": 0,
                "total": 4
              }
            },
            {
              "batter": "L Ronchi",
              "bowler": "KOK Williams",
              "non_striker": "JN Mohammed",
              "runs": {
                "batter": 1,
                "extras": 0,
                "total": 1
              }
            },
            {
              "batter": "JN Mohammed",
              "bowler": "KOK Williams",
              "extras": {
                "noballs": 1
              },
              "non_striker": "L Ronchi",
              "runs": {
                "batter": 0,
                "extras": 1,
                "total": 1
              }
            },
            {
              "batter": "JN Mohammed",
              "bowler": "KOK Williams",
              "non_striker": "L Ronchi",
              "runs": {
                "batter": 0,
                "extras": 0,
                "total": 0
              }
            },
            {
              "batter": "JN Mohammed",
              "bowler": "KOK Williams",
              "non_striker": "L Ronchi",
              "runs": {
                "batter": 1,
                "extras": 0,
                "total": 1
              }
            }
          ]
        },
        {
          "over": 10,
          "deliveries": [
            {
              "batter": "JN Mohammed",
              "bowler": "Mahmudullah",
              "non_striker": "L Ronchi",
              "runs": {
                "batter": 2,
                "extras": 0,
                "total": 2
              }
            },
            {
              "batter": "JN Mohammed",
              "bowler": "Mahmudullah",
              "non_striker": "L Ronchi",
              "runs": {
                "batter": 1,
                "extras": 0,
                "total": 1
              }
            },
            {
              "batter": "L Ronchi",
              "bowler": "Mahmudullah",
              "non_striker": "JN Mohammed",
              "runs": {
                "batter": 0,
                "extras": 0,
                "total": 0
              }
            },
            {
              "batter": "L Ronchi",
              "bowler": "Mahmudullah",
              "non_striker": "JN Mohammed",
              "runs": {
                "batter": 1,
                "extras": 0,
                "total": 1
              }
            },
            {
              "batter": "JN Mohammed",
              "bowler": "Mahmudullah",
              "non_striker": "L Ronchi",
              "runs": {
                "batter": 2,
                "extras": 0,
                "total": 2
              }
            },
            {
              "batter": "JN Mohammed",
              "bowler": "Mahmudullah",
              "non_striker": "L Ronchi",
              "runs": {
                "batter": 0,
                "extras": 0,
                "total": 0
              },
              "wickets": [
                {
                  "player_out": "JN Mohammed",
                  "kind": "caught and bowled"
                }
              ]
            }
          ]
        },
        {
          "over": 11,
          "deliveries": [
            {
              "batter": "L Ronchi",
              "bowler": "JA Foo",
              "non_striker": "G Singh",
              "runs": {
                "batter": 2,
                "extras": 0,
                "total": 2
              }
            },
            {
              "batter": "L Ronchi",
              "bowler": "JA Foo",
              "non_striker": "G Singh",
              "runs": {
                "batter": 2,
                "extras": 0,
                "total": 2
              }
            },
            {
              "batter": "L Ronchi",
              "bowler": "JA Foo",
              "non_striker": "G Singh",
              "runs": {
                "batter": 1,
                "extras": 0,
                "total": 1
              }
            },
            {
              "batter": "G Singh",
              "bowler": "JA Foo",
              "non_striker": "L Ronchi",
              "runs": {
                "batter": 1,
                "extras": 0,
                "total": 1
              }
            },
            {
              "batter": "L Ronchi",
              "bowler": "JA Foo",
              "non_striker": "G Singh",
              "runs": {
                "batter": 4,
                "extras": 0,
                "total": 4
              }
            },
            {
              "batter": "L Ronchi",
              "bowler": "JA Foo",
              "non_striker": "G Singh",
              "runs": {
                "batter": 6,
                "extras": 0,
                "total": 6
              }
            }
          ]
        },
        {
          "over": 12,
          "deliveries": [
            {
              "batter": "G Singh",
              "bowler": "Mahmudullah",
              "non_striker": "L Ronchi",
              "runs": {
                "batter": 1,
                "extras": 0,
                "total": 1
              }
            },
            {
              "batter": "L Ronchi",
              "bowler": "Mahmudullah",
              "non_striker": "G Singh",
              "runs": {
                "batter": 1,
                "extras": 0,
                "total": 1
              }
            },
            {
              "batter": "G Singh",
              "bowler": "Mahmudullah",
              "non_striker": "L Ronchi",
              "runs": {
                "batter": 4,
                "extras": 0,
                "total": 4
              }
            },
            {
              "batter": "G Singh",
              "bowler": "Mahmudullah",
              "non_striker": "L Ronchi",
              "runs": {
                "batter": 0,
                "extras": 0,
                "total": 0
              },
              "wickets": [
                {
                  "player_out": "G Singh",
                  "kind": "bowled"
                }
              ]
            },
            {
              "batter": "AB Fudadin",
              "bowler": "Mahmudullah",
              "non_striker": "L Ronchi",
              "runs": {
                "batter": 0,
                "extras": 0,
                "total": 0
              }
            },
            {
              "batter": "AB Fudadin",
              "bowler": "Mahmudullah",
              "non_striker": "L Ronchi",
              "runs": {
                "batter": 1,
                "extras": 0,
                "total": 1
              }
            }
          ]
        },
        {
          "over": 13,
          "deliveries": [
            {
              "batter": "AB Fudadin",
              "bowler": "KOK Williams",
              "non_striker": "L Ronchi",
              "runs": {
                "batter": 0,
                "extras": 0,
                "total": 0
              }
            },
            {
              "batter": "AB Fudadin",
              "bowler": "KOK Williams",
              "non_striker": "L Ronchi",
              "runs": {
                "batter": 0,
                "extras": 0,
                "total": 0
              }
            },
            {
              "batter": "AB Fudadin",
              "bowler": "KOK Williams",
              "non_striker": "L Ronchi",
              "runs": {
                "batter": 1,
                "extras": 0,
                "total": 1
              }
            },
            {
              "batter": "L Ronchi",
              "bowler": "KOK Williams",
              "non_striker": "AB Fudadin",
              "runs": {
                "batter": 1,
                "extras": 0,
                "total": 1
              }
            },
            {
              "batter": "AB Fudadin",
              "bowler": "KOK Williams",
              "non_striker": "L Ronchi",
              "runs": {
                "batter": 0,
                "extras": 0,
                "total": 0
              }
            },
            {
              "batter": "AB Fudadin",
              "bowler": "KOK Williams",
              "non_striker": "L Ronchi",
              "runs": {
                "batter": 1,
                "extras": 0,
                "total": 1
              }
            }
          ]
        },
        {
          "over": 14,
          "deliveries": [
            {
              "batter": "AB Fudadin",
              "bowler": "Mohammad Sami",
              "non_striker": "L Ronchi",
              "runs": {
                "batter": 0,
                "extras": 0,
                "total": 0
              }
            },
            {
              "batter": "AB Fudadin",
              "bowler": "Mohammad Sami",
              "non_striker": "L Ronchi",
              "runs": {
                "batter": 0,
                "extras": 0,
                "total": 0
              }
            },
            {
              "batter": "AB Fudadin",
              "bowler": "Mohammad Sami",
              "non_striker": "L Ronchi",
              "runs": {
                "batter": 0,
                "extras": 0,
                "total": 0
              }
            },
            {
              "batter": "AB Fudadin",
              "bowler": "Mohammad Sami",
              "non_striker": "L Ronchi",
              "runs": {
                "batter": 0,
                "extras": 0,
                "total": 0
              }
            },
            {
              "batter": "AB Fudadin",
              "bowler": "Mohammad Sami",
              "non_striker": "L Ronchi",
              "runs": {
                "batter": 1,
                "extras": 0,
                "total": 1
              }
            },
            {
              "batter": "L Ronchi",
              "bowler": "Mohammad Sami",
              "non_striker": "AB Fudadin",
              "runs": {
                "batter": 1,
                "extras": 0,
                "total": 1
              }
            }
          ]
        },
        {
          "over": 15,
          "deliveries": [
            {
              "batter": "L Ronchi",
              "bowler": "KOK Williams",
              "extras": {
                "legbyes": 1
              },
              "non_striker": "AB Fudadin",
              "runs": {
                "batter": 0,
                "extras": 1,
                "total": 1
              }
            },
            {
              "batter": "AB Fudadin",
              "bowler": "KOK Williams",
              "non_striker": "L Ronchi",
              "runs": {
                "batter": 6,
                "extras": 0,
                "total": 6
              }
            },
            {
              "batter": "AB Fudadin",
              "bowler": "KOK Williams",
              "non_striker": "L Ronchi",
              "runs": {
                "batter": 1,
                "extras": 0,
                "total": 1
              }
            },
            {
              "batter": "L Ronchi",
              "bowler": "KOK Williams",
              "non_striker": "AB Fudadin",
              "runs": {
                "batter": 1,
                "extras": 0,
                "total": 1
              }
            },
            {
              "batter": "AB Fudadin",
              "bowler": "KOK Williams",
              "non_striker": "L Ronchi",
              "runs": {
                "batter": 4,
                "extras": 0,
                "total": 4
              }
            },
            {
              "batter": "AB Fudadin",
              "bowler": "KOK Williams",
              "non_striker": "L Ronchi",
              "runs": {
                "batter": 1,
                "extras": 0,
                "total": 1
              }
            }
          ]
        },
        {
          "over": 16,
          "deliveries": [
            {
              "batter": "AB Fudadin",
              "bowler": "Mohammad Sami",
              "non_striker": "L Ronchi",
              "runs": {
                "batter": 1,
                "extras": 0,
                "total": 1
              }
            },
            {
              "batter": "L Ronchi",
              "bowler": "Mohammad Sami",
              "non_striker": "AB Fudadin",
              "runs": {
                "batter": 0,
                "extras": 0,
                "total": 0
              },
              "wickets": [
                {
                  "player_out": "L Ronchi",
                  "kind": "lbw"
                }
              ]
            },
            {
              "batter": "RS Primus",
              "bowler": "Mohammad Sami",
              "non_striker": "AB Fudadin",
              "runs": {
                "batter": 1,
                "extras": 0,
                "total": 1
              }
            },
            {
              "batter": "AB Fudadin",
              "bowler": "Mohammad Sami",
              "non_striker": "RS Primus",
              "runs": {
                "batter": 4,
                "extras": 0,
                "total": 4
              }
            },
            {
              "batter": "AB Fudadin",
              "bowler": "Mohammad Sami",
              "non_striker": "RS Primus",
              "runs": {
                "batter": 0,
                "extras": 0,
                "total": 0
              }
            },
            {
              "batter": "AB Fudadin",
              "bowler": "Mohammad Sami",
              "non_striker": "RS Primus",
              "runs": {
                "batter": 1,
                "extras": 0,
                "total": 1
              }
            }
          ]
        },
        {
          "over": 17,
          "deliveries": [
            {
              "batter": "AB Fudadin",
              "bowler": "K Santokie",
              "non_striker": "RS Primus",
              "runs": {
                "batter": 0,
                "extras": 0,
                "total": 0
              }
            },
            {
              "batter": "AB Fudadin",
              "bowler": "K Santokie",
              "non_striker": "RS Primus",
              "runs": {
                "batter": 0,
                "extras": 0,
                "total": 0
              }
            },
            {
              "batter": "AB Fudadin",
              "bowler": "K Santokie",
              "non_striker": "RS Primus",
              "runs": {
                "batter": 1,
                "extras": 0,
                "total": 1
              }
            },
            {
              "batter": "RS Primus",
              "bowler": "K Santokie",
              "non_striker": "AB Fudadin",
              "runs": {
                "batter": 1,
                "extras": 0,
                "total": 1
              }
            },
            {
              "batter": "AB Fudadin",
              "bowler": "K Santokie",
              "non_striker": "RS Primus",
              "runs": {
                "batter": 6,
                "extras": 0,
                "total": 6
              }
            }
          ]
        }
      ],
      "powerplays": [
        {
          "from": 0.1,
          "to": 5.7,
          "type": "mandatory"
        }
      ],
      "target": {
        "overs": 20,
        "runs": 169
      }
    }
  ]
}