{
  "meta": {
    "data_version": "1.0.0",
    "created": "2020-08-20",
    "revision": 1
  },
  "info": {
    "balls_per_over": 6,
    "city": "Trinidad",
    "dates": [
      "2017-09-09"
    ],
    "event": {
      "name": "Caribbean Premier League",
      "stage": "Final"
    },
    "gender": "male",
    "match_type": "T20",
    "officials": {
      "match_referees": [
        "D Govindjee"
      ],
      "reserve_umpires": [
        "K Kowlessar"
      ],
      "tv_umpires": [
        "JD Cloete"
      ],
      "umpires": [
        "L Rusere",
        "GO Brathwaite"
      ]
    },
    "outcome": {
      "winner": "Trinbago Knight Riders",
      "by": {
        "wickets": 3
      }
    },
    "overs": 20,
    "player_of_match": [
      "KK Cooper"
    ],
    "players": {
      "St Kitts and Nevis Patriots": [
        "CH Gayle",
        "E Lewis",
        "Mohammad Hafeez",
        "BA King",
        "JL Carter",
        "DC Thomas",
        "CR Brathwaite",
        "Mohammad Nabi",
        "BW Hilfenhaus",
        "SS Cottrell",
        "T Shamsi"
      ],
      "Trinbago Knight Riders": [
        "SP Narine",
        "C Munro",
        "DJ Bravo",
        "Hamza Tariq",
        "DM Bravo",
        "D Ramdin",
        "DT Christian",
        "JPR Scantlebury-Searles",
        "KK Cooper",
        "Yasir Shah",
        "RR Beaton"
      ]
    },
    "registry": {
      "people": {
        "BA King": "7fca84b7",
        "BW Hilfenhaus": "f3171936",
        "C Munro": "af2c687b",
        "CH Gayle": "db584dad",
        "CR Brathwaite": "e342e5fb",
        "D Govindjee": "8b4c4069",
        "D Ramdin": "d1523761",
        "DC Thomas": "08a4f9ad",
        "DJ Bravo": "87e562a9",
        "DM Bravo": "14b14cd8",
        "DT Christian": "2a2e6343",
        "E Lewis": "0ebfb1ad",
        "GO Brathwaite": "1ace56d4",
        "Hamza Tariq": "82e81007",
        "JD Cloete": "b0419f8c",
        "JL Carter": "0a9d8b61",
        "JPR Scantlebury-Searles": "99ed60f8",
        "K Kowlessar": "1f1345e7",
        "KK Cooper": "557153ca",
        "L Rusere": "6a4734ae",
        "Mohammad Hafeez": "9ab63e7b",
        "Mohammad Nabi": "62af8546",
        "RR Beaton": "684a56df",
        "SP Narine": "9d430b40",
        "SS Cottrell": "a1d053dd",
        "T Shamsi": "a03bba42",
        "Yasir Shah": "f2800ef3"
      }
    },
    "season": "2017",
    "team_type": "club",
    "teams": [
      "St Kitts and Nevis Patriots",
      "Trinbago Knight Riders"
    ],
    "toss": {
      "decision": "field",
      "winner": "Trinbago Knight Riders"
    },
    "venue": "Brian Lara Stadium, Tarouba"
  },
  "innings": [
    {
      "team": "St Kitts and Nevis Patriots",
      "overs": [
        {
          "over": 0,
          "deliveries": [
            {
              "batter": "CH Gayle",
              "bowler": "RR Beaton",
              "non_striker": "E Lewis",
              "runs": {
                "batter": 0,
                "extras": 0,
                "total": 0
              }
            },
            {
              "batter": "CH Gayle",
              "bowler": "RR Beaton",
              "non_striker": "E Lewis",
              "runs": {
                "batter": 0,
                "extras": 0,
                "total": 0
              }
            },
            {
              "batter": "CH Gayle",
              "bowler": "RR Beaton",
              "non_striker": "E Lewis",
              "runs": {
                "batter": 0,
                "extras": 0,
                "total": 0
              }
            },
            {
              "batter": "CH Gayle",
              "bowler": "RR Beaton",
              "non_striker": "E Lewis",
              "runs": {
                "batter": 0,
                "extras": 0,
                "total": 0
              }
            },
            {
              "batter": "CH Gayle",
              "bowler": "RR Beaton",
              "non_striker": "E Lewis",
              "runs": {
                "batter": 0,
                "extras": 0,
                "total": 0
              }
            },
            {
              "batter": "CH Gayle",
              "bowler": "RR Beaton",
              "non_striker": "E Lewis",
              "runs": {
                "batter": 1,
                "extras": 0,
                "total": 1
              }
            }
          ]
        },
        {
          "over": 1,
          "deliveries": [
            {
              "batter": "CH Gayle",
              "bowler": "JPR Scantlebury-Searles",
              "non_striker": "E Lewis",
              "runs": {
                "batter": 0,
                "extras": 0,
                "total": 0
              },
              "wickets": [
                {
                  "player_out": "CH Gayle",
                  "fielders": [
                    {
                      "name": "Yasir Shah"
                    }
                  ],
                  "kind": "caught"
                }
              ]
            },
            {
              "batter": "Mohammad Hafeez",
              "bowler": "JPR Scantlebury-Searles",
              "non_striker": "E Lewis",
              "runs": {
                "batter": 2,
                "extras": 0,
                "total": 2
              }
            },
            {
              "batter": "Mohammad Hafeez",
              "bowler": "JPR Scantlebury-Searles",
              "non_striker": "E Lewis",
              "runs": {
                "batter": 0,
                "extras": 0,
                "total": 0
              }
            },
            {
              "batter": "Mohammad Hafeez",
              "bowler": "JPR Scantlebury-Searles",
              "non_striker": "E Lewis",
              "runs": {
                "batter": 1,
                "extras": 0,
                "total": 1
              }
            },
            {
              "batter": "E Lewis",
              "bowler": "JPR Scantlebury-Searles",
              "non_striker": "Mohammad Hafeez",
              "runs": {
                "batter": 0,
                "extras": 0,
                "total": 0
              }
            },
            {
              "batter": "E Lewis",
              "bowler": "JPR Scantlebury-Searles",
              "non_striker": "Mohammad Hafeez",
              "runs": {
                "batter": 0,
                "extras": 0,
                "total": 0
              }
            }
          ]
        },
        {
          "over": 2,
          "deliveries": [
            {
              "batter": "Mohammad Hafeez",
              "bowler": "RR Beaton",
              "non_striker": "E Lewis",
              "runs": {
                "batter": 0,
                "extras": 0,
                "total": 0
              }
            },
            {
              "batter": "Mohammad Hafeez",
              "bowler": "RR Beaton",
              "non_striker": "E Lewis",
              "runs": {
                "batter": 1,
                "extras": 0,
                "total": 1
              }
            },
            {
              "batter": "E Lewis",
              "bowler": "RR Beaton",
              "non_striker": "Mohammad Hafeez",
              "runs": {
                "batter": 0,
                "extras": 0,
                "total": 0
              }
            },
            {
              "batter": "E Lewis",
              "bowler": "RR Beaton",
              "non_striker": "Mohammad Hafeez",
              "runs": {
                "batter": 2,
                "extras": 0,
                "total": 2
              }
            },
            {
              "batter": "E Lewis",
              "bowler": "RR Beaton",
              "non_striker": "Mohammad Hafeez",
              "runs": {
                "batter": 0,
                "extras": 0,
                "total": 0
              }
            },
            {
              "batter": "E Lewis",
              "bowler": "RR Beaton",
              "non_striker": "Mohammad Hafeez",
              "runs": {
                "batter": 1,
                "extras": 0,
                "total": 1
              }
            }
          ]
        },
        {
          "over": 3,
          "deliveries": [
            {
              "batter": "E Lewis",
              "bowler": "JPR Scantlebury-Searles",
              "non_striker": "Mohammad Hafeez",
              "runs": {
                "batter": 1,
                "extras": 0,
                "total": 1
              }
            },
            {
              "batter": "Mohammad Hafeez",
              "bowler": "JPR Scantlebury-Searles",
              "non_striker": "E Lewis",
              "runs": {
                "batter": 0,
                "extras": 0,
                "total": 0
              }
            },
            {
              "batter": "Mohammad Hafeez",
              "bowler": "JPR Scantlebury-Searles",
              "non_striker": "E Lewis",
              "runs": {
                "batter": 1,
                "extras": 0,
                "total": 1
              }
            },
            {
              "batter": "E Lewis",
              "bowler": "JPR Scantlebury-Searles",
              "non_striker": "Mohammad Hafeez",
              "runs": {
                "batter": 1,
                "extras": 0,
                "total": 1
              }
            },
            {
              "batter": "Mohammad Hafeez",
              "bowler": "JPR Scantlebury-Searles",
              "non_striker": "E Lewis",
              "runs": {
                "batter": 0,
                "extras": 0,
                "total": 0
              }
            },
            {
              "batter": "Mohammad Hafeez",
              "bowler": "JPR Scantlebury-Searles",
              "non_striker": "E Lewis",
              "runs": {
                "batter": 0,
                "extras": 0,
                "total": 0
              },
              "wickets": [
                {
                  "player_out": "Mohammad Hafeez",
                  "fielders": [
                    {
                      "name": "DT Christian"
                    }
                  ],
                  "kind": "caught"
                }
              ]
            }
          ]
        },
        {
          "over": 4,
          "deliveries": [
            {
              "batter": "E Lewis",
              "bowler": "DT Christian",
              "non_striker": "BA King",
              "runs": {
                "batter": 1,
                "extras": 0,
                "total": 1
              }
            },
            {
              "batter": "BA King",
              "bowler": "DT Christian",
              "non_striker": "E Lewis",
              "runs": {
                "batter": 0,
                "extras": 0,
                "total": 0
              }
            },
            {
              "batter": "BA King",
              "bowler": "DT Christian",
              "non_striker": "E Lewis",
              "runs": {
                "batter": 1,
                "extras": 0,
                "total": 1
              }
            },
            {
              "batter": "E Lewis",
              "bowler": "DT Christian",
              "non_striker": "BA King",
              "runs": {
                "batter": 4,
                "extras": 0,
                "total": 4
              }
            },
            {
              "batter": "E Lewis",
              "bowler": "DT Christian",
              "non_striker": "BA King",
              "runs": {
                "batter": 0,
                "extras": 0,
                "total": 0
              }
            },
            {
              "batter": "E Lewis",
              "bowler": "DT Christian",
              "non_striker": "BA King",
              "runs": {
                "batter": 0,
                "extras": 0,
                "total": 0
              }
            }
          ]
        },
        {
          "over": 5,
          "deliveries": [
            {
              "batter": "BA King",
              "bowler": "JPR Scantlebury-Searles",
              "extras": {
                "wides": 1
              },
              "non_striker": "E Lewis",
              "runs": {
                "batter": 0,
                "extras": 1,
                "total": 1
              }
            },
            {
              "batter": "BA King",
              "bowler": "JPR Scantlebury-Searles",
              "non_striker": "E Lewis",
              "runs": {
                "batter": 0,
                "extras": 0,
                "total": 0
              }
            },
            {
              "batter": "BA King",
              "bowler": "JPR Scantlebury-Searles",
              "non_striker": "E Lewis",
              "runs": {
                "batter": 0,
                "extras": 0,
                "total": 0
              }
            },
            {
              "batter": "BA King",
              "bowler": "JPR Scantlebury-Searles",
              "non_striker": "E Lewis",
              "runs": {
                "batter": 4,
                "extras": 0,
                "total": 4
              }
            },
            {
              "batter": "BA King",
              "bowler": "JPR Scantlebury-Searles",
              "non_striker": "E Lewis",
              "runs": {
                "batter": 0,
                "extras": 0,
                "total": 0
              }
            },
            {
              "batter": "BA King",
              "bowler": "JPR Scantlebury-Searles",
              "non_striker": "E Lewis",
              "runs": {
                "batter": 6,
                "extras": 0,
                "total": 6
              }
            },
            {
              "batter": "BA King",
              "bowler": "JPR Scantlebury-Searles",
              "non_striker": "E Lewis",
              "runs": {
                "batter": 0,
                "extras": 0,
                "total": 0
              }
            }
          ]
        },
        {
          "over": 6,
          "deliveries": [
            {
              "batter": "E Lewis",
              "bowler": "DT Christian",
              "non_striker": "BA King",
              "runs": {
                "batter": 4,
                "extras": 0,
                "total": 4
              }
            },
            {
              "batter": "E Lewis",
              "bowler": "DT Christian",
              "non_striker": "BA King",
              "runs": {
                "batter": 1,
                "extras": 0,
                "total": 1
              }
            },
            {
              "batter": "BA King",
              "bowler": "DT Christian",
              "non_striker": "E Lewis",
              "runs": {
                "batter": 1,
                "extras": 0,
                "total": 1
              }
            },
            {
              "batter": "E Lewis",
              "bowler": "DT Christian",
              "non_striker": "BA King",
              "runs": {
                "batter": 1,
                "extras": 0,
                "total": 1
              }
            },
            {
              "batter": "BA King",
              "bowler": "DT Christian",
              "non_striker": "E Lewis",
              "runs": {
                "batter": 0,
                "extras": 0,
                "total": 0
              }
            },
            {
              "batter": "BA King",
              "bowler": "DT Christian",
              "non_striker": "E Lewis",
              "runs": {
                "batter": 1,
                "extras": 0,
                "total": 1
              }
            }
          ]
        },
        {
          "over": 7,
          "deliveries": [
            {
              "batter": "BA King",
              "bowler": "SP Narine",
              "extras": {
                "legbyes": 1
              },
              "non_striker": "E Lewis",
              "runs": {
                "batter": 0,
                "extras": 1,
                "total": 1
              }
            },
            {
              "batter": "E Lewis",
              "bowler": "SP Narine",
              "non_striker": "BA King",
              "runs": {
                "batter": 0,
                "extras": 0,
                "total": 0
              },
              "wickets": [
                {
                  "player_out": "E Lewis",
                  "kind": "lbw"
                }
              ]
            },
            {
              "batter": "JL Carter",
              "bowler": "SP Narine",
              "non_striker": "BA King",
              "runs": {
                "batter": 0,
                "extras": 0,
                "total": 0
              }
            },
            {
              "batter": "JL Carter",
              "bowler": "SP Narine",
              "non_striker": "BA King",
              "runs": {
                "batter": 0,
                "extras": 0,
                "total": 0
              }
            },
            {
              "batter": "JL Carter",
              "bowler": "SP Narine",
              "non_striker": "BA King",
              "runs": {
                "batter": 0,
                "extras": 0,
                "total": 0
              }
            },
            {
              "batter": "JL Carter",
              "bowler": "SP Narine",
              "non_striker": "BA King",
              "runs": {
                "batter": 0,
                "extras": 0,
                "total": 0
              }
            }
          ]
        },
        {
          "over": 8,
          "deliveries": [
            {
              "batter": "BA King",
              "bowler": "DJ Bravo",
              "non_striker": "JL Carter",
              "runs": {
                "batter": 0,
                "extras": 0,
                "total": 0
              }
            },
            {
              "batter": "BA King",
              "bowler": "DJ Bravo",
              "non_striker": "JL Carter",
              "runs": {
                "batter": 1,
                "extras": 0,
                "total": 1
              }
            },
            {
              "batter": "JL Carter",
              "bowler": "DJ Bravo",
              "non_striker": "BA King",
              "runs": {
                "batter": 1,
                "extras": 0,
                "total": 1
              }
            },
            {
              "batter": "BA King",
              "bowler": "DJ Bravo",
              "non_striker": "JL Carter",
              "runs": {
                "batter": 2,
                "extras": 0,
                "total": 2
              }
            },
            {
              "batter": "BA King",
              "bowler": "DJ Bravo",
              "non_striker": "JL Carter",
              "runs": {
                "batter": 1,
                "extras": 0,
                "total": 1
              }
            },
            {
              "batter": "JL Carter",
              "bowler": "DJ Bravo",
              "non_striker": "BA King",
              "runs": {
                "batter": 0,
                "extras": 0,
                "total": 0
              }
            }
          ]
        },
        {
          "over": 9,
          "deliveries": [
            {
              "batter": "BA King",
              "bowler": "SP Narine",
              "non_striker": "JL Carter",
              "runs": {
                "batter": 0,
                "extras": 0,
                "total": 0
              }
            },
            {
              "batter": "BA King",
              "bowler": "SP Narine",
              "non_striker": "JL Carter",
              "runs": {
                "batter": 1,
                "extras": 0,
                "total": 1
              }
            },
            {
              "batter": "JL Carter",
              "bowler": "SP Narine",
              "non_striker": "BA King",
              "runs": {
                "batter": 1,
                "extras": 0,
                "total": 1
              }
            },
            {
              "batter": "BA King",
              "bowler": "SP Narine",
              "non_striker": "JL Carter",
              "runs": {
                "batter": 0,
                "extras": 0,
                "total": 0
              }
            },
            {
              "batter": "BA King",
              "bowler": "SP Narine",
              "non_striker": "JL Carter",
              "runs": {
                "batter": 1,
                "extras": 0,
                "total": 1
              }
            },
            {
              "batter": "JL Carter",
              "bowler": "SP Narine",
              "non_striker": "BA King",
              "runs": {
                "batter": 0,
                "extras": 0,
                "total": 0
              }
            }
          ]
        },
        {
          "over": 10,
          "deliveries": [
            {
              "batter": "BA King",
              "bowler": "KK Cooper",
              "non_striker": "JL Carter",
              "runs": {
                "batter": 0,
                "extras": 0,
                "total": 0
              },
              "wickets": [
                {
                  "player_out": "BA King",
                  "kind": "lbw"
                }
              ]
            },
            {
              "batter": "DC Thomas",
              "bowler": "KK Cooper",
              "non_striker": "JL Carter",
              "runs": {
                "batter": 1,
                "extras": 0,
                "total": 1
              }
            },
            {
              "batter": "JL Carter",
              "bowler": "KK Cooper",
              "non_striker": "DC Thomas",
              "runs": {
                "batter": 1,
                "extras": 0,
                "total": 1
              }
            },
            {
              "batter": "DC Thomas",
              "bowler": "KK Cooper",
              "non_striker": "JL Carter",
              "runs": {
                "batter": 1,
                "extras": 0,
                "total": 1
              }
            },
            {
              "batter": "JL Carter",
              "bowler": "KK Cooper",
              "non_striker": "DC Thomas",
              "runs": {
                "batter": 1,
                "extras": 0,
                "total": 1
              }
            },
            {
              "batter": "DC Thomas",
              "bowler": "KK Cooper",
              "non_striker": "JL Carter",
              "runs": {
                "batter": 1,
                "extras": 0,
                "total": 1
              }
            }
          ]
        },
        {
          "over": 11,
          "deliveries": [
            {
              "batter": "DC Thomas",
              "bowler": "Yasir Shah",
              "non_striker": "JL Carter",
              "runs": {
                "batter": 1,
                "extras": 0,
                "total": 1
              }
            },
            {
              "batter": "JL Carter",
              "bowler": "Yasir Shah",
              "non_striker": "DC Thomas",
              "runs": {
                "batter": 0,
                "extras": 0,
                "total": 0
              }
            },
            {
              "batter": "JL Carter",
              "bowler": "Yasir Shah",
              "non_striker": "DC Thomas",
              "runs": {
                "batter": 1,
                "extras": 0,
                "total": 1
              }
            },
            {
              "batter": "DC Thomas",
              "bowler": "Yasir Shah",
              "non_striker": "JL Carter",
              "runs": {
                "batter": 2,
                "extras": 0,
                "total": 2
              }
            },
            {
              "batter": "DC Thomas",
              "bowler": "Yasir Shah",
              "non_striker": "JL Carter",
              "runs": {
                "batter": 4,
                "extras": 0,
                "total": 4
              }
            },
            {
              "batter": "DC Thomas",
              "bowler": "Yasir Shah",
              "non_striker": "JL Carter",
              "runs": {
                "batter": 1,
                "extras": 0,
                "total": 1
              }
            }
          ]
        },
        {
          "over": 12,
          "deliveries": [
            {
              "batter": "DC Thomas",
              "bowler": "KK Cooper",
              "non_striker": "JL Carter",
              "runs": {
                "batter": 6,
                "extras": 0,
                "total": 6
              }
            },
            {
              "batter": "DC Thomas",
              "bowler": "KK Cooper",
              "non_striker": "JL Carter",
              "runs": {
                "batter": 0,
                "extras": 0,
                "total": 0
              },
              "wickets": [
                {
                  "player_out": "DC Thomas",
                  "fielders": [
                    {
                      "name": "Yasir Shah"
                    }
                  ],
                  "kind": "caught"
                }
              ]
            },
            {
              "batter": "CR Brathwaite",
              "bowler": "KK Cooper",
              "non_striker": "JL Carter",
              "runs": {
                "batter": 1,
                "extras": 0,
                "total": 1
              }
            },
            {
              "batter": "JL Carter",
              "bowler": "KK Cooper",
              "non_striker": "CR Brathwaite",
              "runs": {
                "batter": 0,
                "extras": 0,
                "total": 0
              }
            },
            {
              "batter": "JL Carter",
              "bowler": "KK Cooper",
              "non_striker": "CR Brathwaite",
              "runs": {
                "batter": 0,
                "extras": 0,
                "total": 0
              }
            },
            {
              "batter": "JL Carter",
              "bowler": "KK Cooper",
              "non_striker": "CR Brathwaite",
              "runs": {
                "batter": 0,
                "extras": 0,
                "total": 0
              }
            }
          ]
        },
        {
          "over": 13,
          "deliveries": [
            {
              "batter": "CR Brathwaite",
              "bowler": "SP Narine",
              "non_striker": "JL Carter",
              "runs": {
                "batter": 0,
                "extras": 0,
                "total": 0
              }
            },
            {
              "batter": "CR Brathwaite",
              "bowler": "SP Narine",
              "non_striker": "JL Carter",
              "runs": {
                "batter": 2,
                "extras": 0,
                "total": 2
              }
            },
            {
              "batter": "CR Brathwaite",
              "bowler": "SP Narine",
              "non_striker": "JL Carter",
              "runs": {
                "batter": 0,
                "extras": 0,
                "total": 0
              }
            },
            {
              "batter": "CR Brathwaite",
              "bowler": "SP Narine",
              "non_striker": "JL Carter",
              "runs": {
                "batter": 0,
                "extras": 0,
                "total": 0
              }
            },
            {
              "batter": "CR Brathwaite",
              "bowler": "SP Narine",
              "non_striker": "JL Carter",
              "runs": {
                "batter": 0,
                "extras": 0,
                "total": 0
              }
            },
            {
              "batter": "CR Brathwaite",
              "bowler": "SP Narine",
              "non_striker": "JL Carter",
              "runs": {
                "batter": 1,
                "extras": 0,
                "total": 1
              }
            }
          ]
        },
        {
          "over": 14,
          "deliveries": [
            {
              "batter": "CR Brathwaite",
              "bowler": "DT Christian",
              "non_striker": "JL Carter",
              "runs": {
                "batter": 2,
                "extras": 0,
                "total": 2
              }
            },
            {
              "batter": "CR Brathwaite",
              "bowler": "DT Christian",
              "non_striker": "JL Carter",
              "runs": {
                "batter": 1,
                "extras": 0,
                "total": 1
              }
            },
            {
              "batter": "JL Carter",
              "bowler": "DT Christian",
              "non_striker": "CR Brathwaite",
              "runs": {
                "batter": 2,
                "extras": 0,
                "total": 2
              }
            },
            {
              "batter": "JL Carter",
              "bowler": "DT Christian",
              "non_striker": "CR Brathwaite",
              "runs": {
                "batter": 0,
                "extras": 0,
                "total": 0
              }
            },
            {
              "batter": "JL Carter",
              "bowler": "DT Christian",
              "non_striker": "CR Brathwaite",
              "runs": {
                "batter": 1,
                "extras": 0,
                "total": 1
              }
            },
            {
              "batter": "CR Brathwaite",
              "bowler": "DT Christian",
              "non_striker": "JL Carter",
              "runs": {
                "batter": 1,
                "extras": 0,
                "total": 1
              }
            }
          ]
        },
        {
          "over": 15,
          "deliveries": [
            {
              "batter": "CR Brathwaite",
              "bowler": "SP Narine",
              "non_striker": "JL Carter",
              "runs": {
                "batter": 0,
                "extras": 0,
                "total": 0
              }
            },
            {
              "batter": "CR Brathwaite",
              "bowler": "SP Narine",
              "non_striker": "JL Carter",
              "runs": {
                "batter": 0,
                "extras": 0,
                "total": 0
              }
            },
            {
              "batter": "CR Brathwaite",
              "bowler": "SP Narine",
              "extras": {
                "noballs": 1
              },
              "non_striker": "JL Carter",
              "runs": {
                "batter": 0,
                "extras": 1,
                "total": 1
              }
            },
            {
              "batter": "CR Brathwaite",
              "bowler": "SP Narine",
              "non_striker": "JL Carter",
              "runs": {
                "batter": 0,
                "extras": 0,
                "total": 0
              }
            },
            {
              "batter": "CR Brathwaite",
              "bowler": "SP Narine",
              "extras": {
                "legbyes": 1
              },
              "non_striker": "JL Carter",
              "runs": {
                "batter": 0,
                "extras": 1,
                "total": 1
              }
            },
            {
              "batter": "JL Carter",
              "bowler": "SP Narine",
              "non_striker": "CR Brathwaite",
              "runs": {
                "batter": 0,
                "extras": 0,
                "total": 0
              }
            },
            {
              "batter": "JL Carter",
              "bowler": "SP Narine",
              "non_striker": "CR Brathwaite",
              "runs": {
                "batter": 1,
                "extras": 0,
                "total": 1
              }
            }
          ]
        },
        {
          "over": 16,
          "deliveries": [
            {
              "batter": "JL Carter",
              "bowler": "RR Beaton",
              "non_striker": "CR Brathwaite",
              "runs": {
                "batter": 1,
                "extras": 0,
                "total": 1
              }
            },
            {
              "batter": "CR Brathwaite",
              "bowler": "RR Beaton",
              "non_striker": "JL Carter",
              "runs": {
                "batter": 4,
                "extras": 0,
                "total": 4
              }
            },
            {
              "batter": "CR Brathwaite",
              "bowler": "RR Beaton",
              "non_striker": "JL Carter",
              "runs": {
                "batter": 1,
                "extras": 0,
                "total": 1
              }
            },
            {
              "batter": "JL Carter",
              "bowler": "RR Beaton",
              "non_striker": "CR Brathwaite",
              "runs": {
                "batter": 2,
                "extras": 0,
                "total": 2
              }
            },
            {
              "batter": "JL Carter",
              "bowler": "RR Beaton",
              "non_striker": "CR Brathwaite",
              "runs": {
                "batter": 1,
                "extras": 0,
                "total": 1
              }
            },
            {
              "batter": "CR Brathwaite",
              "bowler": "RR Beaton",
              "non_striker": "JL Carter",
              "runs": {
                "batter": 6,
                "extras": 0,
                "total": 6
              }
            }
          ]
        },
        {
          "over": 17,
          "deliveries": [
            {
              "batter": "JL Carter",
              "bowler": "JPR Scantlebury-Searles",
              "extras": {
                "noballs": 1
              },
              "non_striker": "CR Brathwaite",
              "runs": {
                "batter": 0,
                "extras": 1,
                "total": 1
              }
            },
            {
              "batter": "JL Carter",
              "bowler": "JPR Scantlebury-Searles",
              "non_striker": "CR Brathwaite",
              "runs": {
                "batter": 1,
                "extras": 0,
                "total": 1
              }
            },
            {
              "batter": "CR Brathwaite",
              "bowler": "JPR Scantlebury-Searles",
              "non_striker": "JL Carter",
              "runs": {
                "batter": 2,
                "extras": 0,
                "total": 2
              }
            },
            {
              "batter": "CR Brathwaite",
              "bowler": "JPR Scantlebury-Searles",
              "non_striker": "JL Carter",
              "runs": {
                "batter": 4,
                "extras": 0,
                "total": 4
              }
            },
            {
              "batter": "CR Brathwaite",
              "bowler": "JPR Scantlebury-Searles",
              "non_striker": "JL Carter",
              "runs": {
                "batter": 2,
                "extras": 0,
                "total": 2
              }
            },
            {
              "batter": "CR Brathwaite",
              "bowler": "JPR Scantlebury-Searles",
              "non_striker": "JL Carter",
              "runs": {
                "batter": 1,
                "extras": 0,
                "total": 1
              }
            },
            {
              "batter": "JL Carter",
              "bowler": "JPR Scantlebury-Searles",
              "non_striker": "CR Brathwaite",
              "runs": {
                "batter": 1,
                "extras": 0,
                "total": 1
              }
            }
          ]
        },
        {
          "over": 18,
          "deliveries": [
            {
              "batter": "JL Carter",
              "bowler": "RR Beaton",
              "non_striker": "CR Brathwaite",
              "runs": {
                "batter": 1,
                "extras": 0,
                "total": 1
              }
            },
            {
              "batter": "CR Brathwaite",
              "bowler": "RR Beaton",
              "non_striker": "JL Carter",
              "runs": {
                "batter": 1,
                "extras": 0,
                "total": 1
              }
            },
            {
              "batter": "JL Carter",
              "bowler": "RR Beaton",
              "non_striker": "CR Brathwaite",
              "runs": {
                "batter": 1,
                "extras": 0,
                "total": 1
              }
            },
            {
              "batter": "CR Brathwaite",
              "bowler": "RR Beaton",
              "extras": {
                "legbyes": 1
              },
              "non_striker": "JL Carter",
              "runs": {
                "batter": 0,
                "extras": 1,
                "total": 1
              }
            },
            {
              "batter": "JL Carter",
              "bowler": "RR Beaton",
              "non_striker": "CR Brathwaite",
              "runs": {
                "batter": 4,
                "extras": 0,
                "total": 4
              }
            },
            {
              "batter": "JL Carter",
              "bowler": "RR Beaton",
              "non_striker": "CR Brathwaite",
              "runs": {
                "batter": 0,
                "extras": 0,
                "total": 0
              },
              "wickets": [
                {
                  "player_out": "JL Carter",
                  "kind": "bowled"
                }
              ]
            }
          ]
        },
        {
          "over": 19,
          "deliveries": [
            {
              "batter": "CR Brathwaite",
              "bowler": "DJ Bravo",
              "non_striker": "Mohammad Nabi",
              "runs": {
                "batter": 1,
                "extras": 0,
                "total": 1
              }
            },
            {
              "batter": "Mohammad Nabi",
              "bowler": "DJ Bravo",
              "non_striker": "CR Brathwaite",
              "runs": {
                "batter": 6,
                "extras": 0,
                "total": 6
              }
            },
            {
              "batter": "Mohammad Nabi",
              "bowler": "DJ Bravo",
              "non_striker": "CR Brathwaite",
              "runs": {
                "batter": 6,
                "extras": 0,
                "total": 6
              }
            },
            {
              "batter": "Mohammad Nabi",
              "bowler": "DJ Bravo",
              "non_striker": "CR Brathwaite",
              "runs": {
                "batter": 2,
                "extras": 0,
                "total": 2
              }
            },
            {
              "batter": "Mohammad Nabi",
              "bowler": "DJ Bravo",
              "non_striker": "CR Brathwaite",
              "runs": {
                "batter": 4,
                "extras": 0,
                "total": 4
              }
            },
            {
              "batter": "Mohammad Nabi",
              "bowler": "DJ Bravo",
              "extras": {
                "byes": 2
              },
              "non_striker": "CR Brathwaite",
              "runs": {
                "batter": 0,
                "extras": 2,
                "total": 2
              }
            }
          ]
        }
      ],
      "powerplays": [
        {
          "from": 0.1,
          "to": 5.7,
          "type": "mandatory"
        }
      ]
    },
    {
      "team": "Trinbago Knight Riders",
      "overs": [
        {
          "over": 0,
          "deliveries": [
            {
              "batter": "SP Narine",
              "bowler": "BW Hilfenhaus",
              "extras": {
                "legbyes": 1
              },
              "non_striker": "C Munro",
              "runs": {
                "batter": 0,
                "extras": 1,
                "total": 1
              }
            },
            {
              "batter": "C Munro",
              "bowler": "BW Hilfenhaus",
              "extras": {
                "legbyes": 1
              },
              "non_striker": "SP Narine",
              "runs": {
                "batter": 0,
                "extras": 1,
                "total": 1
              }
            },
            {
              "batter": "SP Narine",
              "bowler": "BW Hilfenhaus",
              "non_striker": "C Munro",
              "runs": {
                "batter": 3,
                "extras": 0,
                "total": 3
              }
            },
            {
              "batter": "C Munro",
              "bowler": "BW Hilfenhaus",
              "non_striker": "SP Narine",
              "runs": {
                "batter": 0,
                "extras": 0,
                "total": 0
              }
            },
            {
              "batter": "C Munro",
              "bowler": "BW Hilfenhaus",
              "non_striker": "SP Narine",
              "runs": {
                "batter": 1,
                "extras": 0,
                "total": 1
              }
            },
            {
              "batter": "SP Narine",
              "bowler": "BW Hilfenhaus",
              "extras": {
                "legbyes": 4
              },
              "non_striker": "C Munro",
              "runs": {
                "batter": 0,
                "extras": 4,
                "total": 4
              }
            }
          ]
        },
        {
          "over": 1,
          "deliveries": [
            {
              "batter": "C Munro",
              "bowler": "SS Cottrell",
              "non_striker": "SP Narine",
              "runs": {
                "batter": 1,
                "extras": 0,
                "total": 1
              }
            },
            {
              "batter": "SP Narine",
              "bowler": "SS Cottrell",
              "non_striker": "C Munro",
              "runs": {
                "batter": 0,
                "extras": 0,
                "total": 0
              },
              "wickets": [
                {
                  "player_out": "SP Narine",
                  "kind": "caught and bowled"
                }
              ]
            },
            {
              "batter": "C Munro",
              "bowler": "SS Cottrell",
              "non_striker": "DJ Bravo",
              "runs": {
                "batter": 1,
                "extras": 0,
                "total": 1
              }
            },
            {
              "batter": "DJ Bravo",
              "bowler": "SS Cottrell",
              "non_striker": "C Munro",
              "runs": {
                "batter": 0,
                "extras": 0,
                "total": 0
              },
              "wickets": [
                {
                  "player_out": "DJ Bravo",
                  "kind": "bowled"
                }
              ]
            },
            {
              "batter": "Hamza Tariq",
              "bowler": "SS Cottrell",
              "non_striker": "C Munro",
              "runs": {
                "batter": 0,
                "extras": 0,
                "total": 0
              }
            },
            {
              "batter": "Hamza Tariq",
              "bowler": "SS Cottrell",
              "non_striker": "C Munro",
              "runs": {
                "batter": 1,
                "extras": 0,
                "total": 1
              }
            }
          ]
        },
        {
          "over": 2,
          "deliveries": [
            {
              "batter": "Hamza Tariq",
              "bowler": "BW Hilfenhaus",
              "non_striker": "C Munro",
              "runs": {
                "batter": 0,
                "extras": 0,
                "total": 0
              }
            },
            {
              "batter": "Hamza Tariq",
              "bowler": "BW Hilfenhaus",
              "non_striker": "C Munro",
              "runs": {
                "batter": 1,
                "extras": 0,
                "total": 1
              }
            },
            {
              "batter": "C Munro",
              "bowler": "BW Hilfenhaus",
              "non_striker": "Hamza Tariq",
              "runs": {
                "batter": 1,
                "extras": 0,
                "total": 1
              }
            },
            {
              "batter": "Hamza Tariq",
              "bowler": "BW Hilfenhaus",
              "non_striker": "C Munro",
              "runs": {
                "batter": 1,
                "extras": 0,
                "total": 1
              }
            },
            {
              "batter": "C Munro",
              "bowler": "BW Hilfenhaus",
              "non_striker": "Hamza Tariq",
              "runs": {
                "batter": 1,
                "extras": 0,
                "total": 1
              }
            },
            {
              "batter": "Hamza Tariq",
              "bowler": "BW Hilfenhaus",
              "non_striker": "C Munro",
              "runs": {
                "batter": 0,
                "extras": 0,
                "total": 0
              }
            }
          ]
        },
        {
          "over": 3,
          "deliveries": [
            {
              "batter": "C Munro",
              "bowler": "SS Cottrell",
              "non_striker": "Hamza Tariq",
              "runs": {
                "batter": 2,
                "extras": 0,
                "total": 2
              }
            },
            {
              "batter": "C Munro",
              "bowler": "SS Cottrell",
              "non_striker": "Hamza Tariq",
              "runs": {
                "batter": 0,
                "extras": 0,
                "total": 0
              }
            },
            {
              "batter": "C Munro",
              "bowler": "SS Cottrell",
              "non_striker": "Hamza Tariq",
              "runs": {
                "batter": 1,
                "extras": 0,
                "total": 1
              }
            },
            {
              "batter": "Hamza Tariq",
              "bowler": "SS Cottrell",
              "non_striker": "C Munro",
              "runs": {
                "batter": 1,
                "extras": 0,
                "total": 1
              }
            },
            {
              "batter": "C Munro",
              "bowler": "SS Cottrell",
              "extras": {
                "legbyes": 1
              },
              "non_striker": "Hamza Tariq",
              "runs": {
                "batter": 0,
                "extras": 1,
                "total": 1
              }
            },
            {
              "batter": "Hamza Tariq",
              "bowler": "SS Cottrell",
              "non_striker": "C Munro",
              "runs": {
                "batter": 4,
                "extras": 0,
                "total": 4
              }
            }
          ]
        },
        {
          "over": 4,
          "deliveries": [
            {
              "batter": "C Munro",
              "bowler": "Mohammad Hafeez",
              "non_striker": "Hamza Tariq",
              "runs": {
                "batter": 0,
                "extras": 0,
                "total": 0
              }
            },
            {
              "batter": "C Munro",
              "bowler": "Mohammad Hafeez",
              "non_striker": "Hamza Tariq",
              "runs": {
                "batter": 1,
                "extras": 0,
                "total": 1
              }
            },
            {
              "batter": "Hamza Tariq",
              "bowler": "Mohammad Hafeez",
              "non_striker": "C Munro",
              "runs": {
                "batter": 0,
                "extras": 0,
                "total": 0
              }
            },
            {
              "batter": "Hamza Tariq",
              "bowler": "Mohammad Hafeez",
              "non_striker": "C Munro",
              "runs": {
                "batter": 0,
                "extras": 0,
                "total": 0
              }
            },
            {
              "batter": "Hamza Tariq",
              "bowler": "Mohammad Hafeez",
              "non_striker": "C Munro",
              "runs": {
                "batter": 1,
                "extras": 0,
                "total": 1
              }
            },
            {
              "batter": "C Munro",
              "bowler": "Mohammad Hafeez",
              "non_striker": "Hamza Tariq",
              "runs": {
                "batter": 1,
                "extras": 0,
                "total": 1
              }
            }
          ]
        },
        {
          "over": 5,
          "deliveries": [
            {
              "batter": "C Munro",
              "bowler": "Mohammad Nabi",
              "non_striker": "Hamza Tariq",
              "runs": {
                "batter": 6,
                "extras": 0,
                "total": 6
              }
            },
            {
              "batter": "C Munro",
              "bowler": "Mohammad Nabi",
              "non_striker": "Hamza Tariq",
              "runs": {
                "batter": 0,
                "extras": 0,
                "total": 0
              }
            },
            {
              "batter": "C Munro",
              "bowler": "Mohammad Nabi",
              "non_striker": "Hamza Tariq",
              "runs": {
                "batter": 6,
                "extras": 0,
                "total": 6
              }
            },
            {
              "batter": "C Munro",
              "bowler": "Mohammad Nabi",
              "non_striker": "Hamza Tariq",
              "runs": {
                "batter": 0,
                "extras": 0,
                "total": 0
              }
            },
            {
              "batter": "C Munro",
              "bowler": "Mohammad Nabi",
              "non_striker": "Hamza Tariq",
              "runs": {
                "batter": 6,
                "extras": 0,
                "total": 6
              }
            },
            {
              "batter": "C Munro",
              "bowler": "Mohammad Nabi",
              "non_striker": "Hamza Tariq",
              "runs": {
                "batter": 1,
                "extras": 0,
                "total": 1
              }
            }
          ]
        },
        {
          "over": 6,
          "deliveries": [
            {
              "batter": "C Munro",
              "bowler": "Mohammad Hafeez",
              "non_striker": "Hamza Tariq",
              "runs": {
                "batter": 0,
                "extras": 0,
                "total": 0
              }
            },
            {
              "batter": "C Munro",
              "bowler": "Mohammad Hafeez",
              "non_striker": "Hamza Tariq",
              "runs": {
                "batter": 0,
                "extras": 0,
                "total": 0
              }
            },
            {
              "batter": "C Munro",
              "bowler": "Mohammad Hafeez",
              "non_striker": "Hamza Tariq",
              "runs": {
                "batter": 0,
                "extras": 0,
                "total": 0
              },
              "wickets": [
                {
                  "player_out": "C Munro",
                  "fielders": [
                    {
                      "name": "E Lewis"
                    }
                  ],
                  "kind": "caught"
                }
              ]
            },
            {
              "batter": "Hamza Tariq",
              "bowler": "Mohammad Hafeez",
              "non_striker": "DM Bravo",
              "runs": {
                "batter": 1,
                "extras": 0,
                "total": 1
              }
            },
            {
              "batter": "DM Bravo",
              "bowler": "Mohammad Hafeez",
              "non_striker": "Hamza Tariq",
              "runs": {
                "batter": 0,
                "extras": 0,
                "total": 0
              }
            },
            {
              "batter": "DM Bravo",
              "bowler": "Mohammad Hafeez",
              "non_striker": "Hamza Tariq",
              "runs": {
                "batter": 0,
                "extras": 0,
                "total": 0
              }
            }
          ]
        },
        {
          "over": 7,
          "deliveries": [
            {
              "batter": "Hamza Tariq",
              "bowler": "CR Brathwaite",
              "non_striker": "DM Bravo",
              "runs": {
                "batter": 1,
                "extras": 0,
                "total": 1
              }
            },
            {
              "batter": "DM Bravo",
              "bowler": "CR Brathwaite",
              "non_striker": "Hamza Tariq",
              "runs": {
                "batter": 0,
                "extras": 0,
                "total": 0
              }
            },
            {
              "batter": "DM Bravo",
              "bowler": "CR Brathwaite",
              "non_striker": "Hamza Tariq",
              "runs": {
                "batter": 1,
                "extras": 0,
                "total": 1
              }
            },
            {
              "batter": "Hamza Tariq",
              "bowler": "CR Brathwaite",
              "non_striker": "DM Bravo",
              "runs": {
                "batter": 0,
                "extras": 0,
                "total": 0
              }
            },
            {
              "batter": "Hamza Tariq",
              "bowler": "CR Brathwaite",
              "non_striker": "DM Bravo",
              "runs": {
                "batter": 1,
                "extras": 0,
                "total": 1
              }
            },
            {
              "batter": "DM Bravo",
              "bowler": "CR Brathwaite",
              "non_striker": "Hamza Tariq",
              "runs": {
                "batter": 0,
                "extras": 0,
                "total": 0
              }
            }
          ]
        },
        {
          "over": 8,
          "deliveries": [
            {
              "batter": "Hamza Tariq",
              "bowler": "Mohammad Hafeez",
              "non_striker": "DM Bravo",
              "runs": {
                "batter": 1,
                "extras": 0,
                "total": 1
              }
            },
            {
              "batter": "DM Bravo",
              "bowler": "Mohammad Hafeez",
              "non_striker": "Hamza Tariq",
              "runs": {
                "batter": 0,
                "extras": 0,
                "total": 0
              },
              "wickets": [
                {
                  "player_out": "DM Bravo",
                  "kind": "lbw"
                }
              ]
            },
            {
              "batter": "D Ramdin",
              "bowler": "Mohammad Hafeez",
              "non_striker": "Hamza Tariq",
              "runs": {
                "batter": 1,
                "extras": 0,
                "total": 1
              }
            },
            {
              "batter": "Hamza Tariq",
              "bowler": "Mohammad Hafeez",
              "non_striker": "D Ramdin",
              "runs": {
                "batter": 1,
                "extras": 0,
                "total": 1
              }
            },
            {
              "batter": "D Ramdin",
              "bowler": "Mohammad Hafeez",
              "non_striker": "Hamza Tariq",
              "runs": {
                "batter": 1,
                "extras": 0,
                "total": 1
              }
            },
            {
              "batter": "Hamza Tariq",
              "bowler": "Mohammad Hafeez",
              "non_striker": "D Ramdin",
              "runs": {
                "batter": 2,
                "extras": 0,
                "total": 2
              }
            }
          ]
        },
        {
          "over": 9,
          "deliveries": [
            {
              "batter": "D Ramdin",
              "bowler": "CR Brathwaite",
              "non_striker": "Hamza Tariq",
              "runs": {
                "batter": 1,
                "extras": 0,
                "total": 1
              }
            },
            {
              "batter": "Hamza Tariq",
              "bowler": "CR Brathwaite",
              "extras": {
                "legbyes": 1
              },
              "non_striker": "D Ramdin",
              "runs": {
                "batter": 0,
                "extras": 1,
                "total": 1
              }
            },
            {
              "batter": "D Ramdin",
              "bowler": "CR Brathwaite",
              "non_striker": "Hamza Tariq",
              "runs": {
                "batter": 0,
                "extras": 0,
                "total": 0
              }
            },
            {
              "batter": "D Ramdin",
              "bowler": "CR Brathwaite",
              "non_striker": "Hamza Tariq",
              "runs": {
                "batter": 1,
                "extras": 0,
                "total": 1
              }
            },
            {
              "batter": "Hamza Tariq",
              "bowler": "CR Brathwaite",
              "non_striker": "D Ramdin",
              "runs": {
                "batter": 1,
                "extras": 0,
                "total": 1
              }
            },
            {
              "batter": "D Ramdin",
              "bowler": "CR Brathwaite",
              "non_striker": "Hamza Tariq",
              "runs": {
                "batter": 2,
                "extras": 0,
                "total": 2
              }
            }
          ]
        },
        {
          "over": 10,
          "deliveries": [
            {
              "batter": "Hamza Tariq",
              "bowler": "T Shamsi",
              "extras": {
                "wides": 1
              },
              "non_striker": "D Ramdin",
              "runs": {
                "batter": 0,
                "extras": 1,
                "total": 1
              }
            },
            {
              "batter": "Hamza Tariq",
              "bowler": "T Shamsi",
              "non_striker": "D Ramdin",
              "runs": {
                "batter": 1,
                "extras": 0,
                "total": 1
              }
            },
            {
              "batter": "D Ramdin",
              "bowler": "T Shamsi",
              "non_striker": "Hamza Tariq",
              "runs": {
                "batter": 1,
                "extras": 0,
                "total": 1
              }
            },
            {
              "batter": "Hamza Tariq",
              "bowler": "T Shamsi",
              "non_striker": "D Ramdin",
              "runs": {
                "batter": 0,
                "extras": 0,
                "total": 0
              },
              "wickets": [
                {
                  "player_out": "Hamza Tariq",
                  "fielders": [
                    {
                      "name": "BA King"
                    }
                  ],
                  "kind": "caught"
                }
              ]
            },
            {
              "batter": "DT Christian",
              "bowler": "T Shamsi",
              "non_striker": "D Ramdin",
              "runs": {
                "batter": 1,
                "extras": 0,
                "total": 1
              }
            },
            {
              "batter": "D Ramdin",
              "bowler": "T Shamsi",
              "non_striker": "DT Christian",
              "runs": {
                "batter": 1,
                "extras": 0,
                "total": 1
              }
            },
            {
              "batter": "DT Christian",
              "bowler": "T Shamsi",
              "non_striker": "D Ramdin",
              "runs": {
                "batter": 0,
                "extras": 0,
                "total": 0
              }
            }
          ]
        },
        {
          "over": 11,
          "deliveries": [
            {
              "batter": "D Ramdin",
              "bowler": "Mohammad Hafeez",
              "non_striker": "DT Christian",
              "runs": {
                "batter": 1,
                "extras": 0,
                "total": 1
              }
            },
            {
              "batter": "DT Christian",
              "bowler": "Mohammad Hafeez",
              "non_striker": "D Ramdin",
              "runs": {
                "batter": 2,
                "extras": 0,
                "total": 2
              }
            },
            {
              "batter": "DT Christian",
              "bowler": "Mohammad Hafeez",
              "non_striker": "D Ramdin",
              "runs": {
                "batter": 0,
                "extras": 0,
                "total": 0
              }
            },
            {
              "batter": "DT Christian",
              "bowler": "Mohammad Hafeez",
              "non_striker": "D Ramdin",
              "runs": {
                "batter": 4,
                "extras": 0,
                "total": 4
              }
            },
            {
              "batter": "DT Christian",
              "bowler": "Mohammad Hafeez",
              "non_striker": "D Ramdin",
              "runs": {
                "batter": 1,
                "extras": 0,
                "total": 1
              },
              "wickets": [
                {
                  "player_out": "DT Christian",
                  "kind": "run out"
                }
              ]
            },
            {
              "batter": "JPR Scantlebury-Searles",
              "bowler": "Mohammad Hafeez",
              "non_striker": "D Ramdin",
              "runs": {
                "batter": 1,
                "extras": 0,
                "total": 1
              }
            }
          ]
        },
        {
          "over": 12,
          "deliveries": [
            {
              "batter": "JPR Scantlebury-Searles",
              "bowler": "T Shamsi",
              "non_striker": "D Ramdin",
              "runs": {
                "batter": 1,
                "extras": 0,
                "total": 1
              }
            },
            {
              "batter": "D Ramdin",
              "bowler": "T Shamsi",
              "extras": {
                "wides": 5
              },
              "non_striker": "JPR Scantlebury-Searles",
              "runs": {
                "batter": 0,
                "extras": 5,
                "total": 5
              }
            },
            {
              "batter": "D Ramdin",
              "bowler": "T Shamsi",
              "non_striker": "JPR Scantlebury-Searles",
              "runs": {
                "batter": 0,
                "extras": 0,
                "total": 0
              }
            },
            {
              "batter": "D Ramdin",
              "bowler": "T Shamsi",
              "non_striker": "JPR Scantlebury-Searles",
              "runs": {
                "batter": 0,
                "extras": 0,
                "total": 0
              }
            },
            {
              "batter": "D Ramdin",
              "bowler": "T Shamsi",
              "non_striker": "JPR Scantlebury-Searles",
              "runs": {
                "batter": 1,
                "extras": 0,
                "total": 1
              }
            },
            {
              "batter": "JPR Scantlebury-Searles",
              "bowler": "T Shamsi",
              "non_striker": "D Ramdin",
              "runs": {
                "batter": 0,
                "extras": 0,
                "total": 0
              }
            },
            {
              "batter": "JPR Scantlebury-Searles",
              "bowler": "T Shamsi",
              "non_striker": "D Ramdin",
              "runs": {
                "batter": 0,
                "extras": 0,
                "total": 0
              }
            }
          ]
        },
        {
          "over": 13,
          "deliveries": [
            {
              "batter": "D Ramdin",
              "bowler": "CR Brathwaite",
              "non_striker": "JPR Scantlebury-Searles",
              "runs": {
                "batter": 0,
                "extras": 0,
                "total": 0
              }
            },
            {
              "batter": "D Ramdin",
              "bowler": "CR Brathwaite",
              "extras": {
                "wides": 1
              },
              "non_striker": "JPR Scantlebury-Searles",
              "runs": {
                "batter": 0,
                "extras": 1,
                "total": 1
              }
            },
            {
              "batter": "D Ramdin",
              "bowler": "CR Brathwaite",
              "non_striker": "JPR Scantlebury-Searles",
              "runs": {
                "batter": 2,
                "extras": 0,
                "total": 2
              }
            },
            {
              "batter": "D Ramdin",
              "bowler": "CR Brathwaite",
              "non_striker": "JPR Scantlebury-Searles",
              "runs": {
                "batter": 1,
                "extras": 0,
                "total": 1
              }
            },
            {
              "batter": "JPR Scantlebury-Searles",
              "bowler": "CR Brathwaite",
              "non_striker": "D Ramdin",
              "runs": {
                "batter": 0,
                "extras": 0,
                "total": 0
              }
            },
            {
              "batter": "JPR Scantlebury-Searles",
              "bowler": "CR Brathwaite",
              "non_striker": "D Ramdin",
              "runs": {
                "batter": 0,
                "extras": 0,
                "total": 0
              }
            },
            {
              "batter": "JPR Scantlebury-Searles",
              "bowler": "CR Brathwaite",
              "non_striker": "D Ramdin",
              "runs": {
                "batter": 0,
                "extras": 0,
                "total": 0
              }
            }
          ]
        },
        {
          "over": 14,
          "deliveries": [
            {
              "batter": "D Ramdin",
              "bowler": "T Shamsi",
              "non_striker": "JPR Scantlebury-Searles",
              "runs": {
                "batter": 1,
                "extras": 0,
                "total": 1
              }
            },
            {
              "batter": "JPR Scantlebury-Searles",
              "bowler": "T Shamsi",
              "non_striker": "D Ramdin",
              "runs": {
                "batter": 0,
                "extras": 0,
                "total": 0
              },
              "wickets": [
                {
                  "player_out": "JPR Scantlebury-Searles",
                  "fielders": [
                    {
                      "name": "E Lewis"
                    }
                  ],
                  "kind": "caught"
                }
              ]
            },
            {
              "batter": "D Ramdin",
              "bowler": "T Shamsi",
              "non_striker": "KK Cooper",
              "runs": {
                "batter": 0,
                "extras": 0,
                "total": 0
              }
            },
            {
              "batter": "D Ramdin",
              "bowler": "T Shamsi",
              "non_striker": "KK Cooper",
              "runs": {
                "batter": 1,
                "extras": 0,
                "total": 1
              }
            },
            {
              "batter": "KK Cooper",
              "bowler": "T Shamsi",
              "non_striker": "D Ramdin",
              "runs": {
                "batter": 1,
                "extras": 0,
                "total": 1
              }
            },
            {
              "batter": "D Ramdin",
              "bowler": "T Shamsi",
              "non_striker": "KK Cooper",
              "runs": {
                "batter": 1,
                "extras": 0,
                "total": 1
              }
            }
          ]
        },
        {
          "over": 15,
          "deliveries": [
            {
              "batter": "D Ramdin",
              "bowler": "CR Brathwaite",
              "non_striker": "KK Cooper",
              "runs": {
                "batter": 1,
                "extras": 0,
                "total": 1
              }
            },
            {
              "batter": "KK Cooper",
              "bowler": "CR Brathwaite",
              "non_striker": "D Ramdin",
              "runs": {
                "batter": 1,
                "extras": 0,
                "total": 1
              }
            },
            {
              "batter": "D Ramdin",
              "bowler": "CR Brathwaite",
              "non_striker": "KK Cooper",
              "runs": {
                "batter": 0,
                "extras": 0,
                "total": 0
              }
            },
            {
              "batter": "D Ramdin",
              "bowler": "CR Brathwaite",
              "non_striker": "KK Cooper",
              "runs": {
                "batter": 1,
                "extras": 0,
                "total": 1
              }
            },
            {
              "batter": "KK Cooper",
              "bowler": "CR Brathwaite",
              "non_striker": "D Ramdin",
              "runs": {
                "batter": 1,
                "extras": 0,
                "total": 1
              }
            },
            {
              "batter": "D Ramdin",
              "bowler": "CR Brathwaite",
              "non_striker": "KK Cooper",
              "runs": {
                "batter": 1,
                "extras": 0,
                "total": 1
              }
            }
          ]
        },
        {
          "over": 16,
          "deliveries": [
            {
              "batter": "D Ramdin",
              "bowler": "T Shamsi",
              "non_striker": "KK Cooper",
              "runs": {
                "batter": 0,
                "extras": 0,
                "total": 0
              }
            },
            {
              "batter": "D Ramdin",
              "bowler": "T Shamsi",
              "non_striker": "KK Cooper",
              "runs": {
                "batter": 1,
                "extras": 0,
                "total": 1
              }
            },
            {
              "batter": "KK Cooper",
              "bowler": "T Shamsi",
              "non_striker": "D Ramdin",
              "runs": {
                "batter": 0,
                "extras": 0,
                "total": 0
              }
            },
            {
              "batter": "KK Cooper",
              "bowler": "T Shamsi",
              "non_striker": "D Ramdin",
              "runs": {
                "batter": 2,
                "extras": 0,
                "total": 2
              }
            },
            {
              "batter": "KK Cooper",
              "bowler": "T Shamsi",
              "extras": {
                "legbyes": 1
              },
              "non_striker": "D Ramdin",
              "runs": {
                "batter": 0,
                "extras": 1,
                "total": 1
              }
            },
            {
              "batter": "D Ramdin",
              "bowler": "T Shamsi",
              "non_striker": "KK Cooper",
              "runs": {
                "batter": 1,
                "extras": 0,
                "total": 1
              }
            }
          ]
        },
        {
          "over": 17,
          "deliveries": [
            {
              "batter": "D Ramdin",
              "bowler": "SS Cottrell",
              "non_striker": "KK Cooper",
              "runs": {
                "batter": 1,
                "extras": 0,
                "total": 1
              }
            },
            {
              "batter": "KK Cooper",
              "bowler": "SS Cottrell",
              "extras": {
                "legbyes": 1
              },
              "non_striker": "D Ramdin",
              "runs": {
                "batter": 0,
                "extras": 1,
                "total": 1
              }
            },
            {
              "batter": "D Ramdin",
              "bowler": "SS Cottrell",
              "non_striker": "KK Cooper",
              "runs": {
                "batter": 1,
                "extras": 0,
                "total": 1
              }
            },
            {
              "batter": "KK Cooper",
              "bowler": "SS Cottrell",
              "non_striker": "D Ramdin",
              "runs": {
                "batter": 1,
                "extras": 0,
                "total": 1
              }
            },
            {
              "batter": "D Ramdin",
              "bowler": "SS Cottrell",
              "non_striker": "KK Cooper",
              "runs": {
                "batter": 1,
                "extras": 0,
                "total": 1
              }
            },
            {
              "batter": "KK Cooper",
              "bowler": "SS Cottrell",
              "non_striker": "D Ramdin",
              "runs": {
                "batter": 6,
                "extras": 0,
                "total": 6
              }
            }
          ]
        },
        {
          "over": 18,
          "deliveries": [
            {
              "batter": "D Ramdin",
              "bowler": "BW Hilfenhaus",
              "non_striker": "KK Cooper",
              "runs": {
                "batter": 1,
                "extras": 0,
                "total": 1
              }
            },
            {
              "batter": "KK Cooper",
              "bowler": "BW Hilfenhaus",
              "extras": {
                "wides": 1
              },
              "non_striker": "D Ramdin",
              "runs": {
                "batter": 0,
                "extras": 1,
                "total": 1
              }
            },
            {
              "batter": "KK Cooper",
              "bowler": "BW Hilfenhaus",
              "extras": {
                "wides": 1
              },
              "non_striker": "D Ramdin",
              "runs": {
                "batter": 0,
                "extras": 1,
                "total": 1
              }
            },
            {
              "batter": "KK Cooper",
              "bowler": "BW Hilfenhaus",
              "non_striker": "D Ramdin",
              "runs": {
                "batter": 2,
                "extras": 0,
                "total": 2
              }
            },
            {
              "batter": "KK Cooper",
              "bowler": "BW Hilfenhaus",
              "extras": {
                "noballs": 1
              },
              "non_striker": "D Ramdin",
              "runs": {
                "batter": 6,
                "extras": 1,
                "total": 7
              }
            },
            {
              "batter": "KK Cooper",
              "bowler": "BW Hilfenhaus",
              "non_striker": "D Ramdin",
              "runs": {
                "batter": 4,
                "extras": 0,
                "total": 4
              }
            },
            {
              "batter": "KK Cooper",
              "bowler": "BW Hilfenhaus",
              "non_striker": "D Ramdin",
              "runs": {
                "batter": 4,
                "extras": 0,
                "total": 4
              }
            },
            {
              "batter": "KK Cooper",
              "bowler": "BW Hilfenhaus",
              "non_striker": "D Ramdin",
              "runs": {
                "batter": 1,
                "extras": 0,
                "total": 1
              }
            },
            {
              "batter": "D Ramdin",
              "bowler": "BW Hilfenhaus",
              "non_striker": "KK Cooper",
              "runs": {
                "batter": 1,
                "extras": 0,
                "total": 1
              }
            }
          ]
        }
      ],
      "powerplays": [
        {
          "from": 0.1,
          "to": 5.6,
          "type": "mandatory"
        }
      ],
      "target": {
        "overs": 20,
        "runs": 136
      }
    }
  ]
}