{
  "meta": {
    "data_version": "1.0.0",
    "created": "2020-08-20",
    "revision": 1
  },
  "info": {
    "balls_per_over": 6,
    "city": "Jamaica",
    "dates": [
      "2017-08-25"
    ],
    "event": {
      "name": "Caribbean Premier League",
      "match_number": 23
    },
    "gender": "male",
    "match_type": "T20",
    "officials": {
      "match_referees": [
        "Denavon Hayles"
      ],
      "reserve_umpires": [
        "Verdayne Smith"
      ],
      "tv_umpires": [
        "L Rusere"
      ],
      "umpires": [
        "N Duguid",
        "GO Brathwaite"
      ]
    },
    "outcome": {
      "winner": "Jamaica Tallawahs",
      "by": {
        "wickets": 6
      }
    },
    "overs": 20,
    "player_of_match": [
      "KC Sangakkara"
    ],
    "players": {
      "St Lucia Stars": [
        "ADS Fletcher",
        "RRS Cornwall",
        "SR Watson",
        "MN Samuels",
        "J Charles",
        "DJG Sammy",
        "KR Mayers",
        "S Shillingford",
        "JE Taylor",
        "SW Ambris",
        "OC McCoy"
      ],
      "Jamaica Tallawahs": [
        "LMP Simmons",
        "GD Phillips",
        "KC Sangakkara",
        "AM McCarthy",
        "R Powell",
        "Mahmudullah",
        "JA Foo",
        "GE Mathurin",
        "K Santokie",
        "KOK Williams",
        "Mohammad Sami"
      ]
    },
    "registry": {
      "people": {
        "ADS Fletcher": "1bae756b",
        "AM McCarthy": "7f148ce7",
        "DJG Sammy": "c03c6200",
        "Denavon Hayles": "5cbeeb02",
        "GD Phillips": "9a46c4e5",
        "GE Mathurin": "b67bfaae",
        "GO Brathwaite": "1ace56d4",
        "J Charles": "09a9d073",
        "JA Foo": "7cfb697c",
        "JE Taylor": "4180d897",
        "K Santokie": "531f0278",
        "KC Sangakkara": "6b71e6cf",
        "KOK Williams": "78cb83f3",
        "KR Mayers": "73c18486",
        "L Rusere": "6a4734ae",
        "LMP Simmons": "89f64c19",
        "MN Samuels": "f846de6a",
        "Mahmudullah": "bf1d7d3e",
        "Mohammad Sami": "68ddabdb",
        "N Duguid": "64495506",
        "OC McCoy": "529eb9e0",
        "R Powell": "650d5e49",
        "RRS Cornwall": "c4d9634c",
        "S Shillingford": "d76b0d2d",
        "SR Watson": "4329fbb5",
        "SW Ambris": "c7f6dd3b",
        "Verdayne Smith": "6e1a8b04"
      }
    },
    "season": "2017",
    "team_type": "club",
    "teams": [
      "St Lucia Stars",
      "Jamaica Tallawahs"
    ],
    "toss": {
      "decision": "field",
      "winner": "Jamaica Tallawahs"
    },
    "venue": "Sabina Park, Kingston"
  },
  "innings": [
    {
      "team": "St Lucia Stars",
      "overs": [
        {
          "over": 0,
          "deliveries": [
            {
              "batter": "ADS Fletcher",
              "bowler": "K Santokie",
              "non_striker": "RRS Cornwall",
              "runs": {
                "batter": 0,
                "extras": 0,
                "total": 0
              }
            },
            {
              "batter": "ADS Fletcher",
              "bowler": "K Santokie",
              "non_striker": "RRS Cornwall",
              "runs": {
                "batter": 0,
                "extras": 0,
                "total": 0
              }
            },
            {
              "batter": "ADS Fletcher",
              "bowler": "K Santokie",
              "non_striker": "RRS Cornwall",
              "runs": {
                "batter": 1,
                "extras": 0,
                "total": 1
              }
            },
            {
              "batter": "RRS Cornwall",
              "bowler": "K Santokie",
              "non_striker": "ADS Fletcher",
              "runs": {
                "batter": 0,
                "extras": 0,
                "total": 0
              }
            },
            {
              "batter": "RRS Cornwall",
              "bowler": "K Santokie",
              "non_striker": "ADS Fletcher",
              "runs": {
                "batter": 1,
                "extras": 0,
                "total": 1
              }
            },
            {
              "batter": "ADS Fletcher",
              "bowler": "K Santokie",
              "non_striker": "RRS Cornwall",
              "runs": {
                "batter": 0,
                "extras": 0,
                "total": 0
              }
            }
          ]
        },
        {
          "over": 1,
          "deliveries": [
            {
              "batter": "RRS Cornwall",
              "bowler": "Mohammad Sami",
              "non_striker": "ADS Fletcher",
              "runs": {
                "batter": 4,
                "extras": 0,
                "total": 4
              }
            },
            {
              "batter": "RRS Cornwall",
              "bowler": "Mohammad Sami",
              "non_striker": "ADS Fletcher",
              "runs": {
                "batter": 0,
                "extras": 0,
                "total": 0
              }
            },
            {
              "batter": "RRS Cornwall",
              "bowler": "Mohammad Sami",
              "non_striker": "ADS Fletcher",
              "runs": {
                "batter": 2,
                "extras": 0,
                "total": 2
              }
            },
            {
              "batter": "RRS Cornwall",
              "bowler": "Mohammad Sami",
              "non_striker": "ADS Fletcher",
              "runs": {
                "batter": 0,
                "extras": 0,
                "total": 0
              }
            },
            {
              "batter": "RRS Cornwall",
              "bowler": "Mohammad Sami",
              "extras": {
                "legbyes": 1
              },
              "non_striker": "ADS Fletcher",
              "runs": {
                "batter": 0,
                "extras": 1,
                "total": 1
              }
            },
            {
              "batter": "ADS Fletcher",
              "bowler": "Mohammad Sami",
              "extras": {
                "wides": 1
              },
              "non_striker": "RRS Cornwall",
              "runs": {
                "batter": 0,
                "extras": 1,
                "total": 1
              }
            },
            {
              "batter": "ADS Fletcher",
              "bowler": "Mohammad Sami",
              "non_striker": "RRS Cornwall",
              "runs": {
                "batter": 0,
                "extras": 0,
                "total": 0
              }
            }
          ]
        },
        {
          "over": 2,
          "deliveries": [
            {
              "batter": "RRS Cornwall",
              "bowler": "K Santokie",
              "non_striker": "ADS Fletcher",
              "runs": {
                "batter": 0,
                "extras": 0,
                "total": 0
              },
              "wickets": [
                {
                  "player_out": "RRS Cornwall",
                  "fielders": [
                    {
                      "name": "JA Foo"
                    }
                  ],
                  "kind": "caught"
                }
              ]
            },
            {
              "batter": "ADS Fletcher",
              "bowler": "K Santokie",
              "extras": {
                "wides": 1
              },
              "non_striker": "SR Watson",
              "runs": {
                "batter": 0,
                "extras": 1,
                "total": 1
              }
            },
            {
              "batter": "ADS Fletcher",
              "bowler": "K Santokie",
              "non_striker": "SR Watson",
              "runs": {
                "batter": 0,
                "extras": 0,
                "total": 0
              }
            },
            {
              "batter": "ADS Fletcher",
              "bowler": "K Santokie",
              "non_striker": "SR Watson",
              "runs": {
                "batter": 4,
                "extras": 0,
                "total": 4
              }
            },
            {
              "batter": "ADS Fletcher",
              "bowler": "K Santokie",
              "non_striker": "SR Watson",
              "runs": {
                "batter": 0,
                "extras": 0,
                "total": 0
              }
            },
            {
              "batter": "ADS Fletcher",
              "bowler": "K Santokie",
              "non_striker": "SR Watson",
              "runs": {
                "batter": 6,
                "extras": 0,
                "total": 6
              }
            },
            {
              "batter": "ADS Fletcher",
              "bowler": "K Santokie",
              "non_striker": "SR Watson",
              "runs": {
                "batter": 0,
                "extras": 0,
                "total": 0
              }
            }
          ]
        },
        {
          "over": 3,
          "deliveries": [
            {
              "batter": "SR Watson",
              "bowler": "Mohammad Sami",
              "extras": {
                "wides": 1
              },
              "non_striker": "ADS Fletcher",
              "runs": {
                "batter": 0,
                "extras": 1,
                "total": 1
              }
            },
            {
              "batter": "SR Watson",
              "bowler": "Mohammad Sami",
              "non_striker": "ADS Fletcher",
              "runs": {
                "batter": 0,
                "extras": 0,
                "total": 0
              }
            },
            {
              "batter": "SR Watson",
              "bowler": "Mohammad Sami",
              "non_striker": "ADS Fletcher",
              "runs": {
                "batter": 0,
                "extras": 0,
                "total": 0
              }
            },
            {
              "batter": "SR Watson",
              "bowler": "Mohammad Sami",
              "extras": {
                "noballs": 1
              },
              "non_striker": "ADS Fletcher",
              "runs": {
                "batter": 1,
                "extras": 1,
                "total": 2
              }
            },
            {
              "batter": "ADS Fletcher",
              "bowler": "Mohammad Sami",
              "non_striker": "SR Watson",
              "runs": {
                "batter": 0,
                "extras": 0,
                "total": 0
              }
            },
            {
              "batter": "ADS Fletcher",
              "bowler": "Mohammad Sami",
              "non_striker": "SR Watson",
              "runs": {
                "batter": 0,
                "extras": 0,
                "total": 0
              }
            },
            {
              "batter": "ADS Fletcher",
              "bowler": "Mohammad Sami",
              "non_striker": "SR Watson",
              "runs": {
                "batter": 0,
                "extras": 0,
                "total": 0
              }
            },
            {
              "batter": "ADS Fletcher",
              "bowler": "Mohammad Sami",
              "non_striker": "SR Watson",
              "runs": {
                "batter": 1,
                "extras": 0,
                "total": 1
              }
            }
          ]
        },
        {
          "over": 4,
          "deliveries": [
            {
              "batter": "ADS Fletcher",
              "bowler": "KOK Williams",
              "non_striker": "SR Watson",
              "runs": {
                "batter": 4,
                "extras": 0,
                "total": 4
              }
            },
            {
              "batter": "ADS Fletcher",
              "bowler": "KOK Williams",
              "non_striker": "SR Watson",
              "runs": {
                "batter": 0,
                "extras": 0,
                "total": 0
              }
            },
            {
              "batter": "ADS Fletcher",
              "bowler": "KOK Williams",
              "extras": {
                "legbyes": 1
              },
              "non_striker": "SR Watson",
              "runs": {
                "batter": 0,
                "extras": 1,
                "total": 1
              }
            },
            {
              "batter": "SR Watson",
              "bowler": "KOK Williams",
              "non_striker": "ADS Fletcher",
              "runs": {
                "batter": 1,
                "extras": 0,
                "total": 1
              }
            },
            {
              "batter": "ADS Fletcher",
              "bowler": "KOK Williams",
              "non_striker": "SR Watson",
              "runs": {
                "batter": 4,
                "extras": 0,
                "total": 4
              }
            },
            {
              "batter": "ADS Fletcher",
              "bowler": "KOK Williams",
              "non_striker": "SR Watson",
              "runs": {
                "batter": 0,
                "extras": 0,
                "total": 0
              }
            }
          ]
        },
        {
          "over": 5,
          "deliveries": [
            {
              "batter": "SR Watson",
              "bowler": "GE Mathurin",
              "non_striker": "ADS Fletcher",
              "runs": {
                "batter": 1,
                "extras": 0,
                "total": 1
              }
            },
            {
              "batter": "ADS Fletcher",
              "bowler": "GE Mathurin",
              "non_striker": "SR Watson",
              "runs": {
                "batter": 0,
                "extras": 0,
                "total": 0
              }
            },
            {
              "batter": "ADS Fletcher",
              "bowler": "GE Mathurin",
              "non_striker": "SR Watson",
              "runs": {
                "batter": 0,
                "extras": 0,
                "total": 0
              },
              "wickets": [
                {
                  "player_out": "ADS Fletcher",
                  "fielders": [
                    {
                      "name": "AM McCarthy"
                    }
                  ],
                  "kind": "caught"
                }
              ]
            },
            {
              "batter": "SR Watson",
              "bowler": "GE Mathurin",
              "non_striker": "MN Samuels",
              "runs": {
                "batter": 0,
                "extras": 0,
                "total": 0
              }
            },
            {
              "batter": "SR Watson",
              "bowler": "GE Mathurin",
              "non_striker": "MN Samuels",
              "runs": {
                "batter": 0,
                "extras": 0,
                "total": 0
              }
            },
            {
              "batter": "SR Watson",
              "bowler": "GE Mathurin",
              "non_striker": "MN Samuels",
              "runs": {
                "batter": 1,
                "extras": 0,
                "total": 1
              }
            }
          ]
        },
        {
          "over": 6,
          "deliveries": [
            {
              "batter": "SR Watson",
              "bowler": "R Powell",
              "non_striker": "MN Samuels",
              "runs": {
                "batter": 0,
                "extras": 0,
                "total": 0
              }
            },
            {
              "batter": "SR Watson",
              "bowler": "R Powell",
              "non_striker": "MN Samuels",
              "runs": {
                "batter": 4,
                "extras": 0,
                "total": 4
              }
            },
            {
              "batter": "SR Watson",
              "bowler": "R Powell",
              "non_striker": "MN Samuels",
              "runs": {
                "batter": 1,
                "extras": 0,
                "total": 1
              }
            },
            {
              "batter": "MN Samuels",
              "bowler": "R Powell",
              "extras": {
                "wides": 1
              },
              "non_striker": "SR Watson",
              "runs": {
                "batter": 0,
                "extras": 1,
                "total": 1
              }
            },
            {
              "batter": "MN Samuels",
              "bowler": "R Powell",
              "non_striker": "SR Watson",
              "runs": {
                "batter": 0,
                "extras": 0,
                "total": 0
              }
            },
            {
              "batter": "MN Samuels",
              "bowler": "R Powell",
              "non_striker": "SR Watson",
              "runs": {
                "batter": 0,
                "extras": 0,
                "total": 0
              }
            },
            {
              "batter": "MN Samuels",
              "bowler": "R Powell",
              "non_striker": "SR Watson",
              "runs": {
                "batter": 0,
                "extras": 0,
                "total": 0
              }
            }
          ]
        },
        {
          "over": 7,
          "deliveries": [
            {
              "batter": "SR Watson",
              "bowler": "GE Mathurin",
              "non_striker": "MN Samuels",
              "runs": {
                "batter": 1,
                "extras": 0,
                "total": 1
              }
            },
            {
              "batter": "MN Samuels",
              "bowler": "GE Mathurin",
              "non_striker": "SR Watson",
              "runs": {
                "batter": 1,
                "extras": 0,
                "total": 1
              }
            },
            {
              "batter": "SR Watson",
              "bowler": "GE Mathurin",
              "non_striker": "MN Samuels",
              "runs": {
                "batter": 1,
                "extras": 0,
                "total": 1
              }
            },
            {
              "batter": "MN Samuels",
              "bowler": "GE Mathurin",
              "non_striker": "SR Watson",
              "runs": {
                "batter": 2,
                "extras": 0,
                "total": 2
              }
            },
            {
              "batter": "MN Samuels",
              "bowler": "GE Mathurin",
              "extras": {
                "wides": 5
              },
              "non_striker": "SR Watson",
              "runs": {
                "batter": 0,
                "extras": 5,
                "total": 5
              }
            },
            {
              "batter": "MN Samuels",
              "bowler": "GE Mathurin",
              "non_striker": "SR Watson",
              "runs": {
                "batter": 1,
                "extras": 0,
                "total": 1
              }
            },
            {
              "batter": "SR Watson",
              "bowler": "GE Mathurin",
              "non_striker": "MN Samuels",
              "runs": {
                "batter": 6,
                "extras": 0,
                "total": 6
              }
            }
          ]
        },
        {
          "over": 8,
          "deliveries": [
            {
              "batter": "MN Samuels",
              "bowler": "R Powell",
              "non_striker": "SR Watson",
              "runs": {
                "batter": 0,
                "extras": 0,
                "total": 0
              },
              "wickets": [
                {
                  "player_out": "MN Samuels",
                  "kind": "bowled"
                }
              ]
            },
            {
              "batter": "J Charles",
              "bowler": "R Powell",
              "non_striker": "SR Watson",
              "runs": {
                "batter": 0,
                "extras": 0,
                "total": 0
              }
            },
            {
              "batter": "J Charles",
              "bowler": "R Powell",
              "non_striker": "SR Watson",
              "runs": {
                "batter": 0,
                "extras": 0,
                "total": 0
              }
            },
            {
              "batter": "J Charles",
              "bowler": "R Powell",
              "non_striker": "SR Watson",
              "runs": {
                "batter": 1,
                "extras": 0,
                "total": 1
              }
            },
            {
              "batter": "SR Watson",
              "bowler": "R Powell",
              "non_striker": "J Charles",
              "runs": {
                "batter": 1,
                "extras": 0,
                "total": 1
              }
            },
            {
              "batter": "J Charles",
              "bowler": "R Powell",
              "non_striker": "SR Watson",
              "runs": {
                "batter": 6,
                "extras": 0,
                "total": 6
              }
            }
          ]
        },
        {
          "over": 9,
          "deliveries": [
            {
              "batter": "SR Watson",
              "bowler": "GE Mathurin",
              "non_striker": "J Charles",
              "runs": {
                "batter": 1,
                "extras": 0,
                "total": 1
              }
            },
            {
              "batter": "J Charles",
              "bowler": "GE Mathurin",
              "non_striker": "SR Watson",
              "runs": {
                "batter": 0,
                "extras": 0,
                "total": 0
              }
            },
            {
              "batter": "J Charles",
              "bowler": "GE Mathurin",
              "non_striker": "SR Watson",
              "runs": {
                "batter": 0,
                "extras": 0,
                "total": 0
              }
            },
            {
              "batter": "J Charles",
              "bowler": "GE Mathurin",
              "non_striker": "SR Watson",
              "runs": {
                "batter": 1,
                "extras": 0,
                "total": 1
              }
            },
            {
              "batter": "SR Watson",
              "bowler": "GE Mathurin",
              "non_striker": "J Charles",
              "runs": {
                "batter": 1,
                "extras": 0,
                "total": 1
              }
            },
            {
              "batter": "J Charles",
              "bowler": "GE Mathurin",
              "non_striker": "SR Watson",
              "runs": {
                "batter": 0,
                "extras": 0,
                "total": 0
              }
            }
          ]
        },
        {
          "over": 10,
          "deliveries": [
            {
              "batter": "SR Watson",
              "bowler": "KOK Williams",
              "non_striker": "J Charles",
              "runs": {
                "batter": 2,
                "extras": 0,
                "total": 2
              }
            },
            {
              "batter": "SR Watson",
              "bowler": "KOK Williams",
              "non_striker": "J Charles",
              "runs": {
                "batter": 1,
                "extras": 0,
                "total": 1
              }
            },
            {
              "batter": "J Charles",
              "bowler": "KOK Williams",
              "non_striker": "SR Watson",
              "runs": {
                "batter": 1,
                "extras": 0,
                "total": 1
              }
            },
            {
              "batter": "SR Watson",
              "bowler": "KOK Williams",
              "non_striker": "J Charles",
              "runs": {
                "batter": 0,
                "extras": 0,
                "total": 0
              }
            },
            {
              "batter": "SR Watson",
              "bowler": "KOK Williams",
              "non_striker": "J Charles",
              "runs": {
                "batter": 6,
                "extras": 0,
                "total": 6
              }
            },
            {
              "batter": "SR Watson",
              "bowler": "KOK Williams",
              "non_striker": "J Charles",
              "runs": {
                "batter": 0,
                "extras": 0,
                "total": 0
              }
            }
          ]
        },
        {
          "over": 11,
          "deliveries": [
            {
              "batter": "J Charles",
              "bowler": "R Powell",
              "non_striker": "SR Watson",
              "runs": {
                "batter": 1,
                "extras": 0,
                "total": 1
              }
            },
            {
              "batter": "SR Watson",
              "bowler": "R Powell",
              "non_striker": "J Charles",
              "runs": {
                "batter": 1,
                "extras": 0,
                "total": 1
              }
            },
            {
              "batter": "J Charles",
              "bowler": "R Powell",
              "non_striker": "SR Watson",
              "runs": {
                "batter": 1,
                "extras": 0,
                "total": 1
              }
            },
            {
              "batter": "SR Watson",
              "bowler": "R Powell",
              "non_striker": "J Charles",
              "runs": {
                "batter": 2,
                "extras": 0,
                "total": 2
              }
            },
            {
              "batter": "SR Watson",
              "bowler": "R Powell",
              "non_striker": "J Charles",
              "runs": {
                "batter": 6,
                "extras": 0,
                "total": 6
              }
            },
            {
              "batter": "SR Watson",
              "bowler": "R Powell",
              "non_striker": "J Charles",
              "runs": {
                "batter": 0,
                "extras": 0,
                "total": 0
              }
            }
          ]
        },
        {
          "over": 12,
          "deliveries": [
            {
              "batter": "J Charles",
              "bowler": "K Santokie",
              "non_striker": "SR Watson",
              "runs": {
                "batter": 0,
                "extras": 0,
                "total": 0
              }
            },
            {
              "batter": "J Charles",
              "bowler": "K Santokie",
              "non_striker": "SR Watson",
              "runs": {
                "batter": 2,
                "extras": 0,
                "total": 2
              }
            },
            {
              "batter": "J Charles",
              "bowler": "K Santokie",
              "non_striker": "SR Watson",
              "runs": {
                "batter": 0,
                "extras": 0,
                "total": 0
              }
            },
            {
              "batter": "J Charles",
              "bowler": "K Santokie",
              "non_striker": "SR Watson",
              "runs": {
                "batter": 6,
                "extras": 0,
                "total": 6
              }
            },
            {
              "batter": "J Charles",
              "bowler": "K Santokie",
              "non_striker": "SR Watson",
              "runs": {
                "batter": 0,
                "extras": 0,
                "total": 0
              }
            },
            {
              "batter": "J Charles",
              "bowler": "K Santokie",
              "non_striker": "SR Watson",
              "runs": {
                "batter": 1,
                "extras": 0,
                "total": 1
              }
            }
          ]
        },
        {
          "over": 13,
          "deliveries": [
            {
              "batter": "J Charles",
              "bowler": "GE Mathurin",
              "non_striker": "SR Watson",
              "runs": {
                "batter": 0,
                "extras": 0,
                "total": 0
              },
              "wickets": [
                {
                  "player_out": "J Charles",
                  "fielders": [
                    {
                      "name": "AM McCarthy"
                    }
                  ],
                  "kind": "caught"
                }
              ]
            },
            {
              "batter": "DJG Sammy",
              "bowler": "GE Mathurin",
              "non_striker": "SR Watson",
              "runs": {
                "batter": 0,
                "extras": 0,
                "total": 0
              }
            },
            {
              "batter": "DJG Sammy",
              "bowler": "GE Mathurin",
              "non_striker": "SR Watson",
              "runs": {
                "batter": 1,
                "extras": 0,
                "total": 1
              }
            },
            {
              "batter": "SR Watson",
              "bowler": "GE Mathurin",
              "non_striker": "DJG Sammy",
              "runs": {
                "batter": 1,
                "extras": 0,
                "total": 1
              }
            },
            {
              "batter": "DJG Sammy",
              "bowler": "GE Mathurin",
              "non_striker": "SR Watson",
              "runs": {
                "batter": 2,
                "extras": 0,
                "total": 2
              }
            },
            {
              "batter": "DJG Sammy",
              "bowler": "GE Mathurin",
              "non_striker": "SR Watson",
              "runs": {
                "batter": 0,
                "extras": 0,
                "total": 0
              }
            }
          ]
        },
        {
          "over": 14,
          "deliveries": [
            {
              "batter": "SR Watson",
              "bowler": "R Powell",
              "non_striker": "DJG Sammy",
              "runs": {
                "batter": 1,
                "extras": 0,
                "total": 1
              }
            },
            {
              "batter": "DJG Sammy",
              "bowler": "R Powell",
              "non_striker": "SR Watson",
              "runs": {
                "batter": 1,
                "extras": 0,
                "total": 1
              }
            },
            {
              "batter": "SR Watson",
              "bowler": "R Powell",
              "non_striker": "DJG Sammy",
              "runs": {
                "batter": 4,
                "extras": 0,
                "total": 4
              }
            },
            {
              "batter": "SR Watson",
              "bowler": "R Powell",
              "extras": {
                "wides": 1
              },
              "non_striker": "DJG Sammy",
              "runs": {
                "batter": 0,
                "extras": 1,
                "total": 1
              }
            },
            {
              "batter": "SR Watson",
              "bowler": "R Powell",
              "non_striker": "DJG Sammy",
              "runs": {
                "batter": 6,
                "extras": 0,
                "total": 6
              }
            },
            {
              "batter": "SR Watson",
              "bowler": "R Powell",
              "non_striker": "DJG Sammy",
              "runs": {
                "batter": 1,
                "extras": 0,
                "total": 1
              }
            },
            {
              "batter": "DJG Sammy",
              "bowler": "R Powell",
              "non_striker": "SR Watson",
              "runs": {
                "batter": 1,
                "extras": 0,
                "total": 1
              }
            }
          ]
        },
        {
          "over": 15,
          "deliveries": [
            {
              "batter": "DJG Sammy",
              "bowler": "KOK Williams",
              "non_striker": "SR Watson",
              "runs": {
                "batter": 1,
                "extras": 0,
                "total": 1
              }
            },
            {
              "batter": "SR Watson",
              "bowler": "KOK Williams",
              "non_striker": "DJG Sammy",
              "runs": {
                "batter": 2,
                "extras": 0,
                "total": 2
              }
            },
            {
              "batter": "SR Watson",
              "bowler": "KOK Williams",
              "extras": {
                "byes": 4
              },
              "non_striker": "DJG Sammy",
              "runs": {
                "batter": 0,
                "extras": 4,
                "total": 4
              }
            },
            {
              "batter": "SR Watson",
              "bowler": "KOK Williams",
              "non_striker": "DJG Sammy",
              "runs": {
                "batter": 1,
                "extras": 0,
                "total": 1
              }
            },
            {
              "batter": "DJG Sammy",
              "bowler": "KOK Williams",
              "non_striker": "SR Watson",
              "runs": {
                "batter": 1,
                "extras": 0,
                "total": 1
              }
            },
            {
              "batter": "SR Watson",
              "bowler": "KOK Williams",
              "non_striker": "DJG Sammy",
              "runs": {
                "batter": 1,
                "extras": 0,
                "total": 1
              }
            }
          ]
        },
        {
          "over": 16,
          "deliveries": [
            {
              "batter": "SR Watson",
              "bowler": "Mohammad Sami",
              "non_striker": "DJG Sammy",
              "runs": {
                "batter": 1,
                "extras": 0,
                "total": 1
              }
            },
            {
              "batter": "DJG Sammy",
              "bowler": "Mohammad Sami",
              "non_striker": "SR Watson",
              "runs": {
                "batter": 1,
                "extras": 0,
                "total": 1
              }
            },
            {
              "batter": "SR Watson",
              "bowler": "Mohammad Sami",
              "non_striker": "DJG Sammy",
              "runs": {
                "batter": 6,
                "extras": 0,
                "total": 6
              }
            },
            {
              "batter": "SR Watson",
              "bowler": "Mohammad Sami",
              "non_striker": "DJG Sammy",
              "runs": {
                "batter": 6,
                "extras": 0,
                "total": 6
              }
            },
            {
              "batter": "SR Watson",
              "bowler": "Mohammad Sami",
              "non_striker": "DJG Sammy",
              "runs": {
                "batter": 0,
                "extras": 0,
                "total": 0
              }
            },
            {
              "batter": "SR Watson",
              "bowler": "Mohammad Sami",
              "non_striker": "DJG Sammy",
              "runs": {
                "batter": 0,
                "extras": 0,
                "total": 0
              }
            }
          ]
        },
        {
          "over": 17,
          "deliveries": [
            {
              "batter": "DJG Sammy",
              "bowler": "KOK Williams",
              "non_striker": "SR Watson",
              "runs": {
                "batter": 0,
                "extras": 0,
                "total": 0
              },
              "wickets": [
                {
                  "player_out": "DJG Sammy",
                  "fielders": [
                    {
                      "name": "Mohammad Sami"
                    }
                  ],
                  "kind": "caught"
                }
              ]
            },
            {
              "batter": "KR Mayers",
              "bowler": "KOK Williams",
              "non_striker": "SR Watson",
              "runs": {
                "batter": 0,
                "extras": 0,
                "total": 0
              }
            },
            {
              "batter": "KR Mayers",
              "bowler": "KOK Williams",
              "non_striker": "SR Watson",
              "runs": {
                "batter": 0,
                "extras": 0,
                "total": 0
              }
            },
            {
              "batter": "KR Mayers",
              "bowler": "KOK Williams",
              "non_striker": "SR Watson",
              "runs": {
                "batter": 1,
                "extras": 0,
                "total": 1
              }
            },
            {
              "batter": "SR Watson",
              "bowler": "KOK Williams",
              "non_striker": "KR Mayers",
              "runs": {
                "batter": 4,
                "extras": 0,
                "total": 4
              }
            },
            {
              "batter": "SR Watson",
              "bowler": "KOK Williams",
              "non_striker": "KR Mayers",
              "runs": {
                "batter": 1,
                "extras": 0,
                "total": 1
              }
            }
          ]
        },
        {
          "over": 18,
          "deliveries": [
            {
              "batter": "SR Watson",
              "bowler": "Mohammad Sami",
              "non_striker": "KR Mayers",
              "runs": {
                "batter": 1,
                "extras": 0,
                "total": 1
              }
            },
            {
              "batter": "KR Mayers",
              "bowler": "Mohammad Sami",
              "non_striker": "SR Watson",
              "runs": {
                "batter": 1,
                "extras": 0,
                "total": 1
              }
            },
            {
              "batter": "SR Watson",
              "bowler": "Mohammad Sami",
              "non_striker": "KR Mayers",
              "runs": {
                "batter": 6,
                "extras": 0,
                "total": 6
              }
            },
            {
              "batter": "SR Watson",
              "bowler": "Mohammad Sami",
              "non_striker": "KR Mayers",
              "runs": {
                "batter": 0,
                "extras": 0,
                "total": 0
              },
              "wickets": [
                {
                  "player_out": "SR Watson",
                  "fielders": [
                    {
                      "name": "R Powell"
                    }
                  ],
                  "kind": "caught"
                }
              ]
            },
            {
              "batter": "KR Mayers",
              "bowler": "Mohammad Sami",
              "extras": {
                "legbyes": 2
              },
              "non_striker": "S Shillingford",
              "runs": {
                "batter": 0,
                "extras": 2,
                "total": 2
              }
            },
            {
              "batter": "KR Mayers",
              "bowler": "Mohammad Sami",
              "non_striker": "S Shillingford",
              "runs": {
                "batter": 1,
                "extras": 0,
                "total": 1
              }
            }
          ]
        },
        {
          "over": 19,
          "deliveries": [
            {
              "batter": "KR Mayers",
              "bowler": "K Santokie",
              "non_striker": "S Shillingford",
              "runs": {
                "batter": 2,
                "extras": 0,
                "total": 2
              }
            },
            {
              "batter": "KR Mayers",
              "bowler": "K Santokie",
              "non_striker": "S Shillingford",
              "runs": {
                "batter": 6,
                "extras": 0,
                "total": 6
              }
            },
            {
              "batter": "KR Mayers",
              "bowler": "K Santokie",
              "non_striker": "S Shillingford",
              "runs": {
                "batter": 0,
                "extras": 0,
                "total": 0
              }
            },
            {
              "batter": "KR Mayers",
              "bowler": "K Santokie",
              "extras": {
                "wides": 1
              },
              "non_striker": "S Shillingford",
              "runs": {
                "batter": 0,
                "extras": 1,
                "total": 1
              }
            },
            {
              "batter": "KR Mayers",
              "bowler": "K Santokie",
              "non_striker": "S Shillingford",
              "runs": {
                "batter": 1,
                "extras": 0,
                "total": 1
              }
            },
            {
              "batter": "S Shillingford",
              "bowler": "K Santokie",
              "non_striker": "KR Mayers",
              "runs": {
                "batter": 0,
                "extras": 0,
                "total": 0
              },
              "wickets": [
                {
                  "player_out": "S Shillingford",
                  "fielders": [
                    {
                      "name": "R Powell"
                    }
                  ],
                  "kind": "caught"
                }
              ]
            },
            {
              "batter": "KR Mayers",
              "bowler": "K Santokie",
              "non_striker": "JE Taylor",
              "runs": {
                "batter": 1,
                "extras": 0,
                "total": 1
              },
              "wickets": [
                {
                  "player_out": "KR Mayers",
                  "kind": "run out"
                }
              ]
            }
          ]
        }
      ],
      "powerplays": [
        {
          "from": 0.1,
          "to": 5.6,
          "type": "mandatory"
        }
      ]
    },
    {
      "team": "Jamaica Tallawahs",
      "overs": [
        {
          "over": 0,
          "deliveries": [
            {
              "batter": "LMP Simmons",
              "bowler": "JE Taylor",
              "non_striker": "GD Phillips",
              "runs": {
                "batter": 0,
                "extras": 0,
                "total": 0
              }
            },
            {
              "batter": "LMP Simmons",
              "bowler": "JE Taylor",
              "non_striker": "GD Phillips",
              "runs": {
                "batter": 0,
                "extras": 0,
                "total": 0
              }
            },
            {
              "batter": "LMP Simmons",
              "bowler": "JE Taylor",
              "extras": {
                "wides": 5
              },
              "non_striker": "GD Phillips",
              "runs": {
                "batter": 0,
                "extras": 5,
                "total": 5
              }
            },
            {
              "batter": "LMP Simmons",
              "bowler": "JE Taylor",
              "non_striker": "GD Phillips",
              "runs": {
                "batter": 0,
                "extras": 0,
                "total": 0
              }
            },
            {
              "batter": "LMP Simmons",
              "bowler": "JE Taylor",
              "non_striker": "GD Phillips",
              "runs": {
                "batter": 1,
                "extras": 0,
                "total": 1
              }
            },
            {
              "batter": "GD Phillips",
              "bowler": "JE Taylor",
              "non_striker": "LMP Simmons",
              "runs": {
                "batter": 0,
                "extras": 0,
                "total": 0
              }
            },
            {
              "batter": "GD Phillips",
              "bowler": "JE Taylor",
              "non_striker": "LMP Simmons",
              "runs": {
                "batter": 0,
                "extras": 0,
                "total": 0
              }
            }
          ]
        },
        {
          "over": 1,
          "deliveries": [
            {
              "batter": "LMP Simmons",
              "bowler": "OC McCoy",
              "non_striker": "GD Phillips",
              "runs": {
                "batter": 0,
                "extras": 0,
                "total": 0
              }
            },
            {
              "batter": "LMP Simmons",
              "bowler": "OC McCoy",
              "non_striker": "GD Phillips",
              "runs": {
                "batter": 0,
                "extras": 0,
                "total": 0
              }
            },
            {
              "batter": "LMP Simmons",
              "bowler": "OC McCoy",
              "extras": {
                "noballs": 1
              },
              "non_striker": "GD Phillips",
              "runs": {
                "batter": 0,
                "extras": 1,
                "total": 1
              }
            },
            {
              "batter": "LMP Simmons",
              "bowler": "OC McCoy",
              "non_striker": "GD Phillips",
              "runs": {
                "batter": 0,
                "extras": 0,
                "total": 0
              }
            },
            {
              "batter": "LMP Simmons",
              "bowler": "OC McCoy",
              "extras": {
                "wides": 1
              },
              "non_striker": "GD Phillips",
              "runs": {
                "batter": 0,
                "extras": 1,
                "total": 1
              }
            },
            {
              "batter": "LMP Simmons",
              "bowler": "OC McCoy",
              "non_striker": "GD Phillips",
              "runs": {
                "batter": 0,
                "extras": 0,
                "total": 0
              }
            },
            {
              "batter": "LMP Simmons",
              "bowler": "OC McCoy",
              "non_striker": "GD Phillips",
              "runs": {
                "batter": 0,
                "extras": 0,
                "total": 0
              }
            },
            {
              "batter": "LMP Simmons",
              "bowler": "OC McCoy",
              "extras": {
                "wides": 1
              },
              "non_striker": "GD Phillips",
              "runs": {
                "batter": 0,
                "extras": 1,
                "total": 1
              }
            },
            {
              "batter": "LMP Simmons",
              "bowler": "OC McCoy",
              "non_striker": "GD Phillips",
              "runs": {
                "batter": 6,
                "extras": 0,
                "total": 6
              }
            }
          ]
        },
        {
          "over": 2,
          "deliveries": [
            {
              "batter": "GD Phillips",
              "bowler": "JE Taylor",
              "non_striker": "LMP Simmons",
              "runs": {
                "batter": 1,
                "extras": 0,
                "total": 1
              }
            },
            {
              "batter": "LMP Simmons",
              "bowler": "JE Taylor",
              "extras": {
                "wides": 1
              },
              "non_striker": "GD Phillips",
              "runs": {
                "batter": 0,
                "extras": 1,
                "total": 1
              }
            },
            {
              "batter": "LMP Simmons",
              "bowler": "JE Taylor",
              "non_striker": "GD Phillips",
              "runs": {
                "batter": 0,
                "extras": 0,
                "total": 0
              }
            },
            {
              "batter": "LMP Simmons",
              "bowler": "JE Taylor",
              "non_striker": "GD Phillips",
              "runs": {
                "batter": 0,
                "extras": 0,
                "total": 0
              }
            },
            {
              "batter": "LMP Simmons",
              "bowler": "JE Taylor",
              "extras": {
                "wides": 5
              },
              "non_striker": "GD Phillips",
              "runs": {
                "batter": 0,
                "extras": 5,
                "total": 5
              }
            },
            {
              "batter": "LMP Simmons",
              "bowler": "JE Taylor",
              "extras": {
                "wides": 1
              },
              "non_striker": "GD Phillips",
              "runs": {
                "batter": 0,
                "extras": 1,
                "total": 1
              }
            },
            {
              "batter": "LMP Simmons",
              "bowler": "JE Taylor",
              "non_striker": "GD Phillips",
              "runs": {
                "batter": 4,
                "extras": 0,
                "total": 4
              }
            },
            {
              "batter": "LMP Simmons",
              "bowler": "JE Taylor",
              "non_striker": "GD Phillips",
              "runs": {
                "batter": 0,
                "extras": 0,
                "total": 0
              },
              "wickets": [
                {
                  "player_out": "LMP Simmons",
                  "kind": "lbw"
                }
              ]
            },
            {
              "batter": "KC Sangakkara",
              "bowler": "JE Taylor",
              "non_striker": "GD Phillips",
              "runs": {
                "batter": 4,
                "extras": 0,
                "total": 4
              }
            }
          ]
        },
        {
          "over": 3,
          "deliveries": [
            {
              "batter": "GD Phillips",
              "bowler": "MN Samuels",
              "non_striker": "KC Sangakkara",
              "runs": {
                "batter": 0,
                "extras": 0,
                "total": 0
              }
            },
            {
              "batter": "GD Phillips",
              "bowler": "MN Samuels",
              "non_striker": "KC Sangakkara",
              "runs": {
                "batter": 6,
                "extras": 0,
                "total": 6
              }
            },
            {
              "batter": "GD Phillips",
              "bowler": "MN Samuels",
              "non_striker": "KC Sangakkara",
              "runs": {
                "batter": 0,
                "extras": 0,
                "total": 0
              }
            },
            {
              "batter": "GD Phillips",
              "bowler": "MN Samuels",
              "non_striker": "KC Sangakkara",
              "runs": {
                "batter": 1,
                "extras": 0,
                "total": 1
              }
            },
            {
              "batter": "KC Sangakkara",
              "bowler": "MN Samuels",
              "extras": {
                "wides": 1
              },
              "non_striker": "GD Phillips",
              "runs": {
                "batter": 0,
                "extras": 1,
                "total": 1
              }
            },
            {
              "batter": "KC Sangakkara",
              "bowler": "MN Samuels",
              "non_striker": "GD Phillips",
              "runs": {
                "batter": 4,
                "extras": 0,
                "total": 4
              }
            },
            {
              "batter": "KC Sangakkara",
              "bowler": "MN Samuels",
              "non_striker": "GD Phillips",
              "runs": {
                "batter": 0,
                "extras": 0,
                "total": 0
              }
            }
          ]
        },
        {
          "over": 4,
          "deliveries": [
            {
              "batter": "GD Phillips",
              "bowler": "S Shillingford",
              "non_striker": "KC Sangakkara",
              "runs": {
                "batter": 0,
                "extras": 0,
                "total": 0
              }
            },
            {
              "batter": "GD Phillips",
              "bowler": "S Shillingford",
              "non_striker": "KC Sangakkara",
              "runs": {
                "batter": 6,
                "extras": 0,
                "total": 6
              }
            },
            {
              "batter": "GD Phillips",
              "bowler": "S Shillingford",
              "non_striker": "KC Sangakkara",
              "runs": {
                "batter": 0,
                "extras": 0,
                "total": 0
              }
            },
            {
              "batter": "GD Phillips",
              "bowler": "S Shillingford",
              "non_striker": "KC Sangakkara",
              "runs": {
                "batter": 0,
                "extras": 0,
                "total": 0
              }
            },
            {
              "batter": "GD Phillips",
              "bowler": "S Shillingford",
              "non_striker": "KC Sangakkara",
              "runs": {
                "batter": 1,
                "extras": 0,
                "total": 1
              }
            },
            {
              "batter": "KC Sangakkara",
              "bowler": "S Shillingford",
              "non_striker": "GD Phillips",
              "runs": {
                "batter": 0,
                "extras": 0,
                "total": 0
              }
            }
          ]
        },
        {
          "over": 5,
          "deliveries": [
            {
              "batter": "GD Phillips",
              "bowler": "RRS Cornwall",
              "non_striker": "KC Sangakkara",
              "runs": {
                "batter": 0,
                "extras": 0,
                "total": 0
              }
            },
            {
              "batter": "GD Phillips",
              "bowler": "RRS Cornwall",
              "non_striker": "KC Sangakkara",
              "runs": {
                "batter": 0,
                "extras": 0,
                "total": 0
              }
            },
            {
              "batter": "GD Phillips",
              "bowler": "RRS Cornwall",
              "non_striker": "KC Sangakkara",
              "runs": {
                "batter": 1,
                "extras": 0,
                "total": 1
              }
            },
            {
              "batter": "KC Sangakkara",
              "bowler": "RRS Cornwall",
              "non_striker": "GD Phillips",
              "runs": {
                "batter": 0,
                "extras": 0,
                "total": 0
              }
            },
            {
              "batter": "KC Sangakkara",
              "bowler": "RRS Cornwall",
              "non_striker": "GD Phillips",
              "runs": {
                "batter": 0,
                "extras": 0,
                "total": 0
              }
            },
            {
              "batter": "KC Sangakkara",
              "bowler": "RRS Cornwall",
              "non_striker": "GD Phillips",
              "runs": {
                "batter": 1,
                "extras": 0,
                "total": 1
              }
            }
          ]
        },
        {
          "over": 6,
          "deliveries": [
            {
              "batter": "KC Sangakkara",
              "bowler": "S Shillingford",
              "non_striker": "GD Phillips",
              "runs": {
                "batter": 4,
                "extras": 0,
                "total": 4
              }
            },
            {
              "batter": "KC Sangakkara",
              "bowler": "S Shillingford",
              "non_striker": "GD Phillips",
              "runs": {
                "batter": 1,
                "extras": 0,
                "total": 1
              }
            },
            {
              "batter": "GD Phillips",
              "bowler": "S Shillingford",
              "non_striker": "KC Sangakkara",
              "runs": {
                "batter": 0,
                "extras": 0,
                "total": 0
              }
            },
            {
              "batter": "GD Phillips",
              "bowler": "S Shillingford",
              "extras": {
                "wides": 5
              },
              "non_striker": "KC Sangakkara",
              "runs": {
                "batter": 0,
                "extras": 5,
                "total": 5
              }
            },
            {
              "batter": "GD Phillips",
              "bowler": "S Shillingford",
              "non_striker": "KC Sangakkara",
              "runs": {
                "batter": 4,
                "extras": 0,
                "total": 4
              }
            },
            {
              "batter": "GD Phillips",
              "bowler": "S Shillingford",
              "non_striker": "KC Sangakkara",
              "runs": {
                "batter": 1,
                "extras": 0,
                "total": 1
              }
            },
            {
              "batter": "KC Sangakkara",
              "bowler": "S Shillingford",
              "non_striker": "GD Phillips",
              "runs": {
                "batter": 1,
                "extras": 0,
                "total": 1
              }
            }
          ]
        },
        {
          "over": 7,
          "deliveries": [
            {
              "batter": "KC Sangakkara",
              "bowler": "RRS Cornwall",
              "non_striker": "GD Phillips",
              "runs": {
                "batter": 1,
                "extras": 0,
                "total": 1
              }
            },
            {
              "batter": "GD Phillips",
              "bowler": "RRS Cornwall",
              "non_striker": "KC Sangakkara",
              "runs": {
                "batter": 0,
                "extras": 0,
                "total": 0
              },
              "wickets": [
                {
                  "player_out": "GD Phillips",
                  "kind": "bowled"
                }
              ]
            },
            {
              "batter": "AM McCarthy",
              "bowler": "RRS Cornwall",
              "non_striker": "KC Sangakkara",
              "runs": {
                "batter": 0,
                "extras": 0,
                "total": 0
              }
            },
            {
              "batter": "AM McCarthy",
              "bowler": "RRS Cornwall",
              "non_striker": "KC Sangakkara",
              "runs": {
                "batter": 0,
                "extras": 0,
                "total": 0
              }
            },
            {
              "batter": "AM McCarthy",
              "bowler": "RRS Cornwall",
              "non_striker": "KC Sangakkara",
              "runs": {
                "batter": 0,
                "extras": 0,
                "total": 0
              }
            },
            {
              "batter": "AM McCarthy",
              "bowler": "RRS Cornwall",
              "non_striker": "KC Sangakkara",
              "runs": {
                "batter": 0,
                "extras": 0,
                "total": 0
              }
            }
          ]
        },
        {
          "over": 8,
          "deliveries": [
            {
              "batter": "KC Sangakkara",
              "bowler": "MN Samuels",
              "non_striker": "AM McCarthy",
              "runs": {
                "batter": 1,
                "extras": 0,
                "total": 1
              }
            },
            {
              "batter": "AM McCarthy",
              "bowler": "MN Samuels",
              "non_striker": "KC Sangakkara",
              "runs": {
                "batter": 1,
                "extras": 0,
                "total": 1
              }
            },
            {
              "batter": "KC Sangakkara",
              "bowler": "MN Samuels",
              "non_striker": "AM McCarthy",
              "runs": {
                "batter": 1,
                "extras": 0,
                "total": 1
              }
            },
            {
              "batter": "AM McCarthy",
              "bowler": "MN Samuels",
              "non_striker": "KC Sangakkara",
              "runs": {
                "batter": 4,
                "extras": 0,
                "total": 4
              }
            },
            {
              "batter": "AM McCarthy",
              "bowler": "MN Samuels",
              "non_striker": "KC Sangakkara",
              "runs": {
                "batter": 0,
                "extras": 0,
                "total": 0
              }
            },
            {
              "batter": "AM McCarthy",
              "bowler": "MN Samuels",
              "non_striker": "KC Sangakkara",
              "runs": {
                "batter": 0,
                "extras": 0,
                "total": 0
              }
            }
          ]
        },
        {
          "over": 9,
          "deliveries": [
            {
              "batter": "KC Sangakkara",
              "bowler": "RRS Cornwall",
              "non_striker": "AM McCarthy",
              "runs": {
                "batter": 0,
                "extras": 0,
                "total": 0
              }
            },
            {
              "batter": "KC Sangakkara",
              "bowler": "RRS Cornwall",
              "non_striker": "AM McCarthy",
              "runs": {
                "batter": 1,
                "extras": 0,
                "total": 1
              }
            },
            {
              "batter": "AM McCarthy",
              "bowler": "RRS Cornwall",
              "non_striker": "KC Sangakkara",
              "runs": {
                "batter": 6,
                "extras": 0,
                "total": 6
              }
            },
            {
              "batter": "AM McCarthy",
              "bowler": "RRS Cornwall",
              "non_striker": "KC Sangakkara",
              "runs": {
                "batter": 0,
                "extras": 0,
                "total": 0
              }
            },
            {
              "batter": "AM McCarthy",
              "bowler": "RRS Cornwall",
              "non_striker": "KC Sangakkara",
              "runs": {
                "batter": 1,
                "extras": 0,
                "total": 1
              }
            },
            {
              "batter": "KC Sangakkara",
              "bowler": "RRS Cornwall",
              "non_striker": "AM McCarthy",
              "runs": {
                "batter": 0,
                "extras": 0,
                "total": 0
              }
            }
          ]
        },
        {
          "over": 10,
          "deliveries": [
            {
              "batter": "AM McCarthy",
              "bowler": "SR Watson",
              "extras": {
                "noballs": 1
              },
              "non_striker": "KC Sangakkara",
              "runs": {
                "batter": 0,
                "extras": 1,
                "total": 1
              }
            },
            {
              "batter": "AM McCarthy",
              "bowler": "SR Watson",
              "non_striker": "KC Sangakkara",
              "runs": {
                "batter": 1,
                "extras": 0,
                "total": 1
              }
            },
            {
              "batter": "KC Sangakkara",
              "bowler": "SR Watson",
              "non_striker": "AM McCarthy",
              "runs": {
                "batter": 0,
                "extras": 0,
                "total": 0
              }
            },
            {
              "batter": "KC Sangakkara",
              "bowler": "SR Watson",
              "non_striker": "AM McCarthy",
              "runs": {
                "batter": 1,
                "extras": 0,
                "total": 1
              }
            },
            {
              "batter": "AM McCarthy",
              "bowler": "SR Watson",
              "non_striker": "KC Sangakkara",
              "runs": {
                "batter": 1,
                "extras": 0,
                "total": 1
              }
            },
            {
              "batter": "KC Sangakkara",
              "bowler": "SR Watson",
              "non_striker": "AM McCarthy",
              "runs": {
                "batter": 1,
                "extras": 0,
                "total": 1
              }
            },
            {
              "batter": "AM McCarthy",
              "bowler": "SR Watson",
              "non_striker": "KC Sangakkara",
              "runs": {
                "batter": 1,
                "extras": 0,
                "total": 1
              }
            }
          ]
        },
        {
          "over": 11,
          "deliveries": [
            {
              "batter": "AM McCarthy",
              "bowler": "RRS Cornwall",
              "non_striker": "KC Sangakkara",
              "runs": {
                "batter": 0,
                "extras": 0,
                "total": 0
              }
            },
            {
              "batter": "AM McCarthy",
              "bowler": "RRS Cornwall",
              "non_striker": "KC Sangakkara",
              "runs": {
                "batter": 6,
                "extras": 0,
                "total": 6
              }
            },
            {
              "batter": "AM McCarthy",
              "bowler": "RRS Cornwall",
              "non_striker": "KC Sangakkara",
              "runs": {
                "batter": 1,
                "extras": 0,
                "total": 1
              }
            },
            {
              "batter": "KC Sangakkara",
              "bowler": "RRS Cornwall",
              "non_striker": "AM McCarthy",
              "runs": {
                "batter": 1,
                "extras": 0,
                "total": 1
              }
            },
            {
              "batter": "AM McCarthy",
              "bowler": "RRS Cornwall",
              "non_striker": "KC Sangakkara",
              "runs": {
                "batter": 1,
                "extras": 0,
                "total": 1
              }
            },
            {
              "batter": "KC Sangakkara",
              "bowler": "RRS Cornwall",
              "non_striker": "AM McCarthy",
              "runs": {
                "batter": 0,
                "extras": 0,
                "total": 0
              }
            }
          ]
        },
        {
          "over": 12,
          "deliveries": [
            {
              "batter": "AM McCarthy",
              "bowler": "SR Watson",
              "non_striker": "KC Sangakkara",
              "runs": {
                "batter": 1,
                "extras": 0,
                "total": 1
              }
            },
            {
              "batter": "KC Sangakkara",
              "bowler": "SR Watson",
              "non_striker": "AM McCarthy",
              "runs": {
                "batter": 1,
                "extras": 0,
                "total": 1
              }
            },
            {
              "batter": "AM McCarthy",
              "bowler": "SR Watson",
              "non_striker": "KC Sangakkara",
              "runs": {
                "batter": 1,
                "extras": 0,
                "total": 1
              }
            },
            {
              "batter": "KC Sangakkara",
              "bowler": "SR Watson",
              "non_striker": "AM McCarthy",
              "runs": {
                "batter": 0,
                "extras": 0,
                "total": 0
              }
            },
            {
              "batter": "KC Sangakkara",
              "bowler": "SR Watson",
              "non_striker": "AM McCarthy",
              "runs": {
                "batter": 4,
                "extras": 0,
                "total": 4
              }
            },
            {
              "batter": "KC Sangakkara",
              "bowler": "SR Watson",
              "non_striker": "AM McCarthy",
              "runs": {
                "batter": 1,
                "extras": 0,
                "total": 1
              }
            }
          ]
        },
        {
          "over": 13,
          "deliveries": [
            {
              "batter": "KC Sangakkara",
              "bowler": "KR Mayers",
              "non_striker": "AM McCarthy",
              "runs": {
                "batter": 4,
                "extras": 0,
                "total": 4
              }
            },
            {
              "batter": "KC Sangakkara",
              "bowler": "KR Mayers",
              "non_striker": "AM McCarthy",
              "runs": {
                "batter": 1,
                "extras": 0,
                "total": 1
              }
            },
            {
              "batter": "AM McCarthy",
              "bowler": "KR Mayers",
              "non_striker": "KC Sangakkara",
              "runs": {
                "batter": 1,
                "extras": 0,
                "total": 1
              }
            },
            {
              "batter": "KC Sangakkara",
              "bowler": "KR Mayers",
              "non_striker": "AM McCarthy",
              "runs": {
                "batter": 1,
                "extras": 0,
                "total": 1
              }
            },
            {
              "batter": "AM McCarthy",
              "bowler": "KR Mayers",
              "non_striker": "KC Sangakkara",
              "runs": {
                "batter": 0,
                "extras": 0,
                "total": 0
              }
            },
            {
              "batter": "AM McCarthy",
              "bowler": "KR Mayers",
              "non_striker": "KC Sangakkara",
              "runs": {
                "batter": 1,
                "extras": 0,
                "total": 1
              }
            }
          ]
        },
        {
          "over": 14,
          "deliveries": [
            {
              "batter": "AM McCarthy",
              "bowler": "JE Taylor",
              "non_striker": "KC Sangakkara",
              "runs": {
                "batter": 1,
                "extras": 0,
                "total": 1
              }
            },
            {
              "batter": "KC Sangakkara",
              "bowler": "JE Taylor",
              "non_striker": "AM McCarthy",
              "runs": {
                "batter": 4,
                "extras": 0,
                "total": 4
              }
            },
            {
              "batter": "KC Sangakkara",
              "bowler": "JE Taylor",
              "non_striker": "AM McCarthy",
              "runs": {
                "batter": 1,
                "extras": 0,
                "total": 1
              }
            },
            {
              "batter": "AM McCarthy",
              "bowler": "JE Taylor",
              "non_striker": "KC Sangakkara",
              "runs": {
                "batter": 6,
                "extras": 0,
                "total": 6
              }
            },
            {
              "batter": "AM McCarthy",
              "bowler": "JE Taylor",
              "non_striker": "KC Sangakkara",
              "runs": {
                "batter": 0,
                "extras": 0,
                "total": 0
              }
            },
            {
              "batter": "AM McCarthy",
              "bowler": "JE Taylor",
              "extras": {
                "noballs": 1
              },
              "non_striker": "KC Sangakkara",
              "runs": {
                "batter": 1,
                "extras": 1,
                "total": 2
              }
            },
            {
              "batter": "KC Sangakkara",
              "bowler": "JE Taylor",
              "non_striker": "AM McCarthy",
              "runs": {
                "batter": 4,
                "extras": 0,
                "total": 4
              }
            }
          ]
        },
        {
          "over": 15,
          "deliveries": [
            {
              "batter": "AM McCarthy",
              "bowler": "OC McCoy",
              "non_striker": "KC Sangakkara",
              "runs": {
                "batter": 0,
                "extras": 0,
                "total": 0
              }
            },
            {
              "batter": "AM McCarthy",
              "bowler": "OC McCoy",
              "non_striker": "KC Sangakkara",
              "runs": {
                "batter": 0,
                "extras": 0,
                "total": 0
              }
            },
            {
              "batter": "AM McCarthy",
              "bowler": "OC McCoy",
              "non_striker": "KC Sangakkara",
              "runs": {
                "batter": 1,
                "extras": 0,
                "total": 1
              }
            },
            {
              "batter": "KC Sangakkara",
              "bowler": "OC McCoy",
              "non_striker": "AM McCarthy",
              "runs": {
                "batter": 6,
                "extras": 0,
                "total": 6
              }
            },
            {
              "batter": "KC Sangakkara",
              "bowler": "OC McCoy",
              "non_striker": "AM McCarthy",
              "runs": {
                "batter": 0,
                "extras": 0,
                "total": 0
              }
            },
            {
              "batter": "KC Sangakkara",
              "bowler": "OC McCoy",
              "non_striker": "AM McCarthy",
              "runs": {
                "batter": 0,
                "extras": 0,
                "total": 0
              }
            }
          ]
        },
        {
          "over": 16,
          "deliveries": [
            {
              "batter": "AM McCarthy",
              "bowler": "SR Watson",
              "non_striker": "KC Sangakkara",
              "runs": {
                "batter": 0,
                "extras": 0,
                "total": 0
              },
              "wickets": [
                {
                  "player_out": "AM McCarthy",
                  "fielders": [
                    {
                      "name": "MN Samuels"
                    }
                  ],
                  "kind": "caught"
                }
              ]
            },
            {
              "batter": "KC Sangakkara",
              "bowler": "SR Watson",
              "non_striker": "R Powell",
              "runs": {
                "batter": 1,
                "extras": 0,
                "total": 1
              }
            },
            {
              "batter": "R Powell",
              "bowler": "SR Watson",
              "non_striker": "KC Sangakkara",
              "runs": {
                "batter": 1,
                "extras": 0,
                "total": 1
              }
            },
            {
              "batter": "KC Sangakkara",
              "bowler": "SR Watson",
              "non_striker": "R Powell",
              "runs": {
                "batter": 2,
                "extras": 0,
                "total": 2
              }
            },
            {
              "batter": "KC Sangakkara",
              "bowler": "SR Watson",
              "non_striker": "R Powell",
              "runs": {
                "batter": 6,
                "extras": 0,
                "total": 6
              }
            },
            {
              "batter": "KC Sangakkara",
              "bowler": "SR Watson",
              "non_striker": "R Powell",
              "runs": {
                "batter": 0,
                "extras": 0,
                "total": 0
              }
            }
          ]
        },
        {
          "over": 17,
          "deliveries": [
            {
              "batter": "R Powell",
              "bowler": "OC McCoy",
              "non_striker": "KC Sangakkara",
              "runs": {
                "batter": 1,
                "extras": 0,
                "total": 1
              }
            },
            {
              "batter": "KC Sangakkara",
              "bowler": "OC McCoy",
              "non_striker": "R Powell",
              "runs": {
                "batter": 4,
                "extras": 0,
                "total": 4
              }
            },
            {
              "batter": "KC Sangakkara",
              "bowler": "OC McCoy",
              "extras": {
                "legbyes": 1
              },
              "non_striker": "R Powell",
              "runs": {
                "batter": 0,
                "extras": 1,
                "total": 1
              }
            },
            {
              "batter": "R Powell",
              "bowler": "OC McCoy",
              "non_striker": "KC Sangakkara",
              "runs": {
                "batter": 6,
                "extras": 0,
                "total": 6
              }
            },
            {
              "batter": "R Powell",
              "bowler": "OC McCoy",
              "non_striker": "KC Sangakkara",
              "runs": {
                "batter": 1,
                "extras": 0,
                "total": 1
              }
            },
            {
              "batter": "KC Sangakkara",
              "bowler": "OC McCoy",
              "non_striker": "R Powell",
              "runs": {
                "batter": 1,
                "extras": 0,
                "total": 1
              }
            }
          ]
        },
        {
          "over": 18,
          "deliveries": [
            {
              "batter": "KC Sangakkara",
              "bowler": "KR Mayers",
              "non_striker": "R Powell",
              "runs": {
                "batter": 6,
                "extras": 0,
                "total": 6
              }
            },
            {
              "batter": "KC Sangakkara",
              "bowler": "KR Mayers",
              "non_striker": "R Powell",
              "runs": {
                "batter": 0,
                "extras": 0,
                "total": 0
              }
            },
            {
              "batter": "KC Sangakkara",
              "bowler": "KR Mayers",
              "non_striker": "R Powell",
              "runs": {
                "batter": 1,
                "extras": 0,
                "total": 1
              }
            },
            {
              "batter": "R Powell",
              "bowler": "KR Mayers",
              "non_striker": "KC Sangakkara",
              "runs": {
                "batter": 0,
                "extras": 0,
                "total": 0
              },
              "wickets": [
                {
                  "player_out": "R Powell",
                  "kind": "hit wicket"
                }
              ]
            },
            {
              "batter": "Mahmudullah",
              "bowler": "KR Mayers",
              "non_striker": "KC Sangakkara",
              "runs": {
                "batter": 1,
                "extras": 0,
                "total": 1
              }
            },
            {
              "batter": "KC Sangakkara",
              "bowler": "KR Mayers",
              "non_striker": "Mahmudullah",
              "runs": {
                "batter": 4,
                "extras": 0,
                "total": 4
              }
            }
          ]
        }
      ],
      "powerplays": [
        {
          "from": 0.1,
          "to": 5.6,
          "type": "mandatory"
        }
      ],
      "target": {
        "overs": 20,
        "runs": 173
      }
    }
  ]
}