{
  "meta": {
    "data_version": "1.0.0",
    "created": "2021-03-05",
    "revision": 1
  },
  "info": {
    "balls_per_over": 6,
    "city": "Rangiora",
    "dates": [
      "2017-12-22"
    ],
    "event": {
      "name": "Super Smash",
      "match_number": 8
    },
    "gender": "male",
    "match_type": "T20",
    "officials": {
      "match_referees": [
        "GAV Baxter"
      ],
      "umpires": [
        "A Mehrotra",
        "AL Gillies"
      ]
    },
    "outcome": {
      "winner": "Canterbury",
      "by": {
        "runs": 17
      }
    },
    "overs": 20,
    "players": {
      "Canterbury": [
        "MA Pollard",
        "NM Kwant",
        "CJ Bowes",
        "BA Stokes",
        "CE McConchie",
        "CD Fletcher",
        "TG Johnston",
        "AM Ellis",
        "WSA Williams",
        "JTA Benton",
        "EJ Nuttall"
      ],
      "Central Districts": [
        "D Cleaver",
        "BS Smith",
        "WA Young",
        "TC Bruce",
        "JA Clarkson",
        "CK Leopard",
        "BM Wheeler",
        "BJ Small",
        "RJ McCone",
        "AY Patel",
        "BM Tickner"
      ]
    },
    "registry": {
      "people": {
        "A Mehrotra": "f336ff13",
        "AL Gillies": "1a1f45a4",
        "AM Ellis": "f987245c",
        "AY Patel": "fbd4f01f",
        "BA Stokes": "e087956b",
        "BJ Small": "b1b7b7de",
        "BM Tickner": "48ad3373",
        "BM Wheeler": "397f4d3a",
        "BS Smith": "556df4f9",
        "CD Fletcher": "4af9f5d4",
        "CE McConchie": "d285acaf",
        "CJ Bowes": "45df0e72",
        "CK Leopard": "46966c2b",
        "D Cleaver": "e3a949be",
        "EJ Nuttall": "c9bb898a",
        "GAV Baxter": "cb4b3ab0",
        "JA Clarkson": "bed90114",
        "JTA Benton": "05d4c10d",
        "MA Pollard": "d3b84c59",
        "NM Kwant": "f5ee85cf",
        "RJ McCone": "19cc9592",
        "TC Bruce": "f92c9151",
        "TG Johnston": "a1a5192e",
        "WA Young": "8afe73e2",
        "WSA Williams": "861eed37"
      }
    },
    "season": "2017/18",
    "team_type": "club",
    "teams": [
      "Canterbury",
      "Central Districts"
    ],
    "toss": {
      "decision": "bat",
      "winner": "Canterbury"
    },
    "venue": "Mainpower Oval"
  },
  "innings": [
    {
      "team": "Canterbury",
      "overs": [
        {
          "over": 0,
          "deliveries": [
            {
              "batter": "MA Pollard",
              "bowler": "BM Wheeler",
              "non_striker": "NM Kwant",
              "runs": {
                "batter": 0,
                "extras": 0,
                "total": 0
              }
            },
            {
              "batter": "MA Pollard",
              "bowler": "BM Wheeler",
              "non_striker": "NM Kwant",
              "runs": {
                "batter": 1,
                "extras": 0,
                "total": 1
              }
            },
            {
              "batter": "NM Kwant",
              "bowler": "BM Wheeler",
              "non_striker": "MA Pollard",
              "runs": {
                "batter": 0,
                "extras": 0,
                "total": 0
              }
            },
            {
              "batter": "NM Kwant",
              "bowler": "BM Wheeler",
              "non_striker": "MA Pollard",
              "runs": {
                "batter": 1,
                "extras": 0,
                "total": 1
              }
            },
            {
              "batter": "MA Pollard",
              "bowler": "BM Wheeler",
              "non_striker": "NM Kwant",
              "runs": {
                "batter": 0,
                "extras": 0,
                "total": 0
              }
            },
            {
              "batter": "MA Pollard",
              "bowler": "BM Wheeler",
              "non_striker": "NM Kwant",
              "runs": {
                "batter": 0,
                "extras": 0,
                "total": 0
              }
            }
          ]
        },
        {
          "over": 1,
          "deliveries": [
            {
              "batter": "NM Kwant",
              "bowler": "BM Tickner",
              "non_striker": "MA Pollard",
              "runs": {
                "batter": 1,
                "extras": 0,
                "total": 1
              }
            },
            {
              "batter": "MA Pollard",
              "bowler": "BM Tickner",
              "non_striker": "NM Kwant",
              "runs": {
                "batter": 1,
                "extras": 0,
                "total": 1
              }
            },
            {
              "batter": "NM Kwant",
              "bowler": "BM Tickner",
              "non_striker": "MA Pollard",
              "runs": {
                "batter": 1,
                "extras": 0,
                "total": 1
              }
            },
            {
              "batter": "MA Pollard",
              "bowler": "BM Tickner",
              "extras": {
                "legbyes": 1
              },
              "non_striker": "NM Kwant",
              "runs": {
                "batter": 0,
                "extras": 1,
                "total": 1
              }
            },
            {
              "batter": "NM Kwant",
              "bowler": "BM Tickner",
              "non_striker": "MA Pollard",
              "runs": {
                "batter": 0,
                "extras": 0,
                "total": 0
              }
            },
            {
              "batter": "NM Kwant",
              "bowler": "BM Tickner",
              "non_striker": "MA Pollard",
              "runs": {
                "batter": 0,
                "extras": 0,
                "total": 0
              },
              "wickets": [
                {
                  "player_out": "NM Kwant",
                  "fielders": [
                    {
                      "name": "AY Patel"
                    }
                  ],
                  "kind": "caught"
                }
              ]
            }
          ]
        },
        {
          "over": 2,
          "deliveries": [
            {
              "batter": "CJ Bowes",
              "bowler": "BM Wheeler",
              "non_striker": "MA Pollard",
              "runs": {
                "batter": 0,
                "extras": 0,
                "total": 0
              }
            },
            {
              "batter": "CJ Bowes",
              "bowler": "BM Wheeler",
              "non_striker": "MA Pollard",
              "runs": {
                "batter": 0,
                "extras": 0,
                "total": 0
              }
            },
            {
              "batter": "CJ Bowes",
              "bowler": "BM Wheeler",
              "non_striker": "MA Pollard",
              "runs": {
                "batter": 1,
                "extras": 0,
                "total": 1
              }
            },
            {
              "batter": "MA Pollard",
              "bowler": "BM Wheeler",
              "non_striker": "CJ Bowes",
              "runs": {
                "batter": 3,
                "extras": 0,
                "total": 3
              }
            },
            {
              "batter": "CJ Bowes",
              "bowler": "BM Wheeler",
              "non_striker": "MA Pollard",
              "runs": {
                "batter": 1,
                "extras": 0,
                "total": 1
              }
            },
            {
              "batter": "MA Pollard",
              "bowler": "BM Wheeler",
              "non_striker": "CJ Bowes",
              "runs": {
                "batter": 4,
                "extras": 0,
                "total": 4
              }
            }
          ]
        },
        {
          "over": 3,
          "deliveries": [
            {
              "batter": "CJ Bowes",
              "bowler": "BJ Small",
              "non_striker": "MA Pollard",
              "runs": {
                "batter": 4,
                "extras": 0,
                "total": 4
              }
            },
            {
              "batter": "CJ Bowes",
              "bowler": "BJ Small",
              "non_striker": "MA Pollard",
              "runs": {
                "batter": 4,
                "extras": 0,
                "total": 4
              }
            },
            {
              "batter": "CJ Bowes",
              "bowler": "BJ Small",
              "non_striker": "MA Pollard",
              "runs": {
                "batter": 1,
                "extras": 0,
                "total": 1
              }
            },
            {
              "batter": "MA Pollard",
              "bowler": "BJ Small",
              "non_striker": "CJ Bowes",
              "runs": {
                "batter": 0,
                "extras": 0,
                "total": 0
              }
            },
            {
              "batter": "MA Pollard",
              "bowler": "BJ Small",
              "non_striker": "CJ Bowes",
              "runs": {
                "batter": 0,
                "extras": 0,
                "total": 0
              }
            },
            {
              "batter": "MA Pollard",
              "bowler": "BJ Small",
              "non_striker": "CJ Bowes",
              "runs": {
                "batter": 4,
                "extras": 0,
                "total": 4
              }
            }
          ]
        },
        {
          "over": 4,
          "deliveries": [
            {
              "batter": "CJ Bowes",
              "bowler": "RJ McCone",
              "non_striker": "MA Pollard",
              "runs": {
                "batter": 1,
                "extras": 0,
                "total": 1
              }
            },
            {
              "batter": "MA Pollard",
              "bowler": "RJ McCone",
              "non_striker": "CJ Bowes",
              "runs": {
                "batter": 0,
                "extras": 0,
                "total": 0
              },
              "wickets": [
                {
                  "player_out": "MA Pollard",
                  "fielders": [
                    {
                      "name": "TC Bruce"
                    }
                  ],
                  "kind": "caught"
                }
              ]
            },
            {
              "batter": "CJ Bowes",
              "bowler": "RJ McCone",
              "non_striker": "BA Stokes",
              "runs": {
                "batter": 0,
                "extras": 0,
                "total": 0
              }
            },
            {
              "batter": "CJ Bowes",
              "bowler": "RJ McCone",
              "non_striker": "BA Stokes",
              "runs": {
                "batter": 4,
                "extras": 0,
                "total": 4
              }
            },
            {
              "batter": "CJ Bowes",
              "bowler": "RJ McCone",
              "non_striker": "BA Stokes",
              "runs": {
                "batter": 0,
                "extras": 0,
                "total": 0
              }
            },
            {
              "batter": "CJ Bowes",
              "bowler": "RJ McCone",
              "non_striker": "BA Stokes",
              "runs": {
                "batter": 4,
                "extras": 0,
                "total": 4
              }
            }
          ]
        },
        {
          "over": 5,
          "deliveries": [
            {
              "batter": "BA Stokes",
              "bowler": "BM Tickner",
              "non_striker": "CJ Bowes",
              "runs": {
                "batter": 0,
                "extras": 0,
                "total": 0
              }
            },
            {
              "batter": "BA Stokes",
              "bowler": "BM Tickner",
              "non_striker": "CJ Bowes",
              "runs": {
                "batter": 0,
                "extras": 0,
                "total": 0
              }
            },
            {
              "batter": "BA Stokes",
              "bowler": "BM Tickner",
              "non_striker": "CJ Bowes",
              "runs": {
                "batter": 0,
                "extras": 0,
                "total": 0
              }
            },
            {
              "batter": "BA Stokes",
              "bowler": "BM Tickner",
              "non_striker": "CJ Bowes",
              "runs": {
                "batter": 0,
                "extras": 0,
                "total": 0
              }
            },
            {
              "batter": "BA Stokes",
              "bowler": "BM Tickner",
              "non_striker": "CJ Bowes",
              "runs": {
                "batter": 3,
                "extras": 0,
                "total": 3
              }
            },
            {
              "batter": "CJ Bowes",
              "bowler": "BM Tickner",
              "non_striker": "BA Stokes",
              "runs": {
                "batter": 1,
                "extras": 0,
                "total": 1
              }
            }
          ]
        },
        {
          "over": 6,
          "deliveries": [
            {
              "batter": "CJ Bowes",
              "bowler": "AY Patel",
              "non_striker": "BA Stokes",
              "runs": {
                "batter": 1,
                "extras": 0,
                "total": 1
              }
            },
            {
              "batter": "BA Stokes",
              "bowler": "AY Patel",
              "non_striker": "CJ Bowes",
              "runs": {
                "batter": 1,
                "extras": 0,
                "total": 1
              }
            },
            {
              "batter": "CJ Bowes",
              "bowler": "AY Patel",
              "non_striker": "BA Stokes",
              "runs": {
                "batter": 1,
                "extras": 0,
                "total": 1
              }
            },
            {
              "batter": "BA Stokes",
              "bowler": "AY Patel",
              "non_striker": "CJ Bowes",
              "runs": {
                "batter": 0,
                "extras": 0,
                "total": 0
              }
            },
            {
              "batter": "BA Stokes",
              "bowler": "AY Patel",
              "non_striker": "CJ Bowes",
              "runs": {
                "batter": 1,
                "extras": 0,
                "total": 1
              }
            },
            {
              "batter": "CJ Bowes",
              "bowler": "AY Patel",
              "non_striker": "BA Stokes",
              "runs": {
                "batter": 1,
                "extras": 0,
                "total": 1
              }
            }
          ]
        },
        {
          "over": 7,
          "deliveries": [
            {
              "batter": "CJ Bowes",
              "bowler": "BJ Small",
              "non_striker": "BA Stokes",
              "runs": {
                "batter": 3,
                "extras": 0,
                "total": 3
              }
            },
            {
              "batter": "BA Stokes",
              "bowler": "BJ Small",
              "non_striker": "CJ Bowes",
              "runs": {
                "batter": 0,
                "extras": 0,
                "total": 0
              }
            },
            {
              "batter": "BA Stokes",
              "bowler": "BJ Small",
              "non_striker": "CJ Bowes",
              "runs": {
                "batter": 1,
                "extras": 0,
                "total": 1
              }
            },
            {
              "batter": "CJ Bowes",
              "bowler": "BJ Small",
              "non_striker": "BA Stokes",
              "runs": {
                "batter": 0,
                "extras": 0,
                "total": 0
              }
            },
            {
              "batter": "CJ Bowes",
              "bowler": "BJ Small",
              "extras": {
                "legbyes": 2
              },
              "non_striker": "BA Stokes",
              "runs": {
                "batter": 0,
                "extras": 2,
                "total": 2
              }
            },
            {
              "batter": "CJ Bowes",
              "bowler": "BJ Small",
              "non_striker": "BA Stokes",
              "runs": {
                "batter": 4,
                "extras": 0,
                "total": 4
              }
            }
          ]
        },
        {
          "over": 8,
          "deliveries": [
            {
              "batter": "BA Stokes",
              "bowler": "AY Patel",
              "non_striker": "CJ Bowes",
              "runs": {
                "batter": 1,
                "extras": 0,
                "total": 1
              }
            },
            {
              "batter": "CJ Bowes",
              "bowler": "AY Patel",
              "non_striker": "BA Stokes",
              "runs": {
                "batter": 1,
                "extras": 0,
                "total": 1
              }
            },
            {
              "batter": "BA Stokes",
              "bowler": "AY Patel",
              "non_striker": "CJ Bowes",
              "runs": {
                "batter": 4,
                "extras": 0,
                "total": 4
              }
            },
            {
              "batter": "BA Stokes",
              "bowler": "AY Patel",
              "non_striker": "CJ Bowes",
              "runs": {
                "batter": 1,
                "extras": 0,
                "total": 1
              }
            },
            {
              "batter": "CJ Bowes",
              "bowler": "AY Patel",
              "non_striker": "BA Stokes",
              "runs": {
                "batter": 1,
                "extras": 0,
                "total": 1
              }
            },
            {
              "batter": "BA Stokes",
              "bowler": "AY Patel",
              "non_striker": "CJ Bowes",
              "runs": {
                "batter": 6,
                "extras": 0,
                "total": 6
              }
            }
          ]
        },
        {
          "over": 9,
          "deliveries": [
            {
              "batter": "CJ Bowes",
              "bowler": "RJ McCone",
              "non_striker": "BA Stokes",
              "runs": {
                "batter": 2,
                "extras": 0,
                "total": 2
              }
            },
            {
              "batter": "CJ Bowes",
              "bowler": "RJ McCone",
              "non_striker": "BA Stokes",
              "runs": {
                "batter": 1,
                "extras": 0,
                "total": 1
              }
            },
            {
              "batter": "BA Stokes",
              "bowler": "RJ McCone",
              "non_striker": "CJ Bowes",
              "runs": {
                "batter": 2,
                "extras": 0,
                "total": 2
              }
            },
            {
              "batter": "BA Stokes",
              "bowler": "RJ McCone",
              "non_striker": "CJ Bowes",
              "runs": {
                "batter": 1,
                "extras": 0,
                "total": 1
              }
            },
            {
              "batter": "CJ Bowes",
              "bowler": "RJ McCone",
              "non_striker": "BA Stokes",
              "runs": {
                "batter": 0,
                "extras": 0,
                "total": 0
              }
            },
            {
              "batter": "CJ Bowes",
              "bowler": "RJ McCone",
              "non_striker": "BA Stokes",
              "runs": {
                "batter": 4,
                "extras": 0,
                "total": 4
              }
            }
          ]
        },
        {
          "over": 10,
          "deliveries": [
            {
              "batter": "BA Stokes",
              "bowler": "BJ Small",
              "non_striker": "CJ Bowes",
              "runs": {
                "batter": 2,
                "extras": 0,
                "total": 2
              }
            },
            {
              "batter": "BA Stokes",
              "bowler": "BJ Small",
              "non_striker": "CJ Bowes",
              "runs": {
                "batter": 0,
                "extras": 0,
                "total": 0
              }
            },
            {
              "batter": "BA Stokes",
              "bowler": "BJ Small",
              "non_striker": "CJ Bowes",
              "runs": {
                "batter": 0,
                "extras": 0,
                "total": 0
              },
              "wickets": [
                {
                  "player_out": "BA Stokes",
                  "fielders": [
                    {
                      "name": "JA Clarkson"
                    }
                  ],
                  "kind": "caught"
                }
              ]
            },
            {
              "batter": "CJ Bowes",
              "bowler": "BJ Small",
              "non_striker": "CE McConchie",
              "runs": {
                "batter": 2,
                "extras": 0,
                "total": 2
              }
            },
            {
              "batter": "CJ Bowes",
              "bowler": "BJ Small",
              "non_striker": "CE McConchie",
              "runs": {
                "batter": 2,
                "extras": 0,
                "total": 2
              }
            },
            {
              "batter": "CJ Bowes",
              "bowler": "BJ Small",
              "non_striker": "CE McConchie",
              "runs": {
                "batter": 1,
                "extras": 0,
                "total": 1
              }
            }
          ]
        },
        {
          "over": 11,
          "deliveries": [
            {
              "batter": "CJ Bowes",
              "bowler": "TC Bruce",
              "non_striker": "CE McConchie",
              "runs": {
                "batter": 1,
                "extras": 0,
                "total": 1
              }
            },
            {
              "batter": "CE McConchie",
              "bowler": "TC Bruce",
              "non_striker": "CJ Bowes",
              "runs": {
                "batter": 2,
                "extras": 0,
                "total": 2
              }
            },
            {
              "batter": "CE McConchie",
              "bowler": "TC Bruce",
              "non_striker": "CJ Bowes",
              "runs": {
                "batter": 0,
                "extras": 0,
                "total": 0
              }
            },
            {
              "batter": "CE McConchie",
              "bowler": "TC Bruce",
              "non_striker": "CJ Bowes",
              "runs": {
                "batter": 0,
                "extras": 0,
                "total": 0
              },
              "wickets": [
                {
                  "player_out": "CE McConchie",
                  "fielders": [
                    {
                      "name": "D Cleaver"
                    }
                  ],
                  "kind": "caught"
                }
              ]
            },
            {
              "batter": "CD Fletcher",
              "bowler": "TC Bruce",
              "non_striker": "CJ Bowes",
              "runs": {
                "batter": 1,
                "extras": 0,
                "total": 1
              }
            },
            {
              "batter": "CJ Bowes",
              "bowler": "TC Bruce",
              "non_striker": "CD Fletcher",
              "runs": {
                "batter": 0,
                "extras": 0,
                "total": 0
              }
            }
          ]
        },
        {
          "over": 12,
          "deliveries": [
            {
              "batter": "CD Fletcher",
              "bowler": "AY Patel",
              "non_striker": "CJ Bowes",
              "runs": {
                "batter": 1,
                "extras": 0,
                "total": 1
              }
            },
            {
              "batter": "CJ Bowes",
              "bowler": "AY Patel",
              "non_striker": "CD Fletcher",
              "runs": {
                "batter": 1,
                "extras": 0,
                "total": 1
              }
            },
            {
              "batter": "CD Fletcher",
              "bowler": "AY Patel",
              "non_striker": "CJ Bowes",
              "runs": {
                "batter": 1,
                "extras": 0,
                "total": 1
              }
            },
            {
              "batter": "CJ Bowes",
              "bowler": "AY Patel",
              "non_striker": "CD Fletcher",
              "runs": {
                "batter": 0,
                "extras": 0,
                "total": 0
              }
            },
            {
              "batter": "CJ Bowes",
              "bowler": "AY Patel",
              "non_striker": "CD Fletcher",
              "runs": {
                "batter": 0,
                "extras": 0,
                "total": 0
              }
            },
            {
              "batter": "CJ Bowes",
              "bowler": "AY Patel",
              "non_striker": "CD Fletcher",
              "runs": {
                "batter": 1,
                "extras": 0,
                "total": 1
              }
            }
          ]
        },
        {
          "over": 13,
          "deliveries": [
            {
              "batter": "CJ Bowes",
              "bowler": "BM Tickner",
              "non_striker": "CD Fletcher",
              "runs": {
                "batter": 1,
                "extras": 0,
                "total": 1
              }
            },
            {
              "batter": "CD Fletcher",
              "bowler": "BM Tickner",
              "non_striker": "CJ Bowes",
              "runs": {
                "batter": 4,
                "extras": 0,
                "total": 4
              }
            },
            {
              "batter": "CD Fletcher",
              "bowler": "BM Tickner",
              "non_striker": "CJ Bowes",
              "runs": {
                "batter": 1,
                "extras": 0,
                "total": 1
              }
            },
            {
              "batter": "CJ Bowes",
              "bowler": "BM Tickner",
              "non_striker": "CD Fletcher",
              "runs": {
                "batter": 4,
                "extras": 0,
                "total": 4
              }
            },
            {
              "batter": "CJ Bowes",
              "bowler": "BM Tickner",
              "non_striker": "CD Fletcher",
              "runs": {
                "batter": 1,
                "extras": 0,
                "total": 1
              }
            },
            {
              "batter": "CD Fletcher",
              "bowler": "BM Tickner",
              "non_striker": "CJ Bowes",
              "runs": {
                "batter": 0,
                "extras": 0,
                "total": 0
              }
            }
          ]
        },
        {
          "over": 14,
          "deliveries": [
            {
              "batter": "CJ Bowes",
              "bowler": "BM Wheeler",
              "non_striker": "CD Fletcher",
              "runs": {
                "batter": 0,
                "extras": 0,
                "total": 0
              }
            },
            {
              "batter": "CJ Bowes",
              "bowler": "BM Wheeler",
              "non_striker": "CD Fletcher",
              "runs": {
                "batter": 1,
                "extras": 0,
                "total": 1
              }
            },
            {
              "batter": "CD Fletcher",
              "bowler": "BM Wheeler",
              "non_striker": "CJ Bowes",
              "runs": {
                "batter": 1,
                "extras": 0,
                "total": 1
              }
            },
            {
              "batter": "CJ Bowes",
              "bowler": "BM Wheeler",
              "non_striker": "CD Fletcher",
              "runs": {
                "batter": 4,
                "extras": 0,
                "total": 4
              }
            },
            {
              "batter": "CJ Bowes",
              "bowler": "BM Wheeler",
              "non_striker": "CD Fletcher",
              "runs": {
                "batter": 1,
                "extras": 0,
                "total": 1
              }
            },
            {
              "batter": "CD Fletcher",
              "bowler": "BM Wheeler",
              "non_striker": "CJ Bowes",
              "runs": {
                "batter": 2,
                "extras": 0,
                "total": 2
              }
            }
          ]
        },
        {
          "over": 15,
          "deliveries": [
            {
              "batter": "CJ Bowes",
              "bowler": "TC Bruce",
              "non_striker": "CD Fletcher",
              "runs": {
                "batter": 6,
                "extras": 0,
                "total": 6
              }
            },
            {
              "batter": "CJ Bowes",
              "bowler": "TC Bruce",
              "non_striker": "CD Fletcher",
              "runs": {
                "batter": 1,
                "extras": 0,
                "total": 1
              }
            },
            {
              "batter": "CD Fletcher",
              "bowler": "TC Bruce",
              "non_striker": "CJ Bowes",
              "runs": {
                "batter": 2,
                "extras": 0,
                "total": 2
              }
            },
            {
              "batter": "CD Fletcher",
              "bowler": "TC Bruce",
              "non_striker": "CJ Bowes",
              "runs": {
                "batter": 2,
                "extras": 0,
                "total": 2
              }
            },
            {
              "batter": "CD Fletcher",
              "bowler": "TC Bruce",
              "non_striker": "CJ Bowes",
              "runs": {
                "batter": 1,
                "extras": 0,
                "total": 1
              }
            },
            {
              "batter": "CJ Bowes",
              "bowler": "TC Bruce",
              "non_striker": "CD Fletcher",
              "runs": {
                "batter": 1,
                "extras": 0,
                "total": 1
              }
            }
          ]
        },
        {
          "over": 16,
          "deliveries": [
            {
              "batter": "CJ Bowes",
              "bowler": "BJ Small",
              "non_striker": "CD Fletcher",
              "runs": {
                "batter": 2,
                "extras": 0,
                "total": 2
              }
            },
            {
              "batter": "CJ Bowes",
              "bowler": "BJ Small",
              "non_striker": "CD Fletcher",
              "runs": {
                "batter": 4,
                "extras": 0,
                "total": 4
              }
            },
            {
              "batter": "CJ Bowes",
              "bowler": "BJ Small",
              "non_striker": "CD Fletcher",
              "runs": {
                "batter": 1,
                "extras": 0,
                "total": 1
              }
            },
            {
              "batter": "CD Fletcher",
              "bowler": "BJ Small",
              "non_striker": "CJ Bowes",
              "runs": {
                "batter": 1,
                "extras": 0,
                "total": 1
              }
            },
            {
              "batter": "CJ Bowes",
              "bowler": "BJ Small",
              "non_striker": "CD Fletcher",
              "runs": {
                "batter": 0,
                "extras": 0,
                "total": 0
              }
            },
            {
              "batter": "CJ Bowes",
              "bowler": "BJ Small",
              "extras": {
                "noballs": 1
              },
              "non_striker": "CD Fletcher",
              "runs": {
                "batter": 4,
                "extras": 1,
                "total": 5
              }
            },
            {
              "batter": "CJ Bowes",
              "bowler": "BJ Small",
              "non_striker": "CD Fletcher",
              "runs": {
                "batter": 1,
                "extras": 0,
                "total": 1
              }
            }
          ]
        },
        {
          "over": 17,
          "deliveries": [
            {
              "batter": "CJ Bowes",
              "bowler": "RJ McCone",
              "non_striker": "CD Fletcher",
              "runs": {
                "batter": 0,
                "extras": 0,
                "total": 0
              }
            },
            {
              "batter": "CJ Bowes",
              "bowler": "RJ McCone",
              "non_striker": "CD Fletcher",
              "runs": {
                "batter": 1,
                "extras": 0,
                "total": 1
              }
            },
            {
              "batter": "CD Fletcher",
              "bowler": "RJ McCone",
              "non_striker": "CJ Bowes",
              "runs": {
                "batter": 6,
                "extras": 0,
                "total": 6
              }
            },
            {
              "batter": "CD Fletcher",
              "bowler": "RJ McCone",
              "extras": {
                "legbyes": 1
              },
              "non_striker": "CJ Bowes",
              "runs": {
                "batter": 0,
                "extras": 1,
                "total": 1
              }
            },
            {
              "batter": "CJ Bowes",
              "bowler": "RJ McCone",
              "non_striker": "CD Fletcher",
              "runs": {
                "batter": 1,
                "extras": 0,
                "total": 1
              }
            },
            {
              "batter": "CD Fletcher",
              "bowler": "RJ McCone",
              "non_striker": "CJ Bowes",
              "runs": {
                "batter": 1,
                "extras": 0,
                "total": 1
              }
            }
          ]
        },
        {
          "over": 18,
          "deliveries": [
            {
              "batter": "CD Fletcher",
              "bowler": "BM Tickner",
              "non_striker": "CJ Bowes",
              "runs": {
                "batter": 1,
                "extras": 0,
                "total": 1
              }
            },
            {
              "batter": "CJ Bowes",
              "bowler": "BM Tickner",
              "non_striker": "CD Fletcher",
              "runs": {
                "batter": 0,
                "extras": 0,
                "total": 0
              },
              "wickets": [
                {
                  "player_out": "CJ Bowes",
                  "fielders": [
                    {
                      "name": "TC Bruce"
                    }
                  ],
                  "kind": "caught"
                }
              ]
            },
            {
              "batter": "TG Johnston",
              "bowler": "BM Tickner",
              "non_striker": "CD Fletcher",
              "runs": {
                "batter": 1,
                "extras": 0,
                "total": 1
              }
            },
            {
              "batter": "CD Fletcher",
              "bowler": "BM Tickner",
              "non_striker": "TG Johnston",
              "runs": {
                "batter": 0,
                "extras": 0,
                "total": 0
              }
            },
            {
              "batter": "CD Fletcher",
              "bowler": "BM Tickner",
              "non_striker": "TG Johnston",
              "runs": {
                "batter": 1,
                "extras": 0,
                "total": 1
              }
            },
            {
              "batter": "TG Johnston",
              "bowler": "BM Tickner",
              "non_striker": "CD Fletcher",
              "runs": {
                "batter": 0,
                "extras": 0,
                "total": 0
              }
            }
          ]
        },
        {
          "over": 19,
          "deliveries": [
            {
              "batter": "CD Fletcher",
              "bowler": "BM Wheeler",
              "non_striker": "TG Johnston",
              "runs": {
                "batter": 2,
                "extras": 0,
                "total": 2
              }
            },
            {
              "batter": "CD Fletcher",
              "bowler": "BM Wheeler",
              "non_striker": "TG Johnston",
              "runs": {
                "batter": 6,
                "extras": 0,
                "total": 6
              }
            },
            {
              "batter": "CD Fletcher",
              "bowler": "BM Wheeler",
              "non_striker": "TG Johnston",
              "runs": {
                "batter": 2,
                "extras": 0,
                "total": 2
              }
            },
            {
              "batter": "CD Fletcher",
              "bowler": "BM Wheeler",
              "non_striker": "TG Johnston",
              "runs": {
                "batter": 6,
                "extras": 0,
                "total": 6
              }
            },
            {
              "batter": "CD Fletcher",
              "bowler": "BM Wheeler",
              "non_striker": "TG Johnston",
              "runs": {
                "batter": 1,
                "extras": 0,
                "total": 1
              }
            },
            {
              "batter": "TG Johnston",
              "bowler": "BM Wheeler",
              "non_striker": "CD Fletcher",
              "runs": {
                "batter": 2,
                "extras": 0,
                "total": 2
              }
            }
          ]
        }
      ],
      "powerplays": [
        {
          "from": 0.1,
          "to": 5.6,
          "type": "mandatory"
        }
      ]
    },
    {
      "team": "Central Districts",
      "overs": [
        {
          "over": 0,
          "deliveries": [
            {
              "batter": "D Cleaver",
              "bowler": "CE McConchie",
              "non_striker": "BS Smith",
              "runs": {
                "batter": 0,
                "extras": 0,
                "total": 0
              }
            },
            {
              "batter": "D Cleaver",
              "bowler": "CE McConchie",
              "non_striker": "BS Smith",
              "runs": {
                "batter": 1,
                "extras": 0,
                "total": 1
              }
            },
            {
              "batter": "BS Smith",
              "bowler": "CE McConchie",
              "non_striker": "D Cleaver",
              "runs": {
                "batter": 0,
                "extras": 0,
                "total": 0
              }
            },
            {
              "batter": "BS Smith",
              "bowler": "CE McConchie",
              "non_striker": "D Cleaver",
              "runs": {
                "batter": 0,
                "extras": 0,
                "total": 0
              }
            },
            {
              "batter": "BS Smith",
              "bowler": "CE McConchie",
              "non_striker": "D Cleaver",
              "runs": {
                "batter": 0,
                "extras": 0,
                "total": 0
              }
            },
            {
              "batter": "BS Smith",
              "bowler": "CE McConchie",
              "non_striker": "D Cleaver",
              "runs": {
                "batter": 0,
                "extras": 0,
                "total": 0
              },
              "wickets": [
                {
                  "player_out": "BS Smith",
                  "fielders": [
                    {
                      "name": "AM Ellis"
                    }
                  ],
                  "kind": "caught"
                }
              ]
            }
          ]
        },
        {
          "over": 1,
          "deliveries": [
            {
              "batter": "WA Young",
              "bowler": "EJ Nuttall",
              "non_striker": "D Cleaver",
              "runs": {
                "batter": 1,
                "extras": 0,
                "total": 1
              }
            },
            {
              "batter": "D Cleaver",
              "bowler": "EJ Nuttall",
              "non_striker": "WA Young",
              "runs": {
                "batter": 0,
                "extras": 0,
                "total": 0
              }
            },
            {
              "batter": "D Cleaver",
              "bowler": "EJ Nuttall",
              "non_striker": "WA Young",
              "runs": {
                "batter": 0,
                "extras": 0,
                "total": 0
              }
            },
            {
              "batter": "D Cleaver",
              "bowler": "EJ Nuttall",
              "non_striker": "WA Young",
              "runs": {
                "batter": 0,
                "extras": 0,
                "total": 0
              }
            },
            {
              "batter": "D Cleaver",
              "bowler": "EJ Nuttall",
              "non_striker": "WA Young",
              "runs": {
                "batter": 0,
                "extras": 0,
                "total": 0
              }
            },
            {
              "batter": "D Cleaver",
              "bowler": "EJ Nuttall",
              "non_striker": "WA Young",
              "runs": {
                "batter": 0,
                "extras": 0,
                "total": 0
              }
            }
          ]
        },
        {
          "over": 2,
          "deliveries": [
            {
              "batter": "WA Young",
              "bowler": "CE McConchie",
              "non_striker": "D Cleaver",
              "runs": {
                "batter": 1,
                "extras": 0,
                "total": 1
              }
            },
            {
              "batter": "D Cleaver",
              "bowler": "CE McConchie",
              "non_striker": "WA Young",
              "runs": {
                "batter": 3,
                "extras": 0,
                "total": 3
              }
            },
            {
              "batter": "WA Young",
              "bowler": "CE McConchie",
              "non_striker": "D Cleaver",
              "runs": {
                "batter": 1,
                "extras": 0,
                "total": 1
              }
            },
            {
              "batter": "D Cleaver",
              "bowler": "CE McConchie",
              "non_striker": "WA Young",
              "runs": {
                "batter": 1,
                "extras": 0,
                "total": 1
              }
            },
            {
              "batter": "WA Young",
              "bowler": "CE McConchie",
              "non_striker": "D Cleaver",
              "runs": {
                "batter": 2,
                "extras": 0,
                "total": 2
              }
            },
            {
              "batter": "WA Young",
              "bowler": "CE McConchie",
              "non_striker": "D Cleaver",
              "runs": {
                "batter": 1,
                "extras": 0,
                "total": 1
              }
            }
          ]
        },
        {
          "over": 3,
          "deliveries": [
            {
              "batter": "WA Young",
              "bowler": "EJ Nuttall",
              "non_striker": "D Cleaver",
              "runs": {
                "batter": 0,
                "extras": 0,
                "total": 0
              }
            },
            {
              "batter": "WA Young",
              "bowler": "EJ Nuttall",
              "non_striker": "D Cleaver",
              "runs": {
                "batter": 4,
                "extras": 0,
                "total": 4
              }
            },
            {
              "batter": "WA Young",
              "bowler": "EJ Nuttall",
              "non_striker": "D Cleaver",
              "runs": {
                "batter": 3,
                "extras": 0,
                "total": 3
              }
            },
            {
              "batter": "D Cleaver",
              "bowler": "EJ Nuttall",
              "non_striker": "WA Young",
              "runs": {
                "batter": 4,
                "extras": 0,
                "total": 4
              }
            },
            {
              "batter": "D Cleaver",
              "bowler": "EJ Nuttall",
              "non_striker": "WA Young",
              "runs": {
                "batter": 0,
                "extras": 0,
                "total": 0
              }
            },
            {
              "batter": "D Cleaver",
              "bowler": "EJ Nuttall",
              "non_striker": "WA Young",
              "runs": {
                "batter": 4,
                "extras": 0,
                "total": 4
              }
            }
          ]
        },
        {
          "over": 4,
          "deliveries": [
            {
              "batter": "WA Young",
              "bowler": "AM Ellis",
              "extras": {
                "wides": 1
              },
              "non_striker": "D Cleaver",
              "runs": {
                "batter": 0,
                "extras": 1,
                "total": 1
              }
            },
            {
              "batter": "WA Young",
              "bowler": "AM Ellis",
              "non_striker": "D Cleaver",
              "runs": {
                "batter": 0,
                "extras": 0,
                "total": 0
              }
            },
            {
              "batter": "WA Young",
              "bowler": "AM Ellis",
              "non_striker": "D Cleaver",
              "runs": {
                "batter": 0,
                "extras": 0,
                "total": 0
              }
            },
            {
              "batter": "WA Young",
              "bowler": "AM Ellis",
              "non_striker": "D Cleaver",
              "runs": {
                "batter": 1,
                "extras": 0,
                "total": 1
              }
            },
            {
              "batter": "D Cleaver",
              "bowler": "AM Ellis",
              "non_striker": "WA Young",
              "runs": {
                "batter": 0,
                "extras": 0,
                "total": 0
              }
            },
            {
              "batter": "D Cleaver",
              "bowler": "AM Ellis",
              "non_striker": "WA Young",
              "runs": {
                "batter": 0,
                "extras": 0,
                "total": 0
              }
            },
            {
              "batter": "D Cleaver",
              "bowler": "AM Ellis",
              "extras": {
                "noballs": 1
              },
              "non_striker": "WA Young",
              "runs": {
                "batter": 6,
                "extras": 1,
                "total": 7
              }
            },
            {
              "batter": "D Cleaver",
              "bowler": "AM Ellis",
              "non_striker": "WA Young",
              "runs": {
                "batter": 1,
                "extras": 0,
                "total": 1
              }
            }
          ]
        },
        {
          "over": 5,
          "deliveries": [
            {
              "batter": "D Cleaver",
              "bowler": "BA Stokes",
              "non_striker": "WA Young",
              "runs": {
                "batter": 6,
                "extras": 0,
                "total": 6
              }
            },
            {
              "batter": "D Cleaver",
              "bowler": "BA Stokes",
              "non_striker": "WA Young",
              "runs": {
                "batter": 1,
                "extras": 0,
                "total": 1
              }
            },
            {
              "batter": "WA Young",
              "bowler": "BA Stokes",
              "non_striker": "D Cleaver",
              "runs": {
                "batter": 0,
                "extras": 0,
                "total": 0
              }
            },
            {
              "batter": "WA Young",
              "bowler": "BA Stokes",
              "non_striker": "D Cleaver",
              "runs": {
                "batter": 0,
                "extras": 0,
                "total": 0
              }
            },
            {
              "batter": "WA Young",
              "bowler": "BA Stokes",
              "non_striker": "D Cleaver",
              "runs": {
                "batter": 2,
                "extras": 0,
                "total": 2
              }
            },
            {
              "batter": "WA Young",
              "bowler": "BA Stokes",
              "non_striker": "D Cleaver",
              "runs": {
                "batter": 4,
                "extras": 0,
                "total": 4
              }
            }
          ]
        },
        {
          "over": 6,
          "deliveries": [
            {
              "batter": "D Cleaver",
              "bowler": "JTA Benton",
              "non_striker": "WA Young",
              "runs": {
                "batter": 2,
                "extras": 0,
                "total": 2
              }
            },
            {
              "batter": "D Cleaver",
              "bowler": "JTA Benton",
              "non_striker": "WA Young",
              "runs": {
                "batter": 1,
                "extras": 0,
                "total": 1
              }
            },
            {
              "batter": "WA Young",
              "bowler": "JTA Benton",
              "non_striker": "D Cleaver",
              "runs": {
                "batter": 1,
                "extras": 0,
                "total": 1
              }
            },
            {
              "batter": "D Cleaver",
              "bowler": "JTA Benton",
              "non_striker": "WA Young",
              "runs": {
                "batter": 0,
                "extras": 0,
                "total": 0
              },
              "wickets": [
                {
                  "player_out": "D Cleaver",
                  "kind": "bowled"
                }
              ]
            },
            {
              "batter": "TC Bruce",
              "bowler": "JTA Benton",
              "non_striker": "WA Young",
              "runs": {
                "batter": 1,
                "extras": 0,
                "total": 1
              }
            },
            {
              "batter": "WA Young",
              "bowler": "JTA Benton",
              "non_striker": "TC Bruce",
              "runs": {
                "batter": 0,
                "extras": 0,
                "total": 0
              },
              "wickets": [
                {
                  "player_out": "WA Young",
                  "fielders": [
                    {
                      "name": "NM Kwant"
                    }
                  ],
                  "kind": "caught"
                }
              ]
            }
          ]
        },
        {
          "over": 7,
          "deliveries": [
            {
              "batter": "TC Bruce",
              "bowler": "TG Johnston",
              "non_striker": "JA Clarkson",
              "runs": {
                "batter": 1,
                "extras": 0,
                "total": 1
              }
            },
            {
              "batter": "JA Clarkson",
              "bowler": "TG Johnston",
              "non_striker": "TC Bruce",
              "runs": {
                "batter": 1,
                "extras": 0,
                "total": 1
              }
            },
            {
              "batter": "TC Bruce",
              "bowler": "TG Johnston",
              "non_striker": "JA Clarkson",
              "runs": {
                "batter": 0,
                "extras": 0,
                "total": 0
              }
            },
            {
              "batter": "TC Bruce",
              "bowler": "TG Johnston",
              "non_striker": "JA Clarkson",
              "runs": {
                "batter": 2,
                "extras": 0,
                "total": 2
              }
            },
            {
              "batter": "TC Bruce",
              "bowler": "TG Johnston",
              "non_striker": "JA Clarkson",
              "runs": {
                "batter": 1,
                "extras": 0,
                "total": 1
              }
            },
            {
              "batter": "JA Clarkson",
              "bowler": "TG Johnston",
              "non_striker": "TC Bruce",
              "runs": {
                "batter": 1,
                "extras": 0,
                "total": 1
              }
            }
          ]
        },
        {
          "over": 8,
          "deliveries": [
            {
              "batter": "JA Clarkson",
              "bowler": "JTA Benton",
              "non_striker": "TC Bruce",
              "runs": {
                "batter": 1,
                "extras": 0,
                "total": 1
              }
            },
            {
              "batter": "TC Bruce",
              "bowler": "JTA Benton",
              "non_striker": "JA Clarkson",
              "runs": {
                "batter": 4,
                "extras": 0,
                "total": 4
              }
            },
            {
              "batter": "TC Bruce",
              "bowler": "JTA Benton",
              "non_striker": "JA Clarkson",
              "runs": {
                "batter": 1,
                "extras": 0,
                "total": 1
              }
            },
            {
              "batter": "JA Clarkson",
              "bowler": "JTA Benton",
              "non_striker": "TC Bruce",
              "runs": {
                "batter": 1,
                "extras": 0,
                "total": 1
              }
            },
            {
              "batter": "TC Bruce",
              "bowler": "JTA Benton",
              "non_striker": "JA Clarkson",
              "runs": {
                "batter": 1,
                "extras": 0,
                "total": 1
              }
            },
            {
              "batter": "JA Clarkson",
              "bowler": "JTA Benton",
              "non_striker": "TC Bruce",
              "runs": {
                "batter": 1,
                "extras": 0,
                "total": 1
              }
            }
          ]
        },
        {
          "over": 9,
          "deliveries": [
            {
              "batter": "JA Clarkson",
              "bowler": "TG Johnston",
              "extras": {
                "wides": 1
              },
              "non_striker": "TC Bruce",
              "runs": {
                "batter": 0,
                "extras": 1,
                "total": 1
              }
            },
            {
              "batter": "JA Clarkson",
              "bowler": "TG Johnston",
              "extras": {
                "byes": 1
              },
              "non_striker": "TC Bruce",
              "runs": {
                "batter": 0,
                "extras": 1,
                "total": 1
              }
            },
            {
              "batter": "TC Bruce",
              "bowler": "TG Johnston",
              "non_striker": "JA Clarkson",
              "runs": {
                "batter": 1,
                "extras": 0,
                "total": 1
              }
            },
            {
              "batter": "JA Clarkson",
              "bowler": "TG Johnston",
              "extras": {
                "legbyes": 1
              },
              "non_striker": "TC Bruce",
              "runs": {
                "batter": 0,
                "extras": 1,
                "total": 1
              }
            },
            {
              "batter": "TC Bruce",
              "bowler": "TG Johnston",
              "non_striker": "JA Clarkson",
              "runs": {
                "batter": 0,
                "extras": 0,
                "total": 0
              },
              "wickets": [
                {
                  "player_out": "TC Bruce",
                  "fielders": [
                    {
                      "name": "AM Ellis"
                    }
                  ],
                  "kind": "caught"
                }
              ]
            },
            {
              "batter": "JA Clarkson",
              "bowler": "TG Johnston",
              "non_striker": "CK Leopard",
              "runs": {
                "batter": 1,
                "extras": 0,
                "total": 1
              }
            },
            {
              "batter": "CK Leopard",
              "bowler": "TG Johnston",
              "non_striker": "JA Clarkson",
              "runs": {
                "batter": 1,
                "extras": 0,
                "total": 1
              }
            }
          ]
        },
        {
          "over": 10,
          "deliveries": [
            {
              "batter": "CK Leopard",
              "bowler": "EJ Nuttall",
              "non_striker": "JA Clarkson",
              "runs": {
                "batter": 0,
                "extras": 0,
                "total": 0
              }
            },
            {
              "batter": "CK Leopard",
              "bowler": "EJ Nuttall",
              "non_striker": "JA Clarkson",
              "runs": {
                "batter": 1,
                "extras": 0,
                "total": 1
              }
            },
            {
              "batter": "JA Clarkson",
              "bowler": "EJ Nuttall",
              "non_striker": "CK Leopard",
              "runs": {
                "batter": 1,
                "extras": 0,
                "total": 1
              }
            },
            {
              "batter": "CK Leopard",
              "bowler": "EJ Nuttall",
              "non_striker": "JA Clarkson",
              "runs": {
                "batter": 1,
                "extras": 0,
                "total": 1
              }
            },
            {
              "batter": "JA Clarkson",
              "bowler": "EJ Nuttall",
              "non_striker": "CK Leopard",
              "runs": {
                "batter": 1,
                "extras": 0,
                "total": 1
              }
            },
            {
              "batter": "CK Leopard",
              "bowler": "EJ Nuttall",
              "non_striker": "JA Clarkson",
              "runs": {
                "batter": 1,
                "extras": 0,
                "total": 1
              }
            }
          ]
        },
        {
          "over": 11,
          "deliveries": [
            {
              "batter": "CK Leopard",
              "bowler": "TG Johnston",
              "non_striker": "JA Clarkson",
              "runs": {
                "batter": 2,
                "extras": 0,
                "total": 2
              }
            },
            {
              "batter": "CK Leopard",
              "bowler": "TG Johnston",
              "non_striker": "JA Clarkson",
              "runs": {
                "batter": 1,
                "extras": 0,
                "total": 1
              }
            },
            {
              "batter": "JA Clarkson",
              "bowler": "TG Johnston",
              "non_striker": "CK Leopard",
              "runs": {
                "batter": 0,
                "extras": 0,
                "total": 0
              }
            },
            {
              "batter": "JA Clarkson",
              "bowler": "TG Johnston",
              "non_striker": "CK Leopard",
              "runs": {
                "batter": 2,
                "extras": 0,
                "total": 2
              }
            },
            {
              "batter": "JA Clarkson",
              "bowler": "TG Johnston",
              "non_striker": "CK Leopard",
              "runs": {
                "batter": 1,
                "extras": 0,
                "total": 1
              }
            },
            {
              "batter": "CK Leopard",
              "bowler": "TG Johnston",
              "non_striker": "JA Clarkson",
              "runs": {
                "batter": 4,
                "extras": 0,
                "total": 4
              }
            }
          ]
        },
        {
          "over": 12,
          "deliveries": [
            {
              "batter": "JA Clarkson",
              "bowler": "BA Stokes",
              "non_striker": "CK Leopard",
              "runs": {
                "batter": 2,
                "extras": 0,
                "total": 2
              }
            },
            {
              "batter": "JA Clarkson",
              "bowler": "BA Stokes",
              "non_striker": "CK Leopard",
              "runs": {
                "batter": 6,
                "extras": 0,
                "total": 6
              }
            },
            {
              "batter": "JA Clarkson",
              "bowler": "BA Stokes",
              "extras": {
                "legbyes": 1
              },
              "non_striker": "CK Leopard",
              "runs": {
                "batter": 0,
                "extras": 1,
                "total": 1
              }
            },
            {
              "batter": "CK Leopard",
              "bowler": "BA Stokes",
              "non_striker": "JA Clarkson",
              "runs": {
                "batter": 1,
                "extras": 0,
                "total": 1
              }
            },
            {
              "batter": "JA Clarkson",
              "bowler": "BA Stokes",
              "non_striker": "CK Leopard",
              "runs": {
                "batter": 0,
                "extras": 0,
                "total": 0
              },
              "wickets": [
                {
                  "player_out": "JA Clarkson",
                  "kind": "lbw"
                }
              ]
            },
            {
              "batter": "BM Wheeler",
              "bowler": "BA Stokes",
              "extras": {
                "legbyes": 1
              },
              "non_striker": "CK Leopard",
              "runs": {
                "batter": 0,
                "extras": 1,
                "total": 1
              }
            }
          ]
        },
        {
          "over": 13,
          "deliveries": [
            {
              "batter": "BM Wheeler",
              "bowler": "TG Johnston",
              "non_striker": "CK Leopard",
              "runs": {
                "batter": 0,
                "extras": 0,
                "total": 0
              }
            },
            {
              "batter": "BM Wheeler",
              "bowler": "TG Johnston",
              "non_striker": "CK Leopard",
              "runs": {
                "batter": 0,
                "extras": 0,
                "total": 0
              }
            },
            {
              "batter": "BM Wheeler",
              "bowler": "TG Johnston",
              "extras": {
                "noballs": 1
              },
              "non_striker": "CK Leopard",
              "runs": {
                "batter": 1,
                "extras": 1,
                "total": 2
              }
            },
            {
              "batter": "CK Leopard",
              "bowler": "TG Johnston",
              "non_striker": "BM Wheeler",
              "runs": {
                "batter": 1,
                "extras": 0,
                "total": 1
              }
            },
            {
              "batter": "BM Wheeler",
              "bowler": "TG Johnston",
              "non_striker": "CK Leopard",
              "runs": {
                "batter": 0,
                "extras": 0,
                "total": 0
              }
            },
            {
              "batter": "BM Wheeler",
              "bowler": "TG Johnston",
              "non_striker": "CK Leopard",
              "runs": {
                "batter": 4,
                "extras": 0,
                "total": 4
              }
            },
            {
              "batter": "BM Wheeler",
              "bowler": "TG Johnston",
              "non_striker": "CK Leopard",
              "runs": {
                "batter": 1,
                "extras": 0,
                "total": 1
              }
            }
          ]
        },
        {
          "over": 14,
          "deliveries": [
            {
              "batter": "BM Wheeler",
              "bowler": "AM Ellis",
              "extras": {
                "wides": 1
              },
              "non_striker": "CK Leopard",
              "runs": {
                "batter": 0,
                "extras": 1,
                "total": 1
              }
            },
            {
              "batter": "BM Wheeler",
              "bowler": "AM Ellis",
              "non_striker": "CK Leopard",
              "runs": {
                "batter": 1,
                "extras": 0,
                "total": 1
              }
            },
            {
              "batter": "CK Leopard",
              "bowler": "AM Ellis",
              "non_striker": "BM Wheeler",
              "runs": {
                "batter": 1,
                "extras": 0,
                "total": 1
              }
            },
            {
              "batter": "BM Wheeler",
              "bowler": "AM Ellis",
              "non_striker": "CK Leopard",
              "runs": {
                "batter": 1,
                "extras": 0,
                "total": 1
              }
            },
            {
              "batter": "CK Leopard",
              "bowler": "AM Ellis",
              "non_striker": "BM Wheeler",
              "runs": {
                "batter": 0,
                "extras": 0,
                "total": 0
              }
            },
            {
              "batter": "CK Leopard",
              "bowler": "AM Ellis",
              "extras": {
                "wides": 1
              },
              "non_striker": "BM Wheeler",
              "runs": {
                "batter": 0,
                "extras": 1,
                "total": 1
              }
            },
            {
              "batter": "CK Leopard",
              "bowler": "AM Ellis",
              "non_striker": "BM Wheeler",
              "runs": {
                "batter": 1,
                "extras": 0,
                "total": 1
              }
            },
            {
              "batter": "BM Wheeler",
              "bowler": "AM Ellis",
              "non_striker": "CK Leopard",
              "runs": {
                "batter": 6,
                "extras": 0,
                "total": 6
              }
            }
          ]
        },
        {
          "over": 15,
          "deliveries": [
            {
              "batter": "CK Leopard",
              "bowler": "JTA Benton",
              "non_striker": "BM Wheeler",
              "runs": {
                "batter": 1,
                "extras": 0,
                "total": 1
              }
            },
            {
              "batter": "BM Wheeler",
              "bowler": "JTA Benton",
              "non_striker": "CK Leopard",
              "runs": {
                "batter": 0,
                "extras": 0,
                "total": 0
              },
              "wickets": [
                {
                  "player_out": "BM Wheeler",
                  "fielders": [
                    {
                      "name": "TG Johnston"
                    }
                  ],
                  "kind": "caught"
                }
              ]
            },
            {
              "batter": "CK Leopard",
              "bowler": "JTA Benton",
              "non_striker": "BJ Small",
              "runs": {
                "batter": 1,
                "extras": 0,
                "total": 1
              }
            },
            {
              "batter": "BJ Small",
              "bowler": "JTA Benton",
              "non_striker": "CK Leopard",
              "runs": {
                "batter": 1,
                "extras": 0,
                "total": 1
              }
            },
            {
              "batter": "CK Leopard",
              "bowler": "JTA Benton",
              "non_striker": "BJ Small",
              "runs": {
                "batter": 2,
                "extras": 0,
                "total": 2
              }
            },
            {
              "batter": "CK Leopard",
              "bowler": "JTA Benton",
              "non_striker": "BJ Small",
              "runs": {
                "batter": 1,
                "extras": 0,
                "total": 1
              }
            }
          ]
        },
        {
          "over": 16,
          "deliveries": [
            {
              "batter": "CK Leopard",
              "bowler": "EJ Nuttall",
              "non_striker": "BJ Small",
              "runs": {
                "batter": 0,
                "extras": 0,
                "total": 0
              },
              "wickets": [
                {
                  "player_out": "CK Leopard",
                  "fielders": [
                    {
                      "name": "WSA Williams"
                    }
                  ],
                  "kind": "caught"
                }
              ]
            },
            {
              "batter": "BJ Small",
              "bowler": "EJ Nuttall",
              "non_striker": "RJ McCone",
              "runs": {
                "batter": 4,
                "extras": 0,
                "total": 4
              }
            },
            {
              "batter": "BJ Small",
              "bowler": "EJ Nuttall",
              "non_striker": "RJ McCone",
              "runs": {
                "batter": 1,
                "extras": 0,
                "total": 1
              }
            },
            {
              "batter": "RJ McCone",
              "bowler": "EJ Nuttall",
              "non_striker": "BJ Small",
              "runs": {
                "batter": 1,
                "extras": 0,
                "total": 1
              }
            },
            {
              "batter": "BJ Small",
              "bowler": "EJ Nuttall",
              "non_striker": "RJ McCone",
              "runs": {
                "batter": 0,
                "extras": 0,
                "total": 0
              }
            },
            {
              "batter": "BJ Small",
              "bowler": "EJ Nuttall",
              "non_striker": "RJ McCone",
              "runs": {
                "batter": 1,
                "extras": 0,
                "total": 1
              }
            }
          ]
        },
        {
          "over": 17,
          "deliveries": [
            {
              "batter": "BJ Small",
              "bowler": "JTA Benton",
              "non_striker": "RJ McCone",
              "runs": {
                "batter": 1,
                "extras": 0,
                "total": 1
              }
            },
            {
              "batter": "RJ McCone",
              "bowler": "JTA Benton",
              "non_striker": "BJ Small",
              "runs": {
                "batter": 1,
                "extras": 0,
                "total": 1
              }
            },
            {
              "batter": "BJ Small",
              "bowler": "JTA Benton",
              "non_striker": "RJ McCone",
              "runs": {
                "batter": 2,
                "extras": 0,
                "total": 2
              }
            },
            {
              "batter": "BJ Small",
              "bowler": "JTA Benton",
              "non_striker": "RJ McCone",
              "runs": {
                "batter": 0,
                "extras": 0,
                "total": 0
              }
            },
            {
              "batter": "BJ Small",
              "bowler": "JTA Benton",
              "non_striker": "RJ McCone",
              "runs": {
                "batter": 1,
                "extras": 0,
                "total": 1
              }
            },
            {
              "batter": "RJ McCone",
              "bowler": "JTA Benton",
              "non_striker": "BJ Small",
              "runs": {
                "batter": 2,
                "extras": 0,
                "total": 2
              }
            }
          ]
        },
        {
          "over": 18,
          "deliveries": [
            {
              "batter": "BJ Small",
              "bowler": "AM Ellis",
              "non_striker": "RJ McCone",
              "runs": {
                "batter": 2,
                "extras": 0,
                "total": 2
              }
            },
            {
              "batter": "BJ Small",
              "bowler": "AM Ellis",
              "non_striker": "RJ McCone",
              "runs": {
                "batter": 2,
                "extras": 0,
                "total": 2
              }
            },
            {
              "batter": "BJ Small",
              "bowler": "AM Ellis",
              "non_striker": "RJ McCone",
              "runs": {
                "batter": 1,
                "extras": 0,
                "total": 1
              }
            },
            {
              "batter": "RJ McCone",
              "bowler": "AM Ellis",
              "non_striker": "BJ Small",
              "runs": {
                "batter": 2,
                "extras": 0,
                "total": 2
              }
            },
            {
              "batter": "RJ McCone",
              "bowler": "AM Ellis",
              "extras": {
                "legbyes": 2
              },
              "non_striker": "BJ Small",
              "runs": {
                "batter": 0,
                "extras": 2,
                "total": 2
              }
            },
            {
              "batter": "RJ McCone",
              "bowler": "AM Ellis",
              "non_striker": "BJ Small",
              "runs": {
                "batter": 1,
                "extras": 0,
                "total": 1
              },
              "wickets": [
                {
                  "player_out": "RJ McCone",
                  "kind": "run out"
                }
              ]
            }
          ]
        },
        {
          "over": 19,
          "deliveries": [
            {
              "batter": "BJ Small",
              "bowler": "WSA Williams",
              "non_striker": "AY Patel",
              "runs": {
                "batter": 2,
                "extras": 0,
                "total": 2
              }
            },
            {
              "batter": "BJ Small",
              "bowler": "WSA Williams",
              "non_striker": "AY Patel",
              "runs": {
                "batter": 1,
                "extras": 0,
                "total": 1
              }
            },
            {
              "batter": "AY Patel",
              "bowler": "WSA Williams",
              "non_striker": "BJ Small",
              "runs": {
                "batter": 1,
                "extras": 0,
                "total": 1
              }
            },
            {
              "batter": "BJ Small",
              "bowler": "WSA Williams",
              "non_striker": "AY Patel",
              "runs": {
                "batter": 1,
                "extras": 0,
                "total": 1
              }
            },
            {
              "batter": "AY Patel",
              "bowler": "WSA Williams",
              "non_striker": "BJ Small",
              "runs": {
                "batter": 0,
                "extras": 0,
                "total": 0
              },
              "wickets": [
                {
                  "player_out": "AY Patel",
                  "kind": "bowled"
                }
              ]
            },
            {
              "batter": "BM Tickner",
              "bowler": "WSA Williams",
              "non_striker": "BJ Small",
              "runs": {
                "batter": 1,
                "extras": 0,
                "total": 1
              }
            }
          ]
        }
      ],
      "powerplays": [
        {
          "from": 0.1,
          "to": 5.6,
          "type": "mandatory"
        }
      ],
      "target": {
        "overs": 20,
        "runs": 175
      }
    }
  ]
}