{
  "meta": {
    "data_version": "1.0.0",
    "created": "2021-03-05",
    "revision": 1
  },
  "info": {
    "balls_per_over": 6,
    "city": "Hamilton",
    "dates": [
      "2017-12-23"
    ],
    "event": {
      "name": "Super Smash",
      "match_number": 9
    },
    "gender": "male",
    "match_type": "T20",
    "officials": {
      "match_referees": [
        "KD Earl"
      ],
      "umpires": [
        "BF Bowden",
        "TJ Parlane"
      ]
    },
    "outcome": {
      "winner": "Northern Districts",
      "by": {
        "runs": 106
      }
    },
    "overs": 20,
    "players": {
      "Northern Districts": [
        "TL Seifert",
        "AP Devcich",
        "BR Hampton",
        "DG Brownlie",
        "DR Flynn",
        "DJ Mitchell",
        "NF Kelly",
        "CJ Jordan",
        "PD Bocock",
        "IS Sodhi",
        "BJ Arnel"
      ],
      "Otago": [
        "RJ Nicol",
        "HD Rutherford",
        "JDS Neesham",
        "S Hicks",
        "AK Kitchen",
        "MD Craig",
        "DC de Boorder",
        "BS Wilson",
        "N Wagner",
        "JA Duffy",
        "WD Barnes"
      ]
    },
    "registry": {
      "people": {
        "AK Kitchen": "63a1874a",
        "AP Devcich": "ed90abe4",
        "BF Bowden": "efc0a862",
        "BJ Arnel": "a5ac694f",
        "BR Hampton": "93f25f4f",
        "BS Wilson": "ac3e14ed",
        "CJ Jordan": "ffe699c0",
        "DC de Boorder": "bf573bfd",
        "DG Brownlie": "22bd731a",
        "DJ Mitchell": "eade4650",
        "DR Flynn": "9d710afe",
        "HD Rutherford": "0605de92",
        "IS Sodhi": "641ac5ff",
        "JA Duffy": "dadbdb68",
        "JDS Neesham": "9219eff0",
        "KD Earl": "58ddb8b4",
        "MD Craig": "c8574282",
        "N Wagner": "78adc879",
        "NF Kelly": "97f437ed",
        "PD Bocock": "329b08c2",
        "RJ Nicol": "8d8c24fd",
        "S Hicks": "168b4c4f",
        "TJ Parlane": "3cfc24b0",
        "TL Seifert": "4663bd23",
        "WD Barnes": "a066c01a"
      }
    },
    "season": "2017/18",
    "team_type": "club",
    "teams": [
      "Northern Districts",
      "Otago"
    ],
    "toss": {
      "decision": "field",
      "winner": "Otago"
    },
    "venue": "Seddon Park"
  },
  "innings": [
    {
      "team": "Northern Districts",
      "overs": [
        {
          "over": 0,
          "deliveries": [
            {
              "batter": "TL Seifert",
              "bowler": "MD Craig",
              "non_striker": "AP Devcich",
              "runs": {
                "batter": 1,
                "extras": 0,
                "total": 1
              }
            },
            {
              "batter": "AP Devcich",
              "bowler": "MD Craig",
              "non_striker": "TL Seifert",
              "runs": {
                "batter": 0,
                "extras": 0,
                "total": 0
              }
            },
            {
              "batter": "AP Devcich",
              "bowler": "MD Craig",
              "non_striker": "TL Seifert",
              "runs": {
                "batter": 2,
                "extras": 0,
                "total": 2
              }
            },
            {
              "batter": "AP Devcich",
              "bowler": "MD Craig",
              "non_striker": "TL Seifert",
              "runs": {
                "batter": 1,
                "extras": 0,
                "total": 1
              }
            },
            {
              "batter": "TL Seifert",
              "bowler": "MD Craig",
              "extras": {
                "wides": 1
              },
              "non_striker": "AP Devcich",
              "runs": {
                "batter": 0,
                "extras": 1,
                "total": 1
              }
            },
            {
              "batter": "TL Seifert",
              "bowler": "MD Craig",
              "non_striker": "AP Devcich",
              "runs": {
                "batter": 0,
                "extras": 0,
                "total": 0
              }
            },
            {
              "batter": "TL Seifert",
              "bowler": "MD Craig",
              "non_striker": "AP Devcich",
              "runs": {
                "batter": 1,
                "extras": 0,
                "total": 1
              }
            }
          ]
        },
        {
          "over": 1,
          "deliveries": [
            {
              "batter": "TL Seifert",
              "bowler": "AK Kitchen",
              "non_striker": "AP Devcich",
              "runs": {
                "batter": 1,
                "extras": 0,
                "total": 1
              }
            },
            {
              "batter": "AP Devcich",
              "bowler": "AK Kitchen",
              "non_striker": "TL Seifert",
              "runs": {
                "batter": 1,
                "extras": 0,
                "total": 1
              }
            },
            {
              "batter": "TL Seifert",
              "bowler": "AK Kitchen",
              "non_striker": "AP Devcich",
              "runs": {
                "batter": 1,
                "extras": 0,
                "total": 1
              }
            },
            {
              "batter": "AP Devcich",
              "bowler": "AK Kitchen",
              "extras": {
                "wides": 1
              },
              "non_striker": "TL Seifert",
              "runs": {
                "batter": 0,
                "extras": 1,
                "total": 1
              }
            },
            {
              "batter": "AP Devcich",
              "bowler": "AK Kitchen",
              "non_striker": "TL Seifert",
              "runs": {
                "batter": 0,
                "extras": 0,
                "total": 0
              }
            },
            {
              "batter": "AP Devcich",
              "bowler": "AK Kitchen",
              "non_striker": "TL Seifert",
              "runs": {
                "batter": 0,
                "extras": 0,
                "total": 0
              }
            },
            {
              "batter": "AP Devcich",
              "bowler": "AK Kitchen",
              "non_striker": "TL Seifert",
              "runs": {
                "batter": 6,
                "extras": 0,
                "total": 6
              }
            }
          ]
        },
        {
          "over": 2,
          "deliveries": [
            {
              "batter": "TL Seifert",
              "bowler": "MD Craig",
              "non_striker": "AP Devcich",
              "runs": {
                "batter": 4,
                "extras": 0,
                "total": 4
              }
            },
            {
              "batter": "TL Seifert",
              "bowler": "MD Craig",
              "non_striker": "AP Devcich",
              "runs": {
                "batter": 4,
                "extras": 0,
                "total": 4
              }
            },
            {
              "batter": "TL Seifert",
              "bowler": "MD Craig",
              "non_striker": "AP Devcich",
              "runs": {
                "batter": 0,
                "extras": 0,
                "total": 0
              }
            },
            {
              "batter": "TL Seifert",
              "bowler": "MD Craig",
              "non_striker": "AP Devcich",
              "runs": {
                "batter": 4,
                "extras": 0,
                "total": 4
              }
            },
            {
              "batter": "TL Seifert",
              "bowler": "MD Craig",
              "non_striker": "AP Devcich",
              "runs": {
                "batter": 0,
                "extras": 0,
                "total": 0
              }
            },
            {
              "batter": "TL Seifert",
              "bowler": "MD Craig",
              "non_striker": "AP Devcich",
              "runs": {
                "batter": 1,
                "extras": 0,
                "total": 1
              }
            }
          ]
        },
        {
          "over": 3,
          "deliveries": [
            {
              "batter": "TL Seifert",
              "bowler": "JA Duffy",
              "non_striker": "AP Devcich",
              "runs": {
                "batter": 0,
                "extras": 0,
                "total": 0
              }
            },
            {
              "batter": "TL Seifert",
              "bowler": "JA Duffy",
              "non_striker": "AP Devcich",
              "runs": {
                "batter": 0,
                "extras": 0,
                "total": 0
              }
            },
            {
              "batter": "TL Seifert",
              "bowler": "JA Duffy",
              "non_striker": "AP Devcich",
              "runs": {
                "batter": 1,
                "extras": 0,
                "total": 1
              }
            },
            {
              "batter": "AP Devcich",
              "bowler": "JA Duffy",
              "non_striker": "TL Seifert",
              "runs": {
                "batter": 4,
                "extras": 0,
                "total": 4
              }
            },
            {
              "batter": "AP Devcich",
              "bowler": "JA Duffy",
              "non_striker": "TL Seifert",
              "runs": {
                "batter": 4,
                "extras": 0,
                "total": 4
              }
            },
            {
              "batter": "AP Devcich",
              "bowler": "JA Duffy",
              "non_striker": "TL Seifert",
              "runs": {
                "batter": 4,
                "extras": 0,
                "total": 4
              }
            }
          ]
        },
        {
          "over": 4,
          "deliveries": [
            {
              "batter": "TL Seifert",
              "bowler": "WD Barnes",
              "non_striker": "AP Devcich",
              "runs": {
                "batter": 1,
                "extras": 0,
                "total": 1
              }
            },
            {
              "batter": "AP Devcich",
              "bowler": "WD Barnes",
              "non_striker": "TL Seifert",
              "runs": {
                "batter": 4,
                "extras": 0,
                "total": 4
              }
            },
            {
              "batter": "AP Devcich",
              "bowler": "WD Barnes",
              "non_striker": "TL Seifert",
              "runs": {
                "batter": 3,
                "extras": 0,
                "total": 3
              }
            },
            {
              "batter": "TL Seifert",
              "bowler": "WD Barnes",
              "non_striker": "AP Devcich",
              "runs": {
                "batter": 1,
                "extras": 0,
                "total": 1
              }
            },
            {
              "batter": "AP Devcich",
              "bowler": "WD Barnes",
              "non_striker": "TL Seifert",
              "runs": {
                "batter": 4,
                "extras": 0,
                "total": 4
              }
            },
            {
              "batter": "AP Devcich",
              "bowler": "WD Barnes",
              "non_striker": "TL Seifert",
              "runs": {
                "batter": 1,
                "extras": 0,
                "total": 1
              }
            }
          ]
        },
        {
          "over": 5,
          "deliveries": [
            {
              "batter": "AP Devcich",
              "bowler": "JA Duffy",
              "non_striker": "TL Seifert",
              "runs": {
                "batter": 4,
                "extras": 0,
                "total": 4
              }
            },
            {
              "batter": "AP Devcich",
              "bowler": "JA Duffy",
              "non_striker": "TL Seifert",
              "runs": {
                "batter": 1,
                "extras": 0,
                "total": 1
              }
            },
            {
              "batter": "TL Seifert",
              "bowler": "JA Duffy",
              "non_striker": "AP Devcich",
              "runs": {
                "batter": 0,
                "extras": 0,
                "total": 0
              },
              "wickets": [
                {
                  "player_out": "TL Seifert",
                  "fielders": [
                    {
                      "name": "S Hicks"
                    }
                  ],
                  "kind": "caught"
                }
              ]
            },
            {
              "batter": "AP Devcich",
              "bowler": "JA Duffy",
              "non_striker": "BR Hampton",
              "runs": {
                "batter": 1,
                "extras": 0,
                "total": 1
              }
            },
            {
              "batter": "BR Hampton",
              "bowler": "JA Duffy",
              "non_striker": "AP Devcich",
              "runs": {
                "batter": 0,
                "extras": 0,
                "total": 0
              }
            },
            {
              "batter": "BR Hampton",
              "bowler": "JA Duffy",
              "non_striker": "AP Devcich",
              "runs": {
                "batter": 1,
                "extras": 0,
                "total": 1
              }
            }
          ]
        },
        {
          "over": 6,
          "deliveries": [
            {
              "batter": "BR Hampton",
              "bowler": "N Wagner",
              "extras": {
                "wides": 1
              },
              "non_striker": "AP Devcich",
              "runs": {
                "batter": 0,
                "extras": 1,
                "total": 1
              }
            },
            {
              "batter": "BR Hampton",
              "bowler": "N Wagner",
              "non_striker": "AP Devcich",
              "runs": {
                "batter": 1,
                "extras": 0,
                "total": 1
              }
            },
            {
              "batter": "AP Devcich",
              "bowler": "N Wagner",
              "non_striker": "BR Hampton",
              "runs": {
                "batter": 0,
                "extras": 0,
                "total": 0
              }
            },
            {
              "batter": "AP Devcich",
              "bowler": "N Wagner",
              "non_striker": "BR Hampton",
              "runs": {
                "batter": 1,
                "extras": 0,
                "total": 1
              }
            },
            {
              "batter": "BR Hampton",
              "bowler": "N Wagner",
              "non_striker": "AP Devcich",
              "runs": {
                "batter": 4,
                "extras": 0,
                "total": 4
              }
            },
            {
              "batter": "BR Hampton",
              "bowler": "N Wagner",
              "non_striker": "AP Devcich",
              "runs": {
                "batter": 1,
                "extras": 0,
                "total": 1
              }
            },
            {
              "batter": "AP Devcich",
              "bowler": "N Wagner",
              "non_striker": "BR Hampton",
              "runs": {
                "batter": 1,
                "extras": 0,
                "total": 1
              }
            }
          ]
        },
        {
          "over": 7,
          "deliveries": [
            {
              "batter": "AP Devcich",
              "bowler": "WD Barnes",
              "non_striker": "BR Hampton",
              "runs": {
                "batter": 0,
                "extras": 0,
                "total": 0
              },
              "wickets": [
                {
                  "player_out": "AP Devcich",
                  "fielders": [
                    {
                      "name": "S Hicks"
                    }
                  ],
                  "kind": "caught"
                }
              ]
            },
            {
              "batter": "BR Hampton",
              "bowler": "WD Barnes",
              "non_striker": "DG Brownlie",
              "runs": {
                "batter": 1,
                "extras": 0,
                "total": 1
              }
            },
            {
              "batter": "DG Brownlie",
              "bowler": "WD Barnes",
              "non_striker": "BR Hampton",
              "runs": {
                "batter": 1,
                "extras": 0,
                "total": 1
              }
            },
            {
              "batter": "BR Hampton",
              "bowler": "WD Barnes",
              "non_striker": "DG Brownlie",
              "runs": {
                "batter": 0,
                "extras": 0,
                "total": 0
              }
            },
            {
              "batter": "BR Hampton",
              "bowler": "WD Barnes",
              "non_striker": "DG Brownlie",
              "runs": {
                "batter": 6,
                "extras": 0,
                "total": 6
              }
            },
            {
              "batter": "BR Hampton",
              "bowler": "WD Barnes",
              "non_striker": "DG Brownlie",
              "runs": {
                "batter": 2,
                "extras": 0,
                "total": 2
              }
            }
          ]
        },
        {
          "over": 8,
          "deliveries": [
            {
              "batter": "DG Brownlie",
              "bowler": "N Wagner",
              "non_striker": "BR Hampton",
              "runs": {
                "batter": 0,
                "extras": 0,
                "total": 0
              }
            },
            {
              "batter": "DG Brownlie",
              "bowler": "N Wagner",
              "non_striker": "BR Hampton",
              "runs": {
                "batter": 1,
                "extras": 0,
                "total": 1
              }
            },
            {
              "batter": "BR Hampton",
              "bowler": "N Wagner",
              "non_striker": "DG Brownlie",
              "runs": {
                "batter": 6,
                "extras": 0,
                "total": 6
              }
            },
            {
              "batter": "BR Hampton",
              "bowler": "N Wagner",
              "non_striker": "DG Brownlie",
              "runs": {
                "batter": 1,
                "extras": 0,
                "total": 1
              }
            },
            {
              "batter": "DG Brownlie",
              "bowler": "N Wagner",
              "non_striker": "BR Hampton",
              "runs": {
                "batter": 0,
                "extras": 0,
                "total": 0
              },
              "wickets": [
                {
                  "player_out": "DG Brownlie",
                  "fielders": [
                    {
                      "name": "S Hicks"
                    }
                  ],
                  "kind": "caught"
                }
              ]
            },
            {
              "batter": "DR Flynn",
              "bowler": "N Wagner",
              "non_striker": "BR Hampton",
              "runs": {
                "batter": 4,
                "extras": 0,
                "total": 4
              }
            }
          ]
        },
        {
          "over": 9,
          "deliveries": [
            {
              "batter": "BR Hampton",
              "bowler": "RJ Nicol",
              "non_striker": "DR Flynn",
              "runs": {
                "batter": 4,
                "extras": 0,
                "total": 4
              }
            },
            {
              "batter": "BR Hampton",
              "bowler": "RJ Nicol",
              "non_striker": "DR Flynn",
              "runs": {
                "batter": 0,
                "extras": 0,
                "total": 0
              }
            },
            {
              "batter": "BR Hampton",
              "bowler": "RJ Nicol",
              "non_striker": "DR Flynn",
              "runs": {
                "batter": 6,
                "extras": 0,
                "total": 6
              }
            },
            {
              "batter": "BR Hampton",
              "bowler": "RJ Nicol",
              "non_striker": "DR Flynn",
              "runs": {
                "batter": 1,
                "extras": 0,
                "total": 1
              }
            },
            {
              "batter": "DR Flynn",
              "bowler": "RJ Nicol",
              "non_striker": "BR Hampton",
              "runs": {
                "batter": 1,
                "extras": 0,
                "total": 1
              }
            },
            {
              "batter": "BR Hampton",
              "bowler": "RJ Nicol",
              "non_striker": "DR Flynn",
              "runs": {
                "batter": 6,
                "extras": 0,
                "total": 6
              }
            }
          ]
        },
        {
          "over": 10,
          "deliveries": [
            {
              "batter": "DR Flynn",
              "bowler": "JDS Neesham",
              "non_striker": "BR Hampton",
              "runs": {
                "batter": 0,
                "extras": 0,
                "total": 0
              }
            },
            {
              "batter": "DR Flynn",
              "bowler": "JDS Neesham",
              "non_striker": "BR Hampton",
              "runs": {
                "batter": 0,
                "extras": 0,
                "total": 0
              }
            },
            {
              "batter": "DR Flynn",
              "bowler": "JDS Neesham",
              "non_striker": "BR Hampton",
              "runs": {
                "batter": 1,
                "extras": 0,
                "total": 1
              }
            },
            {
              "batter": "BR Hampton",
              "bowler": "JDS Neesham",
              "extras": {
                "wides": 1
              },
              "non_striker": "DR Flynn",
              "runs": {
                "batter": 0,
                "extras": 1,
                "total": 1
              }
            },
            {
              "batter": "BR Hampton",
              "bowler": "JDS Neesham",
              "non_striker": "DR Flynn",
              "runs": {
                "batter": 4,
                "extras": 0,
                "total": 4
              }
            },
            {
              "batter": "BR Hampton",
              "bowler": "JDS Neesham",
              "non_striker": "DR Flynn",
              "runs": {
                "batter": 0,
                "extras": 0,
                "total": 0
              }
            },
            {
              "batter": "BR Hampton",
              "bowler": "JDS Neesham",
              "non_striker": "DR Flynn",
              "runs": {
                "batter": 0,
                "extras": 0,
                "total": 0
              }
            }
          ]
        },
        {
          "over": 11,
          "deliveries": [
            {
              "batter": "DR Flynn",
              "bowler": "AK Kitchen",
              "non_striker": "BR Hampton",
              "runs": {
                "batter": 0,
                "extras": 0,
                "total": 0
              }
            },
            {
              "batter": "DR Flynn",
              "bowler": "AK Kitchen",
              "non_striker": "BR Hampton",
              "runs": {
                "batter": 0,
                "extras": 0,
                "total": 0
              }
            },
            {
              "batter": "DR Flynn",
              "bowler": "AK Kitchen",
              "non_striker": "BR Hampton",
              "runs": {
                "batter": 6,
                "extras": 0,
                "total": 6
              }
            },
            {
              "batter": "DR Flynn",
              "bowler": "AK Kitchen",
              "non_striker": "BR Hampton",
              "runs": {
                "batter": 4,
                "extras": 0,
                "total": 4
              }
            },
            {
              "batter": "DR Flynn",
              "bowler": "AK Kitchen",
              "non_striker": "BR Hampton",
              "runs": {
                "batter": 1,
                "extras": 0,
                "total": 1
              }
            },
            {
              "batter": "BR Hampton",
              "bowler": "AK Kitchen",
              "extras": {
                "wides": 1
              },
              "non_striker": "DR Flynn",
              "runs": {
                "batter": 0,
                "extras": 1,
                "total": 1
              }
            },
            {
              "batter": "BR Hampton",
              "bowler": "AK Kitchen",
              "non_striker": "DR Flynn",
              "runs": {
                "batter": 0,
                "extras": 0,
                "total": 0
              },
              "wickets": [
                {
                  "player_out": "BR Hampton",
                  "fielders": [
                    {
                      "name": "JDS Neesham"
                    }
                  ],
                  "kind": "caught"
                }
              ]
            }
          ]
        },
        {
          "over": 12,
          "deliveries": [
            {
              "batter": "DJ Mitchell",
              "bowler": "RJ Nicol",
              "non_striker": "DR Flynn",
              "runs": {
                "batter": 1,
                "extras": 0,
                "total": 1
              }
            },
            {
              "batter": "DR Flynn",
              "bowler": "RJ Nicol",
              "non_striker": "DJ Mitchell",
              "runs": {
                "batter": 1,
                "extras": 0,
                "total": 1
              }
            },
            {
              "batter": "DJ Mitchell",
              "bowler": "RJ Nicol",
              "non_striker": "DR Flynn",
              "runs": {
                "batter": 0,
                "extras": 0,
                "total": 0
              }
            },
            {
              "batter": "DJ Mitchell",
              "bowler": "RJ Nicol",
              "non_striker": "DR Flynn",
              "runs": {
                "batter": 1,
                "extras": 0,
                "total": 1
              }
            },
            {
              "batter": "DR Flynn",
              "bowler": "RJ Nicol",
              "non_striker": "DJ Mitchell",
              "runs": {
                "batter": 1,
                "extras": 0,
                "total": 1
              }
            },
            {
              "batter": "DJ Mitchell",
              "bowler": "RJ Nicol",
              "non_striker": "DR Flynn",
              "runs": {
                "batter": 0,
                "extras": 0,
                "total": 0
              }
            }
          ]
        },
        {
          "over": 13,
          "deliveries": [
            {
              "batter": "DR Flynn",
              "bowler": "AK Kitchen",
              "non_striker": "DJ Mitchell",
              "runs": {
                "batter": 1,
                "extras": 0,
                "total": 1
              }
            },
            {
              "batter": "DJ Mitchell",
              "bowler": "AK Kitchen",
              "non_striker": "DR Flynn",
              "runs": {
                "batter": 0,
                "extras": 0,
                "total": 0
              }
            },
            {
              "batter": "DJ Mitchell",
              "bowler": "AK Kitchen",
              "non_striker": "DR Flynn",
              "runs": {
                "batter": 2,
                "extras": 0,
                "total": 2
              }
            },
            {
              "batter": "DJ Mitchell",
              "bowler": "AK Kitchen",
              "non_striker": "DR Flynn",
              "runs": {
                "batter": 6,
                "extras": 0,
                "total": 6
              }
            },
            {
              "batter": "DJ Mitchell",
              "bowler": "AK Kitchen",
              "non_striker": "DR Flynn",
              "runs": {
                "batter": 1,
                "extras": 0,
                "total": 1
              }
            },
            {
              "batter": "DR Flynn",
              "bowler": "AK Kitchen",
              "non_striker": "DJ Mitchell",
              "runs": {
                "batter": 6,
                "extras": 0,
                "total": 6
              }
            }
          ]
        },
        {
          "over": 14,
          "deliveries": [
            {
              "batter": "DJ Mitchell",
              "bowler": "JDS Neesham",
              "non_striker": "DR Flynn",
              "runs": {
                "batter": 1,
                "extras": 0,
                "total": 1
              }
            },
            {
              "batter": "DR Flynn",
              "bowler": "JDS Neesham",
              "non_striker": "DJ Mitchell",
              "runs": {
                "batter": 0,
                "extras": 0,
                "total": 0
              }
            },
            {
              "batter": "DR Flynn",
              "bowler": "JDS Neesham",
              "non_striker": "DJ Mitchell",
              "runs": {
                "batter": 0,
                "extras": 0,
                "total": 0
              }
            },
            {
              "batter": "DR Flynn",
              "bowler": "JDS Neesham",
              "non_striker": "DJ Mitchell",
              "runs": {
                "batter": 4,
                "extras": 0,
                "total": 4
              }
            },
            {
              "batter": "DR Flynn",
              "bowler": "JDS Neesham",
              "non_striker": "DJ Mitchell",
              "runs": {
                "batter": 1,
                "extras": 0,
                "total": 1
              }
            },
            {
              "batter": "DJ Mitchell",
              "bowler": "JDS Neesham",
              "non_striker": "DR Flynn",
              "runs": {
                "batter": 1,
                "extras": 0,
                "total": 1
              }
            }
          ]
        },
        {
          "over": 15,
          "deliveries": [
            {
              "batter": "DJ Mitchell",
              "bowler": "RJ Nicol",
              "non_striker": "DR Flynn",
              "runs": {
                "batter": 0,
                "extras": 0,
                "total": 0
              }
            },
            {
              "batter": "DJ Mitchell",
              "bowler": "RJ Nicol",
              "non_striker": "DR Flynn",
              "runs": {
                "batter": 2,
                "extras": 0,
                "total": 2
              }
            },
            {
              "batter": "DJ Mitchell",
              "bowler": "RJ Nicol",
              "non_striker": "DR Flynn",
              "runs": {
                "batter": 2,
                "extras": 0,
                "total": 2
              }
            },
            {
              "batter": "DJ Mitchell",
              "bowler": "RJ Nicol",
              "non_striker": "DR Flynn",
              "runs": {
                "batter": 1,
                "extras": 0,
                "total": 1
              }
            },
            {
              "batter": "DR Flynn",
              "bowler": "RJ Nicol",
              "non_striker": "DJ Mitchell",
              "runs": {
                "batter": 1,
                "extras": 0,
                "total": 1
              }
            },
            {
              "batter": "DJ Mitchell",
              "bowler": "RJ Nicol",
              "non_striker": "DR Flynn",
              "runs": {
                "batter": 1,
                "extras": 0,
                "total": 1
              }
            }
          ]
        },
        {
          "over": 16,
          "deliveries": [
            {
              "batter": "DJ Mitchell",
              "bowler": "N Wagner",
              "non_striker": "DR Flynn",
              "runs": {
                "batter": 1,
                "extras": 0,
                "total": 1
              }
            },
            {
              "batter": "DR Flynn",
              "bowler": "N Wagner",
              "non_striker": "DJ Mitchell",
              "runs": {
                "batter": 0,
                "extras": 0,
                "total": 0
              }
            },
            {
              "batter": "DR Flynn",
              "bowler": "N Wagner",
              "non_striker": "DJ Mitchell",
              "runs": {
                "batter": 0,
                "extras": 0,
                "total": 0
              }
            },
            {
              "batter": "DR Flynn",
              "bowler": "N Wagner",
              "non_striker": "DJ Mitchell",
              "runs": {
                "batter": 4,
                "extras": 0,
                "total": 4
              }
            },
            {
              "batter": "DR Flynn",
              "bowler": "N Wagner",
              "non_striker": "DJ Mitchell",
              "runs": {
                "batter": 1,
                "extras": 0,
                "total": 1
              }
            },
            {
              "batter": "DJ Mitchell",
              "bowler": "N Wagner",
              "non_striker": "DR Flynn",
              "runs": {
                "batter": 6,
                "extras": 0,
                "total": 6
              }
            }
          ]
        },
        {
          "over": 17,
          "deliveries": [
            {
              "batter": "DR Flynn",
              "bowler": "JDS Neesham",
              "non_striker": "DJ Mitchell",
              "runs": {
                "batter": 6,
                "extras": 0,
                "total": 6
              }
            },
            {
              "batter": "DR Flynn",
              "bowler": "JDS Neesham",
              "non_striker": "DJ Mitchell",
              "runs": {
                "batter": 4,
                "extras": 0,
                "total": 4
              }
            },
            {
              "batter": "DR Flynn",
              "bowler": "JDS Neesham",
              "non_striker": "DJ Mitchell",
              "runs": {
                "batter": 0,
                "extras": 0,
                "total": 0
              },
              "wickets": [
                {
                  "player_out": "DR Flynn",
                  "fielders": [
                    {
                      "name": "RJ Nicol"
                    }
                  ],
                  "kind": "caught"
                }
              ]
            },
            {
              "batter": "DJ Mitchell",
              "bowler": "JDS Neesham",
              "non_striker": "NF Kelly",
              "runs": {
                "batter": 2,
                "extras": 0,
                "total": 2
              }
            },
            {
              "batter": "DJ Mitchell",
              "bowler": "JDS Neesham",
              "non_striker": "NF Kelly",
              "runs": {
                "batter": 1,
                "extras": 0,
                "total": 1
              }
            },
            {
              "batter": "NF Kelly",
              "bowler": "JDS Neesham",
              "non_striker": "DJ Mitchell",
              "runs": {
                "batter": 1,
                "extras": 0,
                "total": 1
              }
            }
          ]
        },
        {
          "over": 18,
          "deliveries": [
            {
              "batter": "NF Kelly",
              "bowler": "WD Barnes",
              "non_striker": "DJ Mitchell",
              "runs": {
                "batter": 0,
                "extras": 0,
                "total": 0
              }
            },
            {
              "batter": "NF Kelly",
              "bowler": "WD Barnes",
              "non_striker": "DJ Mitchell",
              "runs": {
                "batter": 0,
                "extras": 0,
                "total": 0
              },
              "wickets": [
                {
                  "player_out": "NF Kelly",
                  "fielders": [
                    {
                      "name": "BS Wilson"
                    }
                  ],
                  "kind": "caught"
                }
              ]
            },
            {
              "batter": "DJ Mitchell",
              "bowler": "WD Barnes",
              "non_striker": "CJ Jordan",
              "runs": {
                "batter": 1,
                "extras": 0,
                "total": 1
              }
            },
            {
              "batter": "CJ Jordan",
              "bowler": "WD Barnes",
              "non_striker": "DJ Mitchell",
              "runs": {
                "batter": 6,
                "extras": 0,
                "total": 6
              }
            },
            {
              "batter": "CJ Jordan",
              "bowler": "WD Barnes",
              "non_striker": "DJ Mitchell",
              "runs": {
                "batter": 2,
                "extras": 0,
                "total": 2
              }
            },
            {
              "batter": "CJ Jordan",
              "bowler": "WD Barnes",
              "non_striker": "DJ Mitchell",
              "runs": {
                "batter": 0,
                "extras": 0,
                "total": 0
              },
              "wickets": [
                {
                  "player_out": "CJ Jordan",
                  "fielders": [
                    {
                      "name": "S Hicks"
                    }
                  ],
                  "kind": "caught"
                }
              ]
            }
          ]
        },
        {
          "over": 19,
          "deliveries": [
            {
              "batter": "DJ Mitchell",
              "bowler": "JDS Neesham",
              "non_striker": "PD Bocock",
              "runs": {
                "batter": 6,
                "extras": 0,
                "total": 6
              }
            },
            {
              "batter": "DJ Mitchell",
              "bowler": "JDS Neesham",
              "non_striker": "PD Bocock",
              "runs": {
                "batter": 1,
                "extras": 0,
                "total": 1
              }
            },
            {
              "batter": "PD Bocock",
              "bowler": "JDS Neesham",
              "non_striker": "DJ Mitchell",
              "runs": {
                "batter": 1,
                "extras": 0,
                "total": 1
              }
            },
            {
              "batter": "DJ Mitchell",
              "bowler": "JDS Neesham",
              "non_striker": "PD Bocock",
              "runs": {
                "batter": 4,
                "extras": 0,
                "total": 4
              }
            },
            {
              "batter": "DJ Mitchell",
              "bowler": "JDS Neesham",
              "non_striker": "PD Bocock",
              "runs": {
                "batter": 0,
                "extras": 0,
                "total": 0
              },
              "wickets": [
                {
                  "player_out": "DJ Mitchell",
                  "fielders": [
                    {
                      "name": "MD Craig"
                    }
                  ],
                  "kind": "caught"
                }
              ]
            },
            {
              "batter": "IS Sodhi",
              "bowler": "JDS Neesham",
              "extras": {
                "byes": 1
              },
              "non_striker": "PD Bocock",
              "runs": {
                "batter": 0,
                "extras": 1,
                "total": 1
              }
            }
          ]
        }
      ],
      "powerplays": [
        {
          "from": 0.1,
          "to": 5.6,
          "type": "mandatory"
        }
      ]
    },
    {
      "team": "Otago",
      "overs": [
        {
          "over": 0,
          "deliveries": [
            {
              "batter": "RJ Nicol",
              "bowler": "AP Devcich",
              "non_striker": "HD Rutherford",
              "runs": {
                "batter": 0,
                "extras": 0,
                "total": 0
              }
            },
            {
              "batter": "RJ Nicol",
              "bowler": "AP Devcich",
              "non_striker": "HD Rutherford",
              "runs": {
                "batter": 0,
                "extras": 0,
                "total": 0
              }
            },
            {
              "batter": "RJ Nicol",
              "bowler": "AP Devcich",
              "non_striker": "HD Rutherford",
              "runs": {
                "batter": 1,
                "extras": 0,
                "total": 1
              }
            },
            {
              "batter": "HD Rutherford",
              "bowler": "AP Devcich",
              "non_striker": "RJ Nicol",
              "runs": {
                "batter": 1,
                "extras": 0,
                "total": 1
              }
            },
            {
              "batter": "RJ Nicol",
              "bowler": "AP Devcich",
              "non_striker": "HD Rutherford",
              "runs": {
                "batter": 1,
                "extras": 0,
                "total": 1
              }
            },
            {
              "batter": "HD Rutherford",
              "bowler": "AP Devcich",
              "non_striker": "RJ Nicol",
              "runs": {
                "batter": 4,
                "extras": 0,
                "total": 4
              }
            }
          ]
        },
        {
          "over": 1,
          "deliveries": [
            {
              "batter": "RJ Nicol",
              "bowler": "BJ Arnel",
              "non_striker": "HD Rutherford",
              "runs": {
                "batter": 0,
                "extras": 0,
                "total": 0
              }
            },
            {
              "batter": "RJ Nicol",
              "bowler": "BJ Arnel",
              "non_striker": "HD Rutherford",
              "runs": {
                "batter": 1,
                "extras": 0,
                "total": 1
              }
            },
            {
              "batter": "HD Rutherford",
              "bowler": "BJ Arnel",
              "non_striker": "RJ Nicol",
              "runs": {
                "batter": 1,
                "extras": 0,
                "total": 1
              }
            },
            {
              "batter": "RJ Nicol",
              "bowler": "BJ Arnel",
              "non_striker": "HD Rutherford",
              "runs": {
                "batter": 0,
                "extras": 0,
                "total": 0
              }
            },
            {
              "batter": "RJ Nicol",
              "bowler": "BJ Arnel",
              "non_striker": "HD Rutherford",
              "runs": {
                "batter": 1,
                "extras": 0,
                "total": 1
              }
            },
            {
              "batter": "HD Rutherford",
              "bowler": "BJ Arnel",
              "non_striker": "RJ Nicol",
              "runs": {
                "batter": 1,
                "extras": 0,
                "total": 1
              }
            }
          ]
        },
        {
          "over": 2,
          "deliveries": [
            {
              "batter": "HD Rutherford",
              "bowler": "AP Devcich",
              "non_striker": "RJ Nicol",
              "runs": {
                "batter": 0,
                "extras": 0,
                "total": 0
              }
            },
            {
              "batter": "HD Rutherford",
              "bowler": "AP Devcich",
              "non_striker": "RJ Nicol",
              "runs": {
                "batter": 0,
                "extras": 0,
                "total": 0
              },
              "wickets": [
                {
                  "player_out": "HD Rutherford",
                  "fielders": [
                    {
                      "name": "NF Kelly"
                    }
                  ],
                  "kind": "caught"
                }
              ]
            },
            {
              "batter": "RJ Nicol",
              "bowler": "AP Devcich",
              "non_striker": "JDS Neesham",
              "runs": {
                "batter": 1,
                "extras": 0,
                "total": 1
              }
            },
            {
              "batter": "JDS Neesham",
              "bowler": "AP Devcich",
              "non_striker": "RJ Nicol",
              "runs": {
                "batter": 0,
                "extras": 0,
                "total": 0
              }
            },
            {
              "batter": "JDS Neesham",
              "bowler": "AP Devcich",
              "extras": {
                "wides": 1
              },
              "non_striker": "RJ Nicol",
              "runs": {
                "batter": 0,
                "extras": 1,
                "total": 1
              }
            },
            {
              "batter": "JDS Neesham",
              "bowler": "AP Devcich",
              "non_striker": "RJ Nicol",
              "runs": {
                "batter": 0,
                "extras": 0,
                "total": 0
              },
              "wickets": [
                {
                  "player_out": "JDS Neesham",
                  "fielders": [
                    {
                      "name": "CJ Jordan"
                    }
                  ],
                  "kind": "caught"
                }
              ]
            },
            {
              "batter": "S Hicks",
              "bowler": "AP Devcich",
              "non_striker": "RJ Nicol",
              "runs": {
                "batter": 0,
                "extras": 0,
                "total": 0
              }
            }
          ]
        },
        {
          "over": 3,
          "deliveries": [
            {
              "batter": "RJ Nicol",
              "bowler": "BJ Arnel",
              "non_striker": "S Hicks",
              "runs": {
                "batter": 4,
                "extras": 0,
                "total": 4
              }
            },
            {
              "batter": "RJ Nicol",
              "bowler": "BJ Arnel",
              "non_striker": "S Hicks",
              "runs": {
                "batter": 1,
                "extras": 0,
                "total": 1
              }
            },
            {
              "batter": "S Hicks",
              "bowler": "BJ Arnel",
              "non_striker": "RJ Nicol",
              "runs": {
                "batter": 1,
                "extras": 0,
                "total": 1
              }
            },
            {
              "batter": "RJ Nicol",
              "bowler": "BJ Arnel",
              "non_striker": "S Hicks",
              "runs": {
                "batter": 0,
                "extras": 0,
                "total": 0
              }
            },
            {
              "batter": "RJ Nicol",
              "bowler": "BJ Arnel",
              "non_striker": "S Hicks",
              "runs": {
                "batter": 1,
                "extras": 0,
                "total": 1
              }
            },
            {
              "batter": "S Hicks",
              "bowler": "BJ Arnel",
              "non_striker": "RJ Nicol",
              "runs": {
                "batter": 4,
                "extras": 0,
                "total": 4
              }
            }
          ]
        },
        {
          "over": 4,
          "deliveries": [
            {
              "batter": "RJ Nicol",
              "bowler": "CJ Jordan",
              "non_striker": "S Hicks",
              "runs": {
                "batter": 4,
                "extras": 0,
                "total": 4
              }
            },
            {
              "batter": "RJ Nicol",
              "bowler": "CJ Jordan",
              "non_striker": "S Hicks",
              "runs": {
                "batter": 4,
                "extras": 0,
                "total": 4
              }
            },
            {
              "batter": "RJ Nicol",
              "bowler": "CJ Jordan",
              "non_striker": "S Hicks",
              "runs": {
                "batter": 0,
                "extras": 0,
                "total": 0
              },
              "wickets": [
                {
                  "player_out": "RJ Nicol",
                  "fielders": [
                    {
                      "name": "BJ Arnel"
                    }
                  ],
                  "kind": "caught"
                }
              ]
            },
            {
              "batter": "AK Kitchen",
              "bowler": "CJ Jordan",
              "non_striker": "S Hicks",
              "runs": {
                "batter": 0,
                "extras": 0,
                "total": 0
              }
            },
            {
              "batter": "AK Kitchen",
              "bowler": "CJ Jordan",
              "non_striker": "S Hicks",
              "runs": {
                "batter": 0,
                "extras": 0,
                "total": 0
              }
            },
            {
              "batter": "AK Kitchen",
              "bowler": "CJ Jordan",
              "non_striker": "S Hicks",
              "runs": {
                "batter": 1,
                "extras": 0,
                "total": 1
              }
            }
          ]
        },
        {
          "over": 5,
          "deliveries": [
            {
              "batter": "AK Kitchen",
              "bowler": "DJ Mitchell",
              "non_striker": "S Hicks",
              "runs": {
                "batter": 1,
                "extras": 0,
                "total": 1
              }
            },
            {
              "batter": "S Hicks",
              "bowler": "DJ Mitchell",
              "non_striker": "AK Kitchen",
              "runs": {
                "batter": 6,
                "extras": 0,
                "total": 6
              }
            },
            {
              "batter": "S Hicks",
              "bowler": "DJ Mitchell",
              "non_striker": "AK Kitchen",
              "runs": {
                "batter": 1,
                "extras": 0,
                "total": 1
              }
            },
            {
              "batter": "AK Kitchen",
              "bowler": "DJ Mitchell",
              "non_striker": "S Hicks",
              "runs": {
                "batter": 0,
                "extras": 0,
                "total": 0
              },
              "wickets": [
                {
                  "player_out": "AK Kitchen",
                  "fielders": [
                    {
                      "name": "CJ Jordan"
                    }
                  ],
                  "kind": "caught"
                }
              ]
            },
            {
              "batter": "MD Craig",
              "bowler": "DJ Mitchell",
              "non_striker": "S Hicks",
              "runs": {
                "batter": 1,
                "extras": 0,
                "total": 1
              }
            },
            {
              "batter": "S Hicks",
              "bowler": "DJ Mitchell",
              "non_striker": "MD Craig",
              "runs": {
                "batter": 0,
                "extras": 0,
                "total": 0
              }
            }
          ]
        },
        {
          "over": 6,
          "deliveries": [
            {
              "batter": "MD Craig",
              "bowler": "CJ Jordan",
              "non_striker": "S Hicks",
              "runs": {
                "batter": 0,
                "extras": 0,
                "total": 0
              }
            },
            {
              "batter": "MD Craig",
              "bowler": "CJ Jordan",
              "non_striker": "S Hicks",
              "runs": {
                "batter": 0,
                "extras": 0,
                "total": 0
              },
              "wickets": [
                {
                  "player_out": "MD Craig",
                  "fielders": [
                    {
                      "name": "DG Brownlie"
                    }
                  ],
                  "kind": "caught"
                }
              ]
            },
            {
              "batter": "S Hicks",
              "bowler": "CJ Jordan",
              "non_striker": "DC de Boorder",
              "runs": {
                "batter": 1,
                "extras": 0,
                "total": 1
              }
            },
            {
              "batter": "DC de Boorder",
              "bowler": "CJ Jordan",
              "non_striker": "S Hicks",
              "runs": {
                "batter": 0,
                "extras": 0,
                "total": 0
              }
            },
            {
              "batter": "DC de Boorder",
              "bowler": "CJ Jordan",
              "non_striker": "S Hicks",
              "runs": {
                "batter": 1,
                "extras": 0,
                "total": 1
              }
            },
            {
              "batter": "S Hicks",
              "bowler": "CJ Jordan",
              "non_striker": "DC de Boorder",
              "runs": {
                "batter": 1,
                "extras": 0,
                "total": 1
              }
            }
          ]
        },
        {
          "over": 7,
          "deliveries": [
            {
              "batter": "S Hicks",
              "bowler": "IS Sodhi",
              "non_striker": "DC de Boorder",
              "runs": {
                "batter": 1,
                "extras": 0,
                "total": 1
              }
            },
            {
              "batter": "DC de Boorder",
              "bowler": "IS Sodhi",
              "non_striker": "S Hicks",
              "runs": {
                "batter": 0,
                "extras": 0,
                "total": 0
              },
              "wickets": [
                {
                  "player_out": "DC de Boorder",
                  "fielders": [
                    {
                      "name": "DG Brownlie"
                    }
                  ],
                  "kind": "caught"
                }
              ]
            },
            {
              "batter": "BS Wilson",
              "bowler": "IS Sodhi",
              "non_striker": "S Hicks",
              "runs": {
                "batter": 0,
                "extras": 0,
                "total": 0
              }
            },
            {
              "batter": "BS Wilson",
              "bowler": "IS Sodhi",
              "non_striker": "S Hicks",
              "runs": {
                "batter": 0,
                "extras": 0,
                "total": 0
              }
            },
            {
              "batter": "BS Wilson",
              "bowler": "IS Sodhi",
              "non_striker": "S Hicks",
              "runs": {
                "batter": 1,
                "extras": 0,
                "total": 1
              }
            },
            {
              "batter": "S Hicks",
              "bowler": "IS Sodhi",
              "non_striker": "BS Wilson",
              "runs": {
                "batter": 0,
                "extras": 0,
                "total": 0
              }
            }
          ]
        },
        {
          "over": 8,
          "deliveries": [
            {
              "batter": "BS Wilson",
              "bowler": "DJ Mitchell",
              "non_striker": "S Hicks",
              "runs": {
                "batter": 1,
                "extras": 0,
                "total": 1
              }
            },
            {
              "batter": "S Hicks",
              "bowler": "DJ Mitchell",
              "non_striker": "BS Wilson",
              "runs": {
                "batter": 1,
                "extras": 0,
                "total": 1
              }
            },
            {
              "batter": "BS Wilson",
              "bowler": "DJ Mitchell",
              "non_striker": "S Hicks",
              "runs": {
                "batter": 1,
                "extras": 0,
                "total": 1
              }
            },
            {
              "batter": "S Hicks",
              "bowler": "DJ Mitchell",
              "non_striker": "BS Wilson",
              "runs": {
                "batter": 4,
                "extras": 0,
                "total": 4
              }
            },
            {
              "batter": "S Hicks",
              "bowler": "DJ Mitchell",
              "non_striker": "BS Wilson",
              "runs": {
                "batter": 1,
                "extras": 0,
                "total": 1
              }
            },
            {
              "batter": "BS Wilson",
              "bowler": "DJ Mitchell",
              "extras": {
                "wides": 1
              },
              "non_striker": "S Hicks",
              "runs": {
                "batter": 0,
                "extras": 1,
                "total": 1
              }
            },
            {
              "batter": "BS Wilson",
              "bowler": "DJ Mitchell",
              "non_striker": "S Hicks",
              "runs": {
                "batter": 1,
                "extras": 0,
                "total": 1
              }
            }
          ]
        },
        {
          "over": 9,
          "deliveries": [
            {
              "batter": "BS Wilson",
              "bowler": "IS Sodhi",
              "non_striker": "S Hicks",
              "runs": {
                "batter": 1,
                "extras": 0,
                "total": 1
              }
            },
            {
              "batter": "S Hicks",
              "bowler": "IS Sodhi",
              "non_striker": "BS Wilson",
              "runs": {
                "batter": 4,
                "extras": 0,
                "total": 4
              }
            },
            {
              "batter": "S Hicks",
              "bowler": "IS Sodhi",
              "non_striker": "BS Wilson",
              "runs": {
                "batter": 0,
                "extras": 0,
                "total": 0
              }
            },
            {
              "batter": "S Hicks",
              "bowler": "IS Sodhi",
              "non_striker": "BS Wilson",
              "runs": {
                "batter": 1,
                "extras": 0,
                "total": 1
              }
            },
            {
              "batter": "BS Wilson",
              "bowler": "IS Sodhi",
              "non_striker": "S Hicks",
              "runs": {
                "batter": 1,
                "extras": 0,
                "total": 1
              }
            },
            {
              "batter": "S Hicks",
              "bowler": "IS Sodhi",
              "non_striker": "BS Wilson",
              "runs": {
                "batter": 1,
                "extras": 0,
                "total": 1
              }
            }
          ]
        },
        {
          "over": 10,
          "deliveries": [
            {
              "batter": "S Hicks",
              "bowler": "BJ Arnel",
              "non_striker": "BS Wilson",
              "runs": {
                "batter": 6,
                "extras": 0,
                "total": 6
              }
            },
            {
              "batter": "S Hicks",
              "bowler": "BJ Arnel",
              "non_striker": "BS Wilson",
              "runs": {
                "batter": 4,
                "extras": 0,
                "total": 4
              }
            },
            {
              "batter": "S Hicks",
              "bowler": "BJ Arnel",
              "non_striker": "BS Wilson",
              "runs": {
                "batter": 1,
                "extras": 0,
                "total": 1
              }
            },
            {
              "batter": "BS Wilson",
              "bowler": "BJ Arnel",
              "non_striker": "S Hicks",
              "runs": {
                "batter": 1,
                "extras": 0,
                "total": 1
              }
            },
            {
              "batter": "S Hicks",
              "bowler": "BJ Arnel",
              "non_striker": "BS Wilson",
              "runs": {
                "batter": 0,
                "extras": 0,
                "total": 0
              }
            },
            {
              "batter": "S Hicks",
              "bowler": "BJ Arnel",
              "non_striker": "BS Wilson",
              "runs": {
                "batter": 6,
                "extras": 0,
                "total": 6
              }
            }
          ]
        },
        {
          "over": 11,
          "deliveries": [
            {
              "batter": "BS Wilson",
              "bowler": "IS Sodhi",
              "non_striker": "S Hicks",
              "runs": {
                "batter": 1,
                "extras": 0,
                "total": 1
              }
            },
            {
              "batter": "S Hicks",
              "bowler": "IS Sodhi",
              "non_striker": "BS Wilson",
              "runs": {
                "batter": 4,
                "extras": 0,
                "total": 4
              }
            },
            {
              "batter": "S Hicks",
              "bowler": "IS Sodhi",
              "non_striker": "BS Wilson",
              "runs": {
                "batter": 1,
                "extras": 0,
                "total": 1
              }
            },
            {
              "batter": "BS Wilson",
              "bowler": "IS Sodhi",
              "extras": {
                "wides": 1
              },
              "non_striker": "S Hicks",
              "runs": {
                "batter": 0,
                "extras": 1,
                "total": 1
              }
            },
            {
              "batter": "BS Wilson",
              "bowler": "IS Sodhi",
              "extras": {
                "byes": 4
              },
              "non_striker": "S Hicks",
              "runs": {
                "batter": 0,
                "extras": 4,
                "total": 4
              }
            },
            {
              "batter": "BS Wilson",
              "bowler": "IS Sodhi",
              "non_striker": "S Hicks",
              "runs": {
                "batter": 0,
                "extras": 0,
                "total": 0
              }
            },
            {
              "batter": "BS Wilson",
              "bowler": "IS Sodhi",
              "non_striker": "S Hicks",
              "runs": {
                "batter": 1,
                "extras": 0,
                "total": 1
              }
            }
          ]
        },
        {
          "over": 12,
          "deliveries": [
            {
              "batter": "BS Wilson",
              "bowler": "CJ Jordan",
              "non_striker": "S Hicks",
              "runs": {
                "batter": 1,
                "extras": 0,
                "total": 1
              }
            },
            {
              "batter": "S Hicks",
              "bowler": "CJ Jordan",
              "non_striker": "BS Wilson",
              "runs": {
                "batter": 1,
                "extras": 0,
                "total": 1
              }
            },
            {
              "batter": "BS Wilson",
              "bowler": "CJ Jordan",
              "non_striker": "S Hicks",
              "runs": {
                "batter": 1,
                "extras": 0,
                "total": 1
              }
            },
            {
              "batter": "S Hicks",
              "bowler": "CJ Jordan",
              "non_striker": "BS Wilson",
              "runs": {
                "batter": 1,
                "extras": 0,
                "total": 1
              }
            },
            {
              "batter": "BS Wilson",
              "bowler": "CJ Jordan",
              "non_striker": "S Hicks",
              "runs": {
                "batter": 0,
                "extras": 0,
                "total": 0
              }
            },
            {
              "batter": "BS Wilson",
              "bowler": "CJ Jordan",
              "non_striker": "S Hicks",
              "runs": {
                "batter": 1,
                "extras": 0,
                "total": 1
              }
            }
          ]
        },
        {
          "over": 13,
          "deliveries": [
            {
              "batter": "BS Wilson",
              "bowler": "AP Devcich",
              "non_striker": "S Hicks",
              "runs": {
                "batter": 1,
                "extras": 0,
                "total": 1
              }
            },
            {
              "batter": "S Hicks",
              "bowler": "AP Devcich",
              "non_striker": "BS Wilson",
              "runs": {
                "batter": 1,
                "extras": 0,
                "total": 1
              }
            },
            {
              "batter": "BS Wilson",
              "bowler": "AP Devcich",
              "non_striker": "S Hicks",
              "runs": {
                "batter": 1,
                "extras": 0,
                "total": 1
              }
            },
            {
              "batter": "S Hicks",
              "bowler": "AP Devcich",
              "non_striker": "BS Wilson",
              "runs": {
                "batter": 0,
                "extras": 0,
                "total": 0
              },
              "wickets": [
                {
                  "player_out": "S Hicks",
                  "fielders": [
                    {
                      "name": "DG Brownlie"
                    }
                  ],
                  "kind": "caught"
                }
              ]
            },
            {
              "batter": "N Wagner",
              "bowler": "AP Devcich",
              "non_striker": "BS Wilson",
              "runs": {
                "batter": 0,
                "extras": 0,
                "total": 0
              }
            },
            {
              "batter": "N Wagner",
              "bowler": "AP Devcich",
              "non_striker": "BS Wilson",
              "runs": {
                "batter": 0,
                "extras": 0,
                "total": 0
              },
              "wickets": [
                {
                  "player_out": "N Wagner",
                  "fielders": [
                    {
                      "name": "CJ Jordan"
                    }
                  ],
                  "kind": "caught"
                }
              ]
            }
          ]
        },
        {
          "over": 14,
          "deliveries": [
            {
              "batter": "JA Duffy",
              "bowler": "DJ Mitchell",
              "non_striker": "BS Wilson",
              "runs": {
                "batter": 1,
                "extras": 0,
                "total": 1
              }
            },
            {
              "batter": "BS Wilson",
              "bowler": "DJ Mitchell",
              "non_striker": "JA Duffy",
              "runs": {
                "batter": 0,
                "extras": 0,
                "total": 0
              },
              "wickets": [
                {
                  "player_out": "BS Wilson",
                  "fielders": [
                    {
                      "name": "TL Seifert"
                    }
                  ],
                  "kind": "caught"
                }
              ]
            },
            {
              "batter": "WD Barnes",
              "bowler": "DJ Mitchell",
              "non_striker": "JA Duffy",
              "runs": {
                "batter": 1,
                "extras": 0,
                "total": 1
              }
            },
            {
              "batter": "JA Duffy",
              "bowler": "DJ Mitchell",
              "non_striker": "WD Barnes",
              "runs": {
                "batter": 0,
                "extras": 0,
                "total": 0
              }
            },
            {
              "batter": "JA Duffy",
              "bowler": "DJ Mitchell",
              "non_striker": "WD Barnes",
              "runs": {
                "batter": 1,
                "extras": 0,
                "total": 1
              }
            },
            {
              "batter": "WD Barnes",
              "bowler": "DJ Mitchell",
              "non_striker": "JA Duffy",
              "runs": {
                "batter": 0,
                "extras": 0,
                "total": 0
              },
              "wickets": [
                {
                  "player_out": "WD Barnes",
                  "fielders": [
                    {
                      "name": "BR Hampton"
                    }
                  ],
                  "kind": "caught"
                }
              ]
            }
          ]
        }
      ],
      "powerplays": [
        {
          "from": 0.1,
          "to": 5.6,
          "type": "mandatory"
        }
      ],
      "target": {
        "overs": 20,
        "runs": 213
      }
    }
  ]
}