{
  "meta": {
    "data_version": "1.0.0",
    "created": "2021-02-27",
    "revision": 1
  },
  "info": {
    "balls_per_over": 6,
    "city": "Hamilton",
    "dates": [
      "2018-01-14"
    ],
    "event": {
      "name": "Super Smash",
      "match_number": 28
    },
    "gender": "male",
    "match_type": "T20",
    "officials": {
      "match_referees": [
        "GAV Baxter"
      ],
      "umpires": [
        "DJ Walker",
        "GA Stirrat"
      ]
    },
    "outcome": {
      "winner": "Northern Districts",
      "by": {
        "wickets": 4
      }
    },
    "overs": 20,
    "players": {
      "Canterbury": [
        "NM Kwant",
        "MA Pollard",
        "CJ Bowes",
        "LJ Carter",
        "CE McConchie",
        "CD Fletcher",
        "AM Ellis",
        "TG Johnston",
        "KA Jamieson",
        "WSA Williams",
        "EJ Nuttall"
      ],
      "Northern Districts": [
        "TL Seifert",
        "AP Devcich",
        "DG Brownlie",
        "BR Hampton",
        "DR Flynn",
        "DJ Mitchell",
        "NF Kelly",
        "CJ Jordan",
        "SC Kuggeleijn",
        "BJ Arnel",
        "IS Sodhi"
      ]
    },
    "registry": {
      "people": {
        "AM Ellis": "f987245c",
        "AP Devcich": "ed90abe4",
        "BJ Arnel": "a5ac694f",
        "BR Hampton": "93f25f4f",
        "CD Fletcher": "4af9f5d4",
        "CE McConchie": "d285acaf",
        "CJ Bowes": "45df0e72",
        "CJ Jordan": "ffe699c0",
        "DG Brownlie": "22bd731a",
        "DJ Mitchell": "eade4650",
        "DJ Walker": "d4aea8ac",
        "DR Flynn": "9d710afe",
        "EJ Nuttall": "c9bb898a",
        "GA Stirrat": "6c46022b",
        "GAV Baxter": "cb4b3ab0",
        "IS Sodhi": "641ac5ff",
        "KA Jamieson": "68c56d09",
        "LJ Carter": "dfb51f40",
        "MA Pollard": "d3b84c59",
        "NF Kelly": "97f437ed",
        "NM Kwant": "f5ee85cf",
        "SC Kuggeleijn": "fef92afc",
        "TG Johnston": "a1a5192e",
        "TL Seifert": "4663bd23",
        "WSA Williams": "861eed37"
      }
    },
    "season": "2017/18",
    "team_type": "club",
    "teams": [
      "Canterbury",
      "Northern Districts"
    ],
    "toss": {
      "decision": "field",
      "winner": "Northern Districts"
    },
    "venue": "Seddon Park"
  },
  "innings": [
    {
      "team": "Canterbury",
      "overs": [
        {
          "over": 0,
          "deliveries": [
            {
              "batter": "NM Kwant",
              "bowler": "AP Devcich",
              "non_striker": "MA Pollard",
              "runs": {
                "batter": 1,
                "extras": 0,
                "total": 1
              }
            },
            {
              "batter": "MA Pollard",
              "bowler": "AP Devcich",
              "non_striker": "NM Kwant",
              "runs": {
                "batter": 0,
                "extras": 0,
                "total": 0
              }
            },
            {
              "batter": "MA Pollard",
              "bowler": "AP Devcich",
              "non_striker": "NM Kwant",
              "runs": {
                "batter": 0,
                "extras": 0,
                "total": 0
              }
            },
            {
              "batter": "MA Pollard",
              "bowler": "AP Devcich",
              "non_striker": "NM Kwant",
              "runs": {
                "batter": 0,
                "extras": 0,
                "total": 0
              }
            },
            {
              "batter": "MA Pollard",
              "bowler": "AP Devcich",
              "non_striker": "NM Kwant",
              "runs": {
                "batter": 1,
                "extras": 0,
                "total": 1
              }
            },
            {
              "batter": "NM Kwant",
              "bowler": "AP Devcich",
              "non_striker": "MA Pollard",
              "runs": {
                "batter": 1,
                "extras": 0,
                "total": 1
              }
            }
          ]
        },
        {
          "over": 1,
          "deliveries": [
            {
              "batter": "NM Kwant",
              "bowler": "SC Kuggeleijn",
              "non_striker": "MA Pollard",
              "runs": {
                "batter": 0,
                "extras": 0,
                "total": 0
              }
            },
            {
              "batter": "NM Kwant",
              "bowler": "SC Kuggeleijn",
              "non_striker": "MA Pollard",
              "runs": {
                "batter": 0,
                "extras": 0,
                "total": 0
              }
            },
            {
              "batter": "NM Kwant",
              "bowler": "SC Kuggeleijn",
              "non_striker": "MA Pollard",
              "runs": {
                "batter": 0,
                "extras": 0,
                "total": 0
              }
            },
            {
              "batter": "NM Kwant",
              "bowler": "SC Kuggeleijn",
              "non_striker": "MA Pollard",
              "runs": {
                "batter": 1,
                "extras": 0,
                "total": 1
              }
            },
            {
              "batter": "MA Pollard",
              "bowler": "SC Kuggeleijn",
              "extras": {
                "legbyes": 1
              },
              "non_striker": "NM Kwant",
              "runs": {
                "batter": 0,
                "extras": 1,
                "total": 1
              }
            },
            {
              "batter": "NM Kwant",
              "bowler": "SC Kuggeleijn",
              "non_striker": "MA Pollard",
              "runs": {
                "batter": 1,
                "extras": 0,
                "total": 1
              }
            }
          ]
        },
        {
          "over": 2,
          "deliveries": [
            {
              "batter": "NM Kwant",
              "bowler": "AP Devcich",
              "non_striker": "MA Pollard",
              "runs": {
                "batter": 4,
                "extras": 0,
                "total": 4
              }
            },
            {
              "batter": "NM Kwant",
              "bowler": "AP Devcich",
              "non_striker": "MA Pollard",
              "runs": {
                "batter": 0,
                "extras": 0,
                "total": 0
              },
              "wickets": [
                {
                  "player_out": "NM Kwant",
                  "fielders": [
                    {
                      "name": "NF Kelly"
                    }
                  ],
                  "kind": "caught"
                }
              ]
            },
            {
              "batter": "MA Pollard",
              "bowler": "AP Devcich",
              "non_striker": "CJ Bowes",
              "runs": {
                "batter": 1,
                "extras": 0,
                "total": 1
              }
            },
            {
              "batter": "CJ Bowes",
              "bowler": "AP Devcich",
              "non_striker": "MA Pollard",
              "runs": {
                "batter": 0,
                "extras": 0,
                "total": 0
              }
            },
            {
              "batter": "CJ Bowes",
              "bowler": "AP Devcich",
              "non_striker": "MA Pollard",
              "runs": {
                "batter": 0,
                "extras": 0,
                "total": 0
              }
            },
            {
              "batter": "CJ Bowes",
              "bowler": "AP Devcich",
              "non_striker": "MA Pollard",
              "runs": {
                "batter": 0,
                "extras": 0,
                "total": 0
              }
            }
          ]
        },
        {
          "over": 3,
          "deliveries": [
            {
              "batter": "MA Pollard",
              "bowler": "SC Kuggeleijn",
              "non_striker": "CJ Bowes",
              "runs": {
                "batter": 4,
                "extras": 0,
                "total": 4
              }
            },
            {
              "batter": "MA Pollard",
              "bowler": "SC Kuggeleijn",
              "non_striker": "CJ Bowes",
              "runs": {
                "batter": 0,
                "extras": 0,
                "total": 0
              }
            },
            {
              "batter": "MA Pollard",
              "bowler": "SC Kuggeleijn",
              "non_striker": "CJ Bowes",
              "runs": {
                "batter": 1,
                "extras": 0,
                "total": 1
              }
            },
            {
              "batter": "CJ Bowes",
              "bowler": "SC Kuggeleijn",
              "non_striker": "MA Pollard",
              "runs": {
                "batter": 6,
                "extras": 0,
                "total": 6
              }
            },
            {
              "batter": "CJ Bowes",
              "bowler": "SC Kuggeleijn",
              "non_striker": "MA Pollard",
              "runs": {
                "batter": 4,
                "extras": 0,
                "total": 4
              }
            },
            {
              "batter": "CJ Bowes",
              "bowler": "SC Kuggeleijn",
              "non_striker": "MA Pollard",
              "runs": {
                "batter": 1,
                "extras": 0,
                "total": 1
              }
            }
          ]
        },
        {
          "over": 4,
          "deliveries": [
            {
              "batter": "CJ Bowes",
              "bowler": "BJ Arnel",
              "non_striker": "MA Pollard",
              "runs": {
                "batter": 0,
                "extras": 0,
                "total": 0
              }
            },
            {
              "batter": "CJ Bowes",
              "bowler": "BJ Arnel",
              "non_striker": "MA Pollard",
              "runs": {
                "batter": 2,
                "extras": 0,
                "total": 2
              }
            },
            {
              "batter": "CJ Bowes",
              "bowler": "BJ Arnel",
              "non_striker": "MA Pollard",
              "runs": {
                "batter": 4,
                "extras": 0,
                "total": 4
              }
            },
            {
              "batter": "CJ Bowes",
              "bowler": "BJ Arnel",
              "non_striker": "MA Pollard",
              "runs": {
                "batter": 6,
                "extras": 0,
                "total": 6
              }
            },
            {
              "batter": "CJ Bowes",
              "bowler": "BJ Arnel",
              "non_striker": "MA Pollard",
              "runs": {
                "batter": 4,
                "extras": 0,
                "total": 4
              }
            },
            {
              "batter": "CJ Bowes",
              "bowler": "BJ Arnel",
              "non_striker": "MA Pollard",
              "runs": {
                "batter": 1,
                "extras": 0,
                "total": 1
              }
            }
          ]
        },
        {
          "over": 5,
          "deliveries": [
            {
              "batter": "CJ Bowes",
              "bowler": "CJ Jordan",
              "non_striker": "MA Pollard",
              "runs": {
                "batter": 4,
                "extras": 0,
                "total": 4
              }
            },
            {
              "batter": "CJ Bowes",
              "bowler": "CJ Jordan",
              "non_striker": "MA Pollard",
              "runs": {
                "batter": 1,
                "extras": 0,
                "total": 1
              }
            },
            {
              "batter": "MA Pollard",
              "bowler": "CJ Jordan",
              "non_striker": "CJ Bowes",
              "runs": {
                "batter": 0,
                "extras": 0,
                "total": 0
              }
            },
            {
              "batter": "MA Pollard",
              "bowler": "CJ Jordan",
              "non_striker": "CJ Bowes",
              "runs": {
                "batter": 6,
                "extras": 0,
                "total": 6
              }
            },
            {
              "batter": "MA Pollard",
              "bowler": "CJ Jordan",
              "extras": {
                "wides": 1
              },
              "non_striker": "CJ Bowes",
              "runs": {
                "batter": 0,
                "extras": 1,
                "total": 1
              }
            },
            {
              "batter": "MA Pollard",
              "bowler": "CJ Jordan",
              "non_striker": "CJ Bowes",
              "runs": {
                "batter": 1,
                "extras": 0,
                "total": 1
              }
            },
            {
              "batter": "CJ Bowes",
              "bowler": "CJ Jordan",
              "non_striker": "MA Pollard",
              "runs": {
                "batter": 1,
                "extras": 0,
                "total": 1
              }
            }
          ]
        },
        {
          "over": 6,
          "deliveries": [
            {
              "batter": "CJ Bowes",
              "bowler": "IS Sodhi",
              "non_striker": "MA Pollard",
              "runs": {
                "batter": 4,
                "extras": 0,
                "total": 4
              }
            },
            {
              "batter": "CJ Bowes",
              "bowler": "IS Sodhi",
              "non_striker": "MA Pollard",
              "runs": {
                "batter": 1,
                "extras": 0,
                "total": 1
              }
            },
            {
              "batter": "MA Pollard",
              "bowler": "IS Sodhi",
              "non_striker": "CJ Bowes",
              "runs": {
                "batter": 1,
                "extras": 0,
                "total": 1
              }
            },
            {
              "batter": "CJ Bowes",
              "bowler": "IS Sodhi",
              "non_striker": "MA Pollard",
              "runs": {
                "batter": 0,
                "extras": 0,
                "total": 0
              },
              "wickets": [
                {
                  "player_out": "CJ Bowes",
                  "fielders": [
                    {
                      "name": "SC Kuggeleijn"
                    }
                  ],
                  "kind": "caught"
                }
              ]
            },
            {
              "batter": "LJ Carter",
              "bowler": "IS Sodhi",
              "non_striker": "MA Pollard",
              "runs": {
                "batter": 0,
                "extras": 0,
                "total": 0
              }
            },
            {
              "batter": "LJ Carter",
              "bowler": "IS Sodhi",
              "non_striker": "MA Pollard",
              "runs": {
                "batter": 0,
                "extras": 0,
                "total": 0
              }
            }
          ]
        },
        {
          "over": 7,
          "deliveries": [
            {
              "batter": "MA Pollard",
              "bowler": "DJ Mitchell",
              "non_striker": "LJ Carter",
              "runs": {
                "batter": 1,
                "extras": 0,
                "total": 1
              }
            },
            {
              "batter": "LJ Carter",
              "bowler": "DJ Mitchell",
              "non_striker": "MA Pollard",
              "runs": {
                "batter": 1,
                "extras": 0,
                "total": 1
              }
            },
            {
              "batter": "MA Pollard",
              "bowler": "DJ Mitchell",
              "non_striker": "LJ Carter",
              "runs": {
                "batter": 1,
                "extras": 0,
                "total": 1
              }
            },
            {
              "batter": "LJ Carter",
              "bowler": "DJ Mitchell",
              "non_striker": "MA Pollard",
              "runs": {
                "batter": 1,
                "extras": 0,
                "total": 1
              }
            },
            {
              "batter": "MA Pollard",
              "bowler": "DJ Mitchell",
              "non_striker": "LJ Carter",
              "runs": {
                "batter": 1,
                "extras": 0,
                "total": 1
              }
            },
            {
              "batter": "LJ Carter",
              "bowler": "DJ Mitchell",
              "non_striker": "MA Pollard",
              "runs": {
                "batter": 4,
                "extras": 0,
                "total": 4
              }
            }
          ]
        },
        {
          "over": 8,
          "deliveries": [
            {
              "batter": "MA Pollard",
              "bowler": "IS Sodhi",
              "non_striker": "LJ Carter",
              "runs": {
                "batter": 0,
                "extras": 0,
                "total": 0
              }
            },
            {
              "batter": "MA Pollard",
              "bowler": "IS Sodhi",
              "non_striker": "LJ Carter",
              "runs": {
                "batter": 4,
                "extras": 0,
                "total": 4
              }
            },
            {
              "batter": "MA Pollard",
              "bowler": "IS Sodhi",
              "non_striker": "LJ Carter",
              "runs": {
                "batter": 6,
                "extras": 0,
                "total": 6
              }
            },
            {
              "batter": "MA Pollard",
              "bowler": "IS Sodhi",
              "non_striker": "LJ Carter",
              "runs": {
                "batter": 0,
                "extras": 0,
                "total": 0
              }
            },
            {
              "batter": "MA Pollard",
              "bowler": "IS Sodhi",
              "non_striker": "LJ Carter",
              "runs": {
                "batter": 1,
                "extras": 0,
                "total": 1
              }
            },
            {
              "batter": "LJ Carter",
              "bowler": "IS Sodhi",
              "extras": {
                "legbyes": 1
              },
              "non_striker": "MA Pollard",
              "runs": {
                "batter": 0,
                "extras": 1,
                "total": 1
              }
            }
          ]
        },
        {
          "over": 9,
          "deliveries": [
            {
              "batter": "LJ Carter",
              "bowler": "CJ Jordan",
              "non_striker": "MA Pollard",
              "runs": {
                "batter": 1,
                "extras": 0,
                "total": 1
              }
            },
            {
              "batter": "MA Pollard",
              "bowler": "CJ Jordan",
              "non_striker": "LJ Carter",
              "runs": {
                "batter": 1,
                "extras": 0,
                "total": 1
              }
            },
            {
              "batter": "LJ Carter",
              "bowler": "CJ Jordan",
              "non_striker": "MA Pollard",
              "runs": {
                "batter": 1,
                "extras": 0,
                "total": 1
              }
            },
            {
              "batter": "MA Pollard",
              "bowler": "CJ Jordan",
              "non_striker": "LJ Carter",
              "runs": {
                "batter": 2,
                "extras": 0,
                "total": 2
              }
            },
            {
              "batter": "MA Pollard",
              "bowler": "CJ Jordan",
              "non_striker": "LJ Carter",
              "runs": {
                "batter": 0,
                "extras": 0,
                "total": 0
              },
              "wickets": [
                {
                  "player_out": "MA Pollard",
                  "fielders": [
                    {
                      "name": "BR Hampton"
                    }
                  ],
                  "kind": "caught"
                }
              ]
            },
            {
              "batter": "LJ Carter",
              "bowler": "CJ Jordan",
              "non_striker": "CE McConchie",
              "runs": {
                "batter": 1,
                "extras": 0,
                "total": 1
              }
            }
          ]
        },
        {
          "over": 10,
          "deliveries": [
            {
              "batter": "LJ Carter",
              "bowler": "AP Devcich",
              "non_striker": "CE McConchie",
              "runs": {
                "batter": 1,
                "extras": 0,
                "total": 1
              }
            },
            {
              "batter": "CE McConchie",
              "bowler": "AP Devcich",
              "non_striker": "LJ Carter",
              "runs": {
                "batter": 0,
                "extras": 0,
                "total": 0
              }
            },
            {
              "batter": "CE McConchie",
              "bowler": "AP Devcich",
              "non_striker": "LJ Carter",
              "runs": {
                "batter": 1,
                "extras": 0,
                "total": 1
              }
            },
            {
              "batter": "LJ Carter",
              "bowler": "AP Devcich",
              "non_striker": "CE McConchie",
              "runs": {
                "batter": 1,
                "extras": 0,
                "total": 1
              }
            },
            {
              "batter": "CE McConchie",
              "bowler": "AP Devcich",
              "non_striker": "LJ Carter",
              "runs": {
                "batter": 0,
                "extras": 0,
                "total": 0
              }
            },
            {
              "batter": "CE McConchie",
              "bowler": "AP Devcich",
              "non_striker": "LJ Carter",
              "runs": {
                "batter": 4,
                "extras": 0,
                "total": 4
              }
            }
          ]
        },
        {
          "over": 11,
          "deliveries": [
            {
              "batter": "LJ Carter",
              "bowler": "BJ Arnel",
              "non_striker": "CE McConchie",
              "runs": {
                "batter": 4,
                "extras": 0,
                "total": 4
              }
            },
            {
              "batter": "LJ Carter",
              "bowler": "BJ Arnel",
              "non_striker": "CE McConchie",
              "runs": {
                "batter": 1,
                "extras": 0,
                "total": 1
              }
            },
            {
              "batter": "CE McConchie",
              "bowler": "BJ Arnel",
              "non_striker": "LJ Carter",
              "runs": {
                "batter": 1,
                "extras": 0,
                "total": 1
              }
            },
            {
              "batter": "LJ Carter",
              "bowler": "BJ Arnel",
              "non_striker": "CE McConchie",
              "runs": {
                "batter": 1,
                "extras": 0,
                "total": 1
              }
            },
            {
              "batter": "CE McConchie",
              "bowler": "BJ Arnel",
              "non_striker": "LJ Carter",
              "runs": {
                "batter": 1,
                "extras": 0,
                "total": 1
              }
            },
            {
              "batter": "LJ Carter",
              "bowler": "BJ Arnel",
              "non_striker": "CE McConchie",
              "runs": {
                "batter": 6,
                "extras": 0,
                "total": 6
              }
            }
          ]
        },
        {
          "over": 12,
          "deliveries": [
            {
              "batter": "CE McConchie",
              "bowler": "IS Sodhi",
              "non_striker": "LJ Carter",
              "runs": {
                "batter": 0,
                "extras": 0,
                "total": 0
              }
            },
            {
              "batter": "CE McConchie",
              "bowler": "IS Sodhi",
              "non_striker": "LJ Carter",
              "runs": {
                "batter": 2,
                "extras": 0,
                "total": 2
              }
            },
            {
              "batter": "CE McConchie",
              "bowler": "IS Sodhi",
              "non_striker": "LJ Carter",
              "runs": {
                "batter": 1,
                "extras": 0,
                "total": 1
              }
            },
            {
              "batter": "LJ Carter",
              "bowler": "IS Sodhi",
              "non_striker": "CE McConchie",
              "runs": {
                "batter": 0,
                "extras": 0,
                "total": 0
              }
            },
            {
              "batter": "LJ Carter",
              "bowler": "IS Sodhi",
              "non_striker": "CE McConchie",
              "runs": {
                "batter": 4,
                "extras": 0,
                "total": 4
              }
            },
            {
              "batter": "LJ Carter",
              "bowler": "IS Sodhi",
              "non_striker": "CE McConchie",
              "runs": {
                "batter": 1,
                "extras": 0,
                "total": 1
              }
            }
          ]
        },
        {
          "over": 13,
          "deliveries": [
            {
              "batter": "LJ Carter",
              "bowler": "DJ Mitchell",
              "non_striker": "CE McConchie",
              "runs": {
                "batter": 2,
                "extras": 0,
                "total": 2
              }
            },
            {
              "batter": "LJ Carter",
              "bowler": "DJ Mitchell",
              "non_striker": "CE McConchie",
              "runs": {
                "batter": 1,
                "extras": 0,
                "total": 1
              }
            },
            {
              "batter": "CE McConchie",
              "bowler": "DJ Mitchell",
              "non_striker": "LJ Carter",
              "runs": {
                "batter": 4,
                "extras": 0,
                "total": 4
              }
            },
            {
              "batter": "CE McConchie",
              "bowler": "DJ Mitchell",
              "non_striker": "LJ Carter",
              "runs": {
                "batter": 1,
                "extras": 0,
                "total": 1
              }
            },
            {
              "batter": "LJ Carter",
              "bowler": "DJ Mitchell",
              "extras": {
                "wides": 1
              },
              "non_striker": "CE McConchie",
              "runs": {
                "batter": 0,
                "extras": 1,
                "total": 1
              }
            },
            {
              "batter": "LJ Carter",
              "bowler": "DJ Mitchell",
              "non_striker": "CE McConchie",
              "runs": {
                "batter": 1,
                "extras": 0,
                "total": 1
              }
            },
            {
              "batter": "CE McConchie",
              "bowler": "DJ Mitchell",
              "non_striker": "LJ Carter",
              "runs": {
                "batter": 2,
                "extras": 0,
                "total": 2
              }
            }
          ]
        },
        {
          "over": 14,
          "deliveries": [
            {
              "batter": "LJ Carter",
              "bowler": "SC Kuggeleijn",
              "non_striker": "CE McConchie",
              "runs": {
                "batter": 1,
                "extras": 0,
                "total": 1
              }
            },
            {
              "batter": "CE McConchie",
              "bowler": "SC Kuggeleijn",
              "non_striker": "LJ Carter",
              "runs": {
                "batter": 0,
                "extras": 0,
                "total": 0
              },
              "wickets": [
                {
                  "player_out": "CE McConchie",
                  "fielders": [
                    {
                      "name": "NF Kelly"
                    }
                  ],
                  "kind": "caught"
                }
              ]
            },
            {
              "batter": "LJ Carter",
              "bowler": "SC Kuggeleijn",
              "non_striker": "CD Fletcher",
              "runs": {
                "batter": 1,
                "extras": 0,
                "total": 1
              }
            },
            {
              "batter": "CD Fletcher",
              "bowler": "SC Kuggeleijn",
              "non_striker": "LJ Carter",
              "runs": {
                "batter": 1,
                "extras": 0,
                "total": 1
              }
            },
            {
              "batter": "LJ Carter",
              "bowler": "SC Kuggeleijn",
              "non_striker": "CD Fletcher",
              "runs": {
                "batter": 0,
                "extras": 0,
                "total": 0
              }
            },
            {
              "batter": "LJ Carter",
              "bowler": "SC Kuggeleijn",
              "non_striker": "CD Fletcher",
              "runs": {
                "batter": 1,
                "extras": 0,
                "total": 1
              }
            }
          ]
        },
        {
          "over": 15,
          "deliveries": [
            {
              "batter": "LJ Carter",
              "bowler": "IS Sodhi",
              "non_striker": "CD Fletcher",
              "runs": {
                "batter": 0,
                "extras": 0,
                "total": 0
              },
              "wickets": [
                {
                  "player_out": "LJ Carter",
                  "kind": "caught and bowled"
                }
              ]
            },
            {
              "batter": "CD Fletcher",
              "bowler": "IS Sodhi",
              "non_striker": "AM Ellis",
              "runs": {
                "batter": 2,
                "extras": 0,
                "total": 2
              }
            },
            {
              "batter": "CD Fletcher",
              "bowler": "IS Sodhi",
              "non_striker": "AM Ellis",
              "runs": {
                "batter": 1,
                "extras": 0,
                "total": 1
              }
            },
            {
              "batter": "AM Ellis",
              "bowler": "IS Sodhi",
              "non_striker": "CD Fletcher",
              "runs": {
                "batter": 0,
                "extras": 0,
                "total": 0
              }
            },
            {
              "batter": "AM Ellis",
              "bowler": "IS Sodhi",
              "non_striker": "CD Fletcher",
              "runs": {
                "batter": 0,
                "extras": 0,
                "total": 0
              }
            },
            {
              "batter": "AM Ellis",
              "bowler": "IS Sodhi",
              "non_striker": "CD Fletcher",
              "runs": {
                "batter": 1,
                "extras": 0,
                "total": 1
              }
            }
          ]
        },
        {
          "over": 16,
          "deliveries": [
            {
              "batter": "AM Ellis",
              "bowler": "AP Devcich",
              "non_striker": "CD Fletcher",
              "runs": {
                "batter": 1,
                "extras": 0,
                "total": 1
              }
            },
            {
              "batter": "CD Fletcher",
              "bowler": "AP Devcich",
              "non_striker": "AM Ellis",
              "runs": {
                "batter": 0,
                "extras": 0,
                "total": 0
              }
            },
            {
              "batter": "CD Fletcher",
              "bowler": "AP Devcich",
              "non_striker": "AM Ellis",
              "runs": {
                "batter": 1,
                "extras": 0,
                "total": 1
              }
            },
            {
              "batter": "AM Ellis",
              "bowler": "AP Devcich",
              "extras": {
                "wides": 1
              },
              "non_striker": "CD Fletcher",
              "runs": {
                "batter": 0,
                "extras": 1,
                "total": 1
              }
            },
            {
              "batter": "AM Ellis",
              "bowler": "AP Devcich",
              "non_striker": "CD Fletcher",
              "runs": {
                "batter": 1,
                "extras": 0,
                "total": 1
              }
            },
            {
              "batter": "CD Fletcher",
              "bowler": "AP Devcich",
              "non_striker": "AM Ellis",
              "runs": {
                "batter": 4,
                "extras": 0,
                "total": 4
              }
            },
            {
              "batter": "CD Fletcher",
              "bowler": "AP Devcich",
              "non_striker": "AM Ellis",
              "runs": {
                "batter": 1,
                "extras": 0,
                "total": 1
              }
            }
          ]
        },
        {
          "over": 17,
          "deliveries": [
            {
              "batter": "CD Fletcher",
              "bowler": "CJ Jordan",
              "non_striker": "AM Ellis",
              "runs": {
                "batter": 1,
                "extras": 0,
                "total": 1
              }
            },
            {
              "batter": "AM Ellis",
              "bowler": "CJ Jordan",
              "non_striker": "CD Fletcher",
              "runs": {
                "batter": 0,
                "extras": 0,
                "total": 0
              }
            },
            {
              "batter": "AM Ellis",
              "bowler": "CJ Jordan",
              "non_striker": "CD Fletcher",
              "runs": {
                "batter": 1,
                "extras": 0,
                "total": 1
              }
            },
            {
              "batter": "CD Fletcher",
              "bowler": "CJ Jordan",
              "non_striker": "AM Ellis",
              "runs": {
                "batter": 1,
                "extras": 0,
                "total": 1
              }
            },
            {
              "batter": "AM Ellis",
              "bowler": "CJ Jordan",
              "non_striker": "CD Fletcher",
              "runs": {
                "batter": 0,
                "extras": 0,
                "total": 0
              }
            },
            {
              "batter": "AM Ellis",
              "bowler": "CJ Jordan",
              "non_striker": "CD Fletcher",
              "runs": {
                "batter": 0,
                "extras": 0,
                "total": 0
              }
            }
          ]
        },
        {
          "over": 18,
          "deliveries": [
            {
              "batter": "CD Fletcher",
              "bowler": "BJ Arnel",
              "extras": {
                "wides": 1
              },
              "non_striker": "AM Ellis",
              "runs": {
                "batter": 0,
                "extras": 1,
                "total": 1
              }
            },
            {
              "batter": "CD Fletcher",
              "bowler": "BJ Arnel",
              "non_striker": "AM Ellis",
              "runs": {
                "batter": 4,
                "extras": 0,
                "total": 4
              }
            },
            {
              "batter": "CD Fletcher",
              "bowler": "BJ Arnel",
              "extras": {
                "wides": 1
              },
              "non_striker": "AM Ellis",
              "runs": {
                "batter": 0,
                "extras": 1,
                "total": 1
              }
            },
            {
              "batter": "CD Fletcher",
              "bowler": "BJ Arnel",
              "non_striker": "AM Ellis",
              "runs": {
                "batter": 1,
                "extras": 0,
                "total": 1
              }
            },
            {
              "batter": "AM Ellis",
              "bowler": "BJ Arnel",
              "non_striker": "CD Fletcher",
              "runs": {
                "batter": 4,
                "extras": 0,
                "total": 4
              }
            },
            {
              "batter": "AM Ellis",
              "bowler": "BJ Arnel",
              "non_striker": "CD Fletcher",
              "runs": {
                "batter": 1,
                "extras": 0,
                "total": 1
              }
            },
            {
              "batter": "CD Fletcher",
              "bowler": "BJ Arnel",
              "non_striker": "AM Ellis",
              "runs": {
                "batter": 6,
                "extras": 0,
                "total": 6
              }
            },
            {
              "batter": "CD Fletcher",
              "bowler": "BJ Arnel",
              "non_striker": "AM Ellis",
              "runs": {
                "batter": 6,
                "extras": 0,
                "total": 6
              }
            }
          ]
        },
        {
          "over": 19,
          "deliveries": [
            {
              "batter": "AM Ellis",
              "bowler": "CJ Jordan",
              "non_striker": "CD Fletcher",
              "runs": {
                "batter": 4,
                "extras": 0,
                "total": 4
              }
            },
            {
              "batter": "AM Ellis",
              "bowler": "CJ Jordan",
              "non_striker": "CD Fletcher",
              "runs": {
                "batter": 0,
                "extras": 0,
                "total": 0
              }
            },
            {
              "batter": "AM Ellis",
              "bowler": "CJ Jordan",
              "non_striker": "CD Fletcher",
              "runs": {
                "batter": 6,
                "extras": 0,
                "total": 6
              }
            },
            {
              "batter": "AM Ellis",
              "bowler": "CJ Jordan",
              "non_striker": "CD Fletcher",
              "runs": {
                "batter": 1,
                "extras": 0,
                "total": 1
              }
            },
            {
              "batter": "CD Fletcher",
              "bowler": "CJ Jordan",
              "non_striker": "AM Ellis",
              "runs": {
                "batter": 2,
                "extras": 0,
                "total": 2
              }
            },
            {
              "batter": "CD Fletcher",
              "bowler": "CJ Jordan",
              "non_striker": "AM Ellis",
              "runs": {
                "batter": 1,
                "extras": 0,
                "total": 1
              }
            }
          ]
        }
      ],
      "powerplays": [
        {
          "from": 0.1,
          "to": 5.7,
          "type": "mandatory"
        }
      ]
    },
    {
      "team": "Northern Districts",
      "overs": [
        {
          "over": 0,
          "deliveries": [
            {
              "batter": "TL Seifert",
              "bowler": "EJ Nuttall",
              "non_striker": "AP Devcich",
              "runs": {
                "batter": 0,
                "extras": 0,
                "total": 0
              },
              "wickets": [
                {
                  "player_out": "TL Seifert",
                  "kind": "lbw"
                }
              ]
            },
            {
              "batter": "DG Brownlie",
              "bowler": "EJ Nuttall",
              "non_striker": "AP Devcich",
              "runs": {
                "batter": 0,
                "extras": 0,
                "total": 0
              }
            },
            {
              "batter": "DG Brownlie",
              "bowler": "EJ Nuttall",
              "non_striker": "AP Devcich",
              "runs": {
                "batter": 0,
                "extras": 0,
                "total": 0
              }
            },
            {
              "batter": "DG Brownlie",
              "bowler": "EJ Nuttall",
              "non_striker": "AP Devcich",
              "runs": {
                "batter": 0,
                "extras": 0,
                "total": 0
              }
            },
            {
              "batter": "DG Brownlie",
              "bowler": "EJ Nuttall",
              "non_striker": "AP Devcich",
              "runs": {
                "batter": 1,
                "extras": 0,
                "total": 1
              }
            },
            {
              "batter": "AP Devcich",
              "bowler": "EJ Nuttall",
              "non_striker": "DG Brownlie",
              "runs": {
                "batter": 0,
                "extras": 0,
                "total": 0
              }
            }
          ]
        },
        {
          "over": 1,
          "deliveries": [
            {
              "batter": "DG Brownlie",
              "bowler": "KA Jamieson",
              "non_striker": "AP Devcich",
              "runs": {
                "batter": 1,
                "extras": 0,
                "total": 1
              }
            },
            {
              "batter": "AP Devcich",
              "bowler": "KA Jamieson",
              "non_striker": "DG Brownlie",
              "runs": {
                "batter": 0,
                "extras": 0,
                "total": 0
              }
            },
            {
              "batter": "AP Devcich",
              "bowler": "KA Jamieson",
              "non_striker": "DG Brownlie",
              "runs": {
                "batter": 0,
                "extras": 0,
                "total": 0
              }
            },
            {
              "batter": "AP Devcich",
              "bowler": "KA Jamieson",
              "non_striker": "DG Brownlie",
              "runs": {
                "batter": 0,
                "extras": 0,
                "total": 0
              }
            },
            {
              "batter": "AP Devcich",
              "bowler": "KA Jamieson",
              "non_striker": "DG Brownlie",
              "runs": {
                "batter": 6,
                "extras": 0,
                "total": 6
              }
            },
            {
              "batter": "AP Devcich",
              "bowler": "KA Jamieson",
              "non_striker": "DG Brownlie",
              "runs": {
                "batter": 0,
                "extras": 0,
                "total": 0
              }
            }
          ]
        },
        {
          "over": 2,
          "deliveries": [
            {
              "batter": "DG Brownlie",
              "bowler": "EJ Nuttall",
              "non_striker": "AP Devcich",
              "runs": {
                "batter": 0,
                "extras": 0,
                "total": 0
              }
            },
            {
              "batter": "DG Brownlie",
              "bowler": "EJ Nuttall",
              "non_striker": "AP Devcich",
              "runs": {
                "batter": 0,
                "extras": 0,
                "total": 0
              }
            },
            {
              "batter": "DG Brownlie",
              "bowler": "EJ Nuttall",
              "non_striker": "AP Devcich",
              "runs": {
                "batter": 0,
                "extras": 0,
                "total": 0
              }
            },
            {
              "batter": "DG Brownlie",
              "bowler": "EJ Nuttall",
              "non_striker": "AP Devcich",
              "runs": {
                "batter": 4,
                "extras": 0,
                "total": 4
              }
            },
            {
              "batter": "DG Brownlie",
              "bowler": "EJ Nuttall",
              "non_striker": "AP Devcich",
              "runs": {
                "batter": 0,
                "extras": 0,
                "total": 0
              }
            },
            {
              "batter": "DG Brownlie",
              "bowler": "EJ Nuttall",
              "non_striker": "AP Devcich",
              "runs": {
                "batter": 1,
                "extras": 0,
                "total": 1
              }
            }
          ]
        },
        {
          "over": 3,
          "deliveries": [
            {
              "batter": "DG Brownlie",
              "bowler": "KA Jamieson",
              "non_striker": "AP Devcich",
              "runs": {
                "batter": 4,
                "extras": 0,
                "total": 4
              }
            },
            {
              "batter": "DG Brownlie",
              "bowler": "KA Jamieson",
              "non_striker": "AP Devcich",
              "runs": {
                "batter": 1,
                "extras": 0,
                "total": 1
              }
            },
            {
              "batter": "AP Devcich",
              "bowler": "KA Jamieson",
              "non_striker": "DG Brownlie",
              "runs": {
                "batter": 0,
                "extras": 0,
                "total": 0
              }
            },
            {
              "batter": "AP Devcich",
              "bowler": "KA Jamieson",
              "non_striker": "DG Brownlie",
              "runs": {
                "batter": 6,
                "extras": 0,
                "total": 6
              }
            },
            {
              "batter": "AP Devcich",
              "bowler": "KA Jamieson",
              "non_striker": "DG Brownlie",
              "runs": {
                "batter": 0,
                "extras": 0,
                "total": 0
              }
            },
            {
              "batter": "AP Devcich",
              "bowler": "KA Jamieson",
              "non_striker": "DG Brownlie",
              "runs": {
                "batter": 1,
                "extras": 0,
                "total": 1
              }
            }
          ]
        },
        {
          "over": 4,
          "deliveries": [
            {
              "batter": "AP Devcich",
              "bowler": "CE McConchie",
              "non_striker": "DG Brownlie",
              "runs": {
                "batter": 2,
                "extras": 0,
                "total": 2
              }
            },
            {
              "batter": "AP Devcich",
              "bowler": "CE McConchie",
              "non_striker": "DG Brownlie",
              "runs": {
                "batter": 4,
                "extras": 0,
                "total": 4
              }
            },
            {
              "batter": "AP Devcich",
              "bowler": "CE McConchie",
              "non_striker": "DG Brownlie",
              "runs": {
                "batter": 0,
                "extras": 0,
                "total": 0
              },
              "wickets": [
                {
                  "player_out": "AP Devcich",
                  "fielders": [
                    {
                      "name": "LJ Carter"
                    }
                  ],
                  "kind": "caught"
                }
              ]
            },
            {
              "batter": "DG Brownlie",
              "bowler": "CE McConchie",
              "non_striker": "BR Hampton",
              "runs": {
                "batter": 1,
                "extras": 0,
                "total": 1
              }
            },
            {
              "batter": "BR Hampton",
              "bowler": "CE McConchie",
              "non_striker": "DG Brownlie",
              "runs": {
                "batter": 4,
                "extras": 0,
                "total": 4
              }
            },
            {
              "batter": "BR Hampton",
              "bowler": "CE McConchie",
              "non_striker": "DG Brownlie",
              "runs": {
                "batter": 0,
                "extras": 0,
                "total": 0
              },
              "wickets": [
                {
                  "player_out": "BR Hampton",
                  "fielders": [
                    {
                      "name": "AM Ellis"
                    }
                  ],
                  "kind": "caught"
                }
              ]
            }
          ]
        },
        {
          "over": 5,
          "deliveries": [
            {
              "batter": "DG Brownlie",
              "bowler": "AM Ellis",
              "non_striker": "DR Flynn",
              "runs": {
                "batter": 0,
                "extras": 0,
                "total": 0
              }
            },
            {
              "batter": "DG Brownlie",
              "bowler": "AM Ellis",
              "non_striker": "DR Flynn",
              "runs": {
                "batter": 4,
                "extras": 0,
                "total": 4
              }
            },
            {
              "batter": "DG Brownlie",
              "bowler": "AM Ellis",
              "non_striker": "DR Flynn",
              "runs": {
                "batter": 1,
                "extras": 0,
                "total": 1
              }
            },
            {
              "batter": "DR Flynn",
              "bowler": "AM Ellis",
              "non_striker": "DG Brownlie",
              "runs": {
                "batter": 0,
                "extras": 0,
                "total": 0
              }
            },
            {
              "batter": "DR Flynn",
              "bowler": "AM Ellis",
              "non_striker": "DG Brownlie",
              "runs": {
                "batter": 4,
                "extras": 0,
                "total": 4
              }
            },
            {
              "batter": "DR Flynn",
              "bowler": "AM Ellis",
              "non_striker": "DG Brownlie",
              "runs": {
                "batter": 1,
                "extras": 0,
                "total": 1
              }
            }
          ]
        },
        {
          "over": 6,
          "deliveries": [
            {
              "batter": "DR Flynn",
              "bowler": "CE McConchie",
              "non_striker": "DG Brownlie",
              "runs": {
                "batter": 1,
                "extras": 0,
                "total": 1
              }
            },
            {
              "batter": "DG Brownlie",
              "bowler": "CE McConchie",
              "non_striker": "DR Flynn",
              "runs": {
                "batter": 1,
                "extras": 0,
                "total": 1
              }
            },
            {
              "batter": "DR Flynn",
              "bowler": "CE McConchie",
              "non_striker": "DG Brownlie",
              "runs": {
                "batter": 1,
                "extras": 0,
                "total": 1
              }
            },
            {
              "batter": "DG Brownlie",
              "bowler": "CE McConchie",
              "non_striker": "DR Flynn",
              "runs": {
                "batter": 0,
                "extras": 0,
                "total": 0
              }
            },
            {
              "batter": "DG Brownlie",
              "bowler": "CE McConchie",
              "non_striker": "DR Flynn",
              "runs": {
                "batter": 1,
                "extras": 0,
                "total": 1
              }
            },
            {
              "batter": "DR Flynn",
              "bowler": "CE McConchie",
              "non_striker": "DG Brownlie",
              "runs": {
                "batter": 1,
                "extras": 0,
                "total": 1
              }
            }
          ]
        },
        {
          "over": 7,
          "deliveries": [
            {
              "batter": "DR Flynn",
              "bowler": "KA Jamieson",
              "non_striker": "DG Brownlie",
              "runs": {
                "batter": 0,
                "extras": 0,
                "total": 0
              }
            },
            {
              "batter": "DR Flynn",
              "bowler": "KA Jamieson",
              "non_striker": "DG Brownlie",
              "runs": {
                "batter": 4,
                "extras": 0,
                "total": 4
              }
            },
            {
              "batter": "DR Flynn",
              "bowler": "KA Jamieson",
              "non_striker": "DG Brownlie",
              "runs": {
                "batter": 0,
                "extras": 0,
                "total": 0
              },
              "wickets": [
                {
                  "player_out": "DR Flynn",
                  "fielders": [
                    {
                      "name": "CD Fletcher"
                    }
                  ],
                  "kind": "caught"
                }
              ]
            },
            {
              "batter": "DG Brownlie",
              "bowler": "KA Jamieson",
              "non_striker": "DJ Mitchell",
              "runs": {
                "batter": 1,
                "extras": 0,
                "total": 1
              }
            },
            {
              "batter": "DJ Mitchell",
              "bowler": "KA Jamieson",
              "non_striker": "DG Brownlie",
              "runs": {
                "batter": 4,
                "extras": 0,
                "total": 4
              }
            },
            {
              "batter": "DJ Mitchell",
              "bowler": "KA Jamieson",
              "non_striker": "DG Brownlie",
              "runs": {
                "batter": 1,
                "extras": 0,
                "total": 1
              }
            }
          ]
        },
        {
          "over": 8,
          "deliveries": [
            {
              "batter": "DJ Mitchell",
              "bowler": "CE McConchie",
              "non_striker": "DG Brownlie",
              "runs": {
                "batter": 0,
                "extras": 0,
                "total": 0
              }
            },
            {
              "batter": "DJ Mitchell",
              "bowler": "CE McConchie",
              "non_striker": "DG Brownlie",
              "runs": {
                "batter": 1,
                "extras": 0,
                "total": 1
              }
            },
            {
              "batter": "DG Brownlie",
              "bowler": "CE McConchie",
              "non_striker": "DJ Mitchell",
              "runs": {
                "batter": 1,
                "extras": 0,
                "total": 1
              }
            },
            {
              "batter": "DJ Mitchell",
              "bowler": "CE McConchie",
              "non_striker": "DG Brownlie",
              "runs": {
                "batter": 1,
                "extras": 0,
                "total": 1
              }
            },
            {
              "batter": "DG Brownlie",
              "bowler": "CE McConchie",
              "non_striker": "DJ Mitchell",
              "runs": {
                "batter": 6,
                "extras": 0,
                "total": 6
              }
            },
            {
              "batter": "DG Brownlie",
              "bowler": "CE McConchie",
              "non_striker": "DJ Mitchell",
              "runs": {
                "batter": 1,
                "extras": 0,
                "total": 1
              }
            }
          ]
        },
        {
          "over": 9,
          "deliveries": [
            {
              "batter": "DG Brownlie",
              "bowler": "TG Johnston",
              "non_striker": "DJ Mitchell",
              "runs": {
                "batter": 0,
                "extras": 0,
                "total": 0
              }
            },
            {
              "batter": "DG Brownlie",
              "bowler": "TG Johnston",
              "non_striker": "DJ Mitchell",
              "runs": {
                "batter": 1,
                "extras": 0,
                "total": 1
              }
            },
            {
              "batter": "DJ Mitchell",
              "bowler": "TG Johnston",
              "non_striker": "DG Brownlie",
              "runs": {
                "batter": 0,
                "extras": 0,
                "total": 0
              }
            },
            {
              "batter": "DJ Mitchell",
              "bowler": "TG Johnston",
              "non_striker": "DG Brownlie",
              "runs": {
                "batter": 1,
                "extras": 0,
                "total": 1
              }
            },
            {
              "batter": "DG Brownlie",
              "bowler": "TG Johnston",
              "non_striker": "DJ Mitchell",
              "runs": {
                "batter": 6,
                "extras": 0,
                "total": 6
              }
            },
            {
              "batter": "DG Brownlie",
              "bowler": "TG Johnston",
              "non_striker": "DJ Mitchell",
              "runs": {
                "batter": 4,
                "extras": 0,
                "total": 4
              }
            }
          ]
        },
        {
          "over": 10,
          "deliveries": [
            {
              "batter": "DJ Mitchell",
              "bowler": "EJ Nuttall",
              "non_striker": "DG Brownlie",
              "runs": {
                "batter": 2,
                "extras": 0,
                "total": 2
              }
            },
            {
              "batter": "DJ Mitchell",
              "bowler": "EJ Nuttall",
              "non_striker": "DG Brownlie",
              "runs": {
                "batter": 1,
                "extras": 0,
                "total": 1
              }
            },
            {
              "batter": "DG Brownlie",
              "bowler": "EJ Nuttall",
              "non_striker": "DJ Mitchell",
              "runs": {
                "batter": 1,
                "extras": 0,
                "total": 1
              }
            },
            {
              "batter": "DJ Mitchell",
              "bowler": "EJ Nuttall",
              "non_striker": "DG Brownlie",
              "runs": {
                "batter": 1,
                "extras": 0,
                "total": 1
              }
            },
            {
              "batter": "DG Brownlie",
              "bowler": "EJ Nuttall",
              "non_striker": "DJ Mitchell",
              "runs": {
                "batter": 4,
                "extras": 0,
                "total": 4
              }
            },
            {
              "batter": "DG Brownlie",
              "bowler": "EJ Nuttall",
              "non_striker": "DJ Mitchell",
              "runs": {
                "batter": 2,
                "extras": 0,
                "total": 2
              }
            }
          ]
        },
        {
          "over": 11,
          "deliveries": [
            {
              "batter": "DJ Mitchell",
              "bowler": "TG Johnston",
              "non_striker": "DG Brownlie",
              "runs": {
                "batter": 1,
                "extras": 0,
                "total": 1
              }
            },
            {
              "batter": "DG Brownlie",
              "bowler": "TG Johnston",
              "non_striker": "DJ Mitchell",
              "runs": {
                "batter": 1,
                "extras": 0,
                "total": 1
              }
            },
            {
              "batter": "DJ Mitchell",
              "bowler": "TG Johnston",
              "non_striker": "DG Brownlie",
              "runs": {
                "batter": 1,
                "extras": 0,
                "total": 1
              }
            },
            {
              "batter": "DG Brownlie",
              "bowler": "TG Johnston",
              "non_striker": "DJ Mitchell",
              "runs": {
                "batter": 0,
                "extras": 0,
                "total": 0
              }
            },
            {
              "batter": "DG Brownlie",
              "bowler": "TG Johnston",
              "non_striker": "DJ Mitchell",
              "runs": {
                "batter": 0,
                "extras": 0,
                "total": 0
              }
            },
            {
              "batter": "DG Brownlie",
              "bowler": "TG Johnston",
              "extras": {
                "legbyes": 1
              },
              "non_striker": "DJ Mitchell",
              "runs": {
                "batter": 0,
                "extras": 1,
                "total": 1
              }
            }
          ]
        },
        {
          "over": 12,
          "deliveries": [
            {
              "batter": "DG Brownlie",
              "bowler": "AM Ellis",
              "non_striker": "DJ Mitchell",
              "runs": {
                "batter": 1,
                "extras": 0,
                "total": 1
              }
            },
            {
              "batter": "DJ Mitchell",
              "bowler": "AM Ellis",
              "non_striker": "DG Brownlie",
              "runs": {
                "batter": 1,
                "extras": 0,
                "total": 1
              }
            },
            {
              "batter": "DG Brownlie",
              "bowler": "AM Ellis",
              "non_striker": "DJ Mitchell",
              "runs": {
                "batter": 1,
                "extras": 0,
                "total": 1
              }
            },
            {
              "batter": "DJ Mitchell",
              "bowler": "AM Ellis",
              "non_striker": "DG Brownlie",
              "runs": {
                "batter": 1,
                "extras": 0,
                "total": 1
              }
            },
            {
              "batter": "DG Brownlie",
              "bowler": "AM Ellis",
              "non_striker": "DJ Mitchell",
              "runs": {
                "batter": 2,
                "extras": 0,
                "total": 2
              }
            },
            {
              "batter": "DG Brownlie",
              "bowler": "AM Ellis",
              "non_striker": "DJ Mitchell",
              "runs": {
                "batter": 1,
                "extras": 0,
                "total": 1
              }
            }
          ]
        },
        {
          "over": 13,
          "deliveries": [
            {
              "batter": "DG Brownlie",
              "bowler": "TG Johnston",
              "non_striker": "DJ Mitchell",
              "runs": {
                "batter": 2,
                "extras": 0,
                "total": 2
              }
            },
            {
              "batter": "DG Brownlie",
              "bowler": "TG Johnston",
              "non_striker": "DJ Mitchell",
              "runs": {
                "batter": 4,
                "extras": 0,
                "total": 4
              }
            },
            {
              "batter": "DG Brownlie",
              "bowler": "TG Johnston",
              "non_striker": "DJ Mitchell",
              "runs": {
                "batter": 1,
                "extras": 0,
                "total": 1
              }
            },
            {
              "batter": "DJ Mitchell",
              "bowler": "TG Johnston",
              "non_striker": "DG Brownlie",
              "runs": {
                "batter": 1,
                "extras": 0,
                "total": 1
              }
            },
            {
              "batter": "DG Brownlie",
              "bowler": "TG Johnston",
              "non_striker": "DJ Mitchell",
              "runs": {
                "batter": 2,
                "extras": 0,
                "total": 2
              }
            },
            {
              "batter": "DG Brownlie",
              "bowler": "TG Johnston",
              "non_striker": "DJ Mitchell",
              "runs": {
                "batter": 0,
                "extras": 0,
                "total": 0
              }
            }
          ]
        },
        {
          "over": 14,
          "deliveries": [
            {
              "batter": "DJ Mitchell",
              "bowler": "KA Jamieson",
              "non_striker": "DG Brownlie",
              "runs": {
                "batter": 0,
                "extras": 0,
                "total": 0
              },
              "wickets": [
                {
                  "player_out": "DJ Mitchell",
                  "fielders": [
                    {
                      "name": "MA Pollard"
                    }
                  ],
                  "kind": "caught"
                }
              ]
            },
            {
              "batter": "DG Brownlie",
              "bowler": "KA Jamieson",
              "non_striker": "NF Kelly",
              "runs": {
                "batter": 6,
                "extras": 0,
                "total": 6
              }
            },
            {
              "batter": "DG Brownlie",
              "bowler": "KA Jamieson",
              "extras": {
                "legbyes": 1
              },
              "non_striker": "NF Kelly",
              "runs": {
                "batter": 0,
                "extras": 1,
                "total": 1
              }
            },
            {
              "batter": "NF Kelly",
              "bowler": "KA Jamieson",
              "non_striker": "DG Brownlie",
              "runs": {
                "batter": 1,
                "extras": 0,
                "total": 1
              }
            },
            {
              "batter": "DG Brownlie",
              "bowler": "KA Jamieson",
              "non_striker": "NF Kelly",
              "runs": {
                "batter": 6,
                "extras": 0,
                "total": 6
              }
            },
            {
              "batter": "DG Brownlie",
              "bowler": "KA Jamieson",
              "non_striker": "NF Kelly",
              "runs": {
                "batter": 6,
                "extras": 0,
                "total": 6
              }
            }
          ]
        },
        {
          "over": 15,
          "deliveries": [
            {
              "batter": "NF Kelly",
              "bowler": "TG Johnston",
              "non_striker": "DG Brownlie",
              "runs": {
                "batter": 4,
                "extras": 0,
                "total": 4
              }
            },
            {
              "batter": "NF Kelly",
              "bowler": "TG Johnston",
              "non_striker": "DG Brownlie",
              "runs": {
                "batter": 1,
                "extras": 0,
                "total": 1
              }
            },
            {
              "batter": "DG Brownlie",
              "bowler": "TG Johnston",
              "non_striker": "NF Kelly",
              "runs": {
                "batter": 6,
                "extras": 0,
                "total": 6
              }
            },
            {
              "batter": "DG Brownlie",
              "bowler": "TG Johnston",
              "non_striker": "NF Kelly",
              "runs": {
                "batter": 0,
                "extras": 0,
                "total": 0
              },
              "wickets": [
                {
                  "player_out": "DG Brownlie",
                  "fielders": [
                    {
                      "name": "CE McConchie"
                    }
                  ],
                  "kind": "caught"
                }
              ]
            },
            {
              "batter": "CJ Jordan",
              "bowler": "TG Johnston",
              "non_striker": "NF Kelly",
              "runs": {
                "batter": 1,
                "extras": 0,
                "total": 1
              }
            },
            {
              "batter": "NF Kelly",
              "bowler": "TG Johnston",
              "non_striker": "CJ Jordan",
              "runs": {
                "batter": 0,
                "extras": 0,
                "total": 0
              }
            }
          ]
        },
        {
          "over": 16,
          "deliveries": [
            {
              "batter": "CJ Jordan",
              "bowler": "AM Ellis",
              "non_striker": "NF Kelly",
              "runs": {
                "batter": 4,
                "extras": 0,
                "total": 4
              }
            },
            {
              "batter": "CJ Jordan",
              "bowler": "AM Ellis",
              "extras": {
                "wides": 1
              },
              "non_striker": "NF Kelly",
              "runs": {
                "batter": 0,
                "extras": 1,
                "total": 1
              }
            },
            {
              "batter": "CJ Jordan",
              "bowler": "AM Ellis",
              "non_striker": "NF Kelly",
              "runs": {
                "batter": 1,
                "extras": 0,
                "total": 1
              }
            },
            {
              "batter": "NF Kelly",
              "bowler": "AM Ellis",
              "non_striker": "CJ Jordan",
              "runs": {
                "batter": 1,
                "extras": 0,
                "total": 1
              }
            },
            {
              "batter": "CJ Jordan",
              "bowler": "AM Ellis",
              "extras": {
                "noballs": 1
              },
              "non_striker": "NF Kelly",
              "runs": {
                "batter": 1,
                "extras": 1,
                "total": 2
              }
            },
            {
              "batter": "NF Kelly",
              "bowler": "AM Ellis",
              "non_striker": "CJ Jordan",
              "runs": {
                "batter": 6,
                "extras": 0,
                "total": 6
              }
            },
            {
              "batter": "NF Kelly",
              "bowler": "AM Ellis",
              "non_striker": "CJ Jordan",
              "runs": {
                "batter": 1,
                "extras": 0,
                "total": 1
              }
            },
            {
              "batter": "CJ Jordan",
              "bowler": "AM Ellis",
              "non_striker": "NF Kelly",
              "runs": {
                "batter": 6,
                "extras": 0,
                "total": 6
              }
            }
          ]
        },
        {
          "over": 17,
          "deliveries": [
            {
              "batter": "NF Kelly",
              "bowler": "WSA Williams",
              "non_striker": "CJ Jordan",
              "runs": {
                "batter": 1,
                "extras": 0,
                "total": 1
              }
            },
            {
              "batter": "CJ Jordan",
              "bowler": "WSA Williams",
              "non_striker": "NF Kelly",
              "runs": {
                "batter": 0,
                "extras": 0,
                "total": 0
              }
            },
            {
              "batter": "CJ Jordan",
              "bowler": "WSA Williams",
              "non_striker": "NF Kelly",
              "runs": {
                "batter": 1,
                "extras": 0,
                "total": 1
              }
            },
            {
              "batter": "NF Kelly",
              "bowler": "WSA Williams",
              "non_striker": "CJ Jordan",
              "runs": {
                "batter": 0,
                "extras": 0,
                "total": 0
              }
            },
            {
              "batter": "NF Kelly",
              "bowler": "WSA Williams",
              "non_striker": "CJ Jordan",
              "runs": {
                "batter": 4,
                "extras": 0,
                "total": 4
              }
            },
            {
              "batter": "NF Kelly",
              "bowler": "WSA Williams",
              "non_striker": "CJ Jordan",
              "runs": {
                "batter": 6,
                "extras": 0,
                "total": 6
              }
            }
          ]
        },
        {
          "over": 18,
          "deliveries": [
            {
              "batter": "CJ Jordan",
              "bowler": "EJ Nuttall",
              "non_striker": "NF Kelly",
              "runs": {
                "batter": 1,
                "extras": 0,
                "total": 1
              }
            },
            {
              "batter": "NF Kelly",
              "bowler": "EJ Nuttall",
              "non_striker": "CJ Jordan",
              "runs": {
                "batter": 1,
                "extras": 0,
                "total": 1
              }
            },
            {
              "batter": "CJ Jordan",
              "bowler": "EJ Nuttall",
              "non_striker": "NF Kelly",
              "runs": {
                "batter": 6,
                "extras": 0,
                "total": 6
              }
            },
            {
              "batter": "CJ Jordan",
              "bowler": "EJ Nuttall",
              "non_striker": "NF Kelly",
              "runs": {
                "batter": 1,
                "extras": 0,
                "total": 1
              }
            },
            {
              "batter": "NF Kelly",
              "bowler": "EJ Nuttall",
              "non_striker": "CJ Jordan",
              "runs": {
                "batter": 1,
                "extras": 0,
                "total": 1
              }
            }
          ]
        }
      ],
      "powerplays": [
        {
          "from": 0.1,
          "to": 5.6,
          "type": "mandatory"
        }
      ],
      "target": {
        "overs": 20,
        "runs": 191
      }
    }
  ]
}